user_id_original,item_id_original,time
1128,outfit.03bdf90c39e1431685d49ce8309dd242,1633885200
1128,outfit.c46affd5f8ee4749b1f8e7d4ff47f3ff,1633885200
1128,outfit.900dd323358401b1,1645462800
1128,outfit.0630ef7d996d4c489b4e54e85bd09e5a,1636563600
6310,outfit.bd37bc0ed1857fb5,1657126800
6310,outfit.abf8682bf7784e73af89ebfd6d542df0,1654534800
6319,outfit.a520a9aa8147d618,1656954000
568,outfit.3984754756394c3e95ade4b2080508c6,1618246800
568,outfit.fbda7f830faf4caf9b0a085054f22e54,1618246800
568,outfit.9d3b8dd5711d3657,1618246800
568,outfit.127cbdac62d948a1827499f13034becf,1618246800
1232,outfit.2ea36f84cb12427686eed685f97f2a8f,1709139600
6085,outfit.dc7abe1bb20f423a8356cb4d089c56ff,1635872400
6085,outfit.0ff0d877678e4755b088d1c5d09bee11,1630342800
640,outfit.fd816aa2311d45c78fd0ab2d663a177a,1647795600
4638,outfit.cba27389161e42689734a7912d8904a3,1710176400
3577,outfit.8d3343f8c69af77c,1636909200
2148,outfit.9e90f563acb38233,1700499600
67,outfit.499d31bd36254c7191245e1d40745824,1677517200
67,outfit.eb104cb68a534166899c4cce84b0fa55,1682614800
3308,outfit.fb060da6c30143fd9735e8fd364910e0,1663866000
1586,outfit.5ee6b8e1796843248c5ed0284c981f77,1689440400
1586,outfit.a9f2bcb6885fe60a,1689440400
4608,outfit.73ca4657bd9c4ce5b0e697f570323479,1655139600
1819,outfit.19f4932d209d4886bfe838d5677f09ed,1650301200
7411,outfit.84cfd784c9dd4ad6,1700326800
3624,outfit.021142f5924f4280bd3948268d35db64,1693155600
2833,outfit.820179fa25670e17,1627837200
2833,outfit.37391d71588c40bd82003f14276d6f92,1633885200
2833,outfit.e5503fe6f5f243fc90c526bcdb75c942,1638205200
2833,outfit.fc18564205bd40c8bdcd638e83f45ed7,1630342800
2833,outfit.95c292eefaa5453bbb381c3117b7b152,1627837200
2833,outfit.0d0727d0c03f453495eaa85dc17d382d,1627837200
3533,outfit.929220a63bf843f99474bc2644fcb53d,1602522000
4073,outfit.ada6bb8993e7a05e,1662656400
4073,outfit.b619b14568c94d46ac314ae0983703bd,1665248400
6642,outfit.bcc71d0caf95dc33,1625677200
6642,outfit.14a83a236b9a474c8cac31b4288065bf,1625677200
4638,outfit.f367c2f5517542f4ad8df5446c0e0654,1715446800
1735,outfit.897c161625314c1a993188bc0a5ca063,1632762000
5914,outfit.253fb654ace04cbb9280e54d54b62ed8,1599152400
5914,outfit.b33b5cbbea204ab79a1060c3a17546b3,1602176400
5914,outfit.97f20b8380c34615a30aed080071aa96,1602176400
5914,outfit.a7b55780d1764599a3ee339fff38d002,1602176400
5760,outfit.e947dbab69e64c5a85f1fe565b5f3a49,1646413200
5490,outfit.7949c76d6d01458dadb4d517d86b6d3f,1695834000
4774,outfit.b5f45ee9fdaaa13e,1636909200
4774,outfit.7395b78d10084aebb906f8f83bfd89cc,1636909200
6526,outfit.931ef0d0cada4965a8ea693f7a520b64,1691514000
2870,outfit.688665113d8c4d13bae1db16e822454c,1677344400
6940,outfit.6fa8bb1601aa44698177e99a24a52863,1670432400
675,outfit.0b544c65a87645459ce9844f749e178f,1622134800
675,outfit.05164954243a4c5cac4930572105ed27,1622134800
675,outfit.5c582cd4de764f77bd15e4a4abb070b4,1622134800
3521,outfit.8ed6e4fedeb67e87,1696438800
6965,outfit.deb2675432704b1e8048f6f90c102a00,1631725200
3147,outfit.e12b4be9f07a4da0937a29f9efe16965,1654534800
2087,outfit.bf4012c983f1c111,1633539600
2087,outfit.34fb4047b75346ba9ced8912198506ff,1633971600
4017,outfit.92cbc812639543a2,1696784400
6526,outfit.915272dd8393bc1d,1683565200
6526,outfit.9c255f602b1e4455a79e0fe0cee938c1,1683565200
5100,outfit.b6f7358d6feb42ceaec950e6b66f4a34,1686934800
5695,outfit.447e5486379147879a59e168c261d9e2,1649178000
3727,outfit.ab5f8f08a7379c5f,1644771600
7100,outfit.0d0727d0c03f453495eaa85dc17d382d,1671210000
1336,outfit.76443d6db496494dbb26ac275ecbdb3b,1695315600
7342,outfit.82ee7c9d4d1e4274b0c706c82653ab79,1708534800
5303,outfit.b21aec5d36074eb790d69c5c40b7d77c,1713286800
2276,outfit.e4da524a49fe4b5ea3eb8983e8dff52a,1633626000
2276,outfit.be1cd8f914742de6,1633885200
3510,outfit.c41b5bc7cfa0435abe71b09cfccc17ea,1677517200
1987,outfit.81e52ba208d55e4d,1641488400
1987,outfit.56663aaf60aa4b5c8267bed372c72677,1645722000
3103,outfit.b42337853cae4f66a2e7640b6845d2e5,1599066000
3103,outfit.8102ab9ef36547d1b50627b45fe5be95,1599066000
6372,outfit.202c5658aee14e4180cd074aa81842a1,1612717200
3320,outfit.8023680619aa366a,1717866000
3507,outfit.44c8e590e1df4f6ab23cf81b9ed39374,1692291600
446,outfit.49373f388eda466080c3464a0d8cdc44,1636045200
446,outfit.0fb3e70ac4cd4f60bbf584d3c075e8ed,1636045200
1354,outfit.7cc254ca61fd49189825e315d9507a3d,1688576400
4218,outfit.82ca4f1985ca4966ac81db79cc5a5bc1,1669395600
3267,outfit.522c1f5a3380421e9539663185f60fbc,1685120400
2762,outfit.66dd95a10af54a18ae4b24b3702f869e,1638291600
2762,outfit.4c6dedbe036e4a83b4847951a9bf03e1,1633021200
4463,outfit.e43d27b277bb4ad7aff36a857ce6f766,1695315600
5415,outfit.be670e741ed74f9597a28f8bb3e5e537,1623690000
2949,outfit.9481d2d7251be70f,1635181200
2052,outfit.43e73eedf7134d04afd27ea87948ce03,1650992400
490,outfit.6b027f465816489f83945f85bd6f1c17,1678554000
1107,outfit.c815d15af6ba46c580927f9bf81122f0,1643907600
1107,outfit.f4760ce163664a1e85ac621e41eda2f5,1633021200
319,outfit.8609dd7995e147efbdf631d515d34bed,1682701200
490,outfit.cefb61de6cab4200a373a7ad313001f6,1605459600
4943,outfit.7d5887278cfb479b8c92081dc85ad698,1605805200
4943,outfit.bdf0b714576b2118,1605805200
3071,outfit.37baa82c25f84342a9ea50e3488889ce,1640538000
3071,outfit.9d30a5688cd84345b30246feec3e8c5f,1640538000
2762,outfit.fc18564205bd40c8bdcd638e83f45ed7,1646586000
2762,outfit.b1adfc4204c602e5,1649350800
2762,outfit.93826cc51216dcd0,1649955600
4810,outfit.b4e582b38a10f6bf,1677430800
2273,outfit.98887be7a2e49dba,1658077200
2273,outfit.6fca7e059a914e899fc6d816ef943972,1658077200
4404,outfit.d141393e8f8247db9c62121a790ed9be,1655139600
2170,outfit.3e47b084ad704fb5b25b38809fae38a7,1647795600
2170,outfit.853ff9245b124c84bb0973a6065e64de,1650474000
2170,outfit.8c4d4f54e42a4ca391913811b6d17ab0,1650474000
5490,outfit.cc4dd7a33afc445a80ad7abe86bac3b0,1653843600
675,outfit.1e33dfb5c66847f29088ba6717b10f75,1617642000
1586,outfit.dd5c21e0c1ee4428b7019e5740e3e8aa,1665853200
5144,outfit.2b58c1736f264448af950c49ea4b5d14,1699549200
6303,outfit.5d5efe27d81245a6a504c6e66638bc14,1690822800
6592,outfit.e2ac14f5ba454e0eaf3e7c0f926c65ee,1659373200
6965,outfit.c0fa278a2de845a8b72cc0f20ce18227,1663174800
3291,outfit.44c8e590e1df4f6ab23cf81b9ed39374,1703696400
3749,outfit.fabccb7729514b23b386e2f93064548c,1637773200
6907,outfit.595a88f3986340b9b7ee163cbe32c85d,1627837200
5531,outfit.abe970f711444589b6ce9e81bf35615d,1688662800
490,outfit.c7b2894a9f3c4c568f982ca6c89ea6d8,1597338000
490,outfit.478c7aaed8f8413d9618e508ddd7d59b,1597338000
490,outfit.31edccd419de4fc5ae6aeb7eed4327ab,1597338000
1386,outfit.422bc3cc7f6a429086cf8c49273ecd90,1662310800
1386,outfit.7d69ae2f5dc641bca0eed4b1dfc17ac8,1667581200
1386,outfit.935ea85c252f9586,1659632400
1386,outfit.3261b5e6c4574ee9aacde7740fde9f7c,1659632400
1386,outfit.7d69ae2f5dc641bca0eed4b1dfc17ac8,1670173200
1998,outfit.9c19cb240c0c06d1,1660755600
3624,outfit.5e119d066b62498491b2919f0453d803,1664298000
4218,outfit.8d7319b7cde9526b,1632762000
7270,outfit.8459e55ea3800598,1664989200
454,outfit.deb2675432704b1e8048f6f90c102a00,1701536400
1248,outfit.13830724df15455ebac964c87af6997e,1607014800
1248,outfit.17753fa2c9914d659fe5432c2a06f1fa,1607014800
1248,outfit.1cb90c4ef4cd4941913e9ab5a095b0d8,1607014800
1248,outfit.d40f6349368b4e47b521138ba35d8ebc,1607014800
3432,outfit.d40f6349368b4e47b521138ba35d8ebc,1640710800
2223,outfit.fabccb7729514b23b386e2f93064548c,1594227600
2223,outfit.4df885933c6b4006827c3c816f27d9d7,1594227600
2223,outfit.b02888637a450867,1594227600
319,outfit.e98a6e485b1941d98e43c0e74cc6885b,1682701200
262,outfit.bb72f30cdb4246d1bc47ff8b17cf4162,1637859600
262,outfit.92396971987c812b,1637859600
1770,outfit.80603a3d95e4beb7,1665939600
5734,outfit.a84d98da9b0b4c8d95457d446a4df5fd,1633626000
5734,outfit.cba1c1971fa145e2a965a51bb678d885,1639069200
5734,outfit.6345f9fdf4f340bdb2781ee8fd68deb6,1636390800
5734,outfit.e608f9225d314a12a390b165d222cc28,1633885200
5734,outfit.1c195032518b4aba942f6b4fb6ae4690,1639069200
5734,outfit.bb8aa151e5f63d31,1639328400
5734,outfit.fcd37df89e7341dfb75d074f0d092396,1633626000
5617,outfit.55e47b50f0dc4852a5784fffafa63488,1684256400
6879,outfit.b232dfc2ba4bd49f,1613322000
6879,outfit.ac93e6bc39c341dd9592de80ee57e522,1613322000
5285,outfit.29e6b2a21c5946d3a22772aa398a8361,1693933200
2619,outfit.d40f6349368b4e47b521138ba35d8ebc,1701104400
948,outfit.ab93c31e243d4d19b90ca72c4ae17e25,1654189200
4696,outfit.9d97d017a5c747ac89d59efab886369a,1707238800
2088,outfit.b02888637a450867,1618765200
2088,outfit.f6091ea8a88b4e52a4bfc6cccabe2ccb,1618765200
1586,outfit.b6dfe60b7a8c421f9de22342860f17bc,1657904400
3320,outfit.d4220f5dd22c4d409d8121e26b11dc99,1675875600
3320,outfit.c0dd5faf2a294aa09fd7a39dc7a313bd,1678294800
6354,outfit.b7ebd99d748b28d0,1664038800
3432,outfit.37af7c19c13949819ca971b380a9f97c,1659027600
1531,outfit.690dcda28d044c5f8f134ffcb66cc02b,1635958800
86,outfit.cafdca5ad56a4f6ea824cc20fab5b5ae,1632157200
86,outfit.55bf4bdcb79e4027987f9b8c7eafe314,1632157200
2649,outfit.8e3a6e9e196cfbc0,1688230800
2649,outfit.f11efd8c7b064175b4997b1ab65b5458,1688230800
2649,outfit.06ac471d39bf42989d65d70dc6e65967,1688230800
2649,outfit.96d41e4ecb154101be678d4302a266ba,1685638800
2649,outfit.f3067ef490224ffba4c9a8b16458c624,1685638800
4853,outfit.676f2b8ab3894ff293c0fbd62398bc05,1631120400
1626,outfit.f5cdd470173a4cbb913353aac985eebe,1671123600
2833,outfit.326753f766be46ea82c771b041c4dd32,1639328400
2833,outfit.c22e4fbbfc23437a9f32d1ae2455223f,1639328400
2833,outfit.38ef91e51ef14bb19df9094a40bcb7f7,1639328400
1248,outfit.64910701f4974360acc6851b2b0fd7cf,1628701200
660,outfit.f32718341e9443d8a36121a8913ff304,1638118800
660,outfit.c18d614b53ad40d9ac3f3c48278fa09f,1638118800
3821,outfit.dcedf030b9134a08a8d3df3f4fdb07ea,1635094800
4501,outfit.5a0e04a9018a4904990fc85f1c8cd1ce,1672938000
6631,outfit.bb35c791b2bfa191,1632934800
6631,outfit.616a99bd148443a6a54acbf0e8105c28,1632934800
6631,outfit.854021359d3e487ca1c90e5bd126ea0c,1632934800
6631,outfit.514093f168604338b66059bf9e4e900c,1632934800
6631,outfit.ef5fdc0209e74d39a8a24fcd05cbdce6,1632934800
1784,outfit.8c8215f7c0a7445b9b09d3da37b462c6,1652806800
2071,outfit.1e1ade9c992d4eb8b7f11cd398a928c7,1645462800
2071,outfit.f86e075166ee4aee95fbdde5444221fc,1647882000
2071,outfit.d6f14b350b434b8e90cc530c68c4b2c6,1645462800
3320,outfit.8a91fcc1f1f612e6,1678294800
1237,outfit.9936eee8f01a25d8,1649437200
1237,outfit.e17a0df1f70743e590827d7df93bb7f4,1648746000
3267,outfit.c46affd5f8ee4749b1f8e7d4ff47f3ff,1600621200
3267,outfit.65eca5cdd70349c19294a6d34bf69ef1,1609866000
3267,outfit.7cff339e7950448c8485a2b44205adc0,1603386000
3267,outfit.e2c4d90753314eddbdf3a836e28a0209,1603386000
3267,outfit.935ea85c252f9586,1601830800
3267,outfit.af3cb94171784fff803b50e9a99cd890,1603386000
3267,outfit.ea4cdef4b083408eb9410d077f9c929b,1600621200
3267,outfit.7abb8ad021294be3863e5ea746538347,1600621200
3267,outfit.16f24c4eb69a48f1a34117fc6c0a691f,1607446800
3267,outfit.a3c8e9b42ef07a32,1603645200
3267,outfit.9aadfc9a1d195c33,1603386000
3267,outfit.a824c0030f59545a,1603386000
3267,outfit.2ea36f84cb12427686eed685f97f2a8f,1607878800
3267,outfit.439ff276a34d4993ad9cf68d06c67d96,1600621200
3267,outfit.d39ea6485a024bb2a6529ce15d2739d7,1600621200
6011,outfit.9c0b47f4d629c3f3,1656608400
6011,outfit.a6c2cc1cde584657b1748339cee96a5a,1656608400
6011,outfit.588d78c7613f4e10b418317946a7a186,1656608400
4193,outfit.7ae84d76f8634068b358e5f723942fa0,1680973200
4193,outfit.0512cb21a4bc4326971af84ccc563495,1686243600
4193,outfit.c51bd8f0c3464297b89ffa73328c3275,1686243600
932,outfit.12ca1b6aaefb46af8208fe008f3eb4e3,1664470800
1706,outfit.298d036f8c334821bbdc97c61fcc122d,1635699600
2532,outfit.9783b2f3f00040848624b655abd30cfa,1622653200
2532,outfit.a743bd93e1a86501,1622653200
2623,outfit.4c9864b84197439ab388910160076c5d,1619974800
2623,outfit.bbd662557126462f84e4912812fc1be0,1614704400
2623,outfit.c52099f0269e4b6ebd66b79d3cca1d01,1617728400
2681,outfit.a1c7ea9aa83e32c8,1629392400
2681,outfit.57729471dc4a42fc8ebf94a2741b54ac,1629392400
3291,outfit.9c0b47f4d629c3f3,1637859600
1840,outfit.fbb003446d3c40a3879b475502a7e104,1641402000
640,outfit.837d79eeae2a466cab88d515bd1aa409,1675702800
785,outfit.3b756132543a45d4a94b9bebb0aaebfb,1635699600
785,outfit.15f39d4408a449febc2bd0d1afbb0f1f,1635699600
785,outfit.33775c3acbcf408aadc5a2436d0750ec,1635699600
4067,outfit.ac9a4562c5a44ce5bf274dc919de5051,1706288400
384,outfit.44c8e590e1df4f6ab23cf81b9ed39374,1686330000
4394,outfit.1b4027c5a27d4ac293ccb2377c38d408,1651424400
4394,outfit.207232e414dd46e5b7352becfd9e53e5,1651424400
4394,outfit.374273ffb79943b7be144ceb14529592,1652374800
4394,outfit.b619ba973b4b49d79c89863737097ab3,1652202000
5852,outfit.b00287a1864d4493a72b295b43caf3f1,1692205200
5778,outfit.1ef0bbcac4054678bea5622eec91880a,1668704400
5778,outfit.b9311cecf65f795b,1671296400
2204,outfit.f9a2dd8439ea48859a895ea99b8ae6c4,1654102800
2204,outfit.5024e38969364cc2bcb0025151e4ec55,1654102800
4130,outfit.0e35a8a758734c2b98adfc8630b4e029,1677603600
4130,outfit.3a5aeafe771d488f84bc18af5db17114,1672506000
4130,outfit.4c96620b5f444f05adcd28bcfd3861d5,1680282000
5318,outfit.3b06eb48b17b4e169bb6b08b9850fd0b,1700154000
5318,outfit.9b8cb306a9fd4315bbda3cd2b056e36a,1705424400
5318,outfit.6d042743afa04727815f717cce0b2ac0,1697475600
6817,outfit.b9478c83693b11a4,1700672400
675,outfit.3e47b084ad704fb5b25b38809fae38a7,1675270800
6319,outfit.fbda7f830faf4caf9b0a085054f22e54,1638464400
3267,outfit.9b8cb306a9fd4315bbda3cd2b056e36a,1711472400
1706,outfit.9f58acfe6b554e4ca880e378aa7e8e56,1668704400
7247,outfit.34bd3ce2dd644974b9e945a8d91d8bca,1675875600
7247,outfit.e8f877d97bec44b49a40abd355d69d51,1673197200
7247,outfit.5d300bde08e848898bfb5e15c1269b43,1662656400
7247,outfit.e8f877d97bec44b49a40abd355d69d51,1670518800
7247,outfit.34bd3ce2dd644974b9e945a8d91d8bca,1673197200
3624,outfit.e14ebf07096246dbb7bf4e241b4c5b32,1653670800
3624,outfit.ecd27d5311ba4d3d95b9b5c3071ed764,1653670800
2248,outfit.63fc53c3d8784dd39553a33d54ff4921,1684774800
416,outfit.81ce5109e01d4b7b9f944a3baa35c4d6,1709744400
416,outfit.a1c7ea9aa83e32c8,1712422800
7225,outfit.4238aa017620494dbe0724f9b8f8f702,1658768400
3053,outfit.2174208dffe5493fa440e48d290a11bb,1621357200
3769,outfit.5f20616059e84ab8b62eeb7f0a802e3a,1673802000
3769,outfit.96d41e4ecb154101be678d4302a266ba,1673802000
5805,outfit.edf01c8ca8f64059a8afaf72b4ba5eb3,1632157200
3727,outfit.39e26260f13d466b946601bafd691d36,1619974800
4193,outfit.298b9f94af66454b9f07ebed997e9f9a,1654707600
4193,outfit.3b8a8f44f52f4b92b4935f08f4d2b9d7,1654707600
4193,outfit.bbd662557126462f84e4912812fc1be0,1654707600
4193,outfit.e7180235b62040eb9afeab19f74c5a73,1657299600
4452,outfit.e17a0df1f70743e590827d7df93bb7f4,1604854800
4452,outfit.cf321774b9de4035802e1829303fd3da,1602090000
4452,outfit.b09e135ba34c46daaf3a5495dcec6e83,1607014800
4452,outfit.8302402a6e8e8e8c,1596992400
4452,outfit.92db973be0926d3f,1599670800
4452,outfit.77accd502dd8426bb3b8772f0f33c9b9,1596992400
4452,outfit.b75adc485cbf45ef936114c4337a7a9c,1599670800
4452,outfit.173befabe7a14130b0e646ca4152150c,1599670800
4452,outfit.bc490bc7db204af498825badd2d59285,1607014800
4452,outfit.eeee122cf40b4035b6ee0e26b194c531,1604854800
3669,outfit.2b58c1736f264448af950c49ea4b5d14,1711213200
2649,outfit.1e33dfb5c66847f29088ba6717b10f75,1704128400
7199,outfit.8238ed2091e347149ddd6114aeeb2655,1639069200
2649,outfit.3b49ff8bbdf2444a83abcdc0fbb45f01,1717261200
1773,outfit.b1adfc4204c602e5,1704474000
4724,outfit.b04f116bc3224f22a8f17d62934fe2cd,1697648400
4289,outfit.2208707dcf134558b4d335f1e3534655,1684429200
4289,outfit.96cb494dcb47696b,1681837200
568,outfit.226011180c0e4df4852d693067d02fef,1623603600
1878,outfit.bd061db386d78a56,1656262800
7118,outfit.61c6e404ee8847fb9e1d95143f9d590c,1702486800
4258,outfit.6dea8453a7dd4701830624eeea14bf9b,1652374800
824,outfit.f1ec68c001974b238355b08a582e1b89,1639587600
824,outfit.360831efda1443f6bd7c4c5931b1d189,1639587600
3175,outfit.522c1f5a3380421e9539663185f60fbc,1691427600
1282,outfit.36eacc2af2494660a2c914aab7474a40,1689958800
2022,outfit.4be27307ae1c4611ad56aca101c8a6b4,1684688400
2022,outfit.d6896eaf6b734f40943d6cce5d23c1e3,1684688400
851,outfit.827b99b7b40a655e,1622998800
851,outfit.9be713a0af3b45aa9577949469b1e0de,1622998800
4834,outfit.925b3a37354592ef,1656090000
3521,outfit.efeca2ca71b54ba49ec487475dfae85c,1656954000
6955,outfit.aeab8a7eca6601f1,1637254800
6955,outfit.caee00d04a954a69a3cca9e02cf67440,1637254800
454,outfit.7d273c5424a34a9cb3217beeed7070d4,1643648400
454,outfit.980eb1c72e1e71f6,1643648400
785,outfit.3b2ed909c25f4ba28abf27a3ba98f5d0,1638205200
1578,outfit.6fca7e059a914e899fc6d816ef943972,1652374800
1578,outfit.b4e83d1d9b50a7cc,1652374800
1578,outfit.edf9420758794d31a58d8e563dccd496,1652374800
1578,outfit.8ad56e42a7bfeb00,1652374800
1138,outfit.bef1cf2e05fe40709accfbc38e9a0a30,1689526800
1881,outfit.648db79508724c99ab948e953e4813a7,1695661200
2796,outfit.6b8d0d5720af4e33af8dff7afe7b0ed3,1648227600
2796,outfit.b5db150f4740b356,1645808400
2796,outfit.ccae6ec63d494a5eadd0d6b001597c42,1645808400
2796,outfit.48cf5d6579da4369b03b1f04719b322a,1658768400
2796,outfit.a392c1d7863044a69bb57db560056b76,1653498000
7270,outfit.2084ead8ec3c42fa83eb74b5e36d330f,1678035600
1881,outfit.6e2a3eeffbf4433c9d6e5085d8c083f2,1695661200
6817,outfit.3b8a8f44f52f4b92b4935f08f4d2b9d7,1661187600
4073,outfit.bfad6e38299544e991b1c5f0d92073f6,1686243600
6907,outfit.542f3e3ae20d42bea4c81a418f7adb7b,1680714000
4834,outfit.63bcf26d934447e1aa4d53214cef7d4f,1664038800
1792,outfit.40b60bd4c9e44c8d9375ef879e7d5f1a,1619715600
3243,outfit.56dec64c8c834afaace780273bbde124,1702141200
3312,outfit.6b0e9219365c474194b0d0a0652e7a59,1614099600
3312,outfit.05164954243a4c5cac4930572105ed27,1614099600
3312,outfit.b25f7c6a65a2459c8819de57f27a2684,1614099600
3312,outfit.394da7e98f8a4531b64e45da73749eec,1614099600
3312,outfit.e64440c76c164f76b87f4719745f3b68,1614099600
6526,outfit.9c255f602b1e4455a79e0fe0cee938c1,1673197200
454,outfit.c95b16794434474e8d02306d2f1b6a0a,1672678800
454,outfit.9d9aa8d609db476783be7553a9bb706f,1672678800
2040,outfit.6537917dc4e440fcb5793037388b3d7f,1626195600
55,outfit.02cbb0ff0c1348ce9fb9906805fb9049,1633021200
4960,outfit.1506b275d9894b3da75f83343e25a122,1631206800
4960,outfit.253fb654ace04cbb9280e54d54b62ed8,1633626000
2052,outfit.2901f306ff3a4e7e8288cc48ec400f5f,1653584400
4218,outfit.cc30aac83a794a269779fc0b2984abba,1634230800
4218,outfit.b1bce95db2fd4e28befe26b0a6985c73,1634230800
1041,outfit.1c78096241a04da2bb89cb692f3953b0,1618246800
1382,outfit.4c8d6c10b08440fcb06d8893d705124b,1665766800
4250,outfit.767ecbf6b9bb4969ad78de1a78dbf039,1628701200
4250,outfit.8399e72f71c74d9683a7416571e032fc,1628701200
3727,outfit.e965f8f929a345ecab825313cd4b3f24,1647190800
3727,outfit.d720fa6c17bf4c688054cbda17336d6c,1647190800
4564,outfit.bde48c83d7bbd11f,1627578000
4564,outfit.e538cc03e9244a16910db1b27f7132db,1627578000
4564,outfit.866385e680f6475e8b2899e2bc30a1fe,1627578000
4564,outfit.8d7319b7cde9526b,1627578000
1525,outfit.e6376f0d5b444635948d42911466dc8f,1598374800
1525,outfit.8d6bd94d09354d22a77928a01bac9d25,1598374800
1525,outfit.bb1024860d8f559e,1598374800
1525,outfit.b2e035a8cce61dcb,1598374800
1525,outfit.9f58acfe6b554e4ca880e378aa7e8e56,1598374800
4656,outfit.9b7e2e060c874d3287c4cee69860679a,1685811600
4656,outfit.b1ddecd27b94476d833c0ea2c2bb6d3a,1688403600
6885,outfit.9faa5a6b345a4ee791996380c91d4eac,1597165200
6885,outfit.9a52065e9e7b4814bb5707173819674f,1597165200
6885,outfit.c8c5d18e8365419eba926afed7344dd7,1597165200
2085,outfit.388d5e71d8ca46a59067b8f07c7a0760,1674666000
3608,outfit.de1b2d84d80341d2bcc0adcd5ce60af4,1612112400
3608,outfit.79d8ad807b5a4fbc86d21e759e3c7342,1612112400
6456,outfit.f60a93dd961d4856a6d40e366ef90717,1684688400
6456,outfit.148764d766b94842ab69e411e8bb3e75,1684688400
4558,outfit.9c101c6da5bfc6e1,1594918800
5805,outfit.22ff5d532d24420891c0292df8da84dd,1640538000
5805,outfit.ccf6f723db264c30b9e45b89203c4a28,1640883600
1586,outfit.97228689c245bc79,1663261200
6786,outfit.f4a5306ea45d4ab9b40340f016bab653,1675530000
1684,outfit.c46affd5f8ee4749b1f8e7d4ff47f3ff,1655658000
1412,outfit.b9bffddb2fa945e6a3d076ea97f1c5cb,1628442000
6284,outfit.27a3cd48834e43b2ad991c05136ee880,1611594000
6284,outfit.9aadfc9a1d195c33,1611594000
7082,outfit.c2a0cedead6d432ab2277ca1cc1524a8,1699894800
2207,outfit.760624a41d5f48e5a2f749acd6f4568b,1712509200
5695,outfit.a3d27b283d42172d,1606755600
4417,outfit.8428c700eb194931835b34f2860d3432,1621875600
6663,outfit.97f20b8380c34615a30aed080071aa96,1651338000
6,outfit.801f1b35886e42f6907ec4709420c7e3,1637686800
6,outfit.78778f72774d4269abd8410a9511fdf6,1635094800
3432,outfit.9ff74f4f2a2f4454a7a629777cff27a6,1648486800
6456,outfit.bb1024860d8f559e,1674320400
5144,outfit.9653e8c2cb5f44eeb2a9015e4b11c162,1675962000
5531,outfit.29e6b2a21c5946d3a22772aa398a8361,1644166800
5531,outfit.cc2a4ea6b82044d2804ee26e593fbc00,1644166800
6786,outfit.f14e9c44441c4a5ca2e109af309be3ce,1704387600
1684,outfit.774b95bb02cb4be0b92d2a232bdb8b0f,1618765200
1894,outfit.2392f0645935482bb171c7fd35384587,1602608400
1894,outfit.453a4c074a164ad0bbef87ee09a09616,1600966800
1894,outfit.c26dfa3343fe4ba3823eff356e24750f,1600966800
1894,outfit.40a0759f9fee458ea303ea8d1ef61a74,1605459600
1894,outfit.39d30bdd02814cfbae737840b8e01321,1605459600
1894,outfit.ced7a70fdb8c4168ad6b7264244de2e0,1600966800
2759,outfit.a3df643414c746ac95399bcdbb1acab6,1656176400
2759,outfit.b4e7c58304d74b64b8b2ddf13ba93c6d,1656176400
6364,outfit.48f1cbb3e03247b7bd894690722f655c,1629046800
6364,outfit.233cc1a575934df38cc3c307901345e5,1629046800
2869,outfit.5eaea43d8e34424a95efef2f14b54092,1680714000
2869,outfit.9d97d017a5c747ac89d59efab886369a,1680714000
7411,outfit.9653e8c2cb5f44eeb2a9015e4b11c162,1684429200
1537,outfit.d2affda3780840e8bab443abbd2e5478,1635440400
1537,outfit.a2ecd990912ca6bd,1635440400
4906,outfit.31c50265a96d4e49aa5394db37e039f2,1599757200
4906,outfit.9a6b734068749450,1599757200
4906,outfit.5862a9386cbc4ff29e9892f49274c243,1599757200
1382,outfit.ced7a70fdb8c4168ad6b7264244de2e0,1603645200
2402,outfit.549dd7bf94d4442abfd053dc32ee54cc,1590080400
2402,outfit.a027f5f9d1e8159c,1590080400
2402,outfit.5e96c1bc9f964af2b1a6e391db346131,1590080400
2402,outfit.4431d4e34e6a4c0fba43aa50395893f7,1590080400
2402,outfit.caee00d04a954a69a3cca9e02cf67440,1590080400
1840,outfit.9d2178974e7f4cd6a556586ebb767049,1696784400
1840,outfit.09f131a3a13141da9b70638289d27de3,1696784400
2846,outfit.d3739869edc74a0a855e399f5b75a567,1655658000
3094,outfit.1ba117ad1dfc4db98e92536c9d6724fe,1627923600
3094,outfit.992bf5adcd39d953,1627923600
5680,outfit.ce53377b121b4648abc0a3c97e58bff1,1634490000
2052,outfit.f8e95f5fd1b641a4823ea3c6010e19cb,1658854800
3094,outfit.ae538ccb6bf14a858b0f66458e592872,1719334800
2276,outfit.09b4eec28e5c4672ae712982a2a32bfe,1631725200
3259,outfit.a73edcbba7424dd8aa3643bf4b7587ba,1606669200
3259,outfit.89dbcc1289ee49c18bcb93fc69a52c02,1606669200
3259,outfit.ccb9ff4f288f418d883547a0c1341f1c,1606669200
6303,outfit.1431039944fe4be88f8890a04a346b09,1672506000
6303,outfit.c815d15af6ba46c580927f9bf81122f0,1672506000
384,outfit.30a3ca6bb1c44394be44eff0548ed968,1688922000
4464,outfit.535d7a56f1a44289b93c6bd46f656d8f,1660842000
4464,outfit.f1a25e8f1def4f2fa805aefcbb91bb62,1660842000
1526,outfit.1378c78099224f24a8b3cf7007cdb4d5,1635699600
1526,outfit.7d9ffbf078f34b06af2f4a2765005db6,1635699600
1526,outfit.f9a2dd8439ea48859a895ea99b8ae6c4,1635699600
7342,outfit.d9c02686a2094291837d95d09384481b,1663779600
5929,outfit.9fe63b9753004f98b972bea88546901f,1636909200
5929,outfit.69510e71049843628dabe5ef896f1b04,1636909200
1526,outfit.46796cfb57174c9cb04ef0489123a073,1651338000
1526,outfit.b8248f42bf864dabbf1f70840a474142,1651338000
6885,outfit.2f5f6f70329640ac99f0d10f72543e1a,1700240400
3094,outfit.866385e680f6475e8b2899e2bc30a1fe,1674666000
5490,outfit.140ebf984d2f4e80b9e23431c24fe75c,1659114000
5490,outfit.b02888637a450867,1656522000
5490,outfit.64524dbb801942fb9b9b0b5853183177,1656522000
6519,outfit.78d16995b62e40d48f06a20dbf72d844,1620752400
2623,outfit.adf3063b0cdf501d,1622480400
2623,outfit.c8ed845f66e440a2aa938d05c647916f,1617728400
2623,outfit.b4552786134645be908f6201f300cd1a,1622480400
2623,outfit.f4336a1909704b3fb0843ec7496c2884,1617728400
1248,outfit.c93e99cc15dc4420994f40954bf9d8a8,1681232400
4040,outfit.074a10af152c489ab0ecd8d67fa60fb9,1652202000
4040,outfit.ee0dfdf3b9a349b591e78712514e2f5b,1652202000
6781,outfit.64a0e45c83dc4304becbf6218ac02fb8,1646586000
3359,outfit.3aec93f22b9a450ab7dfc26095abc609,1693933200
4899,outfit.ac93e6bc39c341dd9592de80ee57e522,1602608400
4899,outfit.a1c7ea9aa83e32c8,1602608400
4899,outfit.6d042743afa04727815f717cce0b2ac0,1602608400
4710,outfit.a98dbc2bd6e64dfb8ec5685b61aa3102,1710781200
1282,outfit.f82bfbc5af1c4997956e63f92ea51907,1718989200
4258,outfit.b45f71cef3bf96b3,1655053200
5843,outfit.09f131a3a13141da9b70638289d27de3,1652461200
5843,outfit.afd3af027be275f2,1652461200
731,outfit.3b32e75fb8984ec9ad5d8ccb79999327,1607014800
731,outfit.bf9018e030564e79965fdccb02003ac8,1604422800
731,outfit.155567585a3c417fa6043924c2867d0e,1607014800
731,outfit.c5a8b5900a2744589424bd5f8494497b,1612371600
731,outfit.cf321774b9de4035802e1829303fd3da,1614790800
731,outfit.9936eee8f01a25d8,1604422800
3624,outfit.57ffd059f0374d6995a1f8fd4ee0d2ed,1693155600
731,outfit.9d3b8dd5711d3657,1646758800
2273,outfit.a1e7bca1ce3791d6,1697562000
1232,outfit.fdb60816253847178ab8a51f0ccbbe56,1685034000
1232,outfit.6ee6ff4c35ca4e099c7272e8466af23d,1685034000
6310,outfit.1b4027c5a27d4ac293ccb2377c38d408,1659805200
675,outfit.d0faaa3486494e7d8ee3298104bc8adb,1690909200
361,outfit.853ff9245b124c84bb0973a6065e64de,1687453200
3740,outfit.342ecd6e76d54f2b8e2cf31ece991f48,1612890000
3740,outfit.8edf7dfac9374a0da611edb9dbc5a62c,1612890000
3740,outfit.bccadadafedf47d8b394517cf1668424,1612890000
825,outfit.841aea73b3d4485eaf08932aa82d8c2a,1614531600
825,outfit.229cc0c550f54fb3b3b937bab2abda35,1619456400
825,outfit.ae76eb7ed4c948258ccec12a6e024562,1622048400
825,outfit.92101abfe02e418f8bc033846dc6d1c8,1619456400
825,outfit.a388427605b34a2ab0e19304e54facc6,1614531600
825,outfit.8f91b0422939117a,1614531600
825,outfit.0ed1568a6b6545e4932bee98c84aa544,1616950800
1654,outfit.b1bce95db2fd4e28befe26b0a6985c73,1677949200
1654,outfit.6fa8bb1601aa44698177e99a24a52863,1677949200
1505,outfit.9481d2d7251be70f,1652374800
5236,outfit.35e53b748ea043f79cd9a2caca3a995b,1638291600
5236,outfit.8a6d7780e2644bbfaa7695900a8266dd,1638291600
5236,outfit.b6e876bed3cff76c,1635699600
2869,outfit.e5f491fc4e7e44709b03e381648231be,1685984400
1586,outfit.fc774521956e43c1b7b989272f5dca23,1676480400
1586,outfit.a95a05ea858446c38ffd5535ab65a392,1676480400
5089,outfit.2174208dffe5493fa440e48d290a11bb,1637254800
5089,outfit.4295344ef7464599b0e1698740582792,1637254800
4640,outfit.62f1b6fba2104c1296481b7f8bc074dd,1632934800
606,outfit.235240be067b4381b6441e39d0023721,1648400400
606,outfit.ed0bda9223004815822e8eaff7b7688f,1648400400
6706,outfit.b6f7358d6feb42ceaec950e6b66f4a34,1599584400
6706,outfit.fcd37df89e7341dfb75d074f0d092396,1599584400
6706,outfit.a38b3b3e20364b78bfcf0bb1eadcc0e5,1599584400
6706,outfit.3261b5e6c4574ee9aacde7740fde9f7c,1599584400
4746,outfit.b9e21535cf624b6eac04d3a9708f213b,1657040400
2364,outfit.4bd8e39e3d5442c4b76dcd9797725b38,1670346000
3041,outfit.2fe31ac153bc422c945294c342de95a2,1664989200
6955,outfit.e17a0df1f70743e590827d7df93bb7f4,1632070800
6955,outfit.fbda7f830faf4caf9b0a085054f22e54,1632070800
2870,outfit.9abd359ee8d44269ab15d6cbfcd8eb81,1685034000
5169,outfit.a01f2c0fa05d3f98,1677517200
5169,outfit.9565d4d6787ad71f,1677517200
3103,outfit.d24b8b64d37f4ea29ccc8aeb0c1bbb2f,1614618000
3103,outfit.3ae8377476ab4594b00bd3a7790e9549,1619974800
3103,outfit.476b7bf9f9a74be3ae1a2152fee9fc3b,1617296400
3103,outfit.7f256b54c8ab4dbda7cb6cbc915c4ed7,1619974800
5844,outfit.863d6ab504fd48319623a4e6936259db,1573491600
2870,outfit.b8b6253b118140448c36fb7b55fdce90,1698253200
6907,outfit.93826cc51216dcd0,1672938000
6036,outfit.32b52e42d8e844199bf05c4739bedf16,1643734800
454,outfit.a94fbc2c00c0d099,1701536400
1589,outfit.a7b55780d1764599a3ee339fff38d002,1697648400
4674,outfit.a1bd30435ab14461af069cf262f1e1eb,1679763600
6304,outfit.37391d71588c40bd82003f14276d6f92,1617555600
2869,outfit.a9a4918501579729,1704474000
996,outfit.85b4a99c5e6af89d,1631034000
996,outfit.dfcd2f8c28c84d8db5aabe6da9e9c01a,1628614800
996,outfit.47ffcece5f244f9a9cf888f7f6d16e29,1628614800
996,outfit.7f6d08bebe2348729948104efde5179e,1631034000
3291,outfit.a1c7ea9aa83e32c8,1706374800
6285,outfit.bd37bc0ed1857fb5,1653411600
6285,outfit.0aab21277b674f7fbb146ca7e853eef6,1650819600
4067,outfit.e8df4af3451c46e5940238065ee6b401,1685120400
675,outfit.1e33dfb5c66847f29088ba6717b10f75,1682960400
5451,outfit.8afbb76916e14187b0bc9aaabbc2bd24,1657040400
5451,outfit.95736bee85ac4163ad8a60e8e6a0ddf5,1657040400
785,outfit.44264bb27f644691a9e3b5d774881800,1667754000
55,outfit.82ec1db640c48b3f,1657040400
55,outfit.b9311cecf65f795b,1657040400
6663,outfit.2f5079f4f8384977a9ac6bb4b465c23c,1654016400
1354,outfit.b8a404e6aad069ba,1691254800
2271,outfit.bf00e652d6b83df2,1598893200
2271,outfit.3895e85d340f4339b7fef2e143e5e390,1598893200
2271,outfit.8f95b3473abb4a40ac2dc0956628e873,1598893200
2052,outfit.29157c382f2e40f3845d96ba8040929d,1629306000
2052,outfit.925c69db26f6bbae,1637600400
5694,outfit.5b607271e3ee467bb4188f977c0336b8,1588525200
5694,outfit.91b2efcbbd50491e89267d079de15ab2,1591290000
5694,outfit.ad50bddf369641b0827aad7ce9f36022,1588525200
1591,outfit.95c292eefaa5453bbb381c3117b7b152,1651597200
3477,outfit.80d3fdb1a7ec49bb,1574614800
7167,outfit.041c2a73da43488ea183556bf63a5675,1596992400
7167,outfit.5112f70e9eeb4eeaa914446e421cdfb3,1596992400
7167,outfit.5cc0341855e443a192105efd1a176491,1596992400
4463,outfit.3c0e2b952c024f85b23f3db26403df81,1607014800
4463,outfit.ea3962c74e6e4b578a4fcee30dfa2aa4,1607014800
4463,outfit.095de7562bbf447f8dc83ec1a0e8edb4,1607014800
4463,outfit.62f7c8d4fde443459940c727ef8176a5,1607014800
6129,outfit.aac9da3df1d5b519,1657904400
7050,outfit.d9c02686a2094291837d95d09384481b,1641229200
1773,outfit.8a9297abf702469b88dcdb1ce6cd35bd,1691254800
5695,outfit.be670e741ed74f9597a28f8bb3e5e537,1628787600
3533,outfit.031a15e68a354f8cbe8f65c45da3f231,1625158800
4880,outfit.a4699b3b33b4d99c,1674925200
4880,outfit.6e50879668384d469557b1c93bc1d7a6,1661706000
4770,outfit.9237685700e6542b,1614531600
4770,outfit.6587d43842ed43958181f9925d52806c,1614531600
7101,outfit.ac365138f7722b8c,1611162000
7101,outfit.1c195032518b4aba942f6b4fb6ae4690,1611162000
1684,outfit.af7384d7b857af65,1621357200
7376,outfit.edf01c8ca8f64059a8afaf72b4ba5eb3,1626714000
1374,outfit.c0ee509f45ad41d9b345426e194b9218,1601830800
1374,outfit.b26fbbc9102f42adb861b732c927826c,1601830800
1374,outfit.1e4a3ce9976a4d9a9061c167255f3875,1601830800
1374,outfit.a8175a1b696f4b85,1601830800
1374,outfit.e947dbab69e64c5a85f1fe565b5f3a49,1601830800
1819,outfit.8ed6e4fedeb67e87,1671382800
948,outfit.89a1a2941012477c83e6f9aaf2f144c8,1662138000
1354,outfit.0ed1568a6b6545e4932bee98c84aa544,1701795600
5039,outfit.fe22592cd6a64c32b7c573b5e25f9141,1634058000
4818,outfit.44c8e590e1df4f6ab23cf81b9ed39374,1672074000
1282,outfit.b1ddecd27b94476d833c0ea2c2bb6d3a,1718989200
3577,outfit.ccf811c5b8f847758b9d79c74514890f,1671123600
3577,outfit.9c19cb240c0c06d1,1668531600
3577,outfit.9a5d41c7a63e40a2b4a5f2aa902d768b,1665853200
3577,outfit.2aad4629b66d435c8da4594d7a3f7eec,1668531600
1735,outfit.d933a0b2120d4102bcfe5f51886dc0e1,1652720400
6526,outfit.7ca0d67e06f7491f926b46e7fbdbd32c,1657299600
1382,outfit.ade5433e25b54fbbb66a54f8fe113132,1668445200
1382,outfit.e2ac14f5ba454e0eaf3e7c0f926c65ee,1668445200
1336,outfit.b068cf45c37e4aeaa1cff939a86e759f,1692637200
454,outfit.b8248f42bf864dabbf1f70840a474142,1712077200
416,outfit.a0d1107baf5919d5,1601830800
416,outfit.cac751eeb8fe4846a26b1fc647bc5ef2,1604422800
416,outfit.9cfd3798e4b27f4c,1601830800
416,outfit.f45e25a44bdd429991e9186db7fa64e5,1604422800
3320,outfit.f11efd8c7b064175b4997b1ab65b5458,1694192400
3507,outfit.93fb65b596dc4d628b4812d30178a4dc,1689613200
731,outfit.3b32e75fb8984ec9ad5d8ccb79999327,1612458000
675,outfit.206df08f735c415bbcaca8d70e762971,1685638800
55,outfit.1023091eb7324562a4153373934bcb64,1664989200
55,outfit.bc45deb17b3a3e75,1664989200
6592,outfit.29a0d66e916c4bc690cf393bcea980e4,1651424400
4507,outfit.05ee1828c13a47c29f06de6d993fbafe,1664989200
3094,outfit.2ea36f84cb12427686eed685f97f2a8f,1617123600
3094,outfit.a824c0030f59545a,1617123600
3094,outfit.25c93e08d9064a1c85d877bf4157a626,1617123600
1840,outfit.b51ab929ce045cce,1636045200
1840,outfit.95b998c29f9af2fd,1630861200
1840,outfit.9f58acfe6b554e4ca880e378aa7e8e56,1630861200
1840,outfit.9237685700e6542b,1633366800
4674,outfit.56663aaf60aa4b5c8267bed372c72677,1645808400
4853,outfit.afcfeb5d7cda41318a080365f05c9075,1648746000
7100,outfit.2eb01f9b5c004ab18987fa709ca7d9cb,1689526800
361,outfit.4e6dbf069e764052b71b95934301f615,1661187600
3749,outfit.bb1024860d8f559e,1642957200
1374,outfit.2ea36f84cb12427686eed685f97f2a8f,1628442000
1374,outfit.4a4c3e2895e2437b8cda83c27064abba,1628442000
1840,outfit.a32232b1ae5445e39801fd606d444610,1641402000
1840,outfit.ad0e0bb9c3ab3cb3,1643907600
361,outfit.9956752d78a44dea91307b82661d85aa,1661187600
361,outfit.a2626764264ace79,1650646800
6592,outfit.a50024ea71e6453c9c09d6d65d21a5ea,1704128400
6592,outfit.d6789556754c4ce084d2fc7c354ae23d,1704128400
4853,outfit.b133d563a5d54747ac3e2255486154f5,1617814800
4853,outfit.97acaefe61dad4d4,1620320400
4853,outfit.b2e035a8cce61dcb,1628442000
4853,outfit.38572c7dec3b4460bf36ade1d517ce20,1622998800
4853,outfit.9178d6f714280d40,1617814800
1982,outfit.4e050e31c96240e18d8da53b205dcfa8,1638982800
1982,outfit.0a28be020a644e7d9ef9858b3adc29c4,1638982800
680,outfit.654e48473404490fbb74d6a48db9ce9b,1634576400
680,outfit.841fdd28d3f644c0bb8efd874e818027,1634576400
3192,outfit.df13ea56a17d4fad9fca92caa307b02c,1634490000
3123,outfit.0f8322b7e0a64bcf8a0ac8936262049c,1689613200
416,outfit.9d3b8dd5711d3657,1612458000
416,outfit.e17a0df1f70743e590827d7df93bb7f4,1612458000
416,outfit.2121de17fb604c6ea87a3f9b6d0030db,1612458000
1336,outfit.fa20f4d239044e7a922e27c5b5fd9f4f,1708534800
606,outfit.bfdc262fa6ea40458a3ff1a4353e71f9,1687712400
1008,outfit.e6d04857b6e54eecbd905c7e8093c960,1706634000
3094,outfit.98fd2627236f7f19,1606410000
6526,outfit.fea3bb7d8ff54872ad84977465e29da4,1704733200
6163,outfit.41d1dc80e9a746f88f9942cc1723645e,1685552400
4634,outfit.2846db8e50bc49a7a1b5f37be769f364,1673629200
7413,outfit.cc2a4ea6b82044d2804ee26e593fbc00,1601485200
7413,outfit.17996f09f2a84c078a7b0bd718bcddd6,1601485200
7413,outfit.db025960e5494378bd81a48377b0a1bc,1601485200
2649,outfit.fc33a7e64d794702a5d4b0ba40870c69,1698858000
3935,outfit.f557450bb9d14a10951367293b052595,1658941200
6371,outfit.41aa40088a25428985b642adaf4e7d84,1608224400
7026,outfit.56e3cc906a444a569d6b057189a361bf,1610902800
7026,outfit.b9bffddb2fa945e6a3d076ea97f1c5cb,1605459600
7026,outfit.8e0be7c7028e4b8f8a6f69a1f0192d2b,1605459600
7026,outfit.d9c02686a2094291837d95d09384481b,1610902800
5695,outfit.43d5741ca13a453bb378172945b47fc8,1659718800
6177,outfit.5dbcbf03f1ec4ad280e3b90b688f0dc3,1652893200
5914,outfit.1b0e05e23cc047439c31fc35d0c34b55,1661706000
4258,outfit.a0358734a2b24bf6b531d86101378b7d,1683910800
5620,outfit.2f5f6f70329640ac99f0d10f72543e1a,1661878800
5620,outfit.151898f52a9a4e1a9862b376db9195e9,1661878800
5778,outfit.ae3c94e801eb4aebb7c3714ec981521c,1647536400
416,outfit.2121de17fb604c6ea87a3f9b6d0030db,1630861200
416,outfit.0af9759a37b84904b1335e0847fcbb60,1630861200
4981,outfit.9df47f2be7324ffa9fe6cd184656a7ed,1628787600
7135,outfit.89fab8d7d294457fa493f087c68b6bc1,1672506000
2400,outfit.11395b1173644fedbcfc219469f27b84,1658768400
2400,outfit.8c8e4271cb4466db,1658768400
1138,outfit.6a8a9e4b00374d0e953550820b496573,1678986000
4501,outfit.a189dca13d2e4274afe5758a78f49000,1651770000
5490,outfit.a1c7ea9aa83e32c8,1633971600
3265,outfit.bb72f30cdb4246d1bc47ff8b17cf4162,1596992400
3265,outfit.4d4e09b9b0e543a3ba29014099787eb9,1596992400
4887,outfit.78392fa87e224d719c89da109d9e263f,1681837200
4887,outfit.13e5c6482ae340a696f30c156512408b,1679158800
4887,outfit.d7f1bc7197b6469db1b9c4faf4071cb7,1679158800
3094,outfit.9237685700e6542b,1619715600
3505,outfit.202a077f59e24515a34049036c7013ac,1652288400
713,outfit.841fdd28d3f644c0bb8efd874e818027,1700931600
7411,outfit.ac5bdf39908e44dabf5536871716d1c9,1713459600
7411,outfit.30c41f57e4a1445ca8256fd6ccbc8356,1596387600
7411,outfit.fc3f7855aa394fa5945bc8d90b6eee95,1594573200
7411,outfit.8bbdbf9681842027,1594573200
7411,outfit.3c0da42b00f94123aad9c641ff5073ad,1594573200
4558,outfit.e9319dccf9234668a6951834dcaff863,1591894800
4558,outfit.bdc81580030648a48acd9e91046c3d44,1591894800
4558,outfit.0512cb21a4bc4326971af84ccc563495,1591894800
4558,outfit.0777834f7f1a4762a8c1ba09f2f4881d,1591894800
4558,outfit.f102748bf7fe46a2a9a3eb170410b6bb,1591894800
6907,outfit.1b0e05e23cc047439c31fc35d0c34b55,1630429200
3259,outfit.202c5658aee14e4180cd074aa81842a1,1636477200
3259,outfit.e3f24e663eb84a2b9b20cde76be3b04e,1636477200
5330,outfit.2ead65a1ecf54c38a27bebc2bf47b9b1,1649782800
1248,outfit.ae3c94e801eb4aebb7c3714ec981521c,1670778000
4031,outfit.42a71b8c872f470c8350ac507497071e,1619974800
4031,outfit.c9250e31721a4e16842c1c648df90ea0,1619974800
4031,outfit.36462b7293ae423fb6b7180022cfcb58,1627837200
2085,outfit.d363ee8631554dccb9ced5babed2ce6a,1664038800
2085,outfit.d933a0b2120d4102bcfe5f51886dc0e1,1664125200
3320,outfit.55aa098dd93644fe961d0137a79adbea,1715187600
560,outfit.d363ee8631554dccb9ced5babed2ce6a,1676221200
6310,outfit.65880fd633594bf4ab0b833b9c09d29a,1657126800
3051,outfit.769849cd28044a7188d9fce349c06156,1599152400
3051,outfit.54324ee259f749ef9e2cb2e22446a2e6,1599066000
3051,outfit.fb060da6c30143fd9735e8fd364910e0,1599066000
3051,outfit.0fd1ffa75a364aba8427034859879e25,1599152400
3051,outfit.9d3b8dd5711d3657,1599152400
948,outfit.eafae74f4ff24c29862f7dba09874920,1646240400
7411,outfit.d1404a07cbda4bf68dd8d57cb0e32207,1606842000
7411,outfit.342ecd6e76d54f2b8e2cf31ece991f48,1606842000
7411,outfit.e6bbfedb420c40059c5a6515c0f94dfd,1620925200
7411,outfit.d73105249af8497a8400a0f75a825741,1606842000
4834,outfit.e43d27b277bb4ad7aff36a857ce6f766,1638205200
5852,outfit.d14ca830a51d455ca672e1f11d4554d4,1632762000
6013,outfit.3ccefaac1825408c82d9980a3ea5964a,1636909200
5330,outfit.7eb16fe1e199414bbb7f88d71fe7cb56,1665594000
5330,outfit.3b8a8f44f52f4b92b4935f08f4d2b9d7,1668272400
4209,outfit.535d7a56f1a44289b93c6bd46f656d8f,1629219600
4209,outfit.79d8ad807b5a4fbc86d21e759e3c7342,1629219600
948,outfit.b2e035a8cce61dcb,1654189200
948,outfit.b02888637a450867,1651510800
3669,outfit.7cff339e7950448c8485a2b44205adc0,1645635600
6591,outfit.9d9a208f27af4ef5b822e26affe1549a,1720458000
2363,outfit.eb104cb68a534166899c4cce84b0fa55,1665766800
2089,outfit.9b0a47dc97c7ecc8,1618506000
2089,outfit.70b441e6ee444f86a12921f85e5c2002,1621270800
2089,outfit.4c8d6c10b08440fcb06d8893d705124b,1621270800
2089,outfit.e18310c477cb4fa38cd9ba31e9997c4f,1623862800
2675,outfit.17753fa2c9914d659fe5432c2a06f1fa,1683738000
1706,outfit.b49e6f1cc73f48f9a6329311214ee57f,1673974800
5694,outfit.4158a6fc47074d23b6591ae8583673a8,1617901200
5694,outfit.c563800deaac4b8c93de7689b707c71c,1627837200
55,outfit.a33786c65b0f40f78b8c15ac4748d862,1654448400
55,outfit.030be8f1ab0549db86e542e2ad08a5b2,1654448400
55,outfit.56dec64c8c834afaace780273bbde124,1654448400
2085,outfit.ccf6f723db264c30b9e45b89203c4a28,1669395600
2085,outfit.8273c17c394043b8affdf5c04ee019ed,1666717200
2085,outfit.8ed02140f93ffa8c,1664125200
2085,outfit.8de70e2a9b7f463eb44f6a072e14d1a2,1671987600
4774,outfit.55135c282c3849ac8b06f82861870970,1647277200
4774,outfit.55bf4bdcb79e4027987f9b8c7eafe314,1647277200
4774,outfit.9ec98510baa9411d905131e4377e154d,1647277200
1598,outfit.f75f6043c5814e998e72b925ef7a21dd,1677258000
4858,outfit.387c78501d144475a53e61c4043f1d62,1570381200
6129,outfit.a477b4efb5b14d348d9c07782fa1c26f,1655312400
3846,outfit.dea118f1de544188ad16cda6259ba122,1607878800
3062,outfit.ede0d0fd9315467c868825bcb20d2fe6,1670518800
2675,outfit.95cf185dc27fb18b,1665421200
2675,outfit.ede0d0fd9315467c868825bcb20d2fe6,1665421200
4887,outfit.13e5c6482ae340a696f30c156512408b,1684429200
6402,outfit.ad848f726cd93e66,1668877200
6402,outfit.de20bfe0e31a4a33b8f0a25e9d93f97e,1668877200
6402,outfit.11395b1173644fedbcfc219469f27b84,1668877200
6402,outfit.b9c0bbd563524653,1668877200
6402,outfit.8fda8ef6cb62ebcc,1668877200
2799,outfit.fabaa18896e64e6ba835286d7f1d44e3,1708966800
1412,outfit.8ad1c89174094a26bd4cbcfdcad4aecc,1625590800
69,outfit.d3970e5f36ce440fb7ad9d7b74cc7f48,1635699600
69,outfit.7cc6bd8e645a41d2837976a0d09e3ca9,1643648400
69,outfit.2ead65a1ecf54c38a27bebc2bf47b9b1,1643648400
1684,outfit.4b20b3ccd3cd41fe98d0225f47276e2c,1716138000
3094,outfit.4431d4e34e6a4c0fba43aa50395893f7,1666717200
3189,outfit.2fe31ac153bc422c945294c342de95a2,1632157200
1319,outfit.21474001bd3e48a19da3a75c2f3819fa,1664125200
5738,outfit.d8f20c3b2cae42b29b56f2b61cb6e715,1676826000
2649,outfit.ba44c51358c85e35,1704128400
1505,outfit.9ae9443798cb496ba7848d3c3616ab1c,1660323600
5464,outfit.d601b0879a3a43b2ae6ff76706b2510d,1626627600
5464,outfit.53a31f7360074b1cb7eb8b9c6367986d,1626627600
1684,outfit.08b19773414e438eba84e8f55c3508da,1622480400
269,outfit.268878c3e3e24d98bbc6e9770e2eb44c,1614531600
2687,outfit.ee0dfdf3b9a349b591e78712514e2f5b,1680368400
414,outfit.ee94b77c56794feab26ffb22c2b9e2ca,1695402000
6304,outfit.fdc3cdbad50644ad97fc0a903f967e15,1703437200
7270,outfit.2084ead8ec3c42fa83eb74b5e36d330f,1670259600
7270,outfit.3b45aacc673049bdac58580de574f957,1678035600
6310,outfit.02323792c3fc471186d9e7c2debd393b,1636045200
6310,outfit.eafae74f4ff24c29862f7dba09874920,1638723600
6310,outfit.6e67b1da956c4635b7d67622604d2bbb,1644166800
2022,outfit.6ef37d8d2ee744229ed6350d8a94f308,1674320400
2022,outfit.3a4714a8bc0e4d4682f7d592ae0758fd,1674320400
6798,outfit.e0a3899c698544c4bf205f2a6eae496c,1692118800
6011,outfit.9df47f2be7324ffa9fe6cd184656a7ed,1688144400
6011,outfit.3b8ec1aa02f64daebc17177ba35efcd2,1688144400
5760,outfit.4d91614bd70b4799a861fe5ea43db494,1683219600
996,outfit.cb167c53fdca444b9b21df883ca7682d,1652029200
996,outfit.47ffcece5f244f9a9cf888f7f6d16e29,1652029200
5531,outfit.1b3e2ad0256b4c839afe49dcfcd50b40,1630342800
5531,outfit.32684b5443394c4a91606c9aab8d3cdb,1630342800
6601,outfit.dd5c21e0c1ee4428b7019e5740e3e8aa,1701709200
4409,outfit.60c345cbd0924fe7800ac38922a74cb1,1712250000
6036,outfit.4238aa017620494dbe0724f9b8f8f702,1664038800
4810,outfit.7d48fb77be2340e3be0de8ab4f9a97a3,1666803600
7280,outfit.55e47b50f0dc4852a5784fffafa63488,1691427600
4674,outfit.4cd9a6b549d04973a044716c3448b739,1599584400
4674,outfit.e98a6e485b1941d98e43c0e74cc6885b,1599584400
4674,outfit.8f91b0422939117a,1599584400
4769,outfit.b4e582b38a10f6bf,1603040400
4769,outfit.92101abfe02e418f8bc033846dc6d1c8,1603040400
4769,outfit.adf3063b0cdf501d,1603040400
3320,outfit.5d29c975554e432eacf5e7d49c5342e3,1691514000
69,outfit.bc206d94b57448cda9406458a264710d,1661101200
513,outfit.ce331a7cc22d4aaf82548e873c59e6cd,1656608400
513,outfit.1ff1200dca844ecd8ac042bd3363b7c5,1648746000
7371,outfit.a5650c1bada909fd,1599152400
7371,outfit.abe450dff4d74a5ba0d20c3a5d55e409,1599152400
3821,outfit.e0f170b8b51f4ae4a7e00047b9ea8d79,1637686800
3821,outfit.dbfe1373a2f840979196fe10b912e0c5,1637686800
3821,outfit.9e28084ee8e94a1d8afe4abe643fa8d5,1637686800
1625,outfit.929220a63bf843f99474bc2644fcb53d,1651251600
1625,outfit.9617c0965077556e,1651251600
1625,outfit.97acaefe61dad4d4,1661878800
2170,outfit.853ff9245b124c84bb0973a6065e64de,1682442000
2168,outfit.b80a7f8948aefe75,1666890000
6932,outfit.8540f9229614257a,1672074000
5846,outfit.9ff74f4f2a2f4454a7a629777cff27a6,1676134800
4404,outfit.aef36c5a5f6fd4dc,1657731600
4404,outfit.af7384d7b857af65,1657731600
5100,outfit.91d7bcbd88004c9e939fb7877dc4a1f7,1686934800
5100,outfit.944efade730744e38b3b678dae890f98,1686934800
2040,outfit.df79806b22844eae8e38a61b63ffeee3,1626195600
2040,outfit.2386f5b10f544de1a8f7a53a4b3bb92f,1626195600
2040,outfit.6dea8453a7dd4701830624eeea14bf9b,1626195600
2040,outfit.e5c71f9ecf564fb39b2815a07e3c7fd6,1626195600
1896,outfit.fbda7f830faf4caf9b0a085054f22e54,1613494800
1896,outfit.abd7e59260904f73ba0937d81996a9f2,1615914000
1896,outfit.173befabe7a14130b0e646ca4152150c,1615914000
1896,outfit.866385e680f6475e8b2899e2bc30a1fe,1615914000
1896,outfit.cc2a4ea6b82044d2804ee26e593fbc00,1613494800
1336,outfit.f117abdc31004fb78d287f00122747a5,1684688400
6303,outfit.7cc254ca61fd49189825e315d9507a3d,1711904400
3080,outfit.961a17ab05934b81a815e365bfe692d4,1629651600
3080,outfit.31edccd419de4fc5ae6aeb7eed4327ab,1629651600
3080,outfit.b1ddecd27b94476d833c0ea2c2bb6d3a,1629651600
658,outfit.bc490bc7db204af498825badd2d59285,1571158800
658,outfit.9bd220ce35b14c1b9b9d89dfc2b123c8,1571158800
658,outfit.bd9dca3a7c0d808c,1571158800
5760,outfit.4c41406859e04bc7b29036c62ea1b7df,1691168400
4209,outfit.faba9b9a9f654d6a8cfeb6bbdf840806,1631725200
1881,outfit.155567585a3c417fa6043924c2867d0e,1698253200
3041,outfit.fbc8b0687de1468c9a8517d5568431d9,1639328400
6414,outfit.2901f306ff3a4e7e8288cc48ec400f5f,1647277200
3510,outfit.34bd3ce2dd644974b9e945a8d91d8bca,1709053200
4884,outfit.457190ce39254dbe8508daf06eca2570,1702227600
4884,outfit.ea4cdef4b083408eb9410d077f9c929b,1699635600
1684,outfit.8ed02140f93ffa8c,1671469200
1684,outfit.b80845e98ea3453d,1671469200
6907,outfit.96f7210a2ae0aa93,1622480400
4656,outfit.48dec5565f454acf903fe1ce1f41a39e,1683133200
785,outfit.c258add24a7a4550b115b749ea07524e,1704560400
1083,outfit.996460ba474be5df,1570986000
2831,outfit.5a0e04a9018a4904990fc85f1c8cd1ce,1645894800
4276,outfit.ada6bb8993e7a05e,1701104400
490,outfit.124195196333488e8ba4d195b96ecbdf,1594918800
490,outfit.1a0f1f1c709c467e89f48bca44130450,1594918800
490,outfit.7e99984aa9604071bc49a4f148394fbc,1594918800
2085,outfit.a01f2c0fa05d3f98,1666717200
454,outfit.8022397c5e3d4ab4bc8e421da9236d29,1683046800
2869,outfit.467c000be2f9488a9a84e61bc6a6e3bb,1675616400
2869,outfit.1f8f1544736b40b99c3485150d68342b,1675616400
1969,outfit.88a780cac1d40972,1680454800
1969,outfit.9c101c6da5bfc6e1,1680454800
446,outfit.92bfe824eed24b63bca70a7df494b8d4,1573491600
446,outfit.d8f20c3b2cae42b29b56f2b61cb6e715,1573491600
4834,outfit.26cdd2ae3a854c73a9d207dc298e3367,1635440400
4834,outfit.d40f6349368b4e47b521138ba35d8ebc,1635440400
6737,outfit.43d5741ca13a453bb378172945b47fc8,1654016400
1382,outfit.2ab1a79e73cd419fb4479cea44e12c84,1606323600
4960,outfit.5241f5b777a147bbb786de5bd171be85,1694192400
2918,outfit.d0c6cd30a1f146a8a1ae6f73b34a0103,1678294800
2918,outfit.14727804dc6945f9baabcd76ad96a744,1680973200
2918,outfit.d3f2083ec04f4429bae5660f2a3db238,1675875600
2918,outfit.3f495adddb5143f8a5123973e907b1f2,1678294800
2918,outfit.9acd6a788f014e9b81fb32f2c97f53d8,1683565200
2918,outfit.e837786453834dce89358fa547d891c2,1683565200
1319,outfit.2743a3b3f9cb44348ee6f8beedefa119,1661446800
1319,outfit.8459e55ea3800598,1661446800
5208,outfit.7b28d52de2cb4e4f8b00b14dd8512644,1644426000
313,outfit.6b8d0d5720af4e33af8dff7afe7b0ed3,1675702800
4638,outfit.993dfa12c54fc46f,1612112400
4638,outfit.fa737f8bee584d309426410002edac0e,1612112400
1749,outfit.388d5e71d8ca46a59067b8f07c7a0760,1710003600
4696,outfit.98296ce41570cae0,1638896400
996,outfit.d04fbe1240ef405c867fb813b5aa8779,1646672400
2485,outfit.22c917473fe54dcb9b969d99a35ee10e,1664643600
3562,outfit.efeca2ca71b54ba49ec487475dfae85c,1598202000
3562,outfit.3fb6cd2d1f454b85937d1540dcf212f0,1598202000
3347,outfit.5b56622d721d4a359d14507923450d0f,1587056400
3347,outfit.9b7e2e060c874d3287c4cee69860679a,1587056400
3347,outfit.97acaefe61dad4d4,1587056400
4463,outfit.bfad6e38299544e991b1c5f0d92073f6,1708534800
4463,outfit.80333429732852d4,1708534800
7244,outfit.b8b6253b118140448c36fb7b55fdce90,1700931600
4218,outfit.a7b955473f2248a8a818455cb08c9e79,1708880400
4218,outfit.1eb6accbfe2d4edd8358e67200384784,1711386000
6310,outfit.5a7e3301a60341d0957331a181335cff,1637600400
6310,outfit.2a4decf449b64584804dad1d704f4ef1,1645376400
6310,outfit.0dba9d16e2e54e58ad650f0ecc2b3ea5,1638723600
6310,outfit.e96d2e7204fb4c1ea24fe71b3f967e0c,1641834000
6310,outfit.70bfcd7059a248ba9b8337bad5ce56fa,1637600400
6310,outfit.56e3cc906a444a569d6b057189a361bf,1638205200
6310,outfit.841fdd28d3f644c0bb8efd874e818027,1636045200
2364,outfit.a38b3b3e20364b78bfcf0bb1eadcc0e5,1649610000
4943,outfit.ca45a9e1634c4664a5f9688d3eaf261e,1603126800
3432,outfit.79a40865291e442bb6473767b615d4d9,1651165200
1515,outfit.491310236c1447b58e87a3631f969b02,1669050000
4779,outfit.16f24c4eb69a48f1a34117fc6c0a691f,1637514000
4779,outfit.257570a5166f43fba7f231ab1e0e2d11,1627837200
4779,outfit.8a9a59a3ebbb46a8bea05ebe9599a1c0,1627837200
4779,outfit.43e73eedf7134d04afd27ea87948ce03,1627837200
5459,outfit.22e47ac833dc47889bf2c9bf6baed182,1684947600
2759,outfit.0e35a8a758734c2b98adfc8630b4e029,1648227600
4640,outfit.72a813e5d07b4d99ac1859cc998b415e,1622653200
4640,outfit.a4699b3b33b4d99c,1622653200
2532,outfit.cba1c1971fa145e2a965a51bb678d885,1622048400
4175,outfit.d59aa8f0d8c048c68be664df7ce72bb1,1670950800
1735,outfit.02d71eaf66044b1283932f9e612cfd7b,1655398800
269,outfit.cb5a982c42784a9a834b5f15a47749b8,1612285200
1605,outfit.bfdc262fa6ea40458a3ff1a4353e71f9,1633539600
1605,outfit.03b18817e1894e588c3ae117a47d830c,1633539600
2573,outfit.d720fa6c17bf4c688054cbda17336d6c,1610038800
5531,outfit.359ce2bd2e40491686ce3ebc4a13ead6,1607014800
1497,outfit.d8909288c79b4df6b6547aa381d360f1,1647795600
1497,outfit.cdf556b326334303a52f2df9eb42dd3a,1645376400
2148,outfit.897c161625314c1a993188bc0a5ca063,1671555600
7342,outfit.1ef0bbcac4054678bea5622eec91880a,1700586000
3279,outfit.4158a6fc47074d23b6591ae8583673a8,1635699600
212,outfit.77accd502dd8426bb3b8772f0f33c9b9,1673802000
3192,outfit.df13ea56a17d4fad9fca92caa307b02c,1644944400
872,outfit.ecd27d5311ba4d3d95b9b5c3071ed764,1660669200
3103,outfit.8632cef7c2524f1ea8f213f5398eb754,1638378000
3103,outfit.e17a0df1f70743e590827d7df93bb7f4,1635786000
3103,outfit.f7826f04ea8643d3b68964a5ab27b0a2,1630515600
3103,outfit.1ff1200dca844ecd8ac042bd3363b7c5,1630515600
3103,outfit.2d4ed8658aa045b29663902f1e0ce84a,1633280400
414,outfit.ef5fdc0209e74d39a8a24fcd05cbdce6,1703264400
414,outfit.90913fe41f7b45abb3ec29e857df6352,1692723600
3956,outfit.64096b7f0ef1430d9871e92fc198f693,1677949200
3956,outfit.819fe443b574445a979f4f0571a65677,1672851600
3956,outfit.677e278365724e15b4d109ecefe6483a,1677949200
680,outfit.9e28084ee8e94a1d8afe4abe643fa8d5,1654966800
3769,outfit.ac52d51d1863129e,1671123600
6654,outfit.ea3962c74e6e4b578a4fcee30dfa2aa4,1636045200
6654,outfit.a33786c65b0f40f78b8c15ac4748d862,1636045200
6654,outfit.ef37915fe2f546378750595366833b79,1636045200
4218,outfit.be54589074780d08,1620925200
4218,outfit.fb060da6c30143fd9735e8fd364910e0,1620925200
4218,outfit.ef37915fe2f546378750595366833b79,1620925200
6907,outfit.84b3db8e945423dc,1654448400
560,outfit.5242edab1a064713b3c92f329d51b514,1655830800
6858,outfit.abd2e79be5f941a5aa407cc34ff63105,1684083600
2812,outfit.c71e9a58962a404b9d6c8df867b4b392,1700499600
4603,outfit.5e30d4aec4614fd686224fa12d39faee,1638723600
4603,outfit.2a1a34d38ac64414b5d7878a719984e9,1642352400
4603,outfit.4238aa017620494dbe0724f9b8f8f702,1638810000
4603,outfit.9dc1abebc456d310,1642438800
3230,outfit.9c2285b935d84f3b85e9678007eac190,1609866000
3230,outfit.55aa098dd93644fe961d0137a79adbea,1607274000
3230,outfit.be1cd8f914742de6,1602003600
3230,outfit.a273058ddb56de19,1602003600
3230,outfit.1b3e2ad0256b4c839afe49dcfcd50b40,1609866000
3230,outfit.37886c165da3410ca29761ac81f95bf9,1607274000
3230,outfit.b3c827a7bc271120,1602003600
3230,outfit.b75adc485cbf45ef936114c4337a7a9c,1609866000
3230,outfit.62f1b6fba2104c1296481b7f8bc074dd,1602003600
3230,outfit.5a7e4814596a482f8350a95702a5b83f,1607274000
3230,outfit.0c3cac26eb674e35a4602a369b146592,1602003600
2022,outfit.da552355bfd04649a987a3881b99d09c,1679418000
2400,outfit.4d15ca1915cf4639a9029a016640f7da,1661446800
2869,outfit.a0361d1da07f4cf4929c58bd45782fae,1691254800
7225,outfit.fc33a7e64d794702a5d4b0ba40870c69,1650906000
7225,outfit.229cc0c550f54fb3b3b937bab2abda35,1650906000
3267,outfit.c71e9a58962a404b9d6c8df867b4b392,1669482000
3267,outfit.94487eff13dc2b77,1669482000
2205,outfit.682cad04f9644aa692e0326d850b670d,1677603600
6907,outfit.57d3d071648f425f900f33b203e013c8,1717606800
2383,outfit.09a274c103524f30bd8e3fcc3cbab7c1,1651770000
1705,outfit.82303d2b1b524d6795661a1f5426a134,1683306000
6988,outfit.b1adfc4204c602e5,1692378000
1107,outfit.f4760ce163664a1e85ac621e41eda2f5,1638291600
1382,outfit.4c8d6c10b08440fcb06d8893d705124b,1632070800
7409,outfit.a1bd30435ab14461af069cf262f1e1eb,1699030800
5694,outfit.fdc3cdbad50644ad97fc0a903f967e15,1612371600
1019,outfit.22b16afebcf749d08ab2a83d88406516,1685638800
1019,outfit.820179fa25670e17,1685638800
4603,outfit.bdeec1ffb345de6c,1636390800
1382,outfit.33aa579f63424034b5c78e1c12985d06,1663174800
3103,outfit.29e6b2a21c5946d3a22772aa398a8361,1601571600
4168,outfit.3b756132543a45d4a94b9bebb0aaebfb,1616605200
4168,outfit.b7c427687b980da9,1611507600
4168,outfit.34bd3ce2dd644974b9e945a8d91d8bca,1611507600
4168,outfit.eb104cb68a534166899c4cce84b0fa55,1614186000
6787,outfit.053819ce75c94bf5a0686ee4d43da4c7,1630429200
6787,outfit.c9ba76ae33c44aa5a06b23a4e4229fb1,1630429200
6787,outfit.b02888637a450867,1630429200
6787,outfit.95a9732c69cb1e4c,1630429200
6787,outfit.e18310c477cb4fa38cd9ba31e9997c4f,1630429200
1716,outfit.7df2526a1c3c4b10b3017e7935c30629,1625158800
1716,outfit.853a99845bbe4b4884e0a6a1c289bd05,1625158800
5367,outfit.83126fbdb1962feb,1701277200
4998,outfit.b33b5cbbea204ab79a1060c3a17546b3,1676826000
4998,outfit.ef5fdc0209e74d39a8a24fcd05cbdce6,1676826000
4998,outfit.2055788ae1cb401bb3e88f887d5bd028,1676826000
5303,outfit.93d7a4479c7f446b80995278ada5874b,1713286800
4817,outfit.202c5658aee14e4180cd074aa81842a1,1604250000
4817,outfit.13b4586fba46462abebff1b7b145e499,1604250000
4817,outfit.9130f7887cff4c05bda706822ac3806b,1604250000
1481,outfit.9d3b8dd5711d3657,1639674000
1481,outfit.b5db150f4740b356,1639674000
3562,outfit.944185e8eec8066a,1600794000
3562,outfit.f45e25a44bdd429991e9186db7fa64e5,1600794000
3562,outfit.9faa5a6b345a4ee791996380c91d4eac,1600794000
4772,outfit.33775c3acbcf408aadc5a2436d0750ec,1676307600
4772,outfit.138c6d460dc14dd4a223e9f2a484ad6d,1676307600
4772,outfit.0fdacd78ea72476d9688afaa61fc5c42,1668358800
3924,outfit.af0ed14f93f042fa8c43dc0ff2da97e6,1630256400
3924,outfit.ce0b5207f51545bfbb1ec5cc1b01a8b7,1630256400
6046,outfit.15d79dfee61f4e1a840f3fa2368563de,1596387600
6046,outfit.02cbb0ff0c1348ce9fb9906805fb9049,1596387600
6046,outfit.118f15046d0b45d48929bb91df474761,1596387600
6046,outfit.5112f70e9eeb4eeaa914446e421cdfb3,1599152400
1390,outfit.a020ae6b34e6e0a8,1638291600
1390,outfit.32b52e42d8e844199bf05c4739bedf16,1638291600
1382,outfit.ef9f4ad754194793ab95e6c30f5606ae,1614272400
1382,outfit.7ae84d76f8634068b358e5f723942fa0,1611594000
1382,outfit.ade5433e25b54fbbb66a54f8fe113132,1614272400
1382,outfit.a9f2bcb6885fe60a,1616691600
1382,outfit.defda56477d1496dacd7a61e447be9c4,1608483600
1382,outfit.aec255abd8714065996db11cc150f061,1616691600
3649,outfit.b5efe9b9e6104f0796fe1adc5650e75d,1592326800
3649,outfit.4eee4da4300c4ba384571bbf0890e482,1592326800
3649,outfit.0fdacd78ea72476d9688afaa61fc5c42,1592326800
414,outfit.95cf185dc27fb18b,1690045200
2248,outfit.6626fef47af741b4b78767f044751453,1687453200
7060,outfit.e22f9123cb4e4c1081a4b831ff586b32,1624813200
7060,outfit.e2811dee68144484a423a3ef017258d3,1624813200
7060,outfit.4becdc0147e84943bd4676bd65b579e1,1624813200
2508,outfit.b9bffddb2fa945e6a3d076ea97f1c5cb,1641142800
5891,outfit.46796cfb57174c9cb04ef0489123a073,1627923600
996,outfit.a824c0030f59545a,1644253200
2271,outfit.4559b1568f5e436a85bf9c65ae525888,1602608400
2271,outfit.1a0f1f1c709c467e89f48bca44130450,1605459600
2271,outfit.6f809ac4449f4502a6eee8832eabcb60,1607878800
2271,outfit.95075e1ddb3d49a9a3fc51653c1e0421,1600016400
2271,outfit.a499a6d7e2dd41c48075234f5713c3d4,1600016400
3740,outfit.31879aacd520402abb57929e7b7573f1,1604250000
3740,outfit.29a4e469a1354981b601de67474f6d66,1604250000
2714,outfit.5494f9123a164880a3ed401be7abcd8b,1635267600
6129,outfit.f60a93dd961d4856a6d40e366ef90717,1655312400
4674,outfit.3230795e6aed435ab96c8fcf5e56fd08,1677344400
3227,outfit.9b0a47dc97c7ecc8,1698253200
4674,outfit.d24b8b64d37f4ea29ccc8aeb0c1bbb2f,1669395600
3094,outfit.a8083cd1fd8b4da982f6f8b6364d96a6,1674666000
6601,outfit.e3beae7266754b369fb289ece8c757ba,1714842000
4519,outfit.8e330b28328c4558a9523168b34d4d86,1626195600
4519,outfit.e3beae7266754b369fb289ece8c757ba,1626195600
4519,outfit.fc774521956e43c1b7b989272f5dca23,1623603600
4519,outfit.02885ab411b942b8b450097054217ebf,1626195600
4519,outfit.abe970f711444589b6ce9e81bf35615d,1623603600
1354,outfit.11395b1173644fedbcfc219469f27b84,1691254800
2762,outfit.b133d563a5d54747ac3e2255486154f5,1610298000
4834,outfit.40f5c15e6ca0486293b24bdf66d40393,1671901200
4409,outfit.a5bbbf5301db4e5b8b1e2532cfd23a24,1714842000
2762,outfit.83f21a4b1d7c7acb,1618765200
278,outfit.b6f7358d6feb42ceaec950e6b66f4a34,1705510800
139,outfit.cdca688f6a2b48c598ce6c5459088301,1660582800
139,outfit.b1adfc4204c602e5,1665853200
139,outfit.a824c0030f59545a,1668531600
2649,outfit.d6706746bcd74c05883df24d4b775e0e,1701450000
1232,outfit.a95a05ea858446c38ffd5535ab65a392,1696006800
6907,outfit.81e52ba208d55e4d,1709658000
6907,outfit.92f2e542b76f7d6d,1709658000
568,outfit.bf8385f15d6d468880c5e654f7599cf1,1620925200
568,outfit.64524dbb801942fb9b9b0b5853183177,1620925200
568,outfit.abf8682bf7784e73af89ebfd6d542df0,1620925200
568,outfit.f75f6043c5814e998e72b925ef7a21dd,1620925200
3727,outfit.df04bf46dbd54868a63d2db542a5fa3d,1678726800
5464,outfit.89954cb83fe420c2,1633021200
5464,outfit.8f4c967492cd42a6a0afec84b3500e93,1638291600
6907,outfit.106726e45449496989051f9f0ff73af0,1638291600
6907,outfit.4d91614bd70b4799a861fe5ea43db494,1635699600
6907,outfit.b80a7f8948aefe75,1638291600
3123,outfit.771bbd515cd448c19ac2778c729e8e8a,1648746000
3123,outfit.841fdd28d3f644c0bb8efd874e818027,1646067600
3123,outfit.40d4710206044ca5924846d3ebd83d04,1646067600
3123,outfit.97ec221c84bcfbe3,1649091600
3123,outfit.915d00f05ea74ed9872f00dbf6367ac4,1648746000
3312,outfit.176a117b3644491bb4ad187c4c5a0067,1625677200
3312,outfit.d6706746bcd74c05883df24d4b775e0e,1625677200
3312,outfit.c0dd5faf2a294aa09fd7a39dc7a313bd,1625677200
3312,outfit.6626fef47af741b4b78767f044751453,1625677200
3312,outfit.e96d2e7204fb4c1ea24fe71b3f967e0c,1625677200
1019,outfit.833277128aa04f21add3747d919b55ef,1690909200
313,outfit.0777834f7f1a4762a8c1ba09f2f4881d,1683392400
6360,outfit.bbd662557126462f84e4912812fc1be0,1632157200
785,outfit.56dec64c8c834afaace780273bbde124,1667754000
3094,outfit.900dd323358401b1,1591894800
3094,outfit.43d5741ca13a453bb378172945b47fc8,1591894800
3094,outfit.90a6743a8ffb95ab,1591894800
3094,outfit.992bf5adcd39d953,1591894800
1626,outfit.155567585a3c417fa6043924c2867d0e,1642352400
4137,outfit.4c96620b5f444f05adcd28bcfd3861d5,1629133200
2949,outfit.760587419305432581b1c2dd2d29e27f,1642438800
272,outfit.1233866861b14f0bb1e9116e90d9a492,1699981200
3608,outfit.3f495adddb5143f8a5123973e907b1f2,1598893200
3608,outfit.99449d4e1681465fa507c7e091ada568,1598893200
3608,outfit.93da3bfb33311ddf,1598893200
3103,outfit.5c582cd4de764f77bd15e4a4abb070b4,1630515600
3103,outfit.908c317a79634a2f9f14d86283135c0b,1630515600
86,outfit.31661e90877148d9bbe3846f087063f7,1639933200
86,outfit.81e7d3487b0e4c3b80aa064790d9992a,1639933200
86,outfit.3261057a0eba46f687d41af05ddee170,1637514000
2812,outfit.eb687dffeab64aee8d3ab9da47d77d12,1716224400
2714,outfit.b4e582b38a10f6bf,1652893200
2264,outfit.76182a281e89442eb859adbeed75c451,1696525200
1792,outfit.aeb4096f234e6c40,1629997200
746,outfit.e172da755f4248f4af3241dd47efae12,1574614800
3094,outfit.efbeb50344e54028b243698b3dd1b700,1603990800
6907,outfit.abcb318cd2f62d3b,1654448400
1586,outfit.a0358734a2b24bf6b531d86101378b7d,1660582800
675,outfit.74013b892b4a4f75979af28137c31558,1635354000
932,outfit.ccf811c5b8f847758b9d79c74514890f,1653930000
7376,outfit.22d9e65ad5d54d439ce97df814e1dfbc,1615827600
6781,outfit.55f87279b6a34e24b72a4febad468001,1658163600
3924,outfit.3a08f6654ee4454bb0b5ba8dbbf765b0,1675011600
3577,outfit.65d319260c9e49369ee53b603caa89f0,1655312400
3577,outfit.9c19cb240c0c06d1,1655312400
713,outfit.4c8d6c10b08440fcb06d8893d705124b,1703523600
1706,outfit.84b3db8e945423dc,1645117200
1706,outfit.dad7a49a6dd54b0797b841af3ffaad7f,1645117200
5367,outfit.12ca1b6aaefb46af8208fe008f3eb4e3,1703869200
3227,outfit.b45f71cef3bf96b3,1640538000
2052,outfit.a4699b3b33b4d99c,1641229200
2052,outfit.b45f71cef3bf96b3,1639414800
3147,outfit.9ebd102e2b3b4b7484f86af242efad85,1670346000
3147,outfit.bdd5835c2df56005,1665075600
3147,outfit.4c4d89bf0fcb4b32a9015ce1a7bade19,1665075600
7366,outfit.c663f1c85a344f039eacb889398b6b91,1653411600
3094,outfit.2a4ac5ffa2a44630a5295e135713963f,1614531600
1684,outfit.97d97dbf860e43f8b123511d01711aaa,1637514000
4175,outfit.127cbdac62d948a1827499f13034becf,1639069200
4258,outfit.83b1e08b46bf0031,1649782800
4608,outfit.006b61bc5e404f37a41b85e6ae915723,1620320400
4960,outfit.20ae7885d88441348ab7a255bcc2173e,1631206800
4853,outfit.b45f71cef3bf96b3,1622480400
4452,outfit.3ae8377476ab4594b00bd3a7790e9549,1596992400
4452,outfit.62f7c8d4fde443459940c727ef8176a5,1596992400
2364,outfit.f1e688d410884ee0940d861fb2f620ac,1707238800
3227,outfit.b42337853cae4f66a2e7640b6845d2e5,1658768400
7041,outfit.2fe31ac153bc422c945294c342de95a2,1641488400
7041,outfit.2392f0645935482bb171c7fd35384587,1644166800
1348,outfit.a95a05ea858446c38ffd5535ab65a392,1650819600
1348,outfit.4a4c3e2895e2437b8cda83c27064abba,1650819600
1348,outfit.f4a5306ea45d4ab9b40340f016bab653,1650819600
6907,outfit.2ab1a79e73cd419fb4479cea44e12c84,1612112400
6583,outfit.1b9ab78223b843e08e1daeb660783adf,1655917200
6583,outfit.f5fb40c43d174f799509d01145b1ed1f,1655917200
4276,outfit.9617c0965077556e,1711558800
5778,outfit.b9e21535cf624b6eac04d3a9708f213b,1663434000
5531,outfit.f102748bf7fe46a2a9a3eb170410b6bb,1617296400
5531,outfit.98aa99e47dee4f019d8b2620a9745f98,1617296400
4638,outfit.a33786c65b0f40f78b8c15ac4748d862,1668186000
4638,outfit.a5650c1bada909fd,1665507600
640,outfit.a647aca5ce17d71e,1670346000
1336,outfit.c8899e358d4846b5b5973cc0f9342aed,1682096400
6907,outfit.5235ff1f43e94601b30e4f25d6abcb39,1598893200
6907,outfit.f32718341e9443d8a36121a8913ff304,1598893200
6907,outfit.5b56622d721d4a359d14507923450d0f,1598893200
4218,outfit.60dced53fd414aec99d569404f19c4ee,1618419600
4218,outfit.292fc161ab8a48d59af997f56cce1cb4,1618419600
490,outfit.7c43cbb261ed4a91a0931c7583f32871,1676134800
1586,outfit.3f93a64eb5c5449096f841fe5fdc2b8a,1681578000
4481,outfit.76182a281e89442eb859adbeed75c451,1687021200
4481,outfit.648704eeb8f143c2ac81079d01853223,1687021200
1784,outfit.adf3063b0cdf501d,1666026000
1784,outfit.1704515347d34164b1de0aa1300d063a,1655485200
5734,outfit.0fd1ffa75a364aba8427034859879e25,1639069200
5734,outfit.2aad4629b66d435c8da4594d7a3f7eec,1638896400
5734,outfit.9fde090f117fb9d9,1633626000
5734,outfit.32722b47b465460e91c775e73609e78b,1637600400
5734,outfit.92db973be0926d3f,1633626000
5734,outfit.6db79c15132b4860a7e3a34cbf5c44c2,1639069200
6583,outfit.2a4decf449b64584804dad1d704f4ef1,1650646800
4834,outfit.a6eb0912d6a74509a16c4ff327a439c7,1658682000
7411,outfit.1072872925cb416299b831528deb0b33,1697648400
2617,outfit.eb630f8015044d9eafee621c3996c8a0,1603386000
6372,outfit.82ec1db640c48b3f,1677517200
2364,outfit.b2e035a8cce61dcb,1617814800
2364,outfit.9373e29ec69b488d9cbb22abfaed3b0d,1617814800
2364,outfit.1cac5f6638f140a3bcd41d5c1cf4bdc5,1617814800
1553,outfit.34c4b585b0854a158c2b7e53478e3c00,1626627600
2363,outfit.9e28084ee8e94a1d8afe4abe643fa8d5,1660496400
731,outfit.6e67b1da956c4635b7d67622604d2bbb,1614790800
6907,outfit.8022397c5e3d4ab4bc8e421da9236d29,1638291600
6526,outfit.34fb4047b75346ba9ced8912198506ff,1670518800
1998,outfit.00fa8d1fd5804fe78ac284c2e0c28b4e,1632416400
1684,outfit.7cc6bd8e645a41d2837976a0d09e3ca9,1666198800
1684,outfit.4b20b3ccd3cd41fe98d0225f47276e2c,1668877200
1684,outfit.8022397c5e3d4ab4bc8e421da9236d29,1668877200
1735,outfit.b904e3fe74844f418cea3fce0928a5d4,1623258000
6604,outfit.388d5e71d8ca46a59067b8f07c7a0760,1598202000
6604,outfit.2a307327642c41fda6f4f1b9d8a8080a,1603386000
6604,outfit.095de7562bbf447f8dc83ec1a0e8edb4,1598202000
847,outfit.524627d9e5544cb8ab8c738c64a440c4,1685725200
847,outfit.30a3ca6bb1c44394be44eff0548ed968,1685725200
847,outfit.f5fb40c43d174f799509d01145b1ed1f,1685725200
3267,outfit.1e1ade9c992d4eb8b7f11cd398a928c7,1621443600
3267,outfit.286ed5dbbdfc48caafe68d5122b21c8f,1621443600
3267,outfit.a1c7ea9aa83e32c8,1621443600
6129,outfit.b5812826d5eb41f39aa282e64b91ebb6,1625763600
6129,outfit.380abb0818d3434bab724eeef1f4de2a,1625763600
6129,outfit.b37b7ee0ee994bdaa199cba1c831b31d,1625763600
6129,outfit.60a1072927ca4f13ae03d6f876c42cb3,1625763600
3267,outfit.3e2f71bc50a94158b8a7280408951627,1711472400
7060,outfit.fc33a7e64d794702a5d4b0ba40870c69,1632934800
7060,outfit.ceb25ee97e894d46869ca3eb799d48e0,1632934800
7411,outfit.bc490bc7db204af498825badd2d59285,1598806800
7411,outfit.2684b038d1e64fa1814b56b51b834047,1606669200
7411,outfit.43e73eedf7134d04afd27ea87948ce03,1598806800
7411,outfit.ecd20396b6454329b80dd3a7f3d5c0c4,1596387600
2168,outfit.9bf55c30dee14573ac0d46c03fce3a0e,1682614800
6163,outfit.181629c720b548f4a77a22851f1fbbce,1682874000
7041,outfit.514093f168604338b66059bf9e4e900c,1637514000
1559,outfit.071f256faafb419a9d235186bcf44c81,1690477200
1248,outfit.9b8cb306a9fd4315bbda3cd2b056e36a,1612803600
1128,outfit.374273ffb79943b7be144ceb14529592,1640019600
3147,outfit.bc5aa99812bd420fae43972060ba092e,1657126800
2052,outfit.9e5db8a02f39402aaa9ee148d10ce073,1653584400
7100,outfit.d04fbe1240ef405c867fb813b5aa8779,1663347600
3094,outfit.05ea7abce4864a959f73627ba67cdb93,1638982800
5914,outfit.a9e47a4cd09329dc,1651165200
4981,outfit.8c4d4f54e42a4ca391913811b6d17ab0,1634058000
675,outfit.206df08f735c415bbcaca8d70e762971,1698858000
1138,outfit.e43d27b277bb4ad7aff36a857ce6f766,1700154000
4656,outfit.d9c02686a2094291837d95d09384481b,1680541200
4656,outfit.9b7e2e060c874d3287c4cee69860679a,1680541200
4674,outfit.229cc0c550f54fb3b3b937bab2abda35,1666717200
4960,outfit.8f3fe842c52af420,1638896400
2087,outfit.893fa92eb13185cf,1639069200
1928,outfit.240ac09f29724bc58045e16a2721cb8f,1658163600
1928,outfit.d60c7801271e488d88f0f13a0b28e6b6,1658163600
1928,outfit.df79806b22844eae8e38a61b63ffeee3,1658163600
7244,outfit.bbd662557126462f84e4912812fc1be0,1637254800
5118,outfit.0d1682558d8e43fa830ad2846c3e9f46,1603213200
5118,outfit.abe450dff4d74a5ba0d20c3a5d55e409,1603213200
5118,outfit.4c8d6c10b08440fcb06d8893d705124b,1603213200
7041,outfit.462ca91031c54d7593a2e3d1da41aba9,1641488400
2465,outfit.e6bbfedb420c40059c5a6515c0f94dfd,1658163600
5950,outfit.0d0727d0c03f453495eaa85dc17d382d,1655312400
5950,outfit.202a077f59e24515a34049036c7013ac,1655312400
5950,outfit.980eb1c72e1e71f6,1655312400
4725,outfit.ae3c94e801eb4aebb7c3714ec981521c,1701104400
1626,outfit.1b47c924e1684b9c94c76fa971ec8115,1694797200
4404,outfit.c5f49a672e194b7baa081a2776a0d374,1678726800
4404,outfit.c9ba76ae33c44aa5a06b23a4e4229fb1,1678726800
1654,outfit.bbd662557126462f84e4912812fc1be0,1675184400
1368,outfit.a647aca5ce17d71e,1633021200
3320,outfit.8609dd7995e147efbdf631d515d34bed,1694192400
2687,outfit.a6c2cc1cde584657b1748339cee96a5a,1648832400
7411,outfit.767ecbf6b9bb4969ad78de1a78dbf039,1642093200
4853,outfit.b1bce95db2fd4e28befe26b0a6985c73,1646067600
4452,outfit.a4699b3b33b4d99c,1599670800
4452,outfit.2204df2016c84afd873a1d7e09f6ec75,1596992400
4452,outfit.bdc81580030648a48acd9e91046c3d44,1596992400
454,outfit.9bf55c30dee14573ac0d46c03fce3a0e,1635699600
454,outfit.7e42814501954a3ca6c89f717ff2bfd7,1635699600
3123,outfit.202a077f59e24515a34049036c7013ac,1660755600
3123,outfit.9e20be28268142a1a6a917fe7ae1b237,1660755600
1248,outfit.bf74b8813bc14a0a9ef9ad2f2234ff20,1665507600
4779,outfit.92101abfe02e418f8bc033846dc6d1c8,1624986000
4779,outfit.f398680c9638415dbe02347d447dd922,1624986000
4779,outfit.f14e9c44441c4a5ca2e109af309be3ce,1624986000
1586,outfit.35331fbfbbe04b9ca3dfc1535cf148fc,1665853200
892,outfit.93d11b40e1db46198d34109e7d0ebfe9,1639674000
4656,outfit.b4e582b38a10f6bf,1693760400
361,outfit.3f51dbc828b74034899009dd1a0177b5,1653238800
361,outfit.b07210826e040498,1650646800
361,outfit.1a05c2e6ba8c4de28923f683bef9c1ae,1653238800
454,outfit.9d9aa8d609db476783be7553a9bb706f,1701536400
454,outfit.7f0e983a1e8f464a8761e005e931fc48,1701536400
454,outfit.20ae7885d88441348ab7a255bcc2173e,1701536400
1497,outfit.4a42bebcc6534e8697fd6f7656839c29,1637514000
4746,outfit.84f134b06fbed5a0,1642093200
4746,outfit.99d3c1ea30367e62,1642093200
2089,outfit.d92a7bb56d3149b8983caa966d7868fa,1615395600
2089,outfit.2fac9258e5a64ac9a7658f54bd2056a8,1626627600
2089,outfit.6d2a1e8d44094fd68c03239e1678bd44,1621270800
2089,outfit.16f24c4eb69a48f1a34117fc6c0a691f,1626627600
2089,outfit.60a1072927ca4f13ae03d6f876c42cb3,1623862800
2089,outfit.b45f71cef3bf96b3,1629133200
2089,outfit.2901f306ff3a4e7e8288cc48ec400f5f,1623862800
2089,outfit.6f809ac4449f4502a6eee8832eabcb60,1629133200
2089,outfit.beb7edd11cd741538175c927a81cbf89,1618506000
2089,outfit.061edd6d908049c5856935a0372ddc64,1615914000
2089,outfit.47ffcece5f244f9a9cf888f7f6d16e29,1615395600
4194,outfit.3f495adddb5143f8a5123973e907b1f2,1670086800
204,outfit.44264bb27f644691a9e3b5d774881800,1674320400
6429,outfit.e5c71f9ecf564fb39b2815a07e3c7fd6,1686848400
7411,outfit.2d059d6a6a3c4f02abe8e2f5cd7dea69,1655571600
1792,outfit.dc7abe1bb20f423a8356cb4d089c56ff,1616346000
1792,outfit.55e47b50f0dc4852a5784fffafa63488,1616346000
6583,outfit.b9bffddb2fa945e6a3d076ea97f1c5cb,1647968400
6287,outfit.ccf6f723db264c30b9e45b89203c4a28,1573578000
6287,outfit.0a3e76e31d4e4cb9b1033fc93787943e,1573059600
2465,outfit.e2ac14f5ba454e0eaf3e7c0f926c65ee,1679158800
6907,outfit.a3546e9a63f72521,1664989200
1706,outfit.aa76777d3b9d4073a342e2093e4ea1e2,1635699600
7185,outfit.f4b3b0445dbd4466b2f5cc17cb14ae2f,1600189200
7185,outfit.bb925d82b43cfc38,1600189200
7185,outfit.34b2a2a9779a47f0a1aff663fe8d1c86,1600189200
454,outfit.7d273c5424a34a9cb3217beeed7070d4,1696266000
3669,outfit.4c4d89bf0fcb4b32a9015ce1a7bade19,1690131600
4464,outfit.2386f5b10f544de1a8f7a53a4b3bb92f,1692378000
6786,outfit.26e0f5cc69634d079b4cd4a55b315809,1696438800
4522,outfit.bf8385f15d6d468880c5e654f7599cf1,1694365200
1553,outfit.656d8c9767e2417d8fad467465515b5d,1631552400
1553,outfit.9ce064a4d8b5b825,1631552400
1412,outfit.a841b2acdc119218,1625590800
86,outfit.5494f9123a164880a3ed401be7abcd8b,1642611600
86,outfit.b51ab929ce045cce,1642611600
86,outfit.a388427605b34a2ab0e19304e54facc6,1634662800
86,outfit.2901f306ff3a4e7e8288cc48ec400f5f,1642611600
824,outfit.a495750db2b745b3b257ff60a9aacc76,1644944400
6284,outfit.7eb16fe1e199414bbb7f88d71fe7cb56,1615914000
6284,outfit.8f4c967492cd42a6a0afec84b3500e93,1615914000
3649,outfit.3c8a7e19e80f47ab98f2fc61316aa8f2,1608138000
3649,outfit.9c101c6da5bfc6e1,1608138000
3094,outfit.2c262bf74e874db8b21f0cfae430c005,1600966800
4834,outfit.40f5c15e6ca0486293b24bdf66d40393,1650819600
4725,outfit.53c1b23f677a4816a518a2624c18e8b3,1661706000
6026,outfit.c35c73041785478d8b7bff3ba75797eb,1631638800
6026,outfit.4431d4e34e6a4c0fba43aa50395893f7,1636909200
2148,outfit.b8311b5c70cc4a46927bae03a650edcf,1692550800
4404,outfit.542f3e3ae20d42bea4c81a418f7adb7b,1636650000
3320,outfit.9abd359ee8d44269ab15d6cbfcd8eb81,1659978000
3769,outfit.c8899e358d4846b5b5973cc0f9342aed,1668531600
6526,outfit.fd816aa2311d45c78fd0ab2d663a177a,1670518800
6526,outfit.deb2675432704b1e8048f6f90c102a00,1667926800
6526,outfit.f376dd31f0194adead88365684ce1e14,1662656400
3320,outfit.f28182fcffa64738813bde8ce70db7cb,1683565200
3320,outfit.d6241a805f5e4108abfbdbc9f58fcb23,1683565200
6051,outfit.a7179f539117b9b7,1698858000
3721,outfit.7d29eb8d2f0341b2a1c2eeb8c76416f4,1592326800
3721,outfit.db025960e5494378bd81a48377b0a1bc,1592326800
3721,outfit.253fb654ace04cbb9280e54d54b62ed8,1592326800
675,outfit.df79806b22844eae8e38a61b63ffeee3,1685638800
86,outfit.76e513e7ba654a648bf90044a81b3926,1645376400
1980,outfit.1b11be15702b4c59ba76f79ed71df7ce,1663088400
4960,outfit.36654cc2920c42b7a8c294cf349544fe,1638896400
1589,outfit.a647aca5ce17d71e,1705597200
2812,outfit.91d7bcbd88004c9e939fb7877dc4a1f7,1638291600
1881,outfit.c5bee71e04014da8a068df3abe59a219,1695661200
4336,outfit.841aea73b3d4485eaf08932aa82d8c2a,1643475600
4336,outfit.becc5bd9847a7c10,1643475600
4336,outfit.f28182fcffa64738813bde8ce70db7cb,1643475600
1684,outfit.b671b224915f0b73,1650387600
1684,outfit.af7384d7b857af65,1650387600
4463,outfit.a7179f539117b9b7,1708534800
4608,outfit.e94c092f3d694206afc44cbc7e0fb47a,1625590800
4608,outfit.235240be067b4381b6441e39d0023721,1625590800
2148,outfit.80333429732852d4,1700499600
6013,outfit.48b43358755242c4bf529574c171b675,1651856400
6013,outfit.880e71e3568b6812,1649264400
5778,outfit.048fe7f87ee34a4095f2141bd51e3b80,1655485200
5778,outfit.372a132f8fe4463f8fdb8d7a8b3f5206,1655485200
5778,outfit.e2ac14f5ba454e0eaf3e7c0f926c65ee,1652806800
6955,outfit.17996f09f2a84c078a7b0bd718bcddd6,1629392400
6955,outfit.d8cabdaf5af9426dad953821aefb0ba8,1629392400
2273,outfit.993dfa12c54fc46f,1647536400
1412,outfit.6df9fd60925949a5acdd17de4dd4e7a1,1630947600
7244,outfit.bd37bc0ed1857fb5,1650906000
7244,outfit.2327c16896b343989de61510ab6f3c40,1650906000
7199,outfit.af879b315e9e04fc,1641834000
7199,outfit.e608f9225d314a12a390b165d222cc28,1639069200
948,outfit.eafae74f4ff24c29862f7dba09874920,1675357200
4404,outfit.1f0ae1de64a54ab8ade3151460b27eb6,1676307600
4404,outfit.bcdb248c57283524,1673629200
1840,outfit.af4113e2a23f4c9ebc3315589f5ea182,1625418000
1840,outfit.8f4c967492cd42a6a0afec84b3500e93,1622739600
1840,outfit.835db11c96461b2c,1625418000
1840,outfit.0106cbd7e23f41da92e3081146b4ad03,1622739600
1840,outfit.906fccaad75a644c,1622739600
1840,outfit.f45e25a44bdd429991e9186db7fa64e5,1630861200
1840,outfit.62b7b6c55aa84d89a8bc7b99173f571e,1625418000
5144,outfit.a9f2bcb6885fe60a,1712682000
4481,outfit.43d5741ca13a453bb378172945b47fc8,1697562000
7041,outfit.e9f82d690d5a452ca833a578fd0f0dd0,1637514000
6526,outfit.1642071c303e44a19ce63dfbbf8384bd,1694192400
7110,outfit.8e3a6e9e196cfbc0,1698512400
6526,outfit.b37b7ee0ee994bdaa199cba1c831b31d,1659978000
6526,outfit.ab93c31e243d4d19b90ca72c4ae17e25,1659978000
3192,outfit.7ff8b8c0f1b447229811fee5dd7ea006,1608051600
3192,outfit.caee00d04a954a69a3cca9e02cf67440,1602781200
3192,outfit.e44b11d043b34053ae7292d3ad3dc9a0,1608051600
3192,outfit.56cc017ee10f4e77a002829e408687ba,1602781200
5531,outfit.5d29c975554e432eacf5e7d49c5342e3,1624986000
5531,outfit.3230795e6aed435ab96c8fcf5e56fd08,1624986000
5531,outfit.a8fae88d2b7640e2b28161d301fc5e08,1624986000
1735,outfit.a273058ddb56de19,1668618000
1735,outfit.97228689c245bc79,1668618000
1706,outfit.4be27307ae1c4611ad56aca101c8a6b4,1627837200
1706,outfit.b4e83d1d9b50a7cc,1627837200
1706,outfit.7c8c2504d76d42f4a96766337d3dac03,1627837200
675,outfit.22d9e65ad5d54d439ce97df814e1dfbc,1632762000
675,outfit.5b56622d721d4a359d14507923450d0f,1632762000
864,outfit.22c917473fe54dcb9b969d99a35ee10e,1701795600
1382,outfit.d92a7bb56d3149b8983caa966d7868fa,1610470800
2573,outfit.7cc254ca61fd49189825e315d9507a3d,1633626000
2573,outfit.0d0727d0c03f453495eaa85dc17d382d,1633626000
2204,outfit.8c5e53894f0ca50e,1675270800
2204,outfit.8c5e53894f0ca50e,1672592400
2465,outfit.afed6567427c2287,1655571600
675,outfit.96d41e4ecb154101be678d4302a266ba,1606669200
675,outfit.24f7bb6f025640bb9f3d5df253dbefb5,1601830800
675,outfit.167c1898ccab4dbcb3d0a74591e1902f,1601830800
675,outfit.4b5c2be520b045e490ca17fcb9d87b90,1611766800
675,outfit.93da3bfb33311ddf,1603818000
675,outfit.4688b412bce3457a9c1727fd38ab4a06,1609866000
675,outfit.d91c416ae1584028ba0c20f1329bbb97,1603818000
675,outfit.2386f5b10f544de1a8f7a53a4b3bb92f,1606669200
675,outfit.118f15046d0b45d48929bb91df474761,1601830800
675,outfit.0248aa8a68b14491ad8dcf4067ce02cd,1603818000
675,outfit.206df08f735c415bbcaca8d70e762971,1609866000
675,outfit.75f72fc891604734a37a5ab96b006367,1601830800
675,outfit.207232e414dd46e5b7352becfd9e53e5,1601830800
675,outfit.bbd6ae88b44bfd29,1603818000
6907,outfit.78392fa87e224d719c89da109d9e263f,1651424400
5398,outfit.2ea36f84cb12427686eed685f97f2a8f,1623603600
5398,outfit.599900d12a21423ca2bb8830f498a4bd,1626022800
5398,outfit.b24fc57f02ac4e4c9061761ca18d9d3c,1620925200
6591,outfit.d6896eaf6b734f40943d6cce5d23c1e3,1657299600
6591,outfit.2e45b72fc0bb4754bad43840aca11da6,1652029200
6591,outfit.439ff276a34d4993ad9cf68d06c67d96,1662656400
6591,outfit.2d872cbfe6434c0c9ec15ebfa518a6e7,1657299600
6591,outfit.fbc31b2005504087aa980bf59e078b7e,1652029200
2168,outfit.1f534d95ccf6415a8af3b5799dd959e7,1664298000
1412,outfit.a7b955473f2248a8a818455cb08c9e79,1644166800
1032,outfit.980eb1c72e1e71f6,1649005200
1032,outfit.ed0bda9223004815822e8eaff7b7688f,1641834000
1032,outfit.925c69db26f6bbae,1650301200
1032,outfit.9cd6c1a82e884a77b55b6113de55fea7,1647882000
1032,outfit.93826cc51216dcd0,1644771600
1032,outfit.b09e135ba34c46daaf3a5495dcec6e83,1649005200
1032,outfit.81e52ba208d55e4d,1647277200
4853,outfit.202c5658aee14e4180cd074aa81842a1,1630429200
454,outfit.ed0bda9223004815822e8eaff7b7688f,1714669200
2102,outfit.ee1e33a91882430d990d259a1852430e,1650214800
864,outfit.22c917473fe54dcb9b969d99a35ee10e,1701795600
3094,outfit.efbeb50344e54028b243698b3dd1b700,1619715600
266,outfit.5a5e28a29c694c5abf08514ba5b85937,1701277200
4258,outfit.db6e87de63f347a0af3ecbf3b7463a55,1663002000
266,outfit.13341577ef954838a87bf016b1501ebb,1711645200
2573,outfit.b9e50bdab7103d0c,1601830800
2573,outfit.cdcd1bdbc00e4a1cb9b80f7f5bbddd49,1601830800
4818,outfit.f40373a3c86d43cda4155344e39334c7,1674752400
4818,outfit.021142f5924f4280bd3948268d35db64,1685120400
1770,outfit.0106cbd7e23f41da92e3081146b4ad03,1686934800
6706,outfit.7d69ae2f5dc641bca0eed4b1dfc17ac8,1596387600
6706,outfit.f5fb40c43d174f799509d01145b1ed1f,1596387600
4638,outfit.abce86c0d08341ed96a999cb4425d840,1648746000
6447,outfit.8302402a6e8e8e8c,1637773200
3291,outfit.f78250a23a6d4a97ba23c8194eb9c5cb,1608483600
3291,outfit.44c8e590e1df4f6ab23cf81b9ed39374,1608483600
4333,outfit.91d7bcbd88004c9e939fb7877dc4a1f7,1648746000
4471,outfit.53bf6ed2516f473a87497e8170d4c8e1,1701018000
5031,outfit.bbd662557126462f84e4912812fc1be0,1704992400
1553,outfit.be3e7c4ec5718d36,1634230800
1553,outfit.8fe12d169d14a8ab,1634230800
5100,outfit.793b193b39194ef19a052aac02bf6c2b,1655398800
5100,outfit.8c8e4271cb4466db,1655398800
4452,outfit.f1a50d26ea6e4b81bc647433e60958db,1597165200
4452,outfit.1dd897589a5148198aea6c403d613063,1607014800
4452,outfit.90905e386df640ff96ea108db7afabfa,1599670800
4452,outfit.62f1b6fba2104c1296481b7f8bc074dd,1597165200
4452,outfit.6e67b1da956c4635b7d67622604d2bbb,1602090000
4452,outfit.b49e6f1cc73f48f9a6329311214ee57f,1607014800
4452,outfit.d24b8b64d37f4ea29ccc8aeb0c1bbb2f,1602090000
4452,outfit.252b5f88ee66462e9aef2ea071969700,1597165200
4452,outfit.a7b57360602144b4838b5384b7fde769,1602090000
1374,outfit.ae922e922588454591edca7cabf0db48,1625590800
1374,outfit.914397611c9823ad,1625590800
4218,outfit.855fbe579b09bcda,1613322000
4218,outfit.0dcd9f8fa95a4d81a7bb43df05668e4d,1613322000
6026,outfit.aad989fc0422b4eb,1636909200
6026,outfit.82d7dcf690da4fc09bcf658816bccd3c,1637600400
731,outfit.bb72f30cdb4246d1bc47ff8b17cf4162,1659978000
731,outfit.25847fedcdc640569e0b07e0b38fef30,1659978000
6319,outfit.6b027f465816489f83945f85bd6f1c17,1664902800
3040,outfit.767ecbf6b9bb4969ad78de1a78dbf039,1668186000
4766,outfit.d9c02686a2094291837d95d09384481b,1621875600
4766,outfit.ad412f59706c86b8,1621875600
6284,outfit.820179fa25670e17,1668618000
6284,outfit.3fb6cd2d1f454b85937d1540dcf212f0,1668618000
6284,outfit.8fda8ef6cb62ebcc,1671210000
6284,outfit.ae922e922588454591edca7cabf0db48,1671210000
6310,outfit.93645d358d378609,1646586000
6310,outfit.31c50265a96d4e49aa5394db37e039f2,1651856400
6310,outfit.6db79c15132b4860a7e3a34cbf5c44c2,1649264400
6310,outfit.7ca0d67e06f7491f926b46e7fbdbd32c,1646586000
6310,outfit.f4a5306ea45d4ab9b40340f016bab653,1651856400
1831,outfit.a5650c1bada909fd,1687021200
3441,outfit.1096c0a926c244b39b44ff523a6ad9e0,1685293200
606,outfit.c51bd8f0c3464297b89ffa73328c3275,1648400400
6212,outfit.ae7389834f0c49c49b2ef43ff9cc1be9,1658077200
6212,outfit.cb29aca3f7be4551b07a9d1b02957e02,1658077200
3041,outfit.9b1b854fc8a535ae,1642006800
4030,outfit.670d3e142b2c4f9a929ee971aad295b1,1662483600
4030,outfit.b8311b5c70cc4a46927bae03a650edcf,1667754000
4030,outfit.0512cb21a4bc4326971af84ccc563495,1670346000
1586,outfit.2386f5b10f544de1a8f7a53a4b3bb92f,1644166800
5844,outfit.bb2d50bdafd541558b88c10690b81375,1570640400
5844,outfit.92db973be0926d3f,1570640400
5844,outfit.84490bc64ffe4c6db02a6eef76219f1e,1570640400
3740,outfit.fc18564205bd40c8bdcd638e83f45ed7,1598893200
3740,outfit.8fe12d169d14a8ab,1598893200
3740,outfit.ac5bdf39908e44dabf5536871716d1c9,1598893200
7233,outfit.ede0d0fd9315467c868825bcb20d2fe6,1710003600
7233,outfit.173163a917534a9c8dd357e7203e228f,1715274000
7233,outfit.706635d443e040d2a4ae9e6862a95961,1715274000
3432,outfit.a867d0ea463b4d6dbd0f750bc1962f49,1641315600
6706,outfit.f66d734ea0fa4854b73f96714fd19ecf,1607274000
621,outfit.0fd1ffa75a364aba8427034859879e25,1617901200
3385,outfit.c7a033c410694587805e5ba1ec63c1f6,1645376400
4960,outfit.6b1d1739830a4f3cbe5530716d9890a2,1657299600
5617,outfit.98d6cf4fef49ec24,1694883600
496,outfit.cd58f268e9e54fc08e5656e6f095975e,1670605200
3533,outfit.671c37e96f5247e68b198e2a61dbe34e,1622739600
454,outfit.806a7fef96ec97e0,1719939600
2448,outfit.64096b7f0ef1430d9871e92fc198f693,1653066000
2448,outfit.2fe31ac153bc422c945294c342de95a2,1647795600
3175,outfit.bb1024860d8f559e,1707325200
3459,outfit.16d009b7c441450183dbace1c9e64dce,1604250000
3459,outfit.be167b5f608a44b9851b13123a4d705c,1604250000
5224,outfit.a38b3b3e20364b78bfcf0bb1eadcc0e5,1675184400
4674,outfit.b8ee247b1864a7c2,1615222800
4674,outfit.4cd9a6b549d04973a044716c3448b739,1617901200
5778,outfit.81ce5109e01d4b7b9f944a3baa35c4d6,1681750800
5778,outfit.8273c17c394043b8affdf5c04ee019ed,1681750800
414,outfit.56dec64c8c834afaace780273bbde124,1687453200
414,outfit.0ea2ed06e62c495195f67005f3057721,1682182800
767,outfit.4222d99ee6974151a01942b79f1054f7,1598202000
767,outfit.db13e9deae904483bed85c8358f81a8e,1598202000
767,outfit.40a0759f9fee458ea303ea8d1ef61a74,1598202000
5236,outfit.68d7e3b9e8be4f07b3b200682d7dc456,1675443600
6706,outfit.9e20be28268142a1a6a917fe7ae1b237,1604854800
6706,outfit.bcd7efc3918cf15b,1604854800
6706,outfit.80820b9138cd4205885caaa0a65dd6a4,1604854800
582,outfit.3a5aeafe771d488f84bc18af5db17114,1616346000
582,outfit.78d16995b62e40d48f06a20dbf72d844,1616346000
3669,outfit.ad062450831242c091c3cfc78407df6d,1679590800
4463,outfit.ed5a5a066ca647b6a9aaeb1ec8e7ee87,1649264400
4463,outfit.372a132f8fe4463f8fdb8d7a8b3f5206,1649264400
1881,outfit.f194f8a84147453cbd660e148942e1e6,1690304400
262,outfit.769849cd28044a7188d9fce349c06156,1637859600
262,outfit.80333429732852d4,1637859600
550,outfit.01601322d21a422fbc2db49c7866e264,1607533200
550,outfit.b9e50bdab7103d0c,1607533200
550,outfit.d6241a805f5e4108abfbdbc9f58fcb23,1607533200
550,outfit.871f15bc73153001,1607533200
2540,outfit.d0faaa3486494e7d8ee3298104bc8adb,1669395600
2540,outfit.2743a3b3f9cb44348ee6f8beedefa119,1666717200
2540,outfit.b00287a1864d4493a72b295b43caf3f1,1666717200
6038,outfit.b82c3360fbcd411683eb135b6450e7fd,1627837200
7026,outfit.b3c827a7bc271120,1615827600
1998,outfit.89954cb83fe420c2,1631811600
86,outfit.93d11b40e1db46198d34109e7d0ebfe9,1648054800
6907,outfit.595a88f3986340b9b7ee163cbe32c85d,1685984400
2492,outfit.94fee721c94da3bd,1705942800
3267,outfit.5c6bcfee583b4d7aa6fa807279637d59,1685120400
6911,outfit.82d7dcf690da4fc09bcf658816bccd3c,1699635600
1374,outfit.fb060da6c30143fd9735e8fd364910e0,1609866000
1374,outfit.9341a89b191cd49f,1609866000
675,outfit.207232e414dd46e5b7352becfd9e53e5,1612112400
7041,outfit.f062df328d7842e4bc5b0c41e309393b,1641488400
470,outfit.b9f26b79b0eb436fba1e05ca80196e47,1611075600
470,outfit.89c2a6a730c324a0,1611075600
470,outfit.9bb1d6f57be44f24,1611075600
4185,outfit.6d6fe6b3b2514ecc8c47947292874f90,1664557200
680,outfit.d4a659e844e64b399669fe54284c3595,1636563600
1969,outfit.c258add24a7a4550b115b749ea07524e,1696266000
4817,outfit.394d965b33b8430692c31984bf51e554,1602435600
4817,outfit.88e9a4b11d284db686be6be18502f641,1602435600
3533,outfit.15cfb487c7524654901872cba89af2bc,1605200400
3749,outfit.49c64ac752d4452886a0f505007df0fd,1647018000
6051,outfit.cd218662a26c4c29b372ed1563cf0ced,1682960400
2057,outfit.cb5a982c42784a9a834b5f15a47749b8,1709398800
3649,outfit.229f2207dc1e4409af99504f061ca0e7,1597597200
3649,outfit.be42b519d7d245248c41491532ef50b0,1597597200
3649,outfit.adf3063b0cdf501d,1597597200
3649,outfit.8d7319b7cde9526b,1597597200
3649,outfit.2a307327642c41fda6f4f1b9d8a8080a,1597597200
5224,outfit.a44036e74abd5cb1,1638118800
4656,outfit.8feb7001275554c8,1685811600
5224,outfit.97f20b8380c34615a30aed080071aa96,1669827600
6429,outfit.aa10e3ab93793dc9,1668531600
6429,outfit.9341a89b191cd49f,1668531600
4193,outfit.e6d04857b6e54eecbd905c7e8093c960,1691514000
1443,outfit.10702960934e47ca8b83d90cb167b470,1605805200
910,outfit.a0d1107baf5919d5,1598893200
910,outfit.ded9a0e26ca846ba86ae2eb4f12fe831,1598979600
6911,outfit.ade5433e25b54fbbb66a54f8fe113132,1654880400
6402,outfit.c663f1c85a344f039eacb889398b6b91,1671469200
1354,outfit.df13ea56a17d4fad9fca92caa307b02c,1688576400
4823,outfit.ad6f853b5c31b6f5,1719334800
5645,outfit.e2811dee68144484a423a3ef017258d3,1687885200
3291,outfit.b33b5cbbea204ab79a1060c3a17546b3,1698426000
4169,outfit.83e56eb73d8f0127,1597856400
4169,outfit.8632cef7c2524f1ea8f213f5398eb754,1597856400
4169,outfit.f102748bf7fe46a2a9a3eb170410b6bb,1597856400
204,outfit.a294399ed5bfba8f,1671642000
3267,outfit.cf321774b9de4035802e1829303fd3da,1637514000
3267,outfit.d71dd7d70f184d10b2bc26105f3283d2,1634662800
1684,outfit.4a4c3e2895e2437b8cda83c27064abba,1716138000
436,outfit.d70247c33e4b42569675e32cc3727701,1663261200
1749,outfit.b0d5835cfb6f4f918690a79fd842e7a6,1702141200
4640,outfit.98a0bb3110de7f3e,1625418000
3749,outfit.99cc91aeda7eb778,1682701200
3147,outfit.b45f71cef3bf96b3,1673024400
2465,outfit.dbfb7bbacf6f4fb1afa5c192c42d19ec,1689699600
2465,outfit.578a20ace62b4299a88b0ce610123797,1689699600
3320,outfit.adf3063b0cdf501d,1667926800
5695,outfit.43d5741ca13a453bb378172945b47fc8,1601485200
4981,outfit.9a5a00800acbac31,1631466000
3291,outfit.2cca272e852c42448c449664b8d98693,1719507600
1525,outfit.c560abcbbf2b40edbacbd51dfa99bf58,1602435600
3062,outfit.3f93a64eb5c5449096f841fe5fdc2b8a,1675875600
2148,outfit.25ff5e5ef4b541d79324a66515f1d89a,1676912400
86,outfit.24a7d36225b342cf82d965567b6052ca,1637600400
6591,outfit.76443d6db496494dbb26ac275ecbdb3b,1667926800
6591,outfit.5c282a76e71b4edd81ab7579454a9de3,1657299600
6591,outfit.b09e135ba34c46daaf3a5495dcec6e83,1665248400
6591,outfit.e3bf7fedde71456db683e017a65e9814,1662656400
5160,outfit.b26dea94dbd147919dbe9c6378c9c52f,1650819600
7009,outfit.f904f5addd0f4a22863e3a689428b88b,1649523600
5303,outfit.e457a3fb8aeb44b99d9ebae19bab9fae,1705424400
7366,outfit.61b55a18777f451ab3d3c1a4fc2fe17b,1656090000
107,outfit.db6e87de63f347a0af3ecbf3b7463a55,1638896400
107,outfit.8c4d4f54e42a4ca391913811b6d17ab0,1638896400
6519,outfit.12ca1b6aaefb46af8208fe008f3eb4e3,1647795600
7009,outfit.3b756132543a45d4a94b9bebb0aaebfb,1649523600
3267,outfit.848a85ca39d3fda6,1621443600
3267,outfit.1da2e77fd6594cb7bf3e7f4dd0e187b3,1621443600
3267,outfit.aeab8a7eca6601f1,1621443600
3267,outfit.124195196333488e8ba4d195b96ecbdf,1621443600
675,outfit.36462b7293ae423fb6b7180022cfcb58,1656694800
1819,outfit.c08f7356b17643258f50b4cc3eb25fa6,1660842000
1819,outfit.9d5c2d8415063b7e,1660842000
7400,outfit.d91c416ae1584028ba0c20f1329bbb97,1610298000
7400,outfit.a7e848f47d2643d988bbaf47dae4a136,1610298000
6429,outfit.ded9a0e26ca846ba86ae2eb4f12fe831,1652634000
1625,outfit.946ae92e21374e0d8935761e881bb94b,1653930000
6046,outfit.4688b412bce3457a9c1727fd38ab4a06,1649178000
605,outfit.56663aaf60aa4b5c8267bed372c72677,1611766800
605,outfit.946ae92e21374e0d8935761e881bb94b,1619542800
3259,outfit.c39cd97f51b243e5855fb09a7513f94f,1614877200
4240,outfit.42a71b8c872f470c8350ac507497071e,1626368400
4384,outfit.4431d4e34e6a4c0fba43aa50395893f7,1643907600
5657,outfit.142a3686d9ec47afb71932e592f45a92,1643562000
5657,outfit.2e4ccc3463a74e7cb674e891ca098271,1643562000
2687,outfit.2fe31ac153bc422c945294c342de95a2,1677690000
416,outfit.4bd8e39e3d5442c4b76dcd9797725b38,1609866000
416,outfit.70bfcd7059a248ba9b8337bad5ce56fa,1609866000
416,outfit.8f2d79606c6d4f44af3f6afd97a6ca3e,1609866000
490,outfit.911cfceec45d9996,1618419600
1386,outfit.257570a5166f43fba7f231ab1e0e2d11,1683219600
1386,outfit.f14e9c44441c4a5ca2e109af309be3ce,1683219600
416,outfit.a8cd42d443d608cc,1686070800
1201,outfit.7eb16fe1e199414bbb7f88d71fe7cb56,1631552400
1172,outfit.d2affda3780840e8bab443abbd2e5478,1649869200
804,outfit.819bf34ba04d4748b9232e1df3bf9c8e,1633021200
5914,outfit.4ca0964f8f604f42b71268c44e41db7d,1672246800
1008,outfit.8ed6e4fedeb67e87,1701277200
4193,outfit.dd5c21e0c1ee4428b7019e5740e3e8aa,1634230800
4193,outfit.94f96de6e74f4a51b85f15018f9ad0fa,1639501200
272,outfit.36ae937d5a4348b2b187b2b53c65b207,1652547600
1735,outfit.7e3fe1b3b1dc45909d172224682a28f1,1641142800
1598,outfit.0630ef7d996d4c489b4e54e85bd09e5a,1679677200
1598,outfit.1ba117ad1dfc4db98e92536c9d6724fe,1682355600
4834,outfit.d4498e3094f048d8808f056832637685,1650819600
3093,outfit.914397611c9823ad,1656522000
3093,outfit.7d29eb8d2f0341b2a1c2eeb8c76416f4,1661792400
3093,outfit.b6f7358d6feb42ceaec950e6b66f4a34,1659114000
3093,outfit.5b1de7457379489c8e57a3c22844550b,1664470800
6834,outfit.6ca970d4e98f47e085d82952693a215f,1651078800
5490,outfit.2208707dcf134558b4d335f1e3534655,1677517200
3291,outfit.b3c827a7bc271120,1632416400
416,outfit.b0a5d80451942bf5,1596387600
416,outfit.b813cd40d27344839e74b8b40ead859b,1596387600
416,outfit.aec255abd8714065996db11cc150f061,1596387600
3028,outfit.15f39d4408a449febc2bd0d1afbb0f1f,1647536400
3028,outfit.476b7bf9f9a74be3ae1a2152fee9fc3b,1647536400
6304,outfit.55bf4bdcb79e4027987f9b8c7eafe314,1687626000
6304,outfit.915272dd8393bc1d,1700845200
6304,outfit.139187a6eb1540b6b2b8aef96bd12601,1695574800
2716,outfit.0fd1ffa75a364aba8427034859879e25,1607446800
6526,outfit.e12b4be9f07a4da0937a29f9efe16965,1667926800
3215,outfit.535d7a56f1a44289b93c6bd46f656d8f,1606755600
3215,outfit.4ee818d5bdbb409397fa9157da2e96b1,1606755600
3215,outfit.394d965b33b8430692c31984bf51e554,1606755600
3215,outfit.8f892d2a86a7024f,1606755600
6152,outfit.b9344188bba8fbcc,1598547600
6152,outfit.1515a54502e34532a658bb12f419c557,1598547600
6152,outfit.8dd600ca3673694c,1598547600
824,outfit.1233866861b14f0bb1e9116e90d9a492,1636390800
4774,outfit.10cdb2c115df4a9197e1471e536a0569,1642093200
5160,outfit.93da3bfb33311ddf,1664038800
6526,outfit.97d97dbf860e43f8b123511d01711aaa,1665248400
4640,outfit.32722b47b465460e91c775e73609e78b,1627578000
2892,outfit.89a1a2941012477c83e6f9aaf2f144c8,1620147600
2892,outfit.66da7242210f4c3fa7a47285efe37504,1620147600
2892,outfit.80d81410fa5f0ae4,1620147600
5490,outfit.7c8c2504d76d42f4a96766337d3dac03,1622480400
6212,outfit.3098cd84903e4d039cf41205f3c88cae,1658077200
4724,outfit.a0d1107baf5919d5,1681837200
3905,outfit.4aca0c3e3ac7443ea02b74ab3e06675a,1601571600
3905,outfit.085fb811e8144319a18fe29c43325329,1601571600
3905,outfit.cdcd1bdbc00e4a1cb9b80f7f5bbddd49,1601571600
3905,outfit.d14ca830a51d455ca672e1f11d4554d4,1601571600
3905,outfit.efc9e86a0cd84fd28d55609e33bff657,1601571600
5679,outfit.3e47b084ad704fb5b25b38809fae38a7,1633366800
6907,outfit.ecd20396b6454329b80dd3a7f3d5c0c4,1678035600
6907,outfit.8a130c68d99c4023ad5d0551e483cec9,1678035600
6907,outfit.93826cc51216dcd0,1678035600
3189,outfit.4e050e31c96240e18d8da53b205dcfa8,1633021200
6696,outfit.dcd2abde0c804a88ae1169c950cfbda1,1623776400
6696,outfit.e4bb08fb4a5f4f11843632fa2a227421,1623776400
1412,outfit.b2194a655acd4fc683da0607aed980aa,1620320400
6696,outfit.ffd83466cdb84a0dba02339aa0c72f73,1621270800
6696,outfit.e8e4d130fa3e4f108127dc74fd854a75,1621270800
6696,outfit.df04bf46dbd54868a63d2db542a5fa3d,1621270800
6696,outfit.b8b6253b118140448c36fb7b55fdce90,1621270800
6696,outfit.b51ab929ce045cce,1621270800
6696,outfit.9d682fe8b6fd44d3b71d209a18b2b7e1,1621270800
4710,outfit.e6bbfedb420c40059c5a6515c0f94dfd,1713459600
3521,outfit.8ed6e4fedeb67e87,1649091600
3521,outfit.28b064407198448db7149be19f0161f4,1654362000
3521,outfit.892c3befd668414cabc0bda22c3f48ff,1651683600
208,outfit.bbd6ae88b44bfd29,1635267600
208,outfit.938bce9de70bbb91,1635267600
6688,outfit.145c644d683b4ccfa07d073d8c4efa6a,1592326800
6688,outfit.a28b2e6008184ba19240c926b1af0eff,1592326800
6601,outfit.13341577ef954838a87bf016b1501ebb,1712250000
3878,outfit.01299c3ba3e5499d81d3bd951608de31,1605805200
1365,outfit.b80429b20d914612960e3cdbfcc0602c,1648054800
1365,outfit.8f95b3473abb4a40ac2dc0956628e873,1648054800
3308,outfit.26e0f5cc69634d079b4cd4a55b315809,1658509200
3308,outfit.9b7e2e060c874d3287c4cee69860679a,1658509200
1382,outfit.a9d10e9af13c4e6d84c8b49d1dbd872b,1624813200
4834,outfit.9b4637003c444b1d9c75e5eb5487d669,1624986000
4834,outfit.5b0022e701954e728f2735aabd8b616e,1624986000
4834,outfit.67251d32508649cf8e2cb7d79817796e,1624986000
7114,outfit.6537917dc4e440fcb5793037388b3d7f,1692032400
872,outfit.a5f369e8f0504905bd14d3a58f8dc8cb,1657990800
2475,outfit.16e87e3968054dc8824ba7ff56aed7f4,1632934800
6988,outfit.43d5741ca13a453bb378172945b47fc8,1713459600
4193,outfit.64910701f4974360acc6851b2b0fd7cf,1636909200
4193,outfit.ded9a0e26ca846ba86ae2eb4f12fe831,1636909200
675,outfit.908c317a79634a2f9f14d86283135c0b,1685638800
675,outfit.02cbb0ff0c1348ce9fb9906805fb9049,1685638800
675,outfit.233cc1a575934df38cc3c307901345e5,1682960400
606,outfit.92f2e542b76f7d6d,1645981200
606,outfit.9aadfc9a1d195c33,1645981200
1735,outfit.2463040b4a624400a85cd400d0ae0e7e,1647450000
2148,outfit.d04fbe1240ef405c867fb813b5aa8779,1679331600
6319,outfit.fd816aa2311d45c78fd0ab2d663a177a,1685898000
2204,outfit.8046647faecd43129ae560e955ebc8e5,1659373200
1881,outfit.2386f5b10f544de1a8f7a53a4b3bb92f,1698253200
2271,outfit.268878c3e3e24d98bbc6e9770e2eb44c,1600794000
2271,outfit.bd061db386d78a56,1602003600
2271,outfit.d64c915c766349d18cd794e642e97166,1603386000
2271,outfit.b02888637a450867,1600016400
2271,outfit.d64c915c766349d18cd794e642e97166,1602608400
2271,outfit.9f58acfe6b554e4ca880e378aa7e8e56,1602608400
2271,outfit.0d1682558d8e43fa830ad2846c3e9f46,1600794000
2271,outfit.060cbfa6f9024404bd6a4ed96b7bd41b,1602608400
2271,outfit.29d43c48eee84539b3e1597c9cd55194,1601830800
2617,outfit.0630ef7d996d4c489b4e54e85bd09e5a,1642611600
4853,outfit.113c7b9e83d0435894562f0b5ef41fc9,1646067600
4960,outfit.f5e7d2d5b6524aa8afd7e9cc3a1ef67d,1686243600
1706,outfit.aa76777d3b9d4073a342e2093e4ea1e2,1646067600
1354,outfit.2d872cbfe6434c0c9ec15ebfa518a6e7,1701795600
675,outfit.a01f2c0fa05d3f98,1638118800
675,outfit.b36a2b4ce3d90e1b,1638118800
5778,outfit.b7cc6c38b121a845,1663434000
1585,outfit.8a9297abf702469b88dcdb1ce6cd35bd,1648141200
3521,outfit.03a5ffb8c27947de936564061de3d046,1659632400
3521,outfit.abf8682bf7784e73af89ebfd6d542df0,1659632400
4501,outfit.49e0781692bf413fb78ecfe466524e36,1649178000
1382,outfit.0e6a4c4635124340b770ca2265f84377,1657818000
6051,outfit.3619c49a78674b0bb3c2803ee199cd92,1677690000
6834,outfit.f40373a3c86d43cda4155344e39334c7,1645981200
2102,outfit.924f4c42857340e68e7e874fcd5c6775,1666026000
2102,outfit.b6596a2ff7a748f3b9a67ac54db28b96,1668704400
2102,outfit.866385e680f6475e8b2899e2bc30a1fe,1668704400
1773,outfit.96fdc91671d44285,1693933200
3642,outfit.60dced53fd414aec99d569404f19c4ee,1612803600
3642,outfit.4158a6fc47074d23b6591ae8583673a8,1612803600
3642,outfit.b768912b0eaf45f19918f8ef07d1bd1b,1612803600
1319,outfit.6705bc03d5e649f4bec363e6367cd89a,1658768400
1319,outfit.6e50879668384d469557b1c93bc1d7a6,1658768400
3103,outfit.b36a2b4ce3d90e1b,1612198800
4218,outfit.570e39c8d9f04224ad7f780cb584a3b1,1656176400
3312,outfit.e970ed3f6ffc48a1805fc82d98ef7981,1602003600
3312,outfit.c012d37926b545bf90d7c4a0c5634696,1602003600
3312,outfit.aac9da3df1d5b519,1602003600
3312,outfit.388d5e71d8ca46a59067b8f07c7a0760,1602003600
3312,outfit.e042570478134b1bb5b4be84c6a87e97,1602003600
1706,outfit.89954cb83fe420c2,1660755600
3071,outfit.9f58acfe6b554e4ca880e378aa7e8e56,1635181200
2869,outfit.09a274c103524f30bd8e3fcc3cbab7c1,1678035600
7411,outfit.4bd8e39e3d5442c4b76dcd9797725b38,1702918800
3094,outfit.2684b038d1e64fa1814b56b51b834047,1617123600
731,outfit.7b4f2169219844b0841ffb1a8c602ee2,1637600400
731,outfit.070bc7bd72154b5a805f52f086fb72ed,1640192400
5531,outfit.cac6eca6151b4f61b63157301f0cb229,1670346000
2812,outfit.599900d12a21423ca2bb8830f498a4bd,1635267600
2040,outfit.5a0e04a9018a4904990fc85f1c8cd1ce,1623603600
2040,outfit.a28b2e6008184ba19240c926b1af0eff,1623603600
5160,outfit.edf01c8ca8f64059a8afaf72b4ba5eb3,1653411600
2831,outfit.1bd222290ef949289385cfdc1a02c20d,1656262800
6879,outfit.56cc017ee10f4e77a002829e408687ba,1621357200
6879,outfit.36eacc2af2494660a2c914aab7474a40,1621357200
496,outfit.8ad0bb9029424a069f82d58c44b0d7fa,1670605200
4107,outfit.29c39d6085f345dfbccc23a2f8e274a6,1632070800
1412,outfit.34bd3ce2dd644974b9e945a8d91d8bca,1607274000
1412,outfit.82ec1db640c48b3f,1607274000
1412,outfit.9c19cb240c0c06d1,1607274000
454,outfit.b7cc6c38b121a845,1659459600
454,outfit.bc2d17659e8b4d6b8bae2675b1c9dcd9,1656781200
454,outfit.7c3e32e564f84de28c9ab8a6f06a2e24,1659459600
6583,outfit.837d79eeae2a466cab88d515bd1aa409,1645549200
6583,outfit.4dd6b2524e5b4379baa90d5f3f80280a,1645549200
2918,outfit.f7826f04ea8643d3b68964a5ab27b0a2,1665248400
2918,outfit.4688b412bce3457a9c1727fd38ab4a06,1665248400
3577,outfit.c3c971b949c64fd2851ad357ad06cc89,1629046800
3577,outfit.67309f8f5e3b4376a7007b9046c6117d,1629046800
3094,outfit.e0f170b8b51f4ae4a7e00047b9ea8d79,1597942800
3094,outfit.be3e7c4ec5718d36,1597942800
1881,outfit.31661e90877148d9bbe3846f087063f7,1692982800
7135,outfit.a5d5bfee852848c18596d844a3a9025e,1672506000
675,outfit.6e50879668384d469557b1c93bc1d7a6,1599411600
675,outfit.a6b9c3792d6a4ad4,1599411600
675,outfit.4688b412bce3457a9c1727fd38ab4a06,1603818000
675,outfit.9337c57be08b48f685e77490d17da267,1599411600
6650,outfit.1b11be15702b4c59ba76f79ed71df7ce,1693501200
4209,outfit.a0d1107baf5919d5,1639674000
4209,outfit.e457a3fb8aeb44b99d9ebae19bab9fae,1639674000
4209,outfit.cac6eca6151b4f61b63157301f0cb229,1639674000
4209,outfit.1023091eb7324562a4153373934bcb64,1639674000
1784,outfit.4d83cce65b46430485a24d8efc684a37,1638464400
1980,outfit.af0ed14f93f042fa8c43dc0ff2da97e6,1644253200
1382,outfit.d8f20c3b2cae42b29b56f2b61cb6e715,1632848400
1382,outfit.841f070dd5a12094,1635181200
1382,outfit.d72f9d58cad643e9964ced2cf3bd30a3,1632675600
1382,outfit.af3a5e4cc2959d66,1635181200
3320,outfit.40f5c15e6ca0486293b24bdf66d40393,1686243600
1987,outfit.ad0e0bb9c3ab3cb3,1649350800
3577,outfit.bf299b7d8eeed1e5,1657904400
3094,outfit.89954cb83fe420c2,1629910800
3094,outfit.be3e7c4ec5718d36,1629910800
215,outfit.0e35a8a758734c2b98adfc8630b4e029,1622480400
215,outfit.91d7bcbd88004c9e939fb7877dc4a1f7,1622480400
215,outfit.0106cbd7e23f41da92e3081146b4ad03,1622480400
1412,outfit.8302402a6e8e8e8c,1609952400
2952,outfit.3c6978266dfb4b9793e2c730496089d1,1636390800
2952,outfit.82857c0f835c4c8b8fea971653673d20,1636390800
2048,outfit.139187a6eb1540b6b2b8aef96bd12601,1670691600
2048,outfit.03929cbe49e34b99bdd077380cc8d731,1670691600
3259,outfit.8c8215f7c0a7445b9b09d3da37b462c6,1611507600
1336,outfit.b809fe3003f76644,1705856400
1336,outfit.9e371154c9be4c08b587ea8e5da833b3,1700586000
6818,outfit.c5fa2da94b8a48ce893b4a3722f02cba,1606755600
6818,outfit.ba44c51358c85e35,1606755600
1770,outfit.841fdd28d3f644c0bb8efd874e818027,1668618000
1770,outfit.a5f369e8f0504905bd14d3a58f8dc8cb,1668618000
454,outfit.7d273c5424a34a9cb3217beeed7070d4,1672678800
3521,outfit.2121de17fb604c6ea87a3f9b6d0030db,1667581200
3521,outfit.8060c53293c94422bf08bb0997ab9763,1667581200
416,outfit.919597b8f29948649a76fc93cf95abdb,1602090000
4634,outfit.a5a7231c342d45cca35cf536be58d63e,1657731600
3267,outfit.a1c7ea9aa83e32c8,1693069200
3267,outfit.41d1dc80e9a746f88f9942cc1723645e,1690390800
5251,outfit.44c8e590e1df4f6ab23cf81b9ed39374,1681232400
4409,outfit.56e3cc906a444a569d6b057189a361bf,1707066000
3624,outfit.dd04098010f74a67ac9bf82eeb4b976c,1693155600
5887,outfit.37d643c47053474a96acb8ca1069368b,1643216400
5531,outfit.f102748bf7fe46a2a9a3eb170410b6bb,1712422800
3094,outfit.81b7059db24a1c94,1597942800
3094,outfit.08dbb547a168423fa28b156f63acf8c4,1597942800
3094,outfit.9cd6c1a82e884a77b55b6113de55fea7,1597942800
3094,outfit.656d8c9767e2417d8fad467465515b5d,1597942800
3094,outfit.0533ed8c59ce4cf29172f502a3a93a91,1597942800
3896,outfit.b8d5df5f249150ce,1680282000
2273,outfit.31c45f9a261b4631b76a98158841b8ff,1629133200
2273,outfit.0c3cac26eb674e35a4602a369b146592,1629997200
2273,outfit.33af134887eb422baed2c7207f9cd5bc,1638205200
1923,outfit.31c50265a96d4e49aa5394db37e039f2,1698253200
7411,outfit.28b064407198448db7149be19f0161f4,1628614800
7411,outfit.b87b2a39d4f64871865834bdfc4cf1e6,1628614800
7411,outfit.ef7ddc016c5c46129c32f5676c077449,1628701200
7411,outfit.bc2d17659e8b4d6b8bae2675b1c9dcd9,1628701200
2271,outfit.49c64ac752d4452886a0f505007df0fd,1607878800
2271,outfit.2174208dffe5493fa440e48d290a11bb,1607878800
5778,outfit.688665113d8c4d13bae1db16e822454c,1647536400
5778,outfit.66da7242210f4c3fa7a47285efe37504,1650214800
5778,outfit.36462b7293ae423fb6b7180022cfcb58,1658077200
5778,outfit.9a0283b3b9e34e39a0038cb7b7044c75,1645117200
5778,outfit.38572c7dec3b4460bf36ade1d517ce20,1645117200
5778,outfit.60dced53fd414aec99d569404f19c4ee,1647536400
5778,outfit.ae3c94e801eb4aebb7c3714ec981521c,1647536400
5778,outfit.1ef0bbcac4054678bea5622eec91880a,1658077200
496,outfit.6d042743afa04727815f717cce0b2ac0,1683651600
7026,outfit.48f1cbb3e03247b7bd894690722f655c,1621270800
7026,outfit.e488fad708e84b36bd791e820b19e3fe,1621270800
606,outfit.4f88de908942498980138fc606c745fb,1658768400
606,outfit.9c255f602b1e4455a79e0fe0cee938c1,1658768400
5760,outfit.80d81410fa5f0ae4,1688490000
5760,outfit.57d3d071648f425f900f33b203e013c8,1654362000
2170,outfit.853ff9245b124c84bb0973a6065e64de,1626800400
2170,outfit.8ccfe9b6e0b0473b95bc91b156139d89,1624208400
2170,outfit.9f515fbe4fef48e0bbdebca645ea96c8,1624208400
2856,outfit.9a5d41c7a63e40a2b4a5f2aa902d768b,1652893200
6380,outfit.a3d25f31c9758d32,1702659600
4819,outfit.2d4ed8658aa045b29663902f1e0ce84a,1633971600
4819,outfit.c2a0cedead6d432ab2277ca1cc1524a8,1633971600
847,outfit.8ce5277fd36a4926b5203cfcdb72fd72,1683046800
847,outfit.8400c26ee9d435bb,1683046800
4634,outfit.40b60bd4c9e44c8d9375ef879e7d5f1a,1694624400
3727,outfit.8054e1ce507bf179,1638378000
3727,outfit.a068099d1b3e4019,1638378000
3189,outfit.6dea8453a7dd4701830624eeea14bf9b,1666544400
2276,outfit.767ecbf6b9bb4969ad78de1a78dbf039,1619542800
2276,outfit.9481d2d7251be70f,1619542800
3041,outfit.e17a0df1f70743e590827d7df93bb7f4,1696525200
3432,outfit.0f8c445a9a334c6984277bd96513a37f,1653757200
7342,outfit.170d553601c744e393427a92c0cf58b3,1692637200
6907,outfit.595a88f3986340b9b7ee163cbe32c85d,1712336400
4107,outfit.9fcb20cced63441fbee2002faed4ea39,1646499600
4880,outfit.557da3a4e43b4aa18835708e7320f359,1706374800
3320,outfit.d7f1bc7197b6469db1b9c4faf4071cb7,1686243600
3320,outfit.7f53199a70b045598d5cbc1c0546d248,1686243600
272,outfit.298b9f94af66454b9f07ebed997e9f9a,1660496400
3510,outfit.b5efe9b9e6104f0796fe1adc5650e75d,1666890000
3227,outfit.9b0a47dc97c7ecc8,1664125200
5336,outfit.e3cc0d4d05644110922e90f815d08d04,1699722000
3017,outfit.53cd37dc1d6345ce89fa68e62e936c58,1628096400
3017,outfit.501f59ab11f94aa1a28a566911f8a8be,1628096400
3017,outfit.337cc518c38b4bc18d879987d91b073c,1628096400
3017,outfit.671c37e96f5247e68b198e2a61dbe34e,1628096400
3267,outfit.80333429732852d4,1613926800
3267,outfit.4b4220f875c140e1b2e455317cf84184,1613926800
3267,outfit.e947dbab69e64c5a85f1fe565b5f3a49,1613926800
3267,outfit.9a5a00800acbac31,1613926800
3267,outfit.9b0a47dc97c7ecc8,1613926800
2040,outfit.167c1898ccab4dbcb3d0a74591e1902f,1618160400
2040,outfit.d948ea24ce8a484db5bd640400d50cce,1623603600
2040,outfit.4c7025a42af74e9bb6aa71afac57324a,1618160400
731,outfit.b5efe9b9e6104f0796fe1adc5650e75d,1640192400
1586,outfit.89a1a2941012477c83e6f9aaf2f144c8,1655312400
1586,outfit.9cfd9a79329b16bd,1655312400
1586,outfit.96f7210a2ae0aa93,1655312400
996,outfit.1b47c924e1684b9c94c76fa971ec8115,1646672400
6402,outfit.4158a6fc47074d23b6591ae8583673a8,1671469200
6402,outfit.6b027f465816489f83945f85bd6f1c17,1663606800
6402,outfit.a488106c64f04db6bab3a40dfdc7832e,1663606800
6402,outfit.f8be16c68a624ee7bf9a5120adb0cbcc,1663606800
6402,outfit.6753fee0b6894243869c63032302de22,1663606800
6402,outfit.7a9ac6aae6de40d4b1a260d95de95988,1671469200
6402,outfit.8cab85b45b23bfec,1663606800
6212,outfit.9f58acfe6b554e4ca880e378aa7e8e56,1647536400
6212,outfit.ef5fdc0209e74d39a8a24fcd05cbdce6,1647536400
6212,outfit.dd5c21e0c1ee4428b7019e5740e3e8aa,1647536400
746,outfit.4f88de908942498980138fc606c745fb,1573405200
2087,outfit.d02e6beb11844c5e91c34467b3da998e,1633539600
293,outfit.293f074047f34fda9bd95d96c5b9f906,1572973200
293,outfit.18463cd95aa04dbba9610a91b4f71be4,1572973200
293,outfit.eafae74f4ff24c29862f7dba09874920,1572973200
6026,outfit.989e3eb7e1be092f,1615741200
6026,outfit.7cc254ca61fd49189825e315d9507a3d,1615741200
7244,outfit.9b7e2e060c874d3287c4cee69860679a,1656176400
3988,outfit.9fde090f117fb9d9,1616605200
4608,outfit.860daab99091d08f,1655139600
4608,outfit.53cd37dc1d6345ce89fa68e62e936c58,1655139600
2492,outfit.4be27307ae1c4611ad56aca101c8a6b4,1690045200
6879,outfit.ed5a5a066ca647b6a9aaeb1ec8e7ee87,1618419600
6879,outfit.d3972ad336174608b061e6224cb1fad4,1618419600
6879,outfit.e5503fe6f5f243fc90c526bcdb75c942,1628442000
6879,outfit.9d97d017a5c747ac89d59efab886369a,1618419600
6879,outfit.b9bffddb2fa945e6a3d076ea97f1c5cb,1623690000
6879,outfit.57e0110f769d47ea863ebea78235fd23,1623690000
6879,outfit.b80429b20d914612960e3cdbfcc0602c,1626282000
293,outfit.a1793a4ba1dcb559,1571072400
293,outfit.83e56eb73d8f0127,1571158800
293,outfit.f4c975dfd4804825bea20bd68735b738,1571158800
293,outfit.981d672af067d1ed,1571072400
5201,outfit.46fd30ba34534c96b133e88f257cb7e1,1620666000
5201,outfit.e0a3899c698544c4bf205f2a6eae496c,1617814800
5201,outfit.936f3862e0395377,1620666000
5201,outfit.b45f71cef3bf96b3,1627318800
5201,outfit.124195196333488e8ba4d195b96ecbdf,1626886800
5201,outfit.9d682fe8b6fd44d3b71d209a18b2b7e1,1626886800
2649,outfit.292fc161ab8a48d59af997f56cce1cb4,1709312400
3189,outfit.012a4c0079984d719f3f2626bb60b374,1640883600
6817,outfit.d70247c33e4b42569675e32cc3727701,1658509200
4853,outfit.4c41406859e04bc7b29036c62ea1b7df,1633021200
2949,outfit.93d1f684375e6e8c,1640538000
2949,outfit.efbeb50344e54028b243698b3dd1b700,1632762000
2949,outfit.16f24c4eb69a48f1a34117fc6c0a691f,1641834000
2949,outfit.97acaefe61dad4d4,1629133200
4696,outfit.048fe7f87ee34a4095f2141bd51e3b80,1659805200
4651,outfit.a5bbbf5301db4e5b8b1e2532cfd23a24,1619370000
4651,outfit.7a9ac6aae6de40d4b1a260d95de95988,1619370000
3147,outfit.a03256f024a5452cb9208a8e2475c506,1623171600
3147,outfit.6f809ac4449f4502a6eee8832eabcb60,1622739600
6303,outfit.95c292eefaa5453bbb381c3117b7b152,1659286800
3649,outfit.0e35a8a758734c2b98adfc8630b4e029,1594918800
3649,outfit.11395b1173644fedbcfc219469f27b84,1594918800
3649,outfit.77441845458641bcb87eb64f10b76c12,1594918800
3649,outfit.353d5f65327e4dc7a10203844a59c560,1594918800
2617,outfit.2766e5ad48a2427a898f60aaacf85622,1634662800
130,outfit.8fc193be35a546b987480b6cb5323beb,1662310800
7400,outfit.29c39d6085f345dfbccc23a2f8e274a6,1617814800
7400,outfit.d1404a07cbda4bf68dd8d57cb0e32207,1617814800
1232,outfit.1dc2bd9dc2ae421883e8845f3e335449,1703869200
4175,outfit.9337c57be08b48f685e77490d17da267,1655139600
5736,outfit.a3d25f31c9758d32,1665939600
5736,outfit.14b7969c5bef4051848ecc977eef38a2,1657990800
1354,outfit.84cfd784c9dd4ad6,1691254800
6287,outfit.6ef37d8d2ee744229ed6350d8a94f308,1602608400
6287,outfit.e1a782a63cf54c7aa654d30392da1daa,1602608400
6287,outfit.9ae9443798cb496ba7848d3c3616ab1c,1602608400
3521,outfit.82ca4f1985ca4966ac81db79cc5a5bc1,1680627600
825,outfit.bb8aa151e5f63d31,1632675600
825,outfit.3aba9737d2f445478a8ce23b2fc22da8,1632675600
1591,outfit.89bb81f29b0f44698d89fb39fd4402a5,1656867600
4769,outfit.012a4c0079984d719f3f2626bb60b374,1600621200
2022,outfit.203f5d33e7324d65a1d8175b3b910416,1670346000
2022,outfit.69411dca4a39414a8ffc530b2388a761,1670346000
2022,outfit.8db4b3541b97c627,1670346000
4463,outfit.f102748bf7fe46a2a9a3eb170410b6bb,1708534800
2799,outfit.1bf5c2c096dc490f8e8efd7d09e6769c,1685120400
2799,outfit.8f34384795bfc03e,1679850000
6798,outfit.256b152a25b44f3386d247011bacca56,1657904400
4501,outfit.233cc1a575934df38cc3c307901345e5,1675616400
4501,outfit.148d0c63aeb74b1dad9e35521cd12c03,1675616400
5130,outfit.1e4e6b9f7f984a5f81d68773e0165c44,1654707600
5130,outfit.3ae8377476ab4594b00bd3a7790e9549,1659978000
5130,outfit.55aa098dd93644fe961d0137a79adbea,1665248400
5130,outfit.b4e7c58304d74b64b8b2ddf13ba93c6d,1662656400
5695,outfit.b133d563a5d54747ac3e2255486154f5,1596387600
5695,outfit.43d5741ca13a453bb378172945b47fc8,1603386000
5695,outfit.771bbd515cd448c19ac2778c729e8e8a,1596387600
5695,outfit.9ebd102e2b3b4b7484f86af242efad85,1598202000
5695,outfit.053819ce75c94bf5a0686ee4d43da4c7,1598202000
5695,outfit.833b2280ae99434db2fb843f78d79e25,1596387600
4258,outfit.83b1e08b46bf0031,1663002000
1041,outfit.853997984302460e92bb9f8335ca5a0b,1629046800
6601,outfit.b0677486667c446c9f61ae24522c6b26,1696438800
6817,outfit.760587419305432581b1c2dd2d29e27f,1663866000
5531,outfit.b04f116bc3224f22a8f17d62934fe2cd,1627578000
5531,outfit.7abb8ad021294be3863e5ea746538347,1627578000
6371,outfit.b7c4ed0668334bd1b5f8e91059b88da5,1603990800
6907,outfit.a3546e9a63f72521,1667667600
6907,outfit.ed9017ac844a486fac95996bcc5b4b84,1667667600
1522,outfit.98a0bb3110de7f3e,1598547600
1522,outfit.0ed1568a6b6545e4932bee98c84aa544,1598547600
1522,outfit.b8c30d318f9d0554,1598547600
1522,outfit.3c6978266dfb4b9793e2c730496089d1,1598547600
1840,outfit.9ed854d660862b8f,1659114000
1840,outfit.ddf9204937fc40069fe13a0c546e1df9,1659114000
1586,outfit.3f9b25249293481cac7469b68f545c7b,1665853200
2759,outfit.9fbe0c9462e44696a73f5ffa75215ec0,1661446800
3459,outfit.ad062450831242c091c3cfc78407df6d,1614877200
3291,outfit.e5c71f9ecf564fb39b2815a07e3c7fd6,1658941200
6918,outfit.d263cb821a244b41b4c47ac08fa10596,1612976400
6918,outfit.05b4c9d840a24bbe8656bc4bb3bce484,1612976400
1735,outfit.3037fa72ade7482e8c13863bc447c11c,1622653200
1735,outfit.1096c0a926c244b39b44ff523a6ad9e0,1632762000
1626,outfit.d933a0b2120d4102bcfe5f51886dc0e1,1708016400
572,outfit.769849cd28044a7188d9fce349c06156,1636045200
2766,outfit.e6d04857b6e54eecbd905c7e8093c960,1682960400
3320,outfit.7f53199a70b045598d5cbc1c0546d248,1704733200
4853,outfit.89dbcc1289ee49c18bcb93fc69a52c02,1631206800
7100,outfit.bae42664f07a447e,1639587600
4998,outfit.df1d0f1d24dc4629b4769b6a3dc89b43,1652979600
7204,outfit.d0c6cd30a1f146a8a1ae6f73b34a0103,1701277200
3158,outfit.9aee78d90d74477a8709a5f6baf24e74,1687107600
212,outfit.eb104cb68a534166899c4cce84b0fa55,1681578000
5760,outfit.9f16b609a91c48e3,1667581200
6364,outfit.a5c28a753eb74c56b002bad5da62309e,1638291600
6364,outfit.6ea93b224a3c4027861e62805e0bd3f8,1638291600
4409,outfit.b068cf45c37e4aeaa1cff939a86e759f,1704387600
2884,outfit.23596174e2b1478385adda8f5f48416f,1670432400
2884,outfit.21474001bd3e48a19da3a75c2f3819fa,1670432400
130,outfit.9337c57be08b48f685e77490d17da267,1654362000
130,outfit.9337c57be08b48f685e77490d17da267,1651683600
6026,outfit.df81c6ba86ef4c3c8fd2976934eb4078,1650733200
1248,outfit.8a91fcc1f1f612e6,1599066000
1248,outfit.f6e0ac328eac45939027a5dbf9d8a086,1599066000
1248,outfit.95a9732c69cb1e4c,1599066000
1248,outfit.9a5d41c7a63e40a2b4a5f2aa902d768b,1599066000
1248,outfit.8bdb10367d37396f,1599066000
1248,outfit.75137cff95cb468ebf7d91f0b8815a50,1599066000
6,outfit.98eebea274f23dd6,1629824400
6,outfit.648db79508724c99ab948e953e4813a7,1629824400
7204,outfit.e98a6e485b1941d98e43c0e74cc6885b,1703869200
6447,outfit.fbda7f830faf4caf9b0a085054f22e54,1646326800
6526,outfit.b37b7ee0ee994bdaa199cba1c831b31d,1665248400
6526,outfit.a1efdc0d88774773957da6e703852211,1657299600
6526,outfit.0f545b5ba1274c66b2896afdcc48c5d9,1659978000
1809,outfit.4c8d6c10b08440fcb06d8893d705124b,1671469200
6781,outfit.f13af5d893714a7abcbca1ca15163fe9,1623603600
4985,outfit.a5d5bfee852848c18596d844a3a9025e,1627578000
4985,outfit.fa20f4d239044e7a922e27c5b5fd9f4f,1627578000
4853,outfit.682cad04f9644aa692e0326d850b670d,1638291600
5932,outfit.e64440c76c164f76b87f4719745f3b68,1652288400
5932,outfit.d59aa8f0d8c048c68be664df7ce72bb1,1652288400
948,outfit.4fa890c8bbf54547a3cacaa898e5b7d5,1662138000
5578,outfit.60c345cbd0924fe7800ac38922a74cb1,1708189200
1083,outfit.ab1e952330087c99,1572541200
1083,outfit.e17a0df1f70743e590827d7df93bb7f4,1570986000
1083,outfit.816fb1b6edef8b59,1570986000
1083,outfit.0e79f46fd9f344bdb7c714ffce9e98aa,1570986000
1083,outfit.173b6b1204df4f128bcbdd843d91351e,1570986000
1083,outfit.37886c165da3410ca29761ac81f95bf9,1570986000
4960,outfit.4295344ef7464599b0e1698740582792,1699462800
5736,outfit.a3d25f31c9758d32,1684256400
5736,outfit.f6e0ac328eac45939027a5dbf9d8a086,1686934800
5736,outfit.1ff1200dca844ecd8ac042bd3363b7c5,1681664400
5736,outfit.9a5d41c7a63e40a2b4a5f2aa902d768b,1678986000
5736,outfit.bb72f30cdb4246d1bc47ff8b17cf4162,1684256400
4137,outfit.6753fee0b6894243869c63032302de22,1642438800
2508,outfit.bb8aa151e5f63d31,1661274000
5736,outfit.c8855506fa9d47308b87aa0fe5efe3ca,1660669200
5736,outfit.acb94cbb42e1b894,1660669200
5236,outfit.68d7e3b9e8be4f07b3b200682d7dc456,1680541200
4834,outfit.67251d32508649cf8e2cb7d79817796e,1666630800
3312,outfit.39c98e12ea9942a0a2c98c6297aabfbf,1599411600
3312,outfit.5428d0d3aee6420bb208a0796eb40ded,1599411600
3312,outfit.b5db150f4740b356,1599411600
3312,outfit.bbdd99b53f925ae3,1599411600
3312,outfit.26a9eb230d0b4820a0fcc230f0fe8cf2,1599411600
2148,outfit.c41b5bc7cfa0435abe71b09cfccc17ea,1663693200
5531,outfit.7f13839eeae444e79acb75451f623074,1701882000
7048,outfit.f8e95f5fd1b641a4823ea3c6010e19cb,1635267600
6376,outfit.abe450dff4d74a5ba0d20c3a5d55e409,1682528400
6376,outfit.e145409364084e36b14d95d1978d5478,1685120400
6376,outfit.0f545b5ba1274c66b2896afdcc48c5d9,1682528400
6376,outfit.deccde63b4274278b35780fd507c4e5a,1685120400
902,outfit.1be9b916bb1f44f7a9d120b4ef62c871,1661101200
675,outfit.3aec93f22b9a450ab7dfc26095abc609,1704128400
6733,outfit.97ec221c84bcfbe3,1678035600
6733,outfit.1185a02614b947abbd217a5ba0b05a67,1675616400
1605,outfit.2cc1bf3b23ce4811b7cc78ec9e50c379,1636304400
6591,outfit.8a9297abf702469b88dcdb1ce6cd35bd,1717866000
2833,outfit.820179fa25670e17,1636304400
2833,outfit.157923448c7241dba927c9d99bbeca0d,1636304400
2833,outfit.74d1bc8ef8b3401a98e92e3f1826c0e3,1636304400
2340,outfit.b6dfe60b7a8c421f9de22342860f17bc,1641747600
5379,outfit.978b0bd3e4cb9afa,1634576400
5379,outfit.b6a27dfa0198a9bb,1634576400
4463,outfit.bbdd99b53f925ae3,1654448400
5695,outfit.499d31bd36254c7191245e1d40745824,1598202000
5695,outfit.4e834d5f015d474e8fd547e080f750f8,1598202000
6957,outfit.4060d4c7c61443afa5fd7dc4f18a9aec,1629651600
6957,outfit.735aa66e915446a5be13642ee0dff5e5,1629651600
731,outfit.6377a711bdf04683819c6fc08921cfaf,1619370000
6284,outfit.37886c165da3410ca29761ac81f95bf9,1663347600
6284,outfit.32684b5443394c4a91606c9aab8d3cdb,1663347600
2329,outfit.7b4f2169219844b0841ffb1a8c602ee2,1679418000
1237,outfit.5b1de7457379489c8e57a3c22844550b,1648746000
105,outfit.684efa997862433aaf292a14289eaa4a,1627923600
2846,outfit.ed0bda9223004815822e8eaff7b7688f,1641747600
1382,outfit.0e79f46fd9f344bdb7c714ffce9e98aa,1621962000
1382,outfit.d263cb821a244b41b4c47ac08fa10596,1619370000
1382,outfit.a1bd30435ab14461af069cf262f1e1eb,1619370000
1382,outfit.68d7e3b9e8be4f07b3b200682d7dc456,1616691600
1382,outfit.2d4ed8658aa045b29663902f1e0ce84a,1619370000
5490,outfit.c52b1b61074f48729901d6f3360fbdab,1659114000
5490,outfit.f1ed4ff2e21a436997e35b1c918c304b,1659114000
5236,outfit.9d23dc455c9c4837a3fe26931f944833,1633971600
5236,outfit.35e53b748ea043f79cd9a2caca3a995b,1632157200
5236,outfit.8a6d7780e2644bbfaa7695900a8266dd,1638291600
4175,outfit.853ff9245b124c84bb0973a6065e64de,1681405200
5490,outfit.e7180235b62040eb9afeab19f74c5a73,1687885200
713,outfit.7c43cbb261ed4a91a0931c7583f32871,1679763600
3094,outfit.5c6bcfee583b4d7aa6fa807279637d59,1619715600
3094,outfit.549dd7bf94d4442abfd053dc32ee54cc,1619715600
454,outfit.394609460a3549928924f3a0dc5a6e3d,1638291600
5303,outfit.89bb81f29b0f44698d89fb39fd4402a5,1715878800
2148,outfit.9e90f563acb38233,1700499600
3769,outfit.455bcd119538442981e870ca1041c3b4,1708016400
5887,outfit.b619ba973b4b49d79c89863737097ab3,1646240400
5887,outfit.38ef91e51ef14bb19df9094a40bcb7f7,1643821200
5887,outfit.55e47b50f0dc4852a5784fffafa63488,1643821200
1389,outfit.e5503fe6f5f243fc90c526bcdb75c942,1663952400
6642,outfit.becc5bd9847a7c10,1617555600
4608,outfit.1a05e7ef43cb440c93d0ef93fd430a32,1660410000
4608,outfit.57ffd059f0374d6995a1f8fd4ee0d2ed,1660410000
691,outfit.8ad0bb9029424a069f82d58c44b0d7fa,1600362000
6526,outfit.9ad11de7196542feb139da2214230dca,1662656400
2383,outfit.14727804dc6945f9baabcd76ad96a744,1685984400
2383,outfit.a2883b9efb1b4eb889e269c98e09f661,1683306000
2383,outfit.207232e414dd46e5b7352becfd9e53e5,1680714000
2383,outfit.31661e90877148d9bbe3846f087063f7,1678035600
3441,outfit.94fee721c94da3bd,1680022800
3441,outfit.c8c5d18e8365419eba926afed7344dd7,1687971600
3441,outfit.b26dea94dbd147919dbe9c6378c9c52f,1690563600
3291,outfit.4c7025a42af74e9bb6aa71afac57324a,1637859600
3291,outfit.9806850e4ad5479dbad69c1c94eb60a9,1637859600
55,outfit.4024086987064c41b6bd30c6871358ac,1672938000
55,outfit.a3d5299f391ebf8b,1675616400
4218,outfit.ed5a5a066ca647b6a9aaeb1ec8e7ee87,1642093200
4040,outfit.b80845e98ea3453d,1652202000
4472,outfit.3dac69d72aed4d1ca4fc6bcff6b7cd4f,1693933200
4472,outfit.3bf44cf3a9d8493eb057521c2f3e88e2,1701795600
5661,outfit.a1e7bca1ce3791d6,1704646800
4638,outfit.369422f2e567409b88d925e916f3a555,1670778000
4638,outfit.89a1a2941012477c83e6f9aaf2f144c8,1670778000
4834,outfit.e22f9123cb4e4c1081a4b831ff586b32,1666630800
1008,outfit.cb5a982c42784a9a834b5f15a47749b8,1698685200
5459,outfit.9bf55c30dee14573ac0d46c03fce3a0e,1692896400
7244,outfit.afed6567427c2287,1656176400
2148,outfit.abe970f711444589b6ce9e81bf35615d,1700499600
4519,outfit.48dec5565f454acf903fe1ce1f41a39e,1626195600
4519,outfit.a1b1329de0c52243,1626195600
4519,outfit.13b4586fba46462abebff1b7b145e499,1626195600
4887,outfit.40b60bd4c9e44c8d9375ef879e7d5f1a,1689699600
1374,outfit.0b721ca6ffdd489d91fa63f960ca64ec,1623085200
6965,outfit.0b544c65a87645459ce9844f749e178f,1657818000
6965,outfit.e17a0df1f70743e590827d7df93bb7f4,1660496400
6965,outfit.f5cdd470173a4cbb913353aac985eebe,1655226000
2508,outfit.12ca1b6aaefb46af8208fe008f3eb4e3,1661274000
2508,outfit.65d319260c9e49369ee53b603caa89f0,1661274000
2508,outfit.76182a281e89442eb859adbeed75c451,1658595600
1382,outfit.2a307327642c41fda6f4f1b9d8a8080a,1645981200
560,outfit.929220a63bf843f99474bc2644fcb53d,1666371600
2364,outfit.925c69db26f6bbae,1720285200
3308,outfit.ecd20396b6454329b80dd3a7f3d5c0c4,1655917200
1706,outfit.32722b47b465460e91c775e73609e78b,1655485200
1706,outfit.6f809ac4449f4502a6eee8832eabcb60,1655485200
5144,outfit.9d23dc455c9c4837a3fe26931f944833,1629046800
5144,outfit.6d042743afa04727815f717cce0b2ac0,1629046800
7411,outfit.1506b275d9894b3da75f83343e25a122,1636909200
4471,outfit.b227d2e4685f4a56a13c4e43023021ec,1693069200
4471,outfit.3dce88ceca134c02b8b9abfd791825d1,1693069200
2170,outfit.853ff9245b124c84bb0973a6065e64de,1716656400
4507,outfit.138c6d460dc14dd4a223e9f2a484ad6d,1657040400
2248,outfit.c5b61903ca9849fe830fd86f7cb4da50,1695402000
572,outfit.a8fae88d2b7640e2b28161d301fc5e08,1620147600
572,outfit.684efa997862433aaf292a14289eaa4a,1622739600
6786,outfit.1ba117ad1dfc4db98e92536c9d6724fe,1664902800
1773,outfit.ae922e922588454591edca7cabf0db48,1707152400
5309,outfit.a9cd4913d4d043c1803b8f7dec42d143,1655658000
2831,outfit.e5f491fc4e7e44709b03e381648231be,1656262800
691,outfit.96cb494dcb47696b,1600362000
691,outfit.df1d0f1d24dc4629b4769b6a3dc89b43,1600362000
691,outfit.9a0283b3b9e34e39a0038cb7b7044c75,1600362000
1902,outfit.7d5e7df1d7e44528bca8d9859759042d,1674838800
1902,outfit.b401ac00dd8e441c8e698a5eaad7a645,1674838800
6965,outfit.1cb6a65c7f17496086a58779b0efb273,1607878800
6965,outfit.2a1a34d38ac64414b5d7878a719984e9,1607878800
1382,outfit.d363ee8631554dccb9ced5babed2ce6a,1655226000
1735,outfit.10702960934e47ca8b83d90cb167b470,1697475600
4603,outfit.b9478c83693b11a4,1639414800
5760,outfit.9e28084ee8e94a1d8afe4abe643fa8d5,1683219600
3320,outfit.8feb7001275554c8,1707411600
3727,outfit.bf59641874784125880c58615b5abbaa,1629219600
4452,outfit.cc30aac83a794a269779fc0b2984abba,1607014800
3175,outfit.fd816aa2311d45c78fd0ab2d663a177a,1715101200
2812,outfit.bd029e8ff7cc4341bf48b2afaa0d9946,1622653200
2812,outfit.140ebf984d2f4e80b9e23431c24fe75c,1622653200
1526,outfit.d655fb3f59544532baf264b2c74cc571,1638464400
1526,outfit.7b3050921c08481b93e761760834c5f7,1638464400
3308,outfit.9617c0965077556e,1641834000
3308,outfit.a647aca5ce17d71e,1641747600
3308,outfit.b09e135ba34c46daaf3a5495dcec6e83,1641747600
1382,outfit.adf3063b0cdf501d,1649955600
1382,outfit.2ab1a79e73cd419fb4479cea44e12c84,1652547600
948,outfit.2a06aba4942f46359361633e8c1e9e59,1664730000
996,outfit.1b4027c5a27d4ac293ccb2377c38d408,1689354000
606,outfit.d21f3628771b4dcebc478c94a456d999,1695661200
606,outfit.be3e7c4ec5718d36,1695661200
785,outfit.f90281a639af4658861d20629586878d,1712422800
1684,outfit.ac5a7a176b304d17b27ebe10bb3a168b,1625072400
6940,outfit.f465c31c406c4fc69448ba6a62d76ea6,1662570000
4810,outfit.989e3eb7e1be092f,1674752400
3308,outfit.be1e83bfcede6836,1632762000
3308,outfit.0eefec8c0c33471d81035d9a79d1d455,1632762000
3308,outfit.82d7dcf690da4fc09bcf658816bccd3c,1632762000
6940,outfit.55aa098dd93644fe961d0137a79adbea,1675789200
2532,outfit.b04f116bc3224f22a8f17d62934fe2cd,1685725200
2532,outfit.bc45deb17b3a3e75,1675357200
2532,outfit.767ecbf6b9bb4969ad78de1a78dbf039,1675357200
5615,outfit.bcc71d0caf95dc33,1693674000
1706,outfit.9565d4d6787ad71f,1647536400
4810,outfit.dcd2abde0c804a88ae1169c950cfbda1,1656262800
4638,outfit.bd2ab280ed364f26,1638291600
4638,outfit.39e26260f13d466b946601bafd691d36,1638291600
4638,outfit.3b2ed909c25f4ba28abf27a3ba98f5d0,1633021200
4638,outfit.cc5b53a2d9f44413afdd86c5d0dfd1c1,1638291600
4638,outfit.0f9681d7171142aa84399d37dc7b4ed3,1633021200
4638,outfit.3b32be97a62d43eebed1287be7cf5988,1635699600
3047,outfit.4d87f217c19241cf9a4feb9d75638e1a,1665853200
2766,outfit.29d4c138b56e4579898dbb7f47f6cafc,1688230800
2766,outfit.50968c211b5941648f6519e289b84da7,1688230800
3312,outfit.62f1b6fba2104c1296481b7f8bc074dd,1608483600
3312,outfit.bc45deb17b3a3e75,1608483600
3312,outfit.05164954243a4c5cac4930572105ed27,1608483600
1336,outfit.98d6cf4fef49ec24,1703178000
513,outfit.226011180c0e4df4852d693067d02fef,1682874000
7082,outfit.33d5d4c82b5f4d1688a04dac513e2740,1702486800
4638,outfit.d71dd7d70f184d10b2bc26105f3283d2,1617210000
4638,outfit.fa737f8bee584d309426410002edac0e,1617210000
4638,outfit.f0362cb6059c40938c0945eca21b572e,1617210000
1412,outfit.a841b2acdc119218,1657558800
4336,outfit.01601322d21a422fbc2db49c7866e264,1659114000
4336,outfit.be54589074780d08,1659114000
4336,outfit.155567585a3c417fa6043924c2867d0e,1659114000
4336,outfit.854021359d3e487ca1c90e5bd126ea0c,1659114000
293,outfit.eb104cb68a534166899c4cce84b0fa55,1571158800
313,outfit.e7180235b62040eb9afeab19f74c5a73,1683392400
2383,outfit.64096b7f0ef1430d9871e92fc198f693,1659718800
490,outfit.bf5d4348f69b718f,1570640400
490,outfit.31edccd419de4fc5ae6aeb7eed4327ab,1571072400
490,outfit.252b5f88ee66462e9aef2ea071969700,1570726800
490,outfit.af3cb94171784fff803b50e9a99cd890,1570640400
490,outfit.57e0110f769d47ea863ebea78235fd23,1570640400
490,outfit.9347386eb2dada73,1570640400
2576,outfit.0a5a3a2e1ff34f1792e1f2dad95cbc2b,1666458000
4258,outfit.da552355bfd04649a987a3881b99d09c,1649782800
4258,outfit.32b52e42d8e844199bf05c4739bedf16,1649782800
2920,outfit.293b6f34465a4a28abffbfc87ad78849,1633280400
2920,outfit.c5b61903ca9849fe830fd86f7cb4da50,1633280400
2675,outfit.ede0d0fd9315467c868825bcb20d2fe6,1654880400
2870,outfit.b46fdffcec7c6364,1669395600
272,outfit.4d15ca1915cf4639a9029a016640f7da,1689354000
272,outfit.a38554cc5999458397c5f190f0f3c38d,1689354000
4258,outfit.db6e87de63f347a0af3ecbf3b7463a55,1652374800
2465,outfit.93fb65b596dc4d628b4812d30178a4dc,1679158800
4404,outfit.bef1cf2e05fe40709accfbc38e9a0a30,1660410000
4404,outfit.f5e7d2d5b6524aa8afd7e9cc3a1ef67d,1660410000
3510,outfit.ce53377b121b4648abc0a3c97e58bff1,1669568400
3510,outfit.6a0ee820e93d45bb86077aa56e1c231a,1666890000
3510,outfit.8f4c967492cd42a6a0afec84b3500e93,1672160400
5246,outfit.a294399ed5bfba8f,1682442000
5246,outfit.9a0283b3b9e34e39a0038cb7b7044c75,1682442000
3227,outfit.b42337853cae4f66a2e7640b6845d2e5,1640538000
267,outfit.9d2ae3e74d7f4d9bbde82be334a3a21b,1643907600
1412,outfit.2ea36f84cb12427686eed685f97f2a8f,1633539600
3094,outfit.bf0bc59908734a2a9c7a47a1442bf744,1610298000
1749,outfit.ba44c51358c85e35,1710003600
2076,outfit.ddd870ed06d64892af526d056b438894,1630947600
2076,outfit.bfad6e38299544e991b1c5f0d92073f6,1635699600
1248,outfit.6fb87aa78e6343ba811fe22dc8fe0217,1600189200
1248,outfit.505dbed58d2a45bc9bd72774be4f5c47,1604336400
5736,outfit.ac52d51d1863129e,1694883600
1447,outfit.ada989bbc2322203,1648832400
4960,outfit.cdc50f2c7fc54079a32bdf91b2d65e78,1649437200
6036,outfit.0ff0d877678e4755b088d1c5d09bee11,1650819600
621,outfit.7ba3a82d83c24f4096668fa3c59b2c54,1623344400
2022,outfit.9d48b49a73e3ee2b,1687366800
2022,outfit.8d6bd94d09354d22a77928a01bac9d25,1679418000
2022,outfit.eb3fd90e14dd49d2844a6dfc41d36f40,1679418000
5694,outfit.34b2a2a9779a47f0a1aff663fe8d1c86,1583686800
785,outfit.b04f116bc3224f22a8f17d62934fe2cd,1643648400
6786,outfit.edf9420758794d31a58d8e563dccd496,1685898000
6786,outfit.4cbda361e12e4d65a5fb502dfd38076a,1683219600
6786,outfit.28b064407198448db7149be19f0161f4,1685898000
3192,outfit.9a0283b3b9e34e39a0038cb7b7044c75,1621184400
3192,outfit.44c8e590e1df4f6ab23cf81b9ed39374,1620925200
3192,outfit.ed69171af5c648529d89ac51d442646e,1621184400
3458,outfit.c8899e358d4846b5b5973cc0f9342aed,1638291600
6957,outfit.39be0294d5cf4e26b4faaa07e7750686,1628010000
6957,outfit.76e513e7ba654a648bf90044a81b3926,1628010000
6957,outfit.6f6ace195ce44ccdbafbb72c1b4cde13,1628010000
872,outfit.bc66a84c6977422daff287c7ecdb12d3,1655398800
1368,outfit.2f5079f4f8384977a9ac6bb4b465c23c,1639069200
1368,outfit.4a4c3e2895e2437b8cda83c27064abba,1636650000
1368,outfit.32bbe20e948d4839b63aa0f4b540b466,1636650000
1255,outfit.150dfea353754793b615998907ebffc6,1600794000
1255,outfit.d52f6e55c56a4d6ea952522543d06fbf,1600794000
1255,outfit.03929cbe49e34b99bdd077380cc8d731,1600794000
1255,outfit.ae0a1acc06c81eaf,1600794000
1255,outfit.bfad6e38299544e991b1c5f0d92073f6,1600794000
1255,outfit.ed86a931fd4c4662b52faad58b63f857,1600794000
1255,outfit.a83b27ea0df44e4d9773f8e7b5096ab9,1600794000
1255,outfit.a84d98da9b0b4c8d95457d446a4df5fd,1600794000
1255,outfit.391478ac84d249b49a87a9d829590887,1600794000
1255,outfit.77afaa494e3e439384ec71a0b6634225,1600794000
5760,outfit.57e0110f769d47ea863ebea78235fd23,1659632400
5760,outfit.a38554cc5999458397c5f190f0f3c38d,1656954000
932,outfit.1c195032518b4aba942f6b4fb6ae4690,1659200400
3385,outfit.d720fa6c17bf4c688054cbda17336d6c,1642698000
2833,outfit.2c789fb5fc554dbd8dd86e423e809ff4,1622739600
2833,outfit.4a4c3e2895e2437b8cda83c27064abba,1620320400
2833,outfit.2a4ac5ffa2a44630a5295e135713963f,1625418000
2833,outfit.38ee7fbdbe9d430992b70d4e5e1a421e,1625418000
2833,outfit.80820b9138cd4205885caaa0a65dd6a4,1622739600
2833,outfit.6a0ee820e93d45bb86077aa56e1c231a,1628010000
2833,outfit.40a0759f9fee458ea303ea8d1ef61a74,1620320400
2833,outfit.cd734667a90745b3a826957b1dc343ac,1622739600
2833,outfit.a50024ea71e6453c9c09d6d65d21a5ea,1622739600
2833,outfit.13db1499701e46f5b6e98d5e6d34267a,1620320400
2833,outfit.9b440739a4ab0623,1620320400
5303,outfit.ac365138f7722b8c,1700154000
490,outfit.252b5f88ee66462e9aef2ea071969700,1607878800
5481,outfit.8fc9f69e531f4a6991f69f6896d1738b,1701104400
7411,outfit.bd37bc0ed1857fb5,1637600400
7411,outfit.c46affd5f8ee4749b1f8e7d4ff47f3ff,1639501200
920,outfit.65489efb22d947a8865099ddde5b790d,1602176400
920,outfit.2d7a170f85b04d2bb2ab4eb41d795d0f,1602176400
920,outfit.ad412f59706c86b8,1602176400
4463,outfit.78d16995b62e40d48f06a20dbf72d844,1654448400
4463,outfit.c09187a8a8334f118324a6c4de5f7a91,1657040400
4463,outfit.3037fa72ade7482e8c13863bc447c11c,1657040400
6907,outfit.78778f72774d4269abd8410a9511fdf6,1612112400
6907,outfit.5235ff1f43e94601b30e4f25d6abcb39,1612112400
1207,outfit.b8311b5c70cc4a46927bae03a650edcf,1632070800
1207,outfit.1431039944fe4be88f8890a04a346b09,1632070800
1501,outfit.841f070dd5a12094,1662397200
4409,outfit.535d7a56f1a44289b93c6bd46f656d8f,1693846800
4409,outfit.8399e72f71c74d9683a7416571e032fc,1693846800
2687,outfit.4688b412bce3457a9c1727fd38ab4a06,1641229200
996,outfit.0f8322b7e0a64bcf8a0ac8936262049c,1655226000
1684,outfit.a1bd30435ab14461af069cf262f1e1eb,1652979600
1684,outfit.c71e9a58962a404b9d6c8df867b4b392,1660928400
3103,outfit.a84d98da9b0b4c8d95457d446a4df5fd,1638378000
3103,outfit.9d9aa8d609db476783be7553a9bb706f,1638464400
3103,outfit.d3ca7df0bdfc41fa91877417e2eb8315,1635872400
2364,outfit.82303d2b1b524d6795661a1f5426a134,1701882000
948,outfit.2cc1bf3b23ce4811b7cc78ec9e50c379,1690995600
6885,outfit.151898f52a9a4e1a9862b376db9195e9,1605200400
6885,outfit.ba4ea8e459d0dfcb,1600016400
6885,outfit.942fb5cf84a64da28ca55359e7dc1225,1605200400
1998,outfit.688665113d8c4d13bae1db16e822454c,1634576400
1586,outfit.c012d37926b545bf90d7c4a0c5634696,1641402000
1586,outfit.92101abfe02e418f8bc033846dc6d1c8,1641402000
3123,outfit.8ed6e4fedeb67e87,1643648400
105,outfit.684efa997862433aaf292a14289eaa4a,1627923600
1589,outfit.4295344ef7464599b0e1698740582792,1668790800
69,outfit.d3972ad336174608b061e6224cb1fad4,1645462800
3267,outfit.dad7a49a6dd54b0797b841af3ffaad7f,1664211600
3267,outfit.81e52ba208d55e4d,1658854800
3267,outfit.b09e135ba34c46daaf3a5495dcec6e83,1658854800
3267,outfit.be3e7c4ec5718d36,1661533200
3267,outfit.a1c7ea9aa83e32c8,1658854800
3267,outfit.e4bb08fb4a5f4f11843632fa2a227421,1661533200
3267,outfit.8a130c68d99c4023ad5d0551e483cec9,1658854800
1881,outfit.6e2a3eeffbf4433c9d6e5085d8c083f2,1700931600
4218,outfit.ed5a5a066ca647b6a9aaeb1ec8e7ee87,1629997200
4218,outfit.75fd35081c884af28940d854e0a8c67f,1629997200
4463,outfit.fe07e41596d841c6943aa7819488c565,1687366800
4463,outfit.1b3e2ad0256b4c839afe49dcfcd50b40,1695315600
1735,outfit.9acd6a788f014e9b81fb32f2c97f53d8,1671210000
2170,outfit.ede0d0fd9315467c868825bcb20d2fe6,1695661200
4819,outfit.871f15bc73153001,1637859600
5336,outfit.dc762a7b6d30497b983f8127846123b0,1694451600
3312,outfit.eb4191b3e52b4a949d26b54262bd6c04,1623085200
3312,outfit.a995ea509cd69726,1623085200
319,outfit.bf8385f15d6d468880c5e654f7599cf1,1687971600
319,outfit.3dac69d72aed4d1ca4fc6bcff6b7cd4f,1685293200
319,outfit.eafae74f4ff24c29862f7dba09874920,1682701200
319,outfit.d933a0b2120d4102bcfe5f51886dc0e1,1687971600
319,outfit.e98a6e485b1941d98e43c0e74cc6885b,1682701200
2057,outfit.113c7b9e83d0435894562f0b5ef41fc9,1683046800
2815,outfit.66da7242210f4c3fa7a47285efe37504,1662742800
2815,outfit.de20bfe0e31a4a33b8f0a25e9d93f97e,1657386000
2815,outfit.0a769485844446769b0609c505933bab,1654794000
2815,outfit.ae451567693540fbb1bb66c05d3f8951,1654794000
2815,outfit.d44ae0b21fb940feab3385596af0c711,1652115600
2815,outfit.ab9dd6cb6757426c9d5968e731b29cb2,1654794000
2815,outfit.c8899e358d4846b5b5973cc0f9342aed,1652115600
5754,outfit.d3739869edc74a0a855e399f5b75a567,1594314000
2022,outfit.978b0bd3e4cb9afa,1676998800
2022,outfit.29c39d6085f345dfbccc23a2f8e274a6,1676998800
2148,outfit.369422f2e567409b88d925e916f3a555,1687280400
3376,outfit.3c8a7e19e80f47ab98f2fc61316aa8f2,1639501200
3376,outfit.ab9dd6cb6757426c9d5968e731b29cb2,1639501200
3376,outfit.9e5db8a02f39402aaa9ee148d10ce073,1639501200
3376,outfit.386472f39b5b4a7082e407d6171b4036,1639501200
3376,outfit.1704515347d34164b1de0aa1300d063a,1639501200
1354,outfit.8d6bd94d09354d22a77928a01bac9d25,1693933200
3577,outfit.ccf811c5b8f847758b9d79c74514890f,1692118800
3577,outfit.bf299b7d8eeed1e5,1686848400
3577,outfit.8400c26ee9d435bb,1692118800
3577,outfit.5ee6b8e1796843248c5ed0284c981f77,1684170000
3577,outfit.bf299b7d8eeed1e5,1689440400
3577,outfit.ad6f853b5c31b6f5,1686848400
416,outfit.439ff276a34d4993ad9cf68d06c67d96,1696611600
416,outfit.8db4b3541b97c627,1696611600
416,outfit.93fb65b596dc4d628b4812d30178a4dc,1694019600
416,outfit.935ea85c252f9586,1696611600
416,outfit.682cad04f9644aa692e0326d850b670d,1694019600
6372,outfit.9337c57be08b48f685e77490d17da267,1590339600
6372,outfit.207232e414dd46e5b7352becfd9e53e5,1590339600
6372,outfit.abd7e59260904f73ba0937d81996a9f2,1590339600
3192,outfit.e96d2e7204fb4c1ea24fe71b3f967e0c,1613408400
3192,outfit.a6b9c3792d6a4ad4,1610902800
3192,outfit.bc490bc7db204af498825badd2d59285,1618506000
3192,outfit.34b2a2a9779a47f0a1aff663fe8d1c86,1618506000
1237,outfit.359ce2bd2e40491686ce3ebc4a13ead6,1636304400
1237,outfit.5c3e94100ece4badabb0d1835ab78377,1634490000
7411,outfit.8046647faecd43129ae560e955ebc8e5,1687107600
2775,outfit.56dec64c8c834afaace780273bbde124,1648227600
6601,outfit.bb72f30cdb4246d1bc47ff8b17cf4162,1704387600
6601,outfit.ac52d51d1863129e,1704387600
892,outfit.074a10af152c489ab0ecd8d67fa60fb9,1637254800
3158,outfit.01601322d21a422fbc2db49c7866e264,1684429200
3158,outfit.8e408fb4b2c64525966837c7789f2965,1679158800
3267,outfit.6a0ee820e93d45bb86077aa56e1c231a,1624208400
3267,outfit.7c3e32e564f84de28c9ab8a6f06a2e24,1624208400
3267,outfit.374273ffb79943b7be144ceb14529592,1624208400
3267,outfit.dfcd2f8c28c84d8db5aabe6da9e9c01a,1624208400
3267,outfit.d71dd7d70f184d10b2bc26105f3283d2,1624208400
2492,outfit.061cf3fb3952410baeb8b3c61cc23415,1716397200
4858,outfit.bcc71d0caf95dc33,1597856400
4858,outfit.0777834f7f1a4762a8c1ba09f2f4881d,1597856400
3116,outfit.3f2ed80371424e879c455f3eb07fcaa7,1665334800
3116,outfit.b26dea94dbd147919dbe9c6378c9c52f,1665334800
3116,outfit.ac3e4eefb550471989769e1e4d1683d1,1665334800
5846,outfit.52d1f28b96d6412b8143411eb00fa1d0,1686502800
5846,outfit.3192a1f5ab4b41c4ac530502ee7f5720,1683824400
5846,outfit.09ed7d853d264be0b707417f8ee4630d,1686502800
5846,outfit.64910701f4974360acc6851b2b0fd7cf,1689094800
7411,outfit.92f2e542b76f7d6d,1705597200
7100,outfit.34b2a2a9779a47f0a1aff663fe8d1c86,1678986000
3848,outfit.bc206d94b57448cda9406458a264710d,1629651600
1083,outfit.caf28526c07f46a9b8e16aa22e09593c,1570986000
1083,outfit.83f7ed2dfaa11b7f,1572541200
1083,outfit.a68b7a70b061a667,1570986000
1083,outfit.9933049f02ac4f3a,1572541200
4608,outfit.fbc8b0687de1468c9a8517d5568431d9,1602003600
4608,outfit.6ea93b224a3c4027861e62805e0bd3f8,1602003600
4608,outfit.05164954243a4c5cac4930572105ed27,1602003600
6977,outfit.71442f9043504300907b80e2385f9ae4,1673715600
7411,outfit.3b8b5f19d5fc4d66ab636569a6c9d030,1597597200
6601,outfit.fe06ae3e05fe48d1ac80a4d182cc8cb7,1712250000
1382,outfit.b227d2e4685f4a56a13c4e43023021ec,1627232400
1382,outfit.d91c416ae1584028ba0c20f1329bbb97,1624813200
1382,outfit.0f545b5ba1274c66b2896afdcc48c5d9,1627232400
1382,outfit.24c32dd0323c4873949167fe0d1db421,1624813200
1382,outfit.efeca2ca71b54ba49ec487475dfae85c,1621962000
1382,outfit.151898f52a9a4e1a9862b376db9195e9,1624813200
1382,outfit.611ba8f831e449f0a5bf0dfcc78e35a6,1621962000
1248,outfit.ed26f73fdcad4071a6efa9ea84e9de3c,1660237200
1248,outfit.3230795e6aed435ab96c8fcf5e56fd08,1660237200
4564,outfit.1dc2bd9dc2ae421883e8845f3e335449,1632416400
4564,outfit.2ead65a1ecf54c38a27bebc2bf47b9b1,1632416400
4564,outfit.bb925d82b43cfc38,1632416400
1537,outfit.848a85ca39d3fda6,1632848400
454,outfit.ad0e0bb9c3ab3cb3,1698944400
272,outfit.353d5f65327e4dc7a10203844a59c560,1660496400
4638,outfit.5d29c975554e432eacf5e7d49c5342e3,1651424400
4638,outfit.bc3fd0ccde3142df8d22eaf0508699a6,1651424400
1032,outfit.5dbcbf03f1ec4ad280e3b90b688f0dc3,1649610000
4463,outfit.b51ab929ce045cce,1649178000
3062,outfit.f3067ef490224ffba4c9a8b16458c624,1659978000
3749,outfit.0d1682558d8e43fa830ad2846c3e9f46,1611162000
5812,outfit.505dbed58d2a45bc9bd72774be4f5c47,1608051600
5812,outfit.a4699b3b33b4d99c,1614531600
5812,outfit.827b99b7b40a655e,1602781200
5812,outfit.9685cc11be684ed39ab8edac1e9a822b,1602781200
5812,outfit.a8544eb2962547d1bb80da530b4c377a,1608051600
5812,outfit.06464642967c4d9fa0f8267dfd3d80c0,1602781200
5812,outfit.61a93a8506024e779db658f842e26625,1605459600
5432,outfit.9d2ae3e74d7f4d9bbde82be334a3a21b,1591808400
5432,outfit.e5f491fc4e7e44709b03e381648231be,1591808400
5432,outfit.a1c7ea9aa83e32c8,1591808400
5432,outfit.4e834d5f015d474e8fd547e080f750f8,1591808400
5432,outfit.4238aa017620494dbe0724f9b8f8f702,1591808400
4884,outfit.260d02e82bbd415bbe1e18918e98e0b6,1660150800
6447,outfit.8302402a6e8e8e8c,1639069200
6447,outfit.9aadfc9a1d195c33,1642093200
6447,outfit.43226226462b46ef9545ea320348ff21,1639328400
4960,outfit.defda56477d1496dacd7a61e447be9c4,1670518800
2619,outfit.5330ecb4f53c4f7a865f99a6fdd37773,1711558800
5330,outfit.6587d43842ed43958181f9925d52806c,1678640400
5730,outfit.57e0110f769d47ea863ebea78235fd23,1660150800
6354,outfit.da552355bfd04649a987a3881b99d09c,1661360400
4725,outfit.a841b2acdc119218,1698426000
5679,outfit.f11efd8c7b064175b4997b1ab65b5458,1633971600
5100,outfit.1b3e2ad0256b4c839afe49dcfcd50b40,1673888400
4674,outfit.4c41406859e04bc7b29036c62ea1b7df,1703523600
1374,outfit.fc3f7855aa394fa5945bc8d90b6eee95,1622998800
1374,outfit.afcfeb5d7cda41318a080365f05c9075,1622998800
5222,outfit.ddd870ed06d64892af526d056b438894,1687539600
5222,outfit.97071c364d1944db8c7ae6a9d768a51a,1690131600
5222,outfit.97071c364d1944db8c7ae6a9d768a51a,1684861200
3192,outfit.234ce093695f4773aba7287620cee9ca,1642352400
3192,outfit.ee35f79e0dc64dc6b321dcccc476d68e,1639587600
490,outfit.2aec918a8506401aae5b24cc89b53bf0,1573750800
490,outfit.c95b16794434474e8d02306d2f1b6a0a,1573146000
490,outfit.f45e25a44bdd429991e9186db7fa64e5,1573146000
490,outfit.a1efdc0d88774773957da6e703852211,1573146000
490,outfit.3339007e20b94181807f9570766cde62,1573146000
490,outfit.49c64ac752d4452886a0f505007df0fd,1573146000
490,outfit.d263cb821a244b41b4c47ac08fa10596,1573146000
490,outfit.e2ac14f5ba454e0eaf3e7c0f926c65ee,1573146000
490,outfit.8060c53293c94422bf08bb0997ab9763,1573146000
490,outfit.09f131a3a13141da9b70638289d27de3,1573146000
1390,outfit.6d6fe6b3b2514ecc8c47947292874f90,1658768400
1390,outfit.adeaa758e4b292c5,1653498000
1390,outfit.36eacc2af2494660a2c914aab7474a40,1656176400
2759,outfit.fd709e5fcf3c44569fcc59edf75d4193,1666717200
1625,outfit.774b95bb02cb4be0b92d2a232bdb8b0f,1656522000
1625,outfit.b6f7358d6feb42ceaec950e6b66f4a34,1659200400
1735,outfit.c8c5d18e8365419eba926afed7344dd7,1633971600
1193,outfit.2121de17fb604c6ea87a3f9b6d0030db,1656176400
3956,outfit.37f5db61da1b4fb0a50472c1ddc442a4,1688490000
3956,outfit.ee0dfdf3b9a349b591e78712514e2f5b,1688490000
3227,outfit.fdc3cdbad50644ad97fc0a903f967e15,1635181200
3227,outfit.900dd323358401b1,1635181200
3227,outfit.a01f2c0fa05d3f98,1632330000
3227,outfit.2fac9258e5a64ac9a7658f54bd2056a8,1632330000
3227,outfit.03d688ca88f84e89aeb31592d6394247,1637600400
996,outfit.817cf154a066e6e0,1655226000
996,outfit.39e26260f13d466b946601bafd691d36,1655226000
4564,outfit.0533ed8c59ce4cf29172f502a3a93a91,1639674000
4564,outfit.8a9a59a3ebbb46a8bea05ebe9599a1c0,1639674000
4564,outfit.af3a0f7fe64e49fc81c4d13f6ac481ec,1639674000
5593,outfit.6587d43842ed43958181f9925d52806c,1641315600
5593,outfit.1f8f1544736b40b99c3485150d68342b,1641315600
2205,outfit.55135c282c3849ac8b06f82861870970,1693501200
2205,outfit.be3e7c4ec5718d36,1701363600
1193,outfit.d6789556754c4ce084d2fc7c354ae23d,1628182800
416,outfit.17996f09f2a84c078a7b0bd718bcddd6,1617642000
416,outfit.aac9da3df1d5b519,1617642000
416,outfit.fbb003446d3c40a3879b475502a7e104,1617642000
5617,outfit.0fdacd78ea72476d9688afaa61fc5c42,1715878800
1735,outfit.8f34384795bfc03e,1650128400
3192,outfit.6b8d0d5720af4e33af8dff7afe7b0ed3,1608051600
3192,outfit.9373e29ec69b488d9cbb22abfaed3b0d,1608051600
3192,outfit.e17a0df1f70743e590827d7df93bb7f4,1605459600
5144,outfit.3b49ff8bbdf2444a83abcdc0fbb45f01,1652115600
5144,outfit.5a0e04a9018a4904990fc85f1c8cd1ce,1654794000
6519,outfit.173befabe7a14130b0e646ca4152150c,1616346000
462,outfit.2121de17fb604c6ea87a3f9b6d0030db,1619370000
462,outfit.961a17ab05934b81a815e365bfe692d4,1619370000
462,outfit.31edccd419de4fc5ae6aeb7eed4327ab,1619370000
107,outfit.a4a8f76f18ed4907ba632600bd676db4,1636304400
3189,outfit.39c98e12ea9942a0a2c98c6297aabfbf,1638464400
6526,outfit.4b2a9c705f844b229cb293ba66c8ddf5,1699462800
7400,outfit.d24b8b64d37f4ea29ccc8aeb0c1bbb2f,1620579600
7400,outfit.abe970f711444589b6ce9e81bf35615d,1620579600
2040,outfit.56dec64c8c834afaace780273bbde124,1615395600
2040,outfit.fc774521956e43c1b7b989272f5dca23,1615395600
6284,outfit.1185a02614b947abbd217a5ba0b05a67,1665939600
6907,outfit.5235ff1f43e94601b30e4f25d6abcb39,1646067600
6907,outfit.4bd8e39e3d5442c4b76dcd9797725b38,1646067600
356,outfit.66da7242210f4c3fa7a47285efe37504,1637514000
356,outfit.00fa8d1fd5804fe78ac284c2e0c28b4e,1637514000
7400,outfit.13db1499701e46f5b6e98d5e6d34267a,1615136400
2087,outfit.ac8b21f80afdc025,1633453200
5118,outfit.7219638a7f244f3aa1e612e613a4c77c,1602781200
1319,outfit.466afa76adb144b7ad004be6382cfc54,1658768400
2364,outfit.03a5ffb8c27947de936564061de3d046,1651856400
3094,outfit.8273c17c394043b8affdf5c04ee019ed,1600966800
4638,outfit.e8f877d97bec44b49a40abd355d69d51,1609866000
4638,outfit.e18310c477cb4fa38cd9ba31e9997c4f,1609866000
4638,outfit.d4a659e844e64b399669fe54284c3595,1609866000
55,outfit.a5d5bfee852848c18596d844a3a9025e,1659718800
6907,outfit.8b2bcd93f2f8004f,1622480400
4501,outfit.bf299b7d8eeed1e5,1701795600
4501,outfit.eca74800caaa4895a2db653db0020607,1696525200
4501,outfit.2701e5369cbe4015a19e9074113cb899,1696525200
4501,outfit.10702960934e47ca8b83d90cb167b470,1696525200
2619,outfit.466afa76adb144b7ad004be6382cfc54,1685206800
2619,outfit.21474001bd3e48a19da3a75c2f3819fa,1682614800
3846,outfit.af7384d7b857af65,1615136400
3846,outfit.7ca0d67e06f7491f926b46e7fbdbd32c,1615136400
3846,outfit.a6275beb200f40c7a6b422d5c8b3d4b7,1619974800
3846,outfit.4f39670d27b14b41994aa1f388d86260,1619974800
6364,outfit.dac42acd25b1410aacbf75c85cc6cb7f,1626368400
6364,outfit.2fb54603691a49b498bb904a3b6bb28e,1626368400
1626,outfit.55d914792ebf4d18808eb0bd3ec70bb3,1676480400
1626,outfit.65489efb22d947a8865099ddde5b790d,1673802000
1626,outfit.ac3e4eefb550471989769e1e4d1683d1,1676480400
1626,outfit.6705bc03d5e649f4bec363e6367cd89a,1676480400
3116,outfit.de1b2d84d80341d2bcc0adcd5ce60af4,1660064400
5760,outfit.57d3d071648f425f900f33b203e013c8,1649091600
3875,outfit.3e47b084ad704fb5b25b38809fae38a7,1625677200
3875,outfit.7bf81ddabaf04521afae88cc4b70ef8f,1625677200
3875,outfit.ac3e4eefb550471989769e1e4d1683d1,1630947600
4837,outfit.2208707dcf134558b4d335f1e3534655,1712077200
5695,outfit.60a1072927ca4f13ae03d6f876c42cb3,1630515600
5695,outfit.a02f335a26704f80a01232079d662ff4,1633021200
667,outfit.dbfe1373a2f840979196fe10b912e0c5,1656694800
3991,outfit.afd3af027be275f2,1606064400
3991,outfit.b42337853cae4f66a2e7640b6845d2e5,1606064400
1248,outfit.ae9518aba2aff33b,1647018000
5837,outfit.c012d37926b545bf90d7c4a0c5634696,1625418000
1259,outfit.372a132f8fe4463f8fdb8d7a8b3f5206,1691341200
3385,outfit.8a6d7780e2644bbfaa7695900a8266dd,1653066000
3385,outfit.8b6aab2ad8a64211b84b7d5eedea15d1,1653066000
2812,outfit.1ba9e80c87c84ac98d59fd5fbecf6f32,1625158800
1684,outfit.f4a2cebc0a544c9abc6305e9bd33b9c6,1679245200
1684,outfit.940d8268582284b6,1681923600
6650,outfit.80820b9138cd4205885caaa0a65dd6a4,1685552400
6650,outfit.78778f72774d4269abd8410a9511fdf6,1688144400
6650,outfit.427ef0e6b9c847fba4200cfcfe1abce9,1688144400
4608,outfit.4c41406859e04bc7b29036c62ea1b7df,1628182800
3577,outfit.b701b51a404a44418a375258167ad442,1615136400
3577,outfit.27a3cd48834e43b2ad991c05136ee880,1615136400
1840,outfit.060cbfa6f9024404bd6a4ed96b7bd41b,1712595600
3094,outfit.a8083cd1fd8b4da982f6f8b6364d96a6,1638205200
3094,outfit.afcfeb5d7cda41318a080365f05c9075,1638205200
5330,outfit.6587d43842ed43958181f9925d52806c,1634490000
5330,outfit.e96d2e7204fb4c1ea24fe71b3f967e0c,1636909200
5330,outfit.1b3e2ad0256b4c839afe49dcfcd50b40,1636909200
3749,outfit.8f6c3fbd7db0400caaf95a95ab29a97d,1632330000
3749,outfit.427ef0e6b9c847fba4200cfcfe1abce9,1629651600
6879,outfit.26e0f5cc69634d079b4cd4a55b315809,1629910800
6879,outfit.02323792c3fc471186d9e7c2debd393b,1629910800
6879,outfit.946ae92e21374e0d8935761e881bb94b,1634230800
6879,outfit.b5db150f4740b356,1631638800
1706,outfit.efbeb50344e54028b243698b3dd1b700,1652806800
3669,outfit.8de70e2a9b7f463eb44f6a072e14d1a2,1700758800
4464,outfit.233cc1a575934df38cc3c307901345e5,1660842000
4464,outfit.4d87f217c19241cf9a4feb9d75638e1a,1660842000
2329,outfit.b7e42c6a4cc546d3936a1fc797a1b4ef,1655830800
5695,outfit.a995ea509cd69726,1649178000
5695,outfit.15c97a5fde81407f8cd5be88a178efdc,1657040400
5695,outfit.35e53b748ea043f79cd9a2caca3a995b,1649178000
2799,outfit.b1ddecd27b94476d833c0ea2c2bb6d3a,1714150800
3051,outfit.c5a8b5900a2744589424bd5f8494497b,1596387600
3051,outfit.139187a6eb1540b6b2b8aef96bd12601,1596387600
3051,outfit.a8fae88d2b7640e2b28161d301fc5e08,1596387600
7411,outfit.10cdb2c115df4a9197e1471e536a0569,1658163600
7411,outfit.b3aca8927927e99d,1658163600
7411,outfit.9aa24eb08db9447da1e6f285b151b357,1650301200
7411,outfit.3619c49a78674b0bb3c2803ee199cd92,1658163600
1138,outfit.badb81ea53ce4b62b54387b26501b6c9,1652720400
3017,outfit.337cc518c38b4bc18d879987d91b073c,1638723600
266,outfit.60dced53fd414aec99d569404f19c4ee,1701277200
2085,outfit.34bd3ce2dd644974b9e945a8d91d8bca,1666717200
7244,outfit.ccae6ec63d494a5eadd0d6b001597c42,1624554000
7244,outfit.478c7aaed8f8413d9618e508ddd7d59b,1624554000
1382,outfit.a50024ea71e6453c9c09d6d65d21a5ea,1598374800
1382,outfit.cf2fa10de8ea412186fd6dd1f658e3ff,1598374800
1382,outfit.ae538ccb6bf14a858b0f66458e592872,1598374800
1382,outfit.68d7e3b9e8be4f07b3b200682d7dc456,1598374800
3593,outfit.6d6fe6b3b2514ecc8c47947292874f90,1622048400
3593,outfit.1829ff6232b04c84b6666a8d0542eaef,1622048400
606,outfit.57d3d071648f425f900f33b203e013c8,1653498000
606,outfit.9ec98510baa9411d905131e4377e154d,1653498000
5738,outfit.80820b9138cd4205885caaa0a65dd6a4,1674147600
5459,outfit.aa76777d3b9d4073a342e2093e4ea1e2,1698166800
5459,outfit.81e52ba208d55e4d,1698166800
5459,outfit.9bf55c30dee14573ac0d46c03fce3a0e,1698166800
5459,outfit.086c9043a69b40659f1a510d8c47ef65,1684947600
7050,outfit.7b4f2169219844b0841ffb1a8c602ee2,1633021200
2217,outfit.0aa7e8933ae54c58b47cfe56e2143424,1601830800
2217,outfit.8690d4d46fd2436c98f61bde4a65cc61,1607014800
2217,outfit.cf1d104fc65c4fd987d195e2a58e588a,1601830800
2217,outfit.f4a912d387fc4198a3f4a1d91701a595,1601830800
2217,outfit.56e3cc906a444a569d6b057189a361bf,1604422800
2217,outfit.5048c556741f4513ade4ab8607e5a46f,1607014800
2217,outfit.398089067b414b2d8d1c862f527936e2,1607014800
2217,outfit.9c2285b935d84f3b85e9678007eac190,1604422800
2217,outfit.5048c556741f4513ade4ab8607e5a46f,1604422800
2273,outfit.15c97a5fde81407f8cd5be88a178efdc,1631725200
2052,outfit.3ce016303b474839a95f7375cf891639,1634835600
2052,outfit.76443d6db496494dbb26ac275ecbdb3b,1634835600
2052,outfit.8022397c5e3d4ab4bc8e421da9236d29,1634835600
1605,outfit.ad428eff809e2480,1638982800
1749,outfit.ad848f726cd93e66,1702141200
416,outfit.41e3a8155d734aa8a3c114e1dfbefe1b,1633453200
1083,outfit.9617c0965077556e,1643907600
6696,outfit.b657867a142340aaa12e133d9835c823,1634230800
6696,outfit.df04bf46dbd54868a63d2db542a5fa3d,1634230800
6696,outfit.031a15e68a354f8cbe8f65c45da3f231,1634230800
1219,outfit.98c77b103c834bec95a332ea8b683db1,1653066000
1219,outfit.2347aaf8e3e34c34977a3682e0b3bdbc,1663693200
1219,outfit.360831efda1443f6bd7c4c5931b1d189,1658336400
1219,outfit.360831efda1443f6bd7c4c5931b1d189,1661014800
1219,outfit.1260ac1718974152b1294c75e13aae88,1655744400
1219,outfit.b21aec5d36074eb790d69c5c40b7d77c,1661014800
1219,outfit.a022100a2a964f4d9b262749de0b15d4,1655744400
1219,outfit.a022100a2a964f4d9b262749de0b15d4,1661014800
4774,outfit.55135c282c3849ac8b06f82861870970,1659546000
4774,outfit.427ef0e6b9c847fba4200cfcfe1abce9,1659546000
4017,outfit.89a1a2941012477c83e6f9aaf2f144c8,1686243600
4017,outfit.b1a8ed1f5b6d4a2f86fb528cc029006e,1686243600
3041,outfit.88e9a4b11d284db686be6be18502f641,1651770000
1382,outfit.cc2a4ea6b82044d2804ee26e593fbc00,1619370000
5760,outfit.b04f116bc3224f22a8f17d62934fe2cd,1662310800
5169,outfit.1b9ab78223b843e08e1daeb660783adf,1661878800
4853,outfit.2901f306ff3a4e7e8288cc48ec400f5f,1634662800
6526,outfit.925c69db26f6bbae,1696784400
3518,outfit.3ef1542d099048efa539e8c67a385732,1705251600
5694,outfit.9bc6939e74234024b9f6d34218418dfe,1607014800
5694,outfit.97ec221c84bcfbe3,1608051600
3510,outfit.b5efe9b9e6104f0796fe1adc5650e75d,1674838800
3510,outfit.14727804dc6945f9baabcd76ad96a744,1674838800
2056,outfit.8fbf386b8fef8664,1651770000
2250,outfit.8302402a6e8e8e8c,1663779600
222,outfit.c71e9a58962a404b9d6c8df867b4b392,1708448400
1368,outfit.89b7c4936135cfb5,1639069200
6879,outfit.8cbb77c85f07443e9c2e6687e4131a45,1647277200
6879,outfit.f4a5306ea45d4ab9b40340f016bab653,1642093200
6879,outfit.f13af5d893714a7abcbca1ca15163fe9,1642093200
1684,outfit.96fdc91671d44285,1703005200
4725,outfit.031a15e68a354f8cbe8f65c45da3f231,1651165200
3259,outfit.f6eec8c3af9e43228f79ed7b49dd4633,1626714000
3259,outfit.9d2ae3e74d7f4d9bbde82be334a3a21b,1626714000
4558,outfit.f60a93dd961d4856a6d40e366ef90717,1594918800
4558,outfit.82c10ef2f1107096,1594918800
4558,outfit.369422f2e567409b88d925e916f3a555,1594918800
4558,outfit.56dec64c8c834afaace780273bbde124,1594918800
4558,outfit.75fd35081c884af28940d854e0a8c67f,1594918800
2573,outfit.29a0d66e916c4bc690cf393bcea980e4,1646240400
2573,outfit.2766e5ad48a2427a898f60aaacf85622,1646240400
6834,outfit.8f95b3473abb4a40ac2dc0956628e873,1661619600
1706,outfit.2fac9258e5a64ac9a7658f54bd2056a8,1643648400
1706,outfit.b49e6f1cc73f48f9a6329311214ee57f,1643648400
910,outfit.2386f5b10f544de1a8f7a53a4b3bb92f,1598288400
910,outfit.c7be4c2774424a498f63ebe6ea4b5933,1598288400
910,outfit.a19d17a0915646ec9feaa760d03d1fe2,1598288400
910,outfit.13b4586fba46462abebff1b7b145e499,1598288400
910,outfit.8c4d4f54e42a4ca391913811b6d17ab0,1598288400
3510,outfit.bd2ab280ed364f26,1666890000
932,outfit.dcedf030b9134a08a8d3df3f4fdb07ea,1659200400
230,outfit.8238ed2091e347149ddd6114aeeb2655,1701450000
1248,outfit.a28b2e6008184ba19240c926b1af0eff,1629046800
1626,outfit.767ecbf6b9bb4969ad78de1a78dbf039,1681578000
1626,outfit.5048c556741f4513ade4ab8607e5a46f,1692118800
4834,outfit.c5ded4868d344a5bbf49e5c1a3c136f8,1643562000
1706,outfit.4b20b3ccd3cd41fe98d0225f47276e2c,1702832400
2040,outfit.9685cc11be684ed39ab8edac1e9a822b,1620752400
5760,outfit.defda56477d1496dacd7a61e447be9c4,1651683600
2085,outfit.6ea93b224a3c4027861e62805e0bd3f8,1671987600
3028,outfit.bbd662557126462f84e4912812fc1be0,1710608400
4981,outfit.505dbed58d2a45bc9bd72774be4f5c47,1645808400
3147,outfit.4be27307ae1c4611ad56aca101c8a6b4,1678122000
6796,outfit.6962210a388343c2a203996ee7a30eb0,1663174800
6796,outfit.a8e7915eda974714aa57df8f38a87546,1663174800
4370,outfit.9fa57e24a7bd4595b697f8ed050cb335,1631466000
4370,outfit.4a91172bb576444ea3169667a1e6955e,1631466000
5169,outfit.9617c0965077556e,1656522000
5169,outfit.05164954243a4c5cac4930572105ed27,1656522000
2205,outfit.bd029e8ff7cc4341bf48b2afaa0d9946,1600189200
2205,outfit.37d643c47053474a96acb8ca1069368b,1600189200
2205,outfit.9bf55c30dee14573ac0d46c03fce3a0e,1600189200
454,outfit.fdc3cdbad50644ad97fc0a903f967e15,1677776400
454,outfit.9effdad18841495bbd9239449480334c,1677776400
2649,outfit.2bb91a54c63d4f72a11a6ad7a00b35cf,1709312400
2649,outfit.f9ab24e5d9d7428dbef85f91b2ef9a79,1709312400
2869,outfit.5b99177128de4ffbbdf6b5255d411f15,1685984400
2869,outfit.a2883b9efb1b4eb889e269c98e09f661,1683306000
6046,outfit.3225a86ab6564f8fb0a3992446982bdb,1662397200
6046,outfit.b4e7c58304d74b64b8b2ddf13ba93c6d,1662397200
2170,outfit.ce7d171c13174b21b05e2764491dc73d,1603213200
2170,outfit.ede0d0fd9315467c868825bcb20d2fe6,1603213200
6287,outfit.96f7210a2ae0aa93,1605200400
6786,outfit.8273c17c394043b8affdf5c04ee019ed,1651683600
3267,outfit.503dfd75a3f84d38901d135120cdf40b,1637514000
4240,outfit.32bbe20e948d4839b63aa0f4b540b466,1631725200
4240,outfit.49c64ac752d4452886a0f505007df0fd,1631725200
1336,outfit.aa76777d3b9d4073a342e2093e4ea1e2,1703178000
5236,outfit.c95b16794434474e8d02306d2f1b6a0a,1662224400
5236,outfit.e89fab0bbc574d6c89242ff808d537e6,1664816400
5236,outfit.bf00e652d6b83df2,1659546000
5236,outfit.0aab21277b674f7fbb146ca7e853eef6,1667494800
5236,outfit.841869bb72cf0dd1,1667494800
5236,outfit.11395b1173644fedbcfc219469f27b84,1670086800
7247,outfit.cafdca5ad56a4f6ea824cc20fab5b5ae,1678294800
7247,outfit.a2883b9efb1b4eb889e269c98e09f661,1678294800
3846,outfit.1be9b916bb1f44f7a9d120b4ef62c871,1633021200
3846,outfit.7ca0d67e06f7491f926b46e7fbdbd32c,1633021200
3846,outfit.e12b4be9f07a4da0937a29f9efe16965,1633021200
2329,outfit.25ff5e5ef4b541d79324a66515f1d89a,1646067600
1553,outfit.d26a681dbdd54f448ef373de80e065d6,1626195600
7118,outfit.7d5e7df1d7e44528bca8d9859759042d,1694624400
1998,outfit.2ea36f84cb12427686eed685f97f2a8f,1649091600
5844,outfit.bff2665548ebf13f,1572541200
5844,outfit.9bb6cde5e7d143db8e60793ec409d58b,1572541200
5844,outfit.a66ab9f04f63457fb8f729349bff7c8e,1573491600
5844,outfit.b5e0008d5ea22068,1572541200
5844,outfit.81a6106b4f3fe5c5,1572541200
5844,outfit.9347386eb2dada73,1574182800
1586,outfit.55d914792ebf4d18808eb0bd3ec70bb3,1686848400
1586,outfit.25cf652454ab4f9fa1b636cbd555cfa6,1686848400
2264,outfit.467c000be2f9488a9a84e61bc6a6e3bb,1683306000
7135,outfit.a5d5bfee852848c18596d844a3a9025e,1675184400
1998,outfit.8a458a93e4cd4214a520074f16d5b9fa,1652806800
785,outfit.d6241a805f5e4108abfbdbc9f58fcb23,1715014800
3956,outfit.5d4e6c9d85904c9da88c386a60db9473,1683219600
3956,outfit.4e6dbf069e764052b71b95934301f615,1683219600
3956,outfit.b1a8ed1f5b6d4a2f86fb528cc029006e,1680627600
3956,outfit.a38554cc5999458397c5f190f0f3c38d,1680627600
4519,outfit.56663aaf60aa4b5c8267bed372c72677,1620925200
4519,outfit.f904f5addd0f4a22863e3a689428b88b,1620925200
4519,outfit.3c6978266dfb4b9793e2c730496089d1,1620925200
2457,outfit.5f638bee24e542c2ad2eaef2f5227087,1651251600
6642,outfit.910cdf81826055f7,1623344400
6038,outfit.32e640b3fc894710a096ec7ad3f7a976,1635786000
5100,outfit.a7e848f47d2643d988bbaf47dae4a136,1639587600
1354,outfit.955f2239f0b38561,1701795600
5306,outfit.a7b55780d1764599a3ee339fff38d002,1711818000
1008,outfit.ccae6ec63d494a5eadd0d6b001597c42,1701277200
6,outfit.c8855506fa9d47308b87aa0fe5efe3ca,1659027600
6955,outfit.2766e5ad48a2427a898f60aaacf85622,1629392400
6955,outfit.13db1499701e46f5b6e98d5e6d34267a,1629392400
6781,outfit.b80429b20d914612960e3cdbfcc0602c,1620752400
6781,outfit.5df05df81eb54ba999e64c211780b556,1620752400
6592,outfit.84f134b06fbed5a0,1654102800
6592,outfit.2121de17fb604c6ea87a3f9b6d0030db,1654102800
2619,outfit.93da3bfb33311ddf,1672160400
2619,outfit.d0570fc4a5d740cc94871d73471a5043,1669568400
2619,outfit.ee94b77c56794feab26ffb22c2b9e2ca,1666890000
2619,outfit.767c953e45b8447eb7ff8d44dd5b65e1,1666890000
2619,outfit.3effb4e5a788451a9d271d9a53090f01,1664298000
2619,outfit.6ea93b224a3c4027861e62805e0bd3f8,1661619600
2619,outfit.9936eee8f01a25d8,1661619600
2619,outfit.dce1b27e6e5944c08b7253d1ebae5a60,1664298000
262,outfit.7ee7542297f944ecb49f4fe5b44728f7,1629738000
262,outfit.9337c57be08b48f685e77490d17da267,1629738000
5760,outfit.d21f3628771b4dcebc478c94a456d999,1685898000
5738,outfit.82ee7c9d4d1e4274b0c706c82653ab79,1676826000
6737,outfit.89ce51a125971793,1659286800
5754,outfit.a9f2bcb6885fe60a,1591894800
5754,outfit.2c4583bd98d748f29b7f7fb1cf6c43c4,1591894800
5754,outfit.931ef0d0cada4965a8ea693f7a520b64,1591894800
7100,outfit.bf5d4348f69b718f,1660669200
3577,outfit.684efa997862433aaf292a14289eaa4a,1663261200
3577,outfit.2a1a34d38ac64414b5d7878a719984e9,1663261200
892,outfit.e5f491fc4e7e44709b03e381648231be,1637254800
892,outfit.0ff0d877678e4755b088d1c5d09bee11,1634662800
6936,outfit.fbb003446d3c40a3879b475502a7e104,1664125200
2703,outfit.03a5ffb8c27947de936564061de3d046,1668531600
2703,outfit.05a3c99a55404dc8984fde902ccaad18,1668531600
7244,outfit.c51bd8f0c3464297b89ffa73328c3275,1664125200
105,outfit.8e408fb4b2c64525966837c7789f2965,1630602000
105,outfit.d78cbfab144149069da04737d98450a1,1630602000
5615,outfit.a520a9aa8147d618,1709398800
1706,outfit.f8e95f5fd1b641a4823ea3c6010e19cb,1646240400
3441,outfit.4aca0c3e3ac7443ea02b74ab3e06675a,1680022800
5914,outfit.8ed6e4fedeb67e87,1599152400
5914,outfit.990ee8715a4320f0,1599152400
3846,outfit.b9e21535cf624b6eac04d3a9708f213b,1602003600
3846,outfit.8fe12d169d14a8ab,1609952400
3846,outfit.0dbb762a27a343a1b1176dbc1fa8201b,1607274000
3846,outfit.f32718341e9443d8a36121a8913ff304,1602003600
3846,outfit.7f0c68b095a14d7fa001117bc2c75827,1607274000
3279,outfit.d26a681dbdd54f448ef373de80e065d6,1638291600
570,outfit.8a9297abf702469b88dcdb1ce6cd35bd,1701018000
4073,outfit.2eb01f9b5c004ab18987fa709ca7d9cb,1683565200
5615,outfit.98aa99e47dee4f019d8b2620a9745f98,1717347600
7366,outfit.955f2239f0b38561,1674579600
1706,outfit.ed8d6c31b0e44519a7a4aa30bb643b05,1671296400
4998,outfit.48cf5d6579da4369b03b1f04719b322a,1639674000
4998,outfit.a50024ea71e6453c9c09d6d65d21a5ea,1639674000
6907,outfit.a3546e9a63f72521,1630429200
5760,outfit.d7a7b1a15fe04fd886b31c47431ebcb6,1654362000
1447,outfit.d4220f5dd22c4d409d8121e26b11dc99,1669914000
2492,outfit.4be27307ae1c4611ad56aca101c8a6b4,1695402000
6011,outfit.e837786453834dce89358fa547d891c2,1648746000
6011,outfit.81dcc2ec22f24b248f5499b887dd22e0,1648746000
1248,outfit.ee40e812ed554b87a45637339c72cbd6,1702314000
4725,outfit.34b2a2a9779a47f0a1aff663fe8d1c86,1685206800
4725,outfit.ed9017ac844a486fac95996bcc5b4b84,1677517200
4725,outfit.72b64826af9f427e9b51b108ff3d5ba2,1677517200
6818,outfit.8f34384795bfc03e,1598893200
4149,outfit.8ed6e4fedeb67e87,1638464400
5160,outfit.b2f9d48f3d4c4549b8d51fcd04979a79,1633539600
5160,outfit.93da3bfb33311ddf,1630515600
5160,outfit.9c2285b935d84f3b85e9678007eac190,1633539600
4218,outfit.47875ce75a2846c29607b0c39bf03327,1607878800
4218,outfit.9aef6d3e2683447f8bfcfa826a24a23f,1607878800
4218,outfit.4c6dedbe036e4a83b4847951a9bf03e1,1607878800
1251,outfit.89eec1f4fc5f40f59a6ea4149a4d00c4,1676134800
1251,outfit.81dcc2ec22f24b248f5499b887dd22e0,1678554000
1251,outfit.6ea93b224a3c4027861e62805e0bd3f8,1676134800
1251,outfit.1233866861b14f0bb1e9116e90d9a492,1681232400
6526,outfit.a9f2bcb6885fe60a,1673197200
4638,outfit.b9344188bba8fbcc,1604250000
4638,outfit.d3970e5f36ce440fb7ad9d7b74cc7f48,1604250000
4638,outfit.b7c427687b980da9,1604250000
3896,outfit.be3e7c4ec5718d36,1661965200
1501,outfit.e18310c477cb4fa38cd9ba31e9997c4f,1620925200
1501,outfit.931ef0d0cada4965a8ea693f7a520b64,1620925200
462,outfit.113cdf3f57984c3a9cc75afd5bf45c03,1614186000
3243,outfit.c93e99cc15dc4420994f40954bf9d8a8,1696870800
3243,outfit.e43d27b277bb4ad7aff36a857ce6f766,1702141200
3243,outfit.3f9b25249293481cac7469b68f545c7b,1699549200
785,outfit.8a9a59a3ebbb46a8bea05ebe9599a1c0,1633021200
7118,outfit.8022397c5e3d4ab4bc8e421da9236d29,1702486800
6885,outfit.5862a9386cbc4ff29e9892f49274c243,1607619600
6885,outfit.60c345cbd0924fe7800ac38922a74cb1,1607619600
3147,outfit.53bf6ed2516f473a87497e8170d4c8e1,1659805200
7104,outfit.81deff5bfc08479c9c4335e194c5c4d6,1650646800
7104,outfit.df13ea56a17d4fad9fca92caa307b02c,1650646800
5531,outfit.b8311b5c70cc4a46927bae03a650edcf,1641747600
4501,outfit.2a1a34d38ac64414b5d7878a719984e9,1683306000
4501,outfit.db6e87de63f347a0af3ecbf3b7463a55,1683306000
4501,outfit.3230795e6aed435ab96c8fcf5e56fd08,1683306000
2703,outfit.bcc71d0caf95dc33,1663261200
2040,outfit.3e47b084ad704fb5b25b38809fae38a7,1620752400
731,outfit.9aadfc9a1d195c33,1617555600
731,outfit.b0a5d80451942bf5,1619370000
1923,outfit.31c50265a96d4e49aa5394db37e039f2,1608138000
1923,outfit.260d02e82bbd415bbe1e18918e98e0b6,1612285200
1412,outfit.ae7389834f0c49c49b2ef43ff9cc1be9,1638810000
568,outfit.2463040b4a624400a85cd400d0ae0e7e,1634058000
1626,outfit.b463faabc03163c8,1684170000
1626,outfit.bf59641874784125880c58615b5abbaa,1686848400
3259,outfit.29e6b2a21c5946d3a22772aa398a8361,1620234000
3259,outfit.030be8f1ab0549db86e542e2ad08a5b2,1620234000
3259,outfit.74034e464b524fad81e47ac5df3f4aad,1620234000
4240,outfit.2d872cbfe6434c0c9ec15ebfa518a6e7,1637168400
4240,outfit.0b721ca6ffdd489d91fa63f960ca64ec,1637168400
2492,outfit.4688b412bce3457a9c1727fd38ab4a06,1687453200
2492,outfit.3aec93f22b9a450ab7dfc26095abc609,1690045200
6310,outfit.841869bb72cf0dd1,1659805200
490,outfit.4a44a22cc7a8483aa15e978e0139b863,1602608400
490,outfit.b657867a142340aaa12e133d9835c823,1602608400
6287,outfit.98d6cf4fef49ec24,1571331600
2716,outfit.326753f766be46ea82c771b041c4dd32,1604250000
2716,outfit.29c39d6085f345dfbccc23a2f8e274a6,1604250000
1261,outfit.56dec64c8c834afaace780273bbde124,1699462800
1261,outfit.93d7a4479c7f446b80995278ada5874b,1704733200
4240,outfit.29a0d66e916c4bc690cf393bcea980e4,1629046800
5160,outfit.145c644d683b4ccfa07d073d8c4efa6a,1656090000
4463,outfit.31d5bc7c60334b9889e9ed768f05e578,1716310800
208,outfit.98eebea274f23dd6,1635786000
6907,outfit.4d91614bd70b4799a861fe5ea43db494,1659718800
6907,outfit.8bbfae6c08924fb2aafcf709665906a9,1659718800
2617,outfit.32bbe20e948d4839b63aa0f4b540b466,1603386000
2617,outfit.cc30aac83a794a269779fc0b2984abba,1606064400
7110,outfit.925c69db26f6bbae,1711645200
5236,outfit.c71e9a58962a404b9d6c8df867b4b392,1643648400
5236,outfit.bf00e652d6b83df2,1641142800
5236,outfit.55f87279b6a34e24b72a4febad468001,1641142800
5236,outfit.35331fbfbbe04b9ca3dfc1535cf148fc,1643648400
3028,outfit.5c6bcfee583b4d7aa6fa807279637d59,1666026000
3192,outfit.0ed1568a6b6545e4932bee98c84aa544,1639587600
2273,outfit.d26a681dbdd54f448ef373de80e065d6,1660755600
2131,outfit.1b1e586b3bb2432f91b4a2e15dc719e1,1639674000
2131,outfit.dce1b27e6e5944c08b7253d1ebae5a60,1638723600
2364,outfit.ad848f726cd93e66,1715014800
3735,outfit.cf321774b9de4035802e1829303fd3da,1670864400
3521,outfit.bdf0b714576b2118,1685898000
3740,outfit.67a41f76b1dc4cffb6da5e9257d5910b,1583946000
3740,outfit.524627d9e5544cb8ab8c738c64a440c4,1583946000
3740,outfit.ac5bdf39908e44dabf5536871716d1c9,1583946000
3740,outfit.863d6ab504fd48319623a4e6936259db,1583946000
3740,outfit.c71e9a58962a404b9d6c8df867b4b392,1583946000
6361,outfit.65489efb22d947a8865099ddde5b790d,1693501200
902,outfit.9565d4d6787ad71f,1697907600
902,outfit.97f20b8380c34615a30aed080071aa96,1703178000
2812,outfit.a5f369e8f0504905bd14d3a58f8dc8cb,1639328400
4769,outfit.875635fa72e9a84a,1605805200
4769,outfit.dd62d98a9d3e40659b5438f7388d8e01,1605805200
4769,outfit.eb104cb68a534166899c4cce84b0fa55,1605805200
2508,outfit.b04f116bc3224f22a8f17d62934fe2cd,1653325200
950,outfit.77441845458641bcb87eb64f10b76c12,1629997200
2383,outfit.173b6b1204df4f128bcbdd843d91351e,1662397200
2383,outfit.ed5a5a066ca647b6a9aaeb1ec8e7ee87,1662397200
6817,outfit.8ad1c89174094a26bd4cbcfdcad4aecc,1658509200
6817,outfit.2fb54603691a49b498bb904a3b6bb28e,1655917200
6591,outfit.76443d6db496494dbb26ac275ecbdb3b,1675875600
6591,outfit.a841b2acdc119218,1673197200
6591,outfit.b068cf45c37e4aeaa1cff939a86e759f,1675875600
3924,outfit.43d5741ca13a453bb378172945b47fc8,1675011600
3094,outfit.2ea36f84cb12427686eed685f97f2a8f,1603990800
6591,outfit.1dd897589a5148198aea6c403d613063,1665248400
1390,outfit.6b1d1739830a4f3cbe5530716d9890a2,1653498000
3127,outfit.30c1385e9d714fa5b2000abce92e6c91,1638464400
3127,outfit.d5818e8c52bd4bb7ba4f58a76c026939,1638464400
3320,outfit.40b60bd4c9e44c8d9375ef879e7d5f1a,1662656400
1706,outfit.b6a27dfa0198a9bb,1700240400
3094,outfit.1c195032518b4aba942f6b4fb6ae4690,1609866000
3094,outfit.75f72fc891604734a37a5ab96b006367,1609866000
3094,outfit.93fb65b596dc4d628b4812d30178a4dc,1609866000
3094,outfit.29d43c48eee84539b3e1597c9cd55194,1609866000
3416,outfit.8f6c3fbd7db0400caaf95a95ab29a97d,1624294800
3416,outfit.89ce51a125971793,1624294800
6988,outfit.ae922e922588454591edca7cabf0db48,1663520400
2619,outfit.5330ecb4f53c4f7a865f99a6fdd37773,1677517200
2619,outfit.f1a25e8f1def4f2fa805aefcbb91bb62,1677517200
1348,outfit.6fd4e1ca2f474faa9366763ac28adb3c,1648141200
1348,outfit.0eefec8c0c33471d81035d9a79d1d455,1656090000
1348,outfit.d1d9c6d189744cd29dbf2a778da4c399,1656090000
5617,outfit.a50024ea71e6453c9c09d6d65d21a5ea,1681664400
4638,outfit.c1e2e74fb2d84e07bec3185521fbea5b,1630429200
4638,outfit.c51bd8f0c3464297b89ffa73328c3275,1630429200
4638,outfit.39e26260f13d466b946601bafd691d36,1630429200
5169,outfit.4d91614bd70b4799a861fe5ea43db494,1669741200
5661,outfit.fc774521956e43c1b7b989272f5dca23,1675789200
4193,outfit.2d7ae0bf1f84410fa230df577c9ead8a,1636909200
4853,outfit.854021359d3e487ca1c90e5bd126ea0c,1651942800
6526,outfit.925c69db26f6bbae,1720458000
6526,outfit.81ce5109e01d4b7b9f944a3baa35c4d6,1717866000
2400,outfit.599900d12a21423ca2bb8830f498a4bd,1658768400
2400,outfit.fc3f7855aa394fa5945bc8d90b6eee95,1658768400
89,outfit.8399e72f71c74d9683a7416571e032fc,1635786000
3577,outfit.656dc77e8bd948e6bc85d9284c79af19,1626022800
3577,outfit.760624a41d5f48e5a2f749acd6f4568b,1626022800
3227,outfit.4c41406859e04bc7b29036c62ea1b7df,1661446800
3227,outfit.476b7bf9f9a74be3ae1a2152fee9fc3b,1661446800
6303,outfit.a1bd30435ab14461af069cf262f1e1eb,1714496400
7411,outfit.1b4027c5a27d4ac293ccb2377c38d408,1684429200
1684,outfit.925c69db26f6bbae,1628182800
5760,outfit.92f2e542b76f7d6d,1680627600
1840,outfit.021142f5924f4280bd3948268d35db64,1651251600
1840,outfit.021142f5924f4280bd3948268d35db64,1656522000
1840,outfit.9ed854d660862b8f,1661792400
6781,outfit.993dfa12c54fc46f,1641747600
6781,outfit.9f16b609a91c48e3,1636909200
6781,outfit.c1647a6e778d4245931b540ef1505b1f,1636909200
5695,outfit.b227d2e4685f4a56a13c4e43023021ec,1657040400
5695,outfit.b6a27dfa0198a9bb,1657040400
7367,outfit.a8544eb2962547d1bb80da530b4c377a,1677776400
3291,outfit.eeee122cf40b4035b6ee0e26b194c531,1614272400
3291,outfit.ac3e4eefb550471989769e1e4d1683d1,1614272400
1412,outfit.2ea36f84cb12427686eed685f97f2a8f,1636909200
996,outfit.d0c649c31ecc49a18d0cf19d7270073c,1671037200
1354,outfit.839e3ef745704a72a86272840cf862d4,1691254800
7376,outfit.7f256b54c8ab4dbda7cb6cbc915c4ed7,1626714000
3189,outfit.6dea8453a7dd4701830624eeea14bf9b,1682269200
4409,outfit.c9250e31721a4e16842c1c648df90ea0,1714842000
204,outfit.a477b4efb5b14d348d9c07782fa1c26f,1684688400
204,outfit.9abd359ee8d44269ab15d6cbfcd8eb81,1679418000
1388,outfit.c5ded4868d344a5bbf49e5c1a3c136f8,1697302800
5303,outfit.61a93a8506024e779db658f842e26625,1697475600
5531,outfit.3230795e6aed435ab96c8fcf5e56fd08,1646067600
5531,outfit.1b3e2ad0256b4c839afe49dcfcd50b40,1646067600
3669,outfit.9ae9443798cb496ba7848d3c3616ab1c,1642957200
6212,outfit.991252f75331465a9228cea0ae0bb890,1655485200
6212,outfit.305bde2827b34ff192d1271ddb0e50bb,1655485200
6212,outfit.478c7aaed8f8413d9618e508ddd7d59b,1655485200
2121,outfit.4c41406859e04bc7b29036c62ea1b7df,1676394000
920,outfit.28e8c652c74547b9ad1485f752f3e125,1604854800
920,outfit.a94fbc2c00c0d099,1605027600
920,outfit.85a2fe3ce0c532c8,1604854800
1706,outfit.99cc91aeda7eb778,1671296400
1706,outfit.9e3bea6a01d94e03a43bfefac24422e4,1671296400
414,outfit.a452d1cacc3645b79755282595a5887d,1708621200
414,outfit.6c68130ccc5b41a79388037d5bd3004f,1711126800
414,outfit.c38df3caf6f046aab92f3a0af51068ec,1711126800
414,outfit.6c68130ccc5b41a79388037d5bd3004f,1708621200
5342,outfit.9d9aa8d609db476783be7553a9bb706f,1651338000
3988,outfit.bbd662557126462f84e4912812fc1be0,1610902800
3988,outfit.1e33dfb5c66847f29088ba6717b10f75,1610902800
3988,outfit.72b64826af9f427e9b51b108ff3d5ba2,1610902800
3382,outfit.89eec1f4fc5f40f59a6ea4149a4d00c4,1633366800
5208,outfit.34b2a2a9779a47f0a1aff663fe8d1c86,1641142800
6519,outfit.66da7242210f4c3fa7a47285efe37504,1644253200
2856,outfit.74013b892b4a4f75979af28137c31558,1652893200
3103,outfit.1ff1200dca844ecd8ac042bd3363b7c5,1622653200
3103,outfit.c7b2894a9f3c4c568f982ca6c89ea6d8,1622653200
3103,outfit.298b9f94af66454b9f07ebed997e9f9a,1622653200
5342,outfit.3ce016303b474839a95f7375cf891639,1648746000
5169,outfit.a1efdc0d88774773957da6e703852211,1675011600
7270,outfit.09ed7d853d264be0b707417f8ee4630d,1685984400
4638,outfit.a84d98da9b0b4c8d95457d446a4df5fd,1681232400
2273,outfit.fbb003446d3c40a3879b475502a7e104,1640883600
2273,outfit.bc490bc7db204af498825badd2d59285,1639674000
454,outfit.86b2fd508097409d,1690995600
6526,outfit.c815d15af6ba46c580927f9bf81122f0,1694192400
6526,outfit.97d97dbf860e43f8b123511d01711aaa,1688835600
6675,outfit.b6e876bed3cff76c,1597942800
6675,outfit.c9be10d661bc4a4992a6c757b6e75ca8,1597942800
6675,outfit.b768912b0eaf45f19918f8ef07d1bd1b,1597942800
6675,outfit.a935f1495271461689278b60c8d1a25d,1597942800
6675,outfit.e17a0df1f70743e590827d7df93bb7f4,1597942800
6675,outfit.ec471fe2ed734d1fa37ce1b2b0088619,1597942800
6675,outfit.ccae6ec63d494a5eadd0d6b001597c42,1597942800
6591,outfit.67c7e051a163432eadc34be683ea3d44,1709917200
731,outfit.13341577ef954838a87bf016b1501ebb,1625072400
731,outfit.35040533aa374146acdf6819785d4b85,1625072400
731,outfit.1096c0a926c244b39b44ff523a6ad9e0,1628442000
731,outfit.b4e7c58304d74b64b8b2ddf13ba93c6d,1622480400
731,outfit.070bc7bd72154b5a805f52f086fb72ed,1628442000
731,outfit.48b43358755242c4bf529574c171b675,1625072400
731,outfit.b58b4d9011806e34,1625072400
731,outfit.bb72f30cdb4246d1bc47ff8b17cf4162,1622480400
4979,outfit.31d5bc7c60334b9889e9ed768f05e578,1653411600
4979,outfit.98a0bb3110de7f3e,1653411600
1586,outfit.a95a05ea858446c38ffd5535ab65a392,1708016400
2617,outfit.ed9017ac844a486fac95996bcc5b4b84,1611162000
2617,outfit.93d1f684375e6e8c,1606064400
2617,outfit.e6abf593ad3949cd8a2b345ed4249ff6,1603386000
2766,outfit.173b6b1204df4f128bcbdd843d91351e,1698858000
1169,outfit.8cab85b45b23bfec,1688576400
1169,outfit.e4bb08fb4a5f4f11843632fa2a227421,1688576400
1169,outfit.b9f26b79b0eb436fba1e05ca80196e47,1688576400
2556,outfit.2901f306ff3a4e7e8288cc48ec400f5f,1623603600
2556,outfit.4be27307ae1c4611ad56aca101c8a6b4,1622998800
2556,outfit.43e73eedf7134d04afd27ea87948ce03,1628182800
3094,outfit.b1adfc4204c602e5,1671987600
7070,outfit.0f8b461931a94b419de690621a0582f0,1654275600
7070,outfit.60c345cbd0924fe7800ac38922a74cb1,1654275600
7070,outfit.68619657037e49be85070ff82067b940,1654275600
5251,outfit.a7b55780d1764599a3ee339fff38d002,1670778000
3878,outfit.7ff8b8c0f1b447229811fee5dd7ea006,1603126800
4651,outfit.98d6cf4fef49ec24,1630429200
4651,outfit.9341a89b191cd49f,1635786000
4651,outfit.60dced53fd414aec99d569404f19c4ee,1633280400
4651,outfit.ac52d51d1863129e,1633280400
572,outfit.a8fae88d2b7640e2b28161d301fc5e08,1636045200
572,outfit.a40883a05a5d406b985e7ad5451a61b8,1636045200
572,outfit.1e4e6b9f7f984a5f81d68773e0165c44,1636045200
3147,outfit.b6a27dfa0198a9bb,1651856400
5330,outfit.0630ef7d996d4c489b4e54e85bd09e5a,1676221200
5778,outfit.fabaa18896e64e6ba835286d7f1d44e3,1676653200
5778,outfit.9a0283b3b9e34e39a0038cb7b7044c75,1676653200
1862,outfit.92396971987c812b,1641315600
1862,outfit.9481d2d7251be70f,1641315600
7150,outfit.fabccb7729514b23b386e2f93064548c,1627232400
7150,outfit.df1d0f1d24dc4629b4769b6a3dc89b43,1627232400
7150,outfit.9aadfc9a1d195c33,1627232400
2250,outfit.33775c3acbcf408aadc5a2436d0750ec,1682096400
2250,outfit.33775c3acbcf408aadc5a2436d0750ec,1687366800
6550,outfit.7c3e32e564f84de28c9ab8a6f06a2e24,1633885200
6550,outfit.fbb003446d3c40a3879b475502a7e104,1633885200
55,outfit.74034e464b524fad81e47ac5df3f4aad,1638291600
55,outfit.cd92590952d54e1d8b3bec0bbecb901b,1638291600
3510,outfit.a0d1107baf5919d5,1664298000
3510,outfit.27a3cd48834e43b2ad991c05136ee880,1664298000
6650,outfit.5ffeee8526274692af4f97b9018edc72,1714496400
4667,outfit.8ed6ba09f55049c59f9462e07cc30bb8,1610038800
846,outfit.caee00d04a954a69a3cca9e02cf67440,1609866000
846,outfit.a759980bd9c72584,1609866000
846,outfit.97ec221c84bcfbe3,1614531600
846,outfit.31edccd419de4fc5ae6aeb7eed4327ab,1611853200
846,outfit.9aadfc9a1d195c33,1611853200
846,outfit.0d0727d0c03f453495eaa85dc17d382d,1611853200
846,outfit.57e0110f769d47ea863ebea78235fd23,1614531600
846,outfit.9e90ada207a84d58941638aa284a4827,1609866000
846,outfit.b2924603fbe14557b4e7175a3bbe4d5e,1614531600
846,outfit.944185e8eec8066a,1614531600
5130,outfit.240ac09f29724bc58045e16a2721cb8f,1662570000
6601,outfit.b701b51a404a44418a375258167ad442,1707066000
490,outfit.3339007e20b94181807f9570766cde62,1592154000
490,outfit.67a41f76b1dc4cffb6da5e9257d5910b,1592154000
2363,outfit.ad062450831242c091c3cfc78407df6d,1663174800
4193,outfit.978ae36482bb4c1bb32f8a6524cfdb76,1662656400
4193,outfit.a8cd42d443d608cc,1662656400
5695,outfit.5c282a76e71b4edd81ab7579454a9de3,1649178000
490,outfit.d1404a07cbda4bf68dd8d57cb0e32207,1631552400
490,outfit.252b5f88ee66462e9aef2ea071969700,1631552400
490,outfit.b1adfc4204c602e5,1631552400
2465,outfit.badb81ea53ce4b62b54387b26501b6c9,1658163600
130,outfit.dac42acd25b1410aacbf75c85cc6cb7f,1649091600
6940,outfit.94f471a5d48f3464,1667840400
1248,outfit.466afa76adb144b7ad004be6382cfc54,1673456400
691,outfit.b813cd40d27344839e74b8b40ead859b,1592154000
691,outfit.142a3686d9ec47afb71932e592f45a92,1592154000
691,outfit.00c68b581a95458991a876f791e739ab,1592154000
691,outfit.37dfcefd9016441b96537a6b3de58e29,1592154000
3533,outfit.82395c2a3c6732b6,1594746000
3533,outfit.bcfda2c04c124f0084c43aa7169c640c,1597338000
1998,outfit.29c39d6085f345dfbccc23a2f8e274a6,1700240400
6526,outfit.f376dd31f0194adead88365684ce1e14,1662656400
5760,outfit.f7826f04ea8643d3b68964a5ab27b0a2,1654362000
5760,outfit.2d4ed8658aa045b29663902f1e0ce84a,1651683600
5760,outfit.ce331a7cc22d4aaf82548e873c59e6cd,1654362000
4185,outfit.2208707dcf134558b4d335f1e3534655,1669827600
4185,outfit.f1e688d410884ee0940d861fb2f620ac,1669827600
675,outfit.ada6bb8993e7a05e,1645981200
6940,outfit.8a91fcc1f1f612e6,1683478800
864,outfit.113cdf3f57984c3a9cc75afd5bf45c03,1701795600
731,outfit.b6dfe60b7a8c421f9de22342860f17bc,1630515600
731,outfit.3b32e75fb8984ec9ad5d8ccb79999327,1638291600
731,outfit.1bd222290ef949289385cfdc1a02c20d,1638291600
731,outfit.f853a75ce5624944895a17b2f615d138,1638291600
731,outfit.155567585a3c417fa6043924c2867d0e,1635699600
731,outfit.b8c30d318f9d0554,1635699600
731,outfit.83cae242e7d54be496b50e98f34e346e,1630515600
948,outfit.f8be16c68a624ee7bf9a5120adb0cbcc,1672678800
6936,outfit.bf5d4348f69b718f,1643648400
4823,outfit.e11253de97ba42eb819cf53373fcbe8d,1714064400
6447,outfit.afed491afd3e4eafb23afb89ec35c1fa,1636909200
283,outfit.dbe73a98b209457299a8c8591381e1e8,1639674000
283,outfit.8afbb76916e14187b0bc9aaabbc2bd24,1637082000
283,outfit.337f6a0507d640eb8561d28d58cf2f65,1629133200
283,outfit.7ba3a82d83c24f4096668fa3c59b2c54,1639674000
283,outfit.2a4ac5ffa2a44630a5295e135713963f,1637082000
283,outfit.f465c31c406c4fc69448ba6a62d76ea6,1631811600
1735,outfit.48f1cbb3e03247b7bd894690722f655c,1697475600
6981,outfit.16d9e051fdd341a281cf63cac78a51a2,1596387600
6981,outfit.db025960e5494378bd81a48377b0a1bc,1596387600
6981,outfit.ae538ccb6bf14a858b0f66458e592872,1596387600
6319,outfit.fd816aa2311d45c78fd0ab2d663a177a,1685898000
3320,outfit.02cbb0ff0c1348ce9fb9906805fb9049,1662656400
3320,outfit.d2affda3780840e8bab443abbd2e5478,1662656400
3320,outfit.dc0ccd196e79413d9c7216f3970942ec,1662656400
4960,outfit.4cbda361e12e4d65a5fb502dfd38076a,1699462800
2383,outfit.ddf5ea0fe07746eb95e15f4cda0b5e4d,1620320400
7411,outfit.a8175a1b696f4b85,1652893200
6818,outfit.13ed9e9168f247308641b61eb258a756,1603990800
6284,outfit.b6dfe60b7a8c421f9de22342860f17bc,1636304400
6907,outfit.4b2a9c705f844b229cb293ba66c8ddf5,1675616400
3846,outfit.51cc1780e9ef4f33ab4f532f36dc808c,1627837200
3846,outfit.67d14062b639450faef4ae16726d3a50,1627837200
3846,outfit.860daab99091d08f,1627837200
6907,outfit.b82c3360fbcd411683eb135b6450e7fd,1627837200
6907,outfit.cf321774b9de4035802e1829303fd3da,1627837200
6907,outfit.139187a6eb1540b6b2b8aef96bd12601,1627837200
1008,outfit.946ae92e21374e0d8935761e881bb94b,1696006800
3684,outfit.beb7edd11cd741538175c927a81cbf89,1698598800
5398,outfit.5e96c1bc9f964af2b1a6e391db346131,1626022800
1282,outfit.b04f116bc3224f22a8f17d62934fe2cd,1692637200
356,outfit.9e5db8a02f39402aaa9ee148d10ce073,1632243600
356,outfit.ad062450831242c091c3cfc78407df6d,1632243600
3382,outfit.c5b61903ca9849fe830fd86f7cb4da50,1640106000
3382,outfit.ac93e6bc39c341dd9592de80ee57e522,1639501200
3382,outfit.9dc1abebc456d310,1641229200
7244,outfit.8cbb77c85f07443e9c2e6687e4131a45,1622048400
6550,outfit.9b440739a4ab0623,1583686800
6550,outfit.5c6bcfee583b4d7aa6fa807279637d59,1583686800
6550,outfit.be1953ddbefacff3,1583686800
6513,outfit.8fe12d169d14a8ab,1638810000
6513,outfit.b09e135ba34c46daaf3a5495dcec6e83,1633971600
6513,outfit.925c69db26f6bbae,1638205200
6380,outfit.cc03f27af19f42a483a2f03ad997279d,1713200400
6380,outfit.a3d25f31c9758d32,1702659600
932,outfit.e457a3fb8aeb44b99d9ebae19bab9fae,1659200400
454,outfit.222584cb9d104360af5e0faee5eb42ef,1656781200
3721,outfit.8b5a2517b2af41318c55379528814fee,1589475600
3721,outfit.dbfb7bbacf6f4fb1afa5c192c42d19ec,1589475600
3721,outfit.0af9759a37b84904b1335e0847fcbb60,1589475600
3749,outfit.28b064407198448db7149be19f0161f4,1682701200
680,outfit.654e48473404490fbb74d6a48db9ce9b,1652288400
996,outfit.be54589074780d08,1644253200
4020,outfit.bb0b2a2f58aa9f0b,1627837200
2250,outfit.9337c57be08b48f685e77490d17da267,1663779600
3308,outfit.b80845e98ea3453d,1636995600
2485,outfit.f82bfbc5af1c4997956e63f92ea51907,1690909200
2485,outfit.0aab21277b674f7fbb146ca7e853eef6,1680368400
4417,outfit.1233866861b14f0bb1e9116e90d9a492,1619370000
3147,outfit.f311d710c5e84c58ba695897a2d8afa0,1644166800
6907,outfit.46fd30ba34534c96b133e88f257cb7e1,1657040400
1684,outfit.c41b5bc7cfa0435abe71b09cfccc17ea,1689786000
1684,outfit.29a0d66e916c4bc690cf393bcea980e4,1692464400
266,outfit.a841b2acdc119218,1709139600
4834,outfit.9e90f563acb38233,1664038800
2056,outfit.28b064407198448db7149be19f0161f4,1649178000
2056,outfit.804540f3384690cf,1649178000
7409,outfit.c51bd8f0c3464297b89ffa73328c3275,1696352400
4696,outfit.05ee1828c13a47c29f06de6d993fbafe,1667754000
5531,outfit.9c101c6da5bfc6e1,1638291600
5531,outfit.cb167c53fdca444b9b21df883ca7682d,1638291600
5812,outfit.eb6d1ea29ec44d2e83b626e244b8d5f2,1600189200
5812,outfit.63fc53c3d8784dd39553a33d54ff4921,1600189200
5812,outfit.37f5db61da1b4fb0a50472c1ddc442a4,1600189200
1586,outfit.80333429732852d4,1692118800
3147,outfit.a03256f024a5452cb9208a8e2475c506,1625072400
3147,outfit.b49e6f1cc73f48f9a6329311214ee57f,1625072400
3147,outfit.2d872cbfe6434c0c9ec15ebfa518a6e7,1625072400
3189,outfit.63fc53c3d8784dd39553a33d54ff4921,1635699600
3189,outfit.b3c16d971ae140519a806d5e2d47354b,1638464400
3189,outfit.f1a25e8f1def4f2fa805aefcbb91bb62,1635699600
4240,outfit.f1e688d410884ee0940d861fb2f620ac,1631725200
2870,outfit.394609460a3549928924f3a0dc5a6e3d,1700931600
2088,outfit.beb7edd11cd741538175c927a81cbf89,1635094800
5722,outfit.defda56477d1496dacd7a61e447be9c4,1628701200
5722,outfit.09f131a3a13141da9b70638289d27de3,1628701200
1382,outfit.a1bd30435ab14461af069cf262f1e1eb,1600966800
1382,outfit.9632d3d89d835c67,1608483600
6447,outfit.fe07e41596d841c6943aa7819488c565,1641229200
1922,outfit.5ee6b8e1796843248c5ed0284c981f77,1628701200
1922,outfit.f2eb7517a30f4a00843b499d81bab69c,1628701200
1922,outfit.63bcf26d934447e1aa4d53214cef7d4f,1637254800
4452,outfit.a38554cc5999458397c5f190f0f3c38d,1594573200
4452,outfit.8cddb9b88c984068a92d14c539dd24e6,1594573200
4452,outfit.b6dfe60b7a8c421f9de22342860f17bc,1594573200
4452,outfit.12c66a78a00f40a2908e64050f4ad8e9,1600016400
6955,outfit.b8ee247b1864a7c2,1621443600
6955,outfit.f82bfbc5af1c4997956e63f92ea51907,1621443600
6955,outfit.ddb15f8dac0c4e03a7c88805a98cfcc8,1621443600
4522,outfit.80333429732852d4,1691686800
4464,outfit.95cf185dc27fb18b,1681837200
6781,outfit.13db1499701e46f5b6e98d5e6d34267a,1652893200
6011,outfit.9c0b47f4d629c3f3,1656608400
6583,outfit.c5ded4868d344a5bbf49e5c1a3c136f8,1650646800
6310,outfit.84f134b06fbed5a0,1659805200
55,outfit.da552355bfd04649a987a3881b99d09c,1630429200
6591,outfit.439ff276a34d4993ad9cf68d06c67d96,1702054800
4674,outfit.229cc0c550f54fb3b3b937bab2abda35,1666717200
3846,outfit.955f2239f0b38561,1619974800
6285,outfit.92db973be0926d3f,1648141200
6429,outfit.b2e035a8cce61dcb,1660582800
4519,outfit.ceb25ee97e894d46869ca3eb799d48e0,1618333200
4519,outfit.39d30bdd02814cfbae737840b8e01321,1618333200
4519,outfit.bfab4c36b939b526,1618333200
4837,outfit.925c69db26f6bbae,1706893200
2148,outfit.ceda10a556b24c7c9ceeb2cc1601429a,1666285200
3521,outfit.3fb6cd2d1f454b85937d1540dcf212f0,1672851600
3521,outfit.25ff5e5ef4b541d79324a66515f1d89a,1670173200
3521,outfit.7b4f2169219844b0841ffb1a8c602ee2,1670173200
1282,outfit.a5a7231c342d45cca35cf536be58d63e,1682096400
4608,outfit.8428c700eb194931835b34f2860d3432,1604595600
4608,outfit.9a5a00800acbac31,1604595600
454,outfit.611ba8f831e449f0a5bf0dfcc78e35a6,1641142800
3896,outfit.ae922e922588454591edca7cabf0db48,1672506000
6585,outfit.5603265d26874d16a34565f9929cd60a,1603040400
6585,outfit.b9311cecf65f795b,1603040400
6585,outfit.08b19773414e438eba84e8f55c3508da,1603040400
454,outfit.7d273c5424a34a9cb3217beeed7070d4,1688317200
2831,outfit.a0d1107baf5919d5,1650992400
3721,outfit.0af9759a37b84904b1335e0847fcbb60,1589475600
1390,outfit.df1d0f1d24dc4629b4769b6a3dc89b43,1632934800
1232,outfit.f32718341e9443d8a36121a8913ff304,1682787600
1232,outfit.4cbda361e12e4d65a5fb502dfd38076a,1682787600
1232,outfit.6ee6ff4c35ca4e099c7272e8466af23d,1685466000
904,outfit.841f070dd5a12094,1678035600
3312,outfit.2a1a73c9f78d4dd09b2333fde8036160,1616605200
3312,outfit.dbe73a98b209457299a8c8591381e1e8,1616605200
5285,outfit.56e3cc906a444a569d6b057189a361bf,1688576400
5285,outfit.9fcb20cced63441fbee2002faed4ea39,1688576400
7101,outfit.d2affda3780840e8bab443abbd2e5478,1618938000
7101,outfit.88a780cac1d40972,1616346000
6955,outfit.97071c364d1944db8c7ae6a9d768a51a,1675011600
6955,outfit.ddb15f8dac0c4e03a7c88805a98cfcc8,1675011600
4674,outfit.880e71e3568b6812,1636045200
1585,outfit.deb2675432704b1e8048f6f90c102a00,1646240400
1585,outfit.bc490bc7db204af498825badd2d59285,1646240400
446,outfit.a5650c1bada909fd,1608051600
446,outfit.9ed854d660862b8f,1605632400
446,outfit.3c7fb52f06a2409eb3b9b1587c8f6619,1608051600
3040,outfit.b28818ece07e4d079ab89fa18b117415,1670778000
5844,outfit.56dec64c8c834afaace780273bbde124,1572973200
675,outfit.30c1385e9d714fa5b2000abce92e6c91,1606669200
675,outfit.06464642967c4d9fa0f8267dfd3d80c0,1609866000
7152,outfit.8d3343f8c69af77c,1605718800
7152,outfit.14727804dc6945f9baabcd76ad96a744,1605718800
7152,outfit.229f2207dc1e4409af99504f061ca0e7,1605718800
7152,outfit.b4e897cae6915720,1605718800
7152,outfit.e23577f8c36e4693879fd07fca0d0932,1605718800
3458,outfit.efc9e86a0cd84fd28d55609e33bff657,1642006800
2687,outfit.b57192599a0d41f8ab735f40942f16c1,1648832400
2687,outfit.b3b241dbfc6220b8,1651424400
2799,outfit.3b49ff8bbdf2444a83abcdc0fbb45f01,1695747600
825,outfit.bf8385f15d6d468880c5e654f7599cf1,1640624400
1706,outfit.a95a05ea858446c38ffd5535ab65a392,1713373200
1412,outfit.b2924603fbe14557b4e7175a3bbe4d5e,1622998800
1412,outfit.c52099f0269e4b6ebd66b79d3cca1d01,1622998800
1412,outfit.82d7dcf690da4fc09bcf658816bccd3c,1622998800
1412,outfit.9cd6c1a82e884a77b55b6113de55fea7,1622998800
5130,outfit.250a41fd89bf4548bb8c5db06f1cfbf1,1662570000
5130,outfit.a3d5299f391ebf8b,1667840400
5130,outfit.ea3962c74e6e4b578a4fcee30dfa2aa4,1662570000
7244,outfit.3b2ed909c25f4ba28abf27a3ba98f5d0,1645808400
5694,outfit.d04fbe1240ef405c867fb813b5aa8779,1585846800
5694,outfit.3b756132543a45d4a94b9bebb0aaebfb,1586538000
5694,outfit.8cbb77c85f07443e9c2e6687e4131a45,1585846800
5694,outfit.d91c416ae1584028ba0c20f1329bbb97,1588525200
5694,outfit.a647aca5ce17d71e,1585846800
5694,outfit.a294399ed5bfba8f,1585846800
3669,outfit.1dd897589a5148198aea6c403d613063,1666544400
1792,outfit.6ef37d8d2ee744229ed6350d8a94f308,1667754000
4463,outfit.cdca688f6a2b48c598ce6c5459088301,1692637200
4463,outfit.3f9b25249293481cac7469b68f545c7b,1689958800
746,outfit.a5d5bfee852848c18596d844a3a9025e,1574614800
3533,outfit.16e87e3968054dc8824ba7ff56aed7f4,1623690000
6907,outfit.94466aa2cd2e46019ad5a362477e5a66,1625072400
204,outfit.a477b4efb5b14d348d9c07782fa1c26f,1674320400
5695,outfit.925c69db26f6bbae,1622739600
5695,outfit.9cec5087297d4c1fa1a855dd7286ebd7,1625418000
5695,outfit.d751f378f5214d2e941994a9ecc4b046,1620147600
3577,outfit.033340bee3db475eac488884328ec9e1,1639501200
2920,outfit.b068cf45c37e4aeaa1cff939a86e759f,1628614800
1735,outfit.a0361d1da07f4cf4929c58bd45782fae,1671210000
3094,outfit.b22fef4426ce72f9,1674666000
11,outfit.656d8c9767e2417d8fad467465515b5d,1659546000
11,outfit.8d6bd94d09354d22a77928a01bac9d25,1662224400
11,outfit.bd2ab280ed364f26,1651597200
3192,outfit.f11efd8c7b064175b4997b1ab65b5458,1661360400
4067,outfit.88a780cac1d40972,1682528400
454,outfit.8163acb883b84e0182dff9eff43290ab,1654189200
4656,outfit.b45f71cef3bf96b3,1709485200
4463,outfit.a7b955473f2248a8a818455cb08c9e79,1689958800
2273,outfit.56663aaf60aa4b5c8267bed372c72677,1671296400
7409,outfit.ef7ddc016c5c46129c32f5676c077449,1662224400
2918,outfit.d4498e3094f048d8808f056832637685,1688835600
4258,outfit.0d19e03cbaa04339bd57439d7c22ec6c,1665594000
490,outfit.4c96620b5f444f05adcd28bcfd3861d5,1613322000
490,outfit.f66d734ea0fa4854b73f96714fd19ecf,1613322000
1809,outfit.d363ee8631554dccb9ced5babed2ce6a,1695142800
1809,outfit.fd816aa2311d45c78fd0ab2d663a177a,1692464400
454,outfit.84cfd784c9dd4ad6,1662138000
910,outfit.3e47b084ad704fb5b25b38809fae38a7,1595264400
910,outfit.3f2ed80371424e879c455f3eb07fcaa7,1595264400
910,outfit.a3d27b283d42172d,1595264400
910,outfit.5a0e04a9018a4904990fc85f1c8cd1ce,1595264400
910,outfit.3f51dbc828b74034899009dd1a0177b5,1595264400
4193,outfit.4be27307ae1c4611ad56aca101c8a6b4,1639501200
4193,outfit.8e330b28328c4558a9523168b34d4d86,1639501200
6303,outfit.55135c282c3849ac8b06f82861870970,1685552400
6284,outfit.3156bec4c44640bea10e7356936109ff,1628182800
6284,outfit.a3df643414c746ac95399bcdbb1acab6,1628182800
6284,outfit.ae7389834f0c49c49b2ef43ff9cc1be9,1628182800
4710,outfit.992bf5adcd39d953,1697648400
1412,outfit.71cb13dfda4d475b9fcb509ecd701ce1,1647018000
2617,outfit.a9f2bcb6885fe60a,1645462800
3727,outfit.d6896eaf6b734f40943d6cce5d23c1e3,1623603600
7204,outfit.e98a6e485b1941d98e43c0e74cc6885b,1701277200
2040,outfit.ac365138f7722b8c,1618160400
2040,outfit.6e50879668384d469557b1c93bc1d7a6,1618160400
2040,outfit.466afa76adb144b7ad004be6382cfc54,1618160400
948,outfit.3e2f71bc50a94158b8a7280408951627,1648918800
384,outfit.ced7a70fdb8c4168ad6b7264244de2e0,1652115600
2687,outfit.22d9e65ad5d54d439ce97df814e1dfbc,1638464400
2687,outfit.c5b61903ca9849fe830fd86f7cb4da50,1638464400
2687,outfit.b57192599a0d41f8ab735f40942f16c1,1638464400
2687,outfit.b4e582b38a10f6bf,1646672400
5760,outfit.1f534d95ccf6415a8af3b5799dd959e7,1670173200
2102,outfit.fc14b8a036fa4ac196b9160b9b1fe0d2,1633626000
2102,outfit.835db11c96461b2c,1633626000
2573,outfit.594f2f8f9a604c168f60b00506f0cfb6,1607014800
2573,outfit.d78cbfab144149069da04737d98450a1,1607014800
846,outfit.1cac5f6638f140a3bcd41d5c1cf4bdc5,1606669200
3227,outfit.9481d2d7251be70f,1650214800
2995,outfit.b8b6253b118140448c36fb7b55fdce90,1641315600
4656,outfit.bfad6e38299544e991b1c5f0d92073f6,1714755600
3848,outfit.00ec4faf65344485a80b53a650badc79,1626627600
4463,outfit.bbdd99b53f925ae3,1697907600
3577,outfit.9f4279e99f78f984,1623344400
3533,outfit.ba6583e00b16b4b4,1607878800
3320,outfit.f465c31c406c4fc69448ba6a62d76ea6,1683565200
3320,outfit.b75d871f45424868baa650472e43193a,1683565200
1368,outfit.f1ed4ff2e21a436997e35b1c918c304b,1631552400
1517,outfit.e538cc03e9244a16910db1b27f7132db,1632416400
1517,outfit.007a4828b12b40ed9ed3db0c5803b813,1632416400
1517,outfit.208d6c0a12484beaa7d86abbf736d390,1632416400
1412,outfit.1b9ab78223b843e08e1daeb660783adf,1641488400
4667,outfit.d81ef5af6f7b43358348ff1113aeb904,1603213200
6781,outfit.29d43c48eee84539b3e1597c9cd55194,1610384400
6781,outfit.34f5581736934174aa24aa69cefa8653,1610384400
1585,outfit.f45e25a44bdd429991e9186db7fa64e5,1638118800
6364,outfit.9178d6f714280d40,1632762000
2085,outfit.155567585a3c417fa6043924c2867d0e,1671987600
2085,outfit.3f10ec37bde34db685d87cbdb7ad1575,1666717200
1232,outfit.b04f116bc3224f22a8f17d62934fe2cd,1714323600
6858,outfit.8831dbbc9ac4aecc,1652547600
5694,outfit.d4d71ae7c0194db7b38fa774db0981f4,1600794000
5694,outfit.65bf9afca9c94299a8ea0b0b8fc4e03f,1601485200
5694,outfit.992bf5adcd39d953,1598806800
5694,outfit.5242edab1a064713b3c92f329d51b514,1598806800
5694,outfit.80820b9138cd4205885caaa0a65dd6a4,1598806800
5694,outfit.d9c02686a2094291837d95d09384481b,1607014800
3291,outfit.60dced53fd414aec99d569404f19c4ee,1711558800
6177,outfit.4f88de908942498980138fc606c745fb,1683392400
3846,outfit.e4da524a49fe4b5ea3eb8983e8dff52a,1622653200
3846,outfit.1f534d95ccf6415a8af3b5799dd959e7,1633280400
3103,outfit.89a1a2941012477c83e6f9aaf2f144c8,1625158800
3103,outfit.4448e1b8445d4f75803151b3794492b6,1625158800
3103,outfit.1a05c2e6ba8c4de28923f683bef9c1ae,1625158800
3103,outfit.d7f1bc7197b6469db1b9c4faf4071cb7,1625158800
3521,outfit.c71e9a58962a404b9d6c8df867b4b392,1675530000
6304,outfit.0b544c65a87645459ce9844f749e178f,1614877200
6304,outfit.756c7b6b56d64e75a760eefb71b200ce,1620147600
6304,outfit.75fd35081c884af28940d854e0a8c67f,1617555600
6304,outfit.92396971987c812b,1620147600
2492,outfit.535d7a56f1a44289b93c6bd46f656d8f,1674406800
1201,outfit.1185a02614b947abbd217a5ba0b05a67,1634144400
1201,outfit.44c8e590e1df4f6ab23cf81b9ed39374,1634144400
266,outfit.767c953e45b8447eb7ff8d44dd5b65e1,1709139600
1544,outfit.1b1e586b3bb2432f91b4a2e15dc719e1,1659114000
2085,outfit.f4a5306ea45d4ab9b40340f016bab653,1669395600
2085,outfit.cafdca5ad56a4f6ea824cc20fab5b5ae,1661446800
2085,outfit.8e2e2acae5583042,1666717200
6447,outfit.afed491afd3e4eafb23afb89ec35c1fa,1635094800
606,outfit.d3739869edc74a0a855e399f5b75a567,1658768400
4472,outfit.cd218662a26c4c29b372ed1563cf0ced,1699203600
804,outfit.b49e6f1cc73f48f9a6329311214ee57f,1638291600
804,outfit.bc5aa99812bd420fae43972060ba092e,1638291600
804,outfit.ebfe6bcdfcb7442686f24eecaba39c1c,1638291600
872,outfit.9aa24eb08db9447da1e6f285b151b357,1655398800
2681,outfit.be1e83bfcede6836,1639933200
55,outfit.139187a6eb1540b6b2b8aef96bd12601,1651770000
55,outfit.ae647cff261c11fe,1651770000
4724,outfit.a647aca5ce17d71e,1666112400
2340,outfit.085fb811e8144319a18fe29c43325329,1616346000
1586,outfit.a0358734a2b24bf6b531d86101378b7d,1678899600
1219,outfit.8924eb037bcda8d4,1666285200
6706,outfit.f60a93dd961d4856a6d40e366ef90717,1596387600
6706,outfit.59f5e44d06e04f8994127e5f6cc8c05c,1596387600
6706,outfit.29d4c138b56e4579898dbb7f47f6cafc,1596387600
6706,outfit.aac7f6af58ec7121,1596387600
6706,outfit.8453b72506b144b2,1596387600
3510,outfit.820179fa25670e17,1690477200
446,outfit.925c69db26f6bbae,1571936400
3093,outfit.f5fb40c43d174f799509d01145b1ed1f,1653843600
6885,outfit.89eec1f4fc5f40f59a6ea4149a4d00c4,1602608400
5222,outfit.a38b3b3e20364b78bfcf0bb1eadcc0e5,1695488400
5222,outfit.8609dd7995e147efbdf631d515d34bed,1695488400
3769,outfit.a4a8f76f18ed4907ba632600bd676db4,1705338000
6526,outfit.931ef0d0cada4965a8ea693f7a520b64,1691514000
416,outfit.16d009b7c441450183dbace1c9e64dce,1654534800
416,outfit.1c434db5b4cc42b8a656625c4d93fba4,1654534800
3727,outfit.30a3ca6bb1c44394be44eff0548ed968,1652461200
5309,outfit.ad428eff809e2480,1652979600
4656,outfit.1023091eb7324562a4153373934bcb64,1699030800
5100,outfit.f376dd31f0194adead88365684ce1e14,1636995600
4564,outfit.05164954243a4c5cac4930572105ed27,1637254800
4564,outfit.eeee122cf40b4035b6ee0e26b194c531,1637254800
4564,outfit.896f0af4aaaa4d56a26ab9e37e94ad14,1637254800
5100,outfit.9cfd3798e4b27f4c,1652720400
5100,outfit.4d91614bd70b4799a861fe5ea43db494,1652720400
5100,outfit.93fb65b596dc4d628b4812d30178a4dc,1652720400
1626,outfit.d4498e3094f048d8808f056832637685,1676480400
4020,outfit.a8083cd1fd8b4da982f6f8b6364d96a6,1635786000
6907,outfit.599900d12a21423ca2bb8830f498a4bd,1657040400
6907,outfit.a9d10e9af13c4e6d84c8b49d1dbd872b,1657040400
1684,outfit.dad7a49a6dd54b0797b841af3ffaad7f,1637600400
7411,outfit.e14ebf07096246dbb7bf4e241b4c5b32,1623690000
2812,outfit.f4a2cebc0a544c9abc6305e9bd33b9c6,1684602000
2168,outfit.98296ce41570cae0,1666890000
996,outfit.7f44b4762bda4246a1aa7cd533047141,1652547600
1881,outfit.0ed1568a6b6545e4932bee98c84aa544,1692982800
3749,outfit.41e3a8155d734aa8a3c114e1dfbefe1b,1627578000
4674,outfit.0c3cac26eb674e35a4602a369b146592,1607533200
4674,outfit.95736bee85ac4163ad8a60e8e6a0ddf5,1607533200
2762,outfit.915272dd8393bc1d,1638810000
2762,outfit.92396971987c812b,1633021200
2762,outfit.e1a782a63cf54c7aa654d30392da1daa,1641488400
2762,outfit.a95a05ea858446c38ffd5535ab65a392,1635699600
2762,outfit.c5a8b5900a2744589424bd5f8494497b,1635699600
2762,outfit.af4a7934c1e143efa7ff6dae227cc416,1633021200
6526,outfit.3260a6894aef41329983b153a3c022ed,1667926800
568,outfit.e4bb08fb4a5f4f11843632fa2a227421,1636909200
3727,outfit.519b363c010c4157a561e58cf3cd8c07,1686675600
4696,outfit.c560abcbbf2b40edbacbd51dfa99bf58,1649264400
5578,outfit.2055788ae1cb401bb3e88f887d5bd028,1710694800
5760,outfit.03a5ffb8c27947de936564061de3d046,1659632400
3227,outfit.e8f877d97bec44b49a40abd355d69d51,1640538000
3227,outfit.f8e95f5fd1b641a4823ea3c6010e19cb,1640538000
3227,outfit.9b0a47dc97c7ecc8,1637600400
7244,outfit.f23993293d944d1b9bf173ca5be1a409,1677344400
951,outfit.dad7a49a6dd54b0797b841af3ffaad7f,1600621200
951,outfit.e5fd898057d54a5f8373fd8381b33a1b,1600621200
951,outfit.c5ded4868d344a5bbf49e5c1a3c136f8,1600621200
996,outfit.4222d99ee6974151a01942b79f1054f7,1647277200
6303,outfit.682446def1c34a79890b62c1397c7afb,1693501200
3727,outfit.5b1de7457379489c8e57a3c22844550b,1683997200
1041,outfit.9cb602e5b83949d49bc50bbbfa5b7d04,1620838800
3053,outfit.338c7b24bb1140d7aa47279c9490cfe7,1610038800
2273,outfit.fbb003446d3c40a3879b475502a7e104,1671296400
6284,outfit.67309f8f5e3b4376a7007b9046c6117d,1592326800
6284,outfit.499d31bd36254c7191245e1d40745824,1592326800
6284,outfit.ce331a7cc22d4aaf82548e873c59e6cd,1592326800
2148,outfit.bb925d82b43cfc38,1671555600
3956,outfit.aa10e3ab93793dc9,1675530000
3291,outfit.c5fa2da94b8a48ce893b4a3722f02cba,1666890000
5734,outfit.9c24784c042d5fba,1636390800
5734,outfit.99495169e3ffdfa4,1636390800
6591,outfit.250a41fd89bf4548bb8c5db06f1cfbf1,1702054800
2846,outfit.47875ce75a2846c29607b0c39bf03327,1643648400
2649,outfit.a2820311cb51576b,1690909200
6026,outfit.d73105249af8497a8400a0f75a825741,1613926800
4725,outfit.a5bbbf5301db4e5b8b1e2532cfd23a24,1711558800
4725,outfit.98a0bb3110de7f3e,1711558800
6604,outfit.ce331a7cc22d4aaf82548e873c59e6cd,1595955600
2052,outfit.9e28084ee8e94a1d8afe4abe643fa8d5,1632848400
2052,outfit.76443d6db496494dbb26ac275ecbdb3b,1631638800
2052,outfit.8f6c3fbd7db0400caaf95a95ab29a97d,1631552400
4960,outfit.e89fab0bbc574d6c89242ff808d537e6,1638896400
7181,outfit.b09e135ba34c46daaf3a5495dcec6e83,1701018000
3123,outfit.8cddb9b88c984068a92d14c539dd24e6,1650214800
3259,outfit.f6eec8c3af9e43228f79ed7b49dd4633,1630602000
3259,outfit.15f39d4408a449febc2bd0d1afbb0f1f,1630602000
3259,outfit.b49e6f1cc73f48f9a6329311214ee57f,1630602000
996,outfit.a3d27b283d42172d,1645722000
996,outfit.9739950a93f6aa90,1645722000
996,outfit.817cf154a066e6e0,1645722000
996,outfit.ad6f853b5c31b6f5,1645722000
996,outfit.39e26260f13d466b946601bafd691d36,1645722000
7089,outfit.0a2e52320225494eb85a5488ff0dafd7,1622998800
3518,outfit.eb104cb68a534166899c4cce84b0fa55,1681491600
7082,outfit.1e7c61174cd245a19c01b630fce9d8ac,1697216400
3094,outfit.c815d15af6ba46c580927f9bf81122f0,1677344400
4824,outfit.f11efd8c7b064175b4997b1ab65b5458,1662397200
4137,outfit.8ad0bb9029424a069f82d58c44b0d7fa,1638291600
1412,outfit.ef9f4ad754194793ab95e6c30f5606ae,1628442000
2884,outfit.6537917dc4e440fcb5793037388b3d7f,1701968400
4608,outfit.071f256faafb419a9d235186bcf44c81,1594141200
4823,outfit.c5ded4868d344a5bbf49e5c1a3c136f8,1695661200
6526,outfit.deb2675432704b1e8048f6f90c102a00,1694192400
4960,outfit.b22fef4426ce72f9,1667926800
1382,outfit.2ab1a79e73cd419fb4479cea44e12c84,1692032400
2168,outfit.a0d1107baf5919d5,1672160400
1354,outfit.9d470d5e4955bb54,1691254800
6212,outfit.69000b1e14de4f0fa3ab832be40c6f04,1645117200
2264,outfit.250a41fd89bf4548bb8c5db06f1cfbf1,1709658000
3017,outfit.946ae92e21374e0d8935761e881bb94b,1630861200
4824,outfit.e319ab9f2a9143da8cc4defb08ce33cc,1664989200
4017,outfit.aa76777d3b9d4073a342e2093e4ea1e2,1709917200
4627,outfit.d4220f5dd22c4d409d8121e26b11dc99,1663866000
4627,outfit.8f34384795bfc03e,1666458000
5695,outfit.33af134887eb422baed2c7207f9cd5bc,1609693200
2273,outfit.bb1024860d8f559e,1668704400
2273,outfit.72b64826af9f427e9b51b108ff3d5ba2,1668704400
3094,outfit.c815d15af6ba46c580927f9bf81122f0,1633885200
1770,outfit.c560abcbbf2b40edbacbd51dfa99bf58,1678986000
785,outfit.853997984302460e92bb9f8335ca5a0b,1680800400
785,outfit.9e5db8a02f39402aaa9ee148d10ce073,1675702800
6907,outfit.f32718341e9443d8a36121a8913ff304,1646067600
6907,outfit.8bbfae6c08924fb2aafcf709665906a9,1648746000
4417,outfit.8632cef7c2524f1ea8f213f5398eb754,1616518800
1207,outfit.9e90f563acb38233,1639933200
1207,outfit.b9bffddb2fa945e6a3d076ea97f1c5cb,1637514000
5645,outfit.b9311cecf65f795b,1664298000
5645,outfit.34afd8b7f33d434c8e0ac2849eab231d,1664298000
1412,outfit.1b9ab78223b843e08e1daeb660783adf,1612717200
606,outfit.f14e9c44441c4a5ca2e109af309be3ce,1714064400
416,outfit.e042570478134b1bb5b4be84c6a87e97,1636045200
416,outfit.e6d04857b6e54eecbd905c7e8093c960,1636045200
5800,outfit.15c97a5fde81407f8cd5be88a178efdc,1688403600
5722,outfit.690dcda28d044c5f8f134ffcb66cc02b,1645462800
5722,outfit.02de6177cfea418b8530f218f554f369,1645462800
69,outfit.0106cbd7e23f41da92e3081146b4ad03,1642784400
3624,outfit.4555578a3d454839a343bd1f6448f523,1693155600
785,outfit.648db79508724c99ab948e953e4813a7,1662483600
1706,outfit.57e0110f769d47ea863ebea78235fd23,1641142800
1412,outfit.2ea36f84cb12427686eed685f97f2a8f,1633539600
2920,outfit.f51e3b6fec2d44f59e21f3dc2334231b,1635872400
2920,outfit.13b4586fba46462abebff1b7b145e499,1635872400
2920,outfit.0e6a4c4635124340b770ca2265f84377,1635872400
6798,outfit.2b9a47fa00e642a1ba23dae6a67ae88c,1705338000
4175,outfit.8428c700eb194931835b34f2860d3432,1676307600
2131,outfit.89fab8d7d294457fa493f087c68b6bc1,1643648400
7244,outfit.2463040b4a624400a85cd400d0ae0e7e,1653498000
7244,outfit.7c8c2504d76d42f4a96766337d3dac03,1653498000
6642,outfit.9b440739a4ab0623,1614618000
2534,outfit.7ae84d76f8634068b358e5f723942fa0,1635181200
3359,outfit.ae3c94e801eb4aebb7c3714ec981521c,1693933200
5208,outfit.defda56477d1496dacd7a61e447be9c4,1636477200
5208,outfit.ce53377b121b4648abc0a3c97e58bff1,1636477200
1374,outfit.1185a02614b947abbd217a5ba0b05a67,1607274000
2383,outfit.5b607271e3ee467bb4188f977c0336b8,1637600400
2383,outfit.d04fbe1240ef405c867fb813b5aa8779,1639328400
7411,outfit.46fd30ba34534c96b133e88f257cb7e1,1625763600
7411,outfit.ecd27d5311ba4d3d95b9b5c3071ed764,1623690000
6706,outfit.7ca0d67e06f7491f926b46e7fbdbd32c,1607274000
6706,outfit.83126fbdb1962feb,1607274000
6706,outfit.beb7edd11cd741538175c927a81cbf89,1607274000
4834,outfit.145c644d683b4ccfa07d073d8c4efa6a,1632848400
7371,outfit.b9478c83693b11a4,1651165200
7371,outfit.cc2a4ea6b82044d2804ee26e593fbc00,1651165200
4880,outfit.63fc53c3d8784dd39553a33d54ff4921,1679936400
4880,outfit.8e330b28328c4558a9523168b34d4d86,1679936400
2085,outfit.cf321774b9de4035802e1829303fd3da,1666717200
3308,outfit.b232dfc2ba4bd49f,1645549200
3308,outfit.0b721ca6ffdd489d91fa63f960ca64ec,1645549200
3040,outfit.1f0ae1de64a54ab8ade3151460b27eb6,1648141200
3040,outfit.48dec5565f454acf903fe1ce1f41a39e,1648141200
4696,outfit.8f18f5ec1142ff1f,1665075600
4634,outfit.4b2a9c705f844b229cb293ba66c8ddf5,1660410000
4634,outfit.3261b5e6c4574ee9aacde7740fde9f7c,1652461200
4960,outfit.713570ccf2364240b906d668908737ff,1652029200
1998,outfit.9e90f563acb38233,1668704400
2040,outfit.f3067ef490224ffba4c9a8b16458c624,1601830800
2040,outfit.e837786453834dce89358fa547d891c2,1601830800
2040,outfit.1233866861b14f0bb1e9116e90d9a492,1601830800
2040,outfit.b6fe67d2c969451f8f1ffc1de395b9d1,1601830800
2040,outfit.d04fbe1240ef405c867fb813b5aa8779,1604250000
2040,outfit.ac3e4eefb550471989769e1e4d1683d1,1601830800
1501,outfit.8e408fb4b2c64525966837c7789f2965,1657040400
1501,outfit.151898f52a9a4e1a9862b376db9195e9,1657040400
5430,outfit.a6b9c3792d6a4ad4,1693674000
6310,outfit.142a3686d9ec47afb71932e592f45a92,1636045200
502,outfit.2386f5b10f544de1a8f7a53a4b3bb92f,1666112400
2207,outfit.3c0e2b952c024f85b23f3db26403df81,1707325200
4725,outfit.8273c17c394043b8affdf5c04ee019ed,1703696400
6303,outfit.29d43c48eee84539b3e1597c9cd55194,1672506000
2022,outfit.24d73455126347c3b71e4b1ebb1ed3fe,1670346000
2383,outfit.ddf5ea0fe07746eb95e15f4cda0b5e4d,1662397200
5615,outfit.ae7389834f0c49c49b2ef43ff9cc1be9,1719939600
6304,outfit.3e2f71bc50a94158b8a7280408951627,1703437200
2402,outfit.ae77f7b917ff4730a2300bf43f24735e,1592758800
2402,outfit.9a52065e9e7b4814bb5707173819674f,1592758800
2402,outfit.235240be067b4381b6441e39d0023721,1592758800
2402,outfit.25cf652454ab4f9fa1b636cbd555cfa6,1592758800
6284,outfit.4c41406859e04bc7b29036c62ea1b7df,1614099600
6284,outfit.9e3bea6a01d94e03a43bfefac24422e4,1614099600
6284,outfit.a3d27b283d42172d,1614099600
3312,outfit.4238aa017620494dbe0724f9b8f8f702,1634230800
3312,outfit.819fe443b574445a979f4f0571a65677,1634230800
2488,outfit.adeaa758e4b292c5,1638810000
215,outfit.34f5581736934174aa24aa69cefa8653,1635699600
215,outfit.439ff276a34d4993ad9cf68d06c67d96,1633021200
215,outfit.4cbda361e12e4d65a5fb502dfd38076a,1635699600
215,outfit.34f5581736934174aa24aa69cefa8653,1633021200
4834,outfit.e96d2e7204fb4c1ea24fe71b3f967e0c,1661360400
1735,outfit.3d22b9aa4bd549b09aa9d7e199d8b14a,1671210000
5778,outfit.7cc6bd8e645a41d2837976a0d09e3ca9,1650214800
5778,outfit.f311d710c5e84c58ba695897a2d8afa0,1650214800
5778,outfit.d3ca7df0bdfc41fa91877417e2eb8315,1650214800
3094,outfit.be3e7c4ec5718d36,1650819600
6284,outfit.007a4828b12b40ed9ed3db0c5803b813,1605718800
6284,outfit.72b64826af9f427e9b51b108ff3d5ba2,1605718800
6284,outfit.76afccd8218448bcb7c5348bf4b76ef1,1605718800
3533,outfit.f39f4017b82e4737b36b3674369af562,1597338000
3533,outfit.e2c4d90753314eddbdf3a836e28a0209,1597338000
3533,outfit.501f59ab11f94aa1a28a566911f8a8be,1597338000
6907,outfit.78778f72774d4269abd8410a9511fdf6,1622480400
6907,outfit.f58adb25909143e9aebc9e35f054988c,1622480400
5800,outfit.6d042743afa04727815f717cce0b2ac0,1685811600
5695,outfit.76720a51e7ef48d38a5240a44d56393f,1606755600
5695,outfit.29c4a457231a489cbffecc33717d3c5b,1604250000
7366,outfit.9739950a93f6aa90,1666630800
4258,outfit.dd290f21f99a4cfd8093a69d25e11778,1670864400
1840,outfit.1d0adb4c93e04425ae2f85e9efc54905,1707411600
2121,outfit.9ae9443798cb496ba7848d3c3616ab1c,1673715600
675,outfit.3f93a64eb5c5449096f841fe5fdc2b8a,1614531600
675,outfit.48f1cbb3e03247b7bd894690722f655c,1614531600
675,outfit.2a1a34d38ac64414b5d7878a719984e9,1614531600
3308,outfit.82d7dcf690da4fc09bcf658816bccd3c,1669136400
6011,outfit.63fc53c3d8784dd39553a33d54ff4921,1646067600
6011,outfit.6962210a388343c2a203996ee7a30eb0,1651338000
6011,outfit.e9319dccf9234668a6951834dcaff863,1648746000
6011,outfit.a022100a2a964f4d9b262749de0b15d4,1648746000
6011,outfit.afd208ad6e2c4771910f427504e634fe,1646067600
6011,outfit.96520672b1fc4ebdb9bd3b431609192c,1651338000
4464,outfit.bae42664f07a447e,1713459600
892,outfit.462ca91031c54d7593a2e3d1da41aba9,1634662800
5330,outfit.d9c02686a2094291837d95d09384481b,1647104400
5330,outfit.ceda10a556b24c7c9ceeb2cc1601429a,1647104400
2812,outfit.dd04098010f74a67ac9bf82eeb4b976c,1682010000
2812,outfit.c71e9a58962a404b9d6c8df867b4b392,1682010000
6907,outfit.b80a7f8948aefe75,1701795600
6925,outfit.07602873909f41b6a572fb50dc042dbd,1612371600
6925,outfit.981387ce664649c08f8c79dc4e8339d0,1612371600
6925,outfit.0f9681d7171142aa84399d37dc7b4ed3,1612371600
6925,outfit.25847fedcdc640569e0b07e0b38fef30,1612371600
7026,outfit.23596174e2b1478385adda8f5f48416f,1608051600
2796,outfit.09a274c103524f30bd8e3fcc3cbab7c1,1658768400
5657,outfit.774b95bb02cb4be0b92d2a232bdb8b0f,1649178000
2329,outfit.95b998c29f9af2fd,1658422800
6940,outfit.6b027f465816489f83945f85bd6f1c17,1659891600
6918,outfit.5eda9383bba2444aa517f17c3edd4453,1612976400
1553,outfit.04bac9c52e4f40ba95d8a044093fcbe6,1629046800
4073,outfit.f102748bf7fe46a2a9a3eb170410b6bb,1699462800
568,outfit.893fa92eb13185cf,1628787600
568,outfit.7b28d52de2cb4e4f8b00b14dd8512644,1628787600
5342,outfit.74013b892b4a4f75979af28137c31558,1651338000
5379,outfit.524627d9e5544cb8ab8c738c64a440c4,1642352400
5379,outfit.071f256faafb419a9d235186bcf44c81,1642352400
731,outfit.f5cdd470173a4cbb913353aac985eebe,1649437200
3846,outfit.2f5079f4f8384977a9ac6bb4b465c23c,1630429200
3846,outfit.372a132f8fe4463f8fdb8d7a8b3f5206,1630429200
3846,outfit.ada6bb8993e7a05e,1630429200
4899,outfit.884baebe6e734dab8add17543073a9b7,1602608400
7198,outfit.31c50265a96d4e49aa5394db37e039f2,1658595600
1277,outfit.9e5db8a02f39402aaa9ee148d10ce073,1659286800
4858,outfit.ccf6f723db264c30b9e45b89203c4a28,1603213200
5430,outfit.6b027f465816489f83945f85bd6f1c17,1620752400
5430,outfit.3f4efea108664d0fbdd0ebe5d724e275,1620752400
4638,outfit.d19ff6b2b8cd4521b1419e4e80cf3ac6,1704992400
7104,outfit.071f256faafb419a9d235186bcf44c81,1661187600
3308,outfit.b09e135ba34c46daaf3a5495dcec6e83,1640883600
2148,outfit.d8cabdaf5af9426dad953821aefb0ba8,1679331600
3875,outfit.3192a1f5ab4b41c4ac530502ee7f5720,1628442000
3259,outfit.8399e72f71c74d9683a7416571e032fc,1608224400
3259,outfit.ac52d51d1863129e,1608224400
3320,outfit.fabaa18896e64e6ba835286d7f1d44e3,1665248400
3320,outfit.5e1b9778e36d475699772148e5d4e27b,1665248400
4853,outfit.be837201dbe28113,1632416400
4853,outfit.1f534d95ccf6415a8af3b5799dd959e7,1632416400
1749,outfit.6d833760ff474c4aabb2a201138e0f2b,1707498000
6591,outfit.ae538ccb6bf14a858b0f66458e592872,1702054800
2488,outfit.98a0bb3110de7f3e,1641747600
572,outfit.cb29aca3f7be4551b07a9d1b02957e02,1683824400
996,outfit.4222d99ee6974151a01942b79f1054f7,1665766800
996,outfit.1af9826548074bb894ddfd86db27c9d9,1665766800
7019,outfit.f14e9c44441c4a5ca2e109af309be3ce,1696525200
1792,outfit.8fda8ef6cb62ebcc,1699290000
3028,outfit.173befabe7a14130b0e646ca4152150c,1645030800
3028,outfit.173b6b1204df4f128bcbdd843d91351e,1645030800
6429,outfit.9e5db8a02f39402aaa9ee148d10ce073,1665853200
3041,outfit.bb925d82b43cfc38,1643907600
3041,outfit.7a9ac6aae6de40d4b1a260d95de95988,1644166800
3041,outfit.ae9518aba2aff33b,1639328400
2649,outfit.7ee7542297f944ecb49f4fe5b44728f7,1698858000
7114,outfit.ede0d0fd9315467c868825bcb20d2fe6,1665766800
1248,outfit.e7180235b62040eb9afeab19f74c5a73,1595437200
1248,outfit.a1b5b9335a89a082,1596474000
1248,outfit.e5c71f9ecf564fb39b2815a07e3c7fd6,1595437200
1248,outfit.208d6c0a12484beaa7d86abbf736d390,1595437200
1248,outfit.d601b0879a3a43b2ae6ff76706b2510d,1595437200
996,outfit.9739950a93f6aa90,1657818000
7114,outfit.b21aec5d36074eb790d69c5c40b7d77c,1694710800
6591,outfit.ae538ccb6bf14a858b0f66458e592872,1715187600
1792,outfit.dc7abe1bb20f423a8356cb4d089c56ff,1694019600
1792,outfit.a0d1107baf5919d5,1694019600
4218,outfit.2a307327642c41fda6f4f1b9d8a8080a,1698253200
4218,outfit.ac93e6bc39c341dd9592de80ee57e522,1692982800
1505,outfit.a83b27ea0df44e4d9773f8e7b5096ab9,1663002000
2492,outfit.54c23fb221d148c4857e02fb58720530,1703264400
2492,outfit.545462e5cd734b21abc149863a03464a,1705942800
2492,outfit.31661e90877148d9bbe3846f087063f7,1713805200
2492,outfit.f27151c499074c518cb0400cd3f2795d,1708621200
4193,outfit.3b8a8f44f52f4b92b4935f08f4d2b9d7,1647277200
5879,outfit.924f4c42857340e68e7e874fcd5c6775,1632157200
5879,outfit.09a274c103524f30bd8e3fcc3cbab7c1,1632157200
6051,outfit.3c0e2b952c024f85b23f3db26403df81,1711990800
1922,outfit.d0faaa3486494e7d8ee3298104bc8adb,1652893200
6977,outfit.b8d5df5f249150ce,1678813200
6977,outfit.ef5fdc0209e74d39a8a24fcd05cbdce6,1678813200
6447,outfit.f82bfbc5af1c4997956e63f92ea51907,1646326800
5760,outfit.cf321774b9de4035802e1829303fd3da,1696438800
3624,outfit.6e2a3eeffbf4433c9d6e5085d8c083f2,1711558800
3814,outfit.d9c02686a2094291837d95d09384481b,1602176400
3814,outfit.8f6c3fbd7db0400caaf95a95ab29a97d,1602176400
3814,outfit.0aff63d7a5bf451ca706cfa53ced453a,1602176400
4336,outfit.5c6bcfee583b4d7aa6fa807279637d59,1645981200
4336,outfit.1be9b916bb1f44f7a9d120b4ef62c871,1645981200
4336,outfit.d751f378f5214d2e941994a9ecc4b046,1645981200
4336,outfit.1cac5f6638f140a3bcd41d5c1cf4bdc5,1645981200
2846,outfit.e4da524a49fe4b5ea3eb8983e8dff52a,1655658000
1684,outfit.8c5e53894f0ca50e,1666198800
4638,outfit.219dfc82879a4c95a5e46cd7e35dcef3,1712854800
1336,outfit.c8899e358d4846b5b5973cc0f9342aed,1682096400
1784,outfit.f062df328d7842e4bc5b0c41e309393b,1708189200
2383,outfit.8f34384795bfc03e,1642698000
462,outfit.3fb6cd2d1f454b85937d1540dcf212f0,1624554000
5760,outfit.34f5581736934174aa24aa69cefa8653,1667581200
2617,outfit.4c4c5965b02c4457a057b341d33a5c71,1637514000
2617,outfit.9739950a93f6aa90,1637514000
3357,outfit.e965f8f929a345ecab825313cd4b3f24,1695229200
7050,outfit.8273c17c394043b8affdf5c04ee019ed,1638464400
3956,outfit.9387d05b47f906c5,1707066000
4107,outfit.cdca688f6a2b48c598ce6c5459088301,1605718800
4107,outfit.a97aa7b0e06a6908,1605718800
4960,outfit.113cdf3f57984c3a9cc75afd5bf45c03,1633626000
3147,outfit.a02f335a26704f80a01232079d662ff4,1638291600
3147,outfit.f311d710c5e84c58ba695897a2d8afa0,1630429200
6781,outfit.342ecd6e76d54f2b8e2cf31ece991f48,1634144400
3416,outfit.ced7a70fdb8c4168ad6b7264244de2e0,1628701200
3347,outfit.d24b8b64d37f4ea29ccc8aeb0c1bbb2f,1583946000
3347,outfit.bf5d4348f69b718f,1583946000
3347,outfit.6b027f465816489f83945f85bd6f1c17,1583946000
7411,outfit.14b7969c5bef4051848ecc977eef38a2,1652893200
7411,outfit.124195196333488e8ba4d195b96ecbdf,1644944400
7411,outfit.25847fedcdc640569e0b07e0b38fef30,1652893200
1237,outfit.5b1de7457379489c8e57a3c22844550b,1646067600
5531,outfit.9e28084ee8e94a1d8afe4abe643fa8d5,1675702800
4067,outfit.5f638bee24e542c2ad2eaef2f5227087,1664211600
2290,outfit.eea233ccf31b454e997d24e78c888869,1706288400
5344,outfit.d628edcdb5d743e09c72d3482c5df99c,1688144400
5760,outfit.374273ffb79943b7be144ceb14529592,1664902800
5760,outfit.81ce5109e01d4b7b9f944a3baa35c4d6,1664902800
5760,outfit.f465c31c406c4fc69448ba6a62d76ea6,1664902800
5695,outfit.b8b6253b118140448c36fb7b55fdce90,1644771600
4880,outfit.e4eb7dca201f42c9b8fae01f44b42c91,1690477200
7110,outfit.113cdf3f57984c3a9cc75afd5bf45c03,1701190800
5620,outfit.151898f52a9a4e1a9862b376db9195e9,1669741200
4258,outfit.b49e6f1cc73f48f9a6329311214ee57f,1660323600
7342,outfit.3b2ed909c25f4ba28abf27a3ba98f5d0,1653152400
5760,outfit.9e28084ee8e94a1d8afe4abe643fa8d5,1693846800
5760,outfit.2846db8e50bc49a7a1b5f37be769f364,1693846800
5160,outfit.93da3bfb33311ddf,1700845200
5160,outfit.b1a8ed1f5b6d4a2f86fb528cc029006e,1700845200
1626,outfit.ddd870ed06d64892af526d056b438894,1665853200
1248,outfit.75fd35081c884af28940d854e0a8c67f,1607014800
3505,outfit.d720fa6c17bf4c688054cbda17336d6c,1630947600
3505,outfit.ccf6f723db264c30b9e45b89203c4a28,1630947600
1083,outfit.03254ea7a2b0485e91a77f415f1d4741,1573664400
1083,outfit.4cd9a6b549d04973a044716c3448b739,1573664400
1083,outfit.8f91b0422939117a,1573664400
2617,outfit.8fc193be35a546b987480b6cb5323beb,1608483600
2519,outfit.925c69db26f6bbae,1600016400
2519,outfit.2684b038d1e64fa1814b56b51b834047,1601830800
572,outfit.8302402a6e8e8e8c,1613667600
572,outfit.83cae242e7d54be496b50e98f34e346e,1622739600
572,outfit.4d91614bd70b4799a861fe5ea43db494,1612371600
572,outfit.b8c30d318f9d0554,1617555600
4193,outfit.7ae84d76f8634068b358e5f723942fa0,1665248400
4193,outfit.8619bf33395941ca8a9e98931e1462ff,1634230800
4194,outfit.37af7c19c13949819ca971b380a9f97c,1664816400
4194,outfit.f28fdb12e7c5455daa2d0de52c9ccd8f,1654275600
4194,outfit.d3f2083ec04f4429bae5660f2a3db238,1662224400
4276,outfit.34afd8b7f33d434c8e0ac2849eab231d,1693155600
4276,outfit.a273058ddb56de19,1695834000
2500,outfit.3eae986d05314414abe4ab66b1f1d94c,1692637200
4183,outfit.ef7ddc016c5c46129c32f5676c077449,1671210000
3649,outfit.69411dca4a39414a8ffc530b2388a761,1603040400
3649,outfit.83e56eb73d8f0127,1603040400
3649,outfit.8fc193be35a546b987480b6cb5323beb,1603040400
4638,outfit.8b19ab819889dc0a,1606755600
4638,outfit.89954cb83fe420c2,1606755600
6526,outfit.d6789556754c4ce084d2fc7c354ae23d,1694192400
6284,outfit.503dfd75a3f84d38901d135120cdf40b,1603040400
6284,outfit.499d31bd36254c7191245e1d40745824,1650128400
2905,outfit.1096c0a926c244b39b44ff523a6ad9e0,1677171600
2905,outfit.1dd897589a5148198aea6c403d613063,1671814800
5236,outfit.b2dc9f23d8d34e6fa62981cf887be220,1635699600
2297,outfit.8db4b3541b97c627,1662656400
2297,outfit.139187a6eb1540b6b2b8aef96bd12601,1662656400
446,outfit.cb5a982c42784a9a834b5f15a47749b8,1641920400
606,outfit.e169ea04d96140928a856fbab4821a60,1690304400
1942,outfit.5df05df81eb54ba999e64c211780b556,1596992400
1942,outfit.1a05c2e6ba8c4de28923f683bef9c1ae,1596992400
1942,outfit.0630ef7d996d4c489b4e54e85bd09e5a,1596992400
1942,outfit.9d97d017a5c747ac89d59efab886369a,1596992400
6885,outfit.5862a9386cbc4ff29e9892f49274c243,1607619600
6885,outfit.8609dd7995e147efbdf631d515d34bed,1607619600
6885,outfit.519b363c010c4157a561e58cf3cd8c07,1607619600
4834,outfit.40f5c15e6ca0486293b24bdf66d40393,1638464400
2273,outfit.39ea3a4ef54640bc97a8ebd89ebe5294,1629392400
2273,outfit.da7886916bfb4f4dae18d06d28aca900,1632330000
2273,outfit.d74a648486b04780b38eb60860b4b974,1629910800
2273,outfit.4ee818d5bdbb409397fa9157da2e96b1,1629392400
2273,outfit.b45f71cef3bf96b3,1639414800
3147,outfit.b45f71cef3bf96b3,1667754000
1998,outfit.a7c0fa89d00d0d5d,1702832400
5760,outfit.aecdd6d2249e8bc7,1667581200
6662,outfit.afcfeb5d7cda41318a080365f05c9075,1630947600
6662,outfit.16d88d0fdcb7455fb6a81ec2639afea9,1630429200
5161,outfit.298b9f94af66454b9f07ebed997e9f9a,1632157200
5161,outfit.f60a93dd961d4856a6d40e366ef90717,1639328400
5161,outfit.e6bbfedb420c40059c5a6515c0f94dfd,1632762000
4409,outfit.a388427605b34a2ab0e19304e54facc6,1699117200
576,outfit.b26dea94dbd147919dbe9c6378c9c52f,1643821200
2870,outfit.feaa16af0f6b4a96b65f8a29ace77979,1687712400
6591,outfit.2e4ccc3463a74e7cb674e891ca098271,1662656400
6591,outfit.a95a05ea858446c38ffd5535ab65a392,1665248400
6591,outfit.e608f9225d314a12a390b165d222cc28,1654707600
3988,outfit.1e33dfb5c66847f29088ba6717b10f75,1599584400
3988,outfit.ed69171af5c648529d89ac51d442646e,1599584400
3988,outfit.a392c1d7863044a69bb57db560056b76,1599584400
3147,outfit.dd04098010f74a67ac9bf82eeb4b976c,1627837200
5615,outfit.76443d6db496494dbb26ac275ecbdb3b,1701536400
5722,outfit.d928300162a4434c84b6a5f5c2da0506,1631811600
1605,outfit.cdca688f6a2b48c598ce6c5459088301,1628442000
1605,outfit.b6f7358d6feb42ceaec950e6b66f4a34,1628182800
2812,outfit.978b0bd3e4cb9afa,1700499600
785,outfit.f82bfbc5af1c4997956e63f92ea51907,1696611600
846,outfit.af7384d7b857af65,1603904400
846,outfit.df04bf46dbd54868a63d2db542a5fa3d,1603904400
846,outfit.1347deaf1e0145ffb1c1fdd0451083a0,1603904400
846,outfit.db025960e5494378bd81a48377b0a1bc,1612890000
846,outfit.2e4ccc3463a74e7cb674e891ca098271,1606669200
1412,outfit.86a3e5e23b984060,1638810000
3459,outfit.55e47b50f0dc4852a5784fffafa63488,1612371600
3459,outfit.11395b1173644fedbcfc219469f27b84,1612371600
3459,outfit.31edccd419de4fc5ae6aeb7eed4327ab,1612371600
4409,outfit.3a5aeafe771d488f84bc18af5db17114,1714842000
5617,outfit.a841b2acdc119218,1692205200
5615,outfit.b5812826d5eb41f39aa282e64b91ebb6,1698944400
3669,outfit.fa20f4d239044e7a922e27c5b5fd9f4f,1700758800
3279,outfit.bd37bc0ed1857fb5,1633021200
1735,outfit.31d5bc7c60334b9889e9ed768f05e578,1668618000
6786,outfit.8bbfae6c08924fb2aafcf709665906a9,1646413200
361,outfit.074a10af152c489ab0ecd8d67fa60fb9,1658509200
361,outfit.a1c4999e99962415,1655917200
3041,outfit.9956752d78a44dea91307b82661d85aa,1670259600
3041,outfit.2392f0645935482bb171c7fd35384587,1667667600
3041,outfit.9685cc11be684ed39ab8edac1e9a822b,1667667600
3041,outfit.9685cc11be684ed39ab8edac1e9a822b,1672938000
3041,outfit.64910701f4974360acc6851b2b0fd7cf,1670259600
2846,outfit.37dfcefd9016441b96537a6b3de58e29,1646067600
5314,outfit.93826cc51216dcd0,1651856400
1138,outfit.a44036e74abd5cb1,1668618000
1138,outfit.a294399ed5bfba8f,1663347600
1138,outfit.6a8a9e4b00374d0e953550820b496573,1663347600
6414,outfit.925c69db26f6bbae,1644858000
6414,outfit.d71dd7d70f184d10b2bc26105f3283d2,1644858000
6414,outfit.bbd662557126462f84e4912812fc1be0,1636995600
1374,outfit.fbb003446d3c40a3879b475502a7e104,1612458000
1374,outfit.23bf2c58e916407987746990096b204e,1612458000
1374,outfit.2fac9258e5a64ac9a7658f54bd2056a8,1612458000
6081,outfit.d928300162a4434c84b6a5f5c2da0506,1602003600
6081,outfit.820179fa25670e17,1602003600
6081,outfit.083b787389954cc09d79eab4ed0424a6,1602003600
4656,outfit.bfad6e38299544e991b1c5f0d92073f6,1693760400
7041,outfit.5494f9123a164880a3ed401be7abcd8b,1641142800
7041,outfit.93d11b40e1db46198d34109e7d0ebfe9,1636995600
7041,outfit.83b1e08b46bf0031,1644166800
7041,outfit.b4e582b38a10f6bf,1637514000
7041,outfit.012a4c0079984d719f3f2626bb60b374,1641142800
3267,outfit.dad7a49a6dd54b0797b841af3ffaad7f,1632070800
3267,outfit.9b0a47dc97c7ecc8,1632070800
3267,outfit.8db90f1e88eb432e9422eaf57fc55562,1632070800
3267,outfit.05a3c99a55404dc8984fde902ccaad18,1632070800
2831,outfit.535d7a56f1a44289b93c6bd46f656d8f,1648314000
1172,outfit.369422f2e567409b88d925e916f3a555,1647190800
4731,outfit.3ae8377476ab4594b00bd3a7790e9549,1665334800
785,outfit.b0d5835cfb6f4f918690a79fd842e7a6,1715014800
2617,outfit.af3cb94171784fff803b50e9a99cd890,1634662800
2617,outfit.0a5a3a2e1ff34f1792e1f2dad95cbc2b,1637514000
2617,outfit.6f038b817a5a4220a8dea6bbc464c4a2,1637514000
2617,outfit.06ac471d39bf42989d65d70dc6e65967,1634662800
2617,outfit.76443d6db496494dbb26ac275ecbdb3b,1639933200
7376,outfit.e837786453834dce89358fa547d891c2,1626714000
2085,outfit.b4e582b38a10f6bf,1671987600
3094,outfit.6f809ac4449f4502a6eee8832eabcb60,1612112400
3094,outfit.1f534d95ccf6415a8af3b5799dd959e7,1612112400
1444,outfit.2846db8e50bc49a7a1b5f37be769f364,1667322000
2892,outfit.d933a0b2120d4102bcfe5f51886dc0e1,1643216400
3458,outfit.7bf81ddabaf04521afae88cc4b70ef8f,1644426000
3267,outfit.a34cdcaefffe44c89674b55f96a03950,1618851600
3267,outfit.f3c849f608834dc0ba962f2a2aa39c9e,1618851600
6212,outfit.e042570478134b1bb5b4be84c6a87e97,1642438800
3669,outfit.0fdacd78ea72476d9688afaa61fc5c42,1656003600
3669,outfit.a2ecd990912ca6bd,1658595600
3669,outfit.43e73eedf7134d04afd27ea87948ce03,1658595600
2383,outfit.4c41406859e04bc7b29036c62ea1b7df,1639069200
4218,outfit.abd7e59260904f73ba0937d81996a9f2,1628787600
4218,outfit.33af134887eb422baed2c7207f9cd5bc,1628787600
4218,outfit.37391d71588c40bd82003f14276d6f92,1628787600
4452,outfit.b934e446df5c498bb47e93a83c8bbc5e,1607014800
2714,outfit.10702960934e47ca8b83d90cb167b470,1632675600
2714,outfit.a83b27ea0df44e4d9773f8e7b5096ab9,1632675600
3684,outfit.dd04098010f74a67ac9bf82eeb4b976c,1698598800
3684,outfit.dd04098010f74a67ac9bf82eeb4b976c,1703869200
2831,outfit.0a769485844446769b0609c505933bab,1661533200
5100,outfit.f376dd31f0194adead88365684ce1e14,1689526800
1735,outfit.12ca1b6aaefb46af8208fe008f3eb4e3,1671210000
1382,outfit.35e53b748ea043f79cd9a2caca3a995b,1608483600
1382,outfit.11c67729744647cea4955a4e21881e05,1611594000
1382,outfit.4b2a9c705f844b229cb293ba66c8ddf5,1614272400
3740,outfit.7cc254ca61fd49189825e315d9507a3d,1606842000
3740,outfit.2a1a73c9f78d4dd09b2333fde8036160,1606842000
6303,outfit.46fd30ba34534c96b133e88f257cb7e1,1661965200
6303,outfit.7c3e32e564f84de28c9ab8a6f06a2e24,1664557200
2250,outfit.3aec93f22b9a450ab7dfc26095abc609,1676998800
7411,outfit.006b61bc5e404f37a41b85e6ae915723,1687107600
2703,outfit.8e0381dffb04d62e,1650042000
6858,outfit.75f72fc891604734a37a5ab96b006367,1707930000
4817,outfit.a92d76f887cc44bd855fd1192a72ef23,1598893200
4817,outfit.a5d5bfee852848c18596d844a3a9025e,1601658000
4817,outfit.9b4637003c444b1d9c75e5eb5487d669,1601658000
4817,outfit.f5cdd470173a4cbb913353aac985eebe,1598893200
4817,outfit.fc591bc905fd4943a8d1022f6576efe1,1598893200
4817,outfit.9d97d017a5c747ac89d59efab886369a,1601658000
1518,outfit.d002aedf1e0d4058aaa82dabbbd74c52,1693328400
576,outfit.060cbfa6f9024404bd6a4ed96b7bd41b,1658854800
576,outfit.f22393069eb34b0e9b70e5d2501bb668,1658854800
576,outfit.3c7fb52f06a2409eb3b9b1587c8f6619,1658854800
576,outfit.bcdb248c57283524,1658854800
2617,outfit.84cd1706c63f4fb686232cb5d102d36c,1632070800
2617,outfit.e6abf593ad3949cd8a2b345ed4249ff6,1632070800
3896,outfit.0af9759a37b84904b1335e0847fcbb60,1669827600
2329,outfit.9c101c6da5bfc6e1,1661101200
2329,outfit.b28818ece07e4d079ab89fa18b117415,1661101200
4471,outfit.81e2654ac69b478bbeecd08e8348c6da,1703610000
4471,outfit.31d5bc7c60334b9889e9ed768f05e578,1703610000
731,outfit.f5cdd470173a4cbb913353aac985eebe,1649437200
313,outfit.b768912b0eaf45f19918f8ef07d1bd1b,1680800400
1706,outfit.25cf652454ab4f9fa1b636cbd555cfa6,1650214800
414,outfit.bb9941f03f84490bb44a844ee73753ad,1690045200
414,outfit.c05f7a4778004af4b50ca321d248f1e9,1690045200
2022,outfit.da552355bfd04649a987a3881b99d09c,1684688400
4656,outfit.5e1b9778e36d475699772148e5d4e27b,1696352400
3080,outfit.804540f3384690cf,1629392400
3080,outfit.a1efdc0d88774773957da6e703852211,1629392400
3080,outfit.6d6fe6b3b2514ecc8c47947292874f90,1629392400
3080,outfit.9e3bea6a01d94e03a43bfefac24422e4,1637514000
7233,outfit.81c2ee9d12b442ecbad61d22061364f3,1699549200
2364,outfit.9e90ada207a84d58941638aa284a4827,1643216400
2364,outfit.048fe7f87ee34a4095f2141bd51e3b80,1643216400
2364,outfit.b6f7358d6feb42ceaec950e6b66f4a34,1643216400
7152,outfit.0392ab260e644b338316a915c76e18c6,1610902800
7152,outfit.b45f71cef3bf96b3,1610902800
7152,outfit.6f728ba37a6a48c79e1755dd50f191c6,1610902800
7152,outfit.b0816b262fa40eac,1610902800
7152,outfit.9df5c2cae194400e88fa8072fe524e08,1610902800
640,outfit.29a4e469a1354981b601de67474f6d66,1696611600
640,outfit.6a8a9e4b00374d0e953550820b496573,1701882000
640,outfit.124195196333488e8ba4d195b96ecbdf,1694019600
1706,outfit.32722b47b465460e91c775e73609e78b,1633021200
1382,outfit.aca18f7f7df3a642,1619370000
1382,outfit.142a3686d9ec47afb71932e592f45a92,1619370000
3769,outfit.d89c1051a315434d90b87a3ea5aa1ea3,1655312400
3769,outfit.b619b14568c94d46ac314ae0983703bd,1652634000
6364,outfit.26a9eb230d0b4820a0fcc230f0fe8cf2,1626368400
6051,outfit.f02905d4e5ac4f7e8d6e47288d92c154,1675270800
454,outfit.86b2fd508097409d,1645635600
731,outfit.6753fee0b6894243869c63032302de22,1649437200
1382,outfit.abe970f711444589b6ce9e81bf35615d,1608483600
1169,outfit.7f12d0cbd88d440f84b259599e625b69,1685984400
1773,outfit.d751f378f5214d2e941994a9ecc4b046,1696525200
3094,outfit.4b5c2be520b045e490ca17fcb9d87b90,1606410000
3094,outfit.fdc3cdbad50644ad97fc0a903f967e15,1609866000
3094,outfit.a95a05ea858446c38ffd5535ab65a392,1606410000
3094,outfit.5a7e3301a60341d0957331a181335cff,1606410000
3094,outfit.81e7d3487b0e4c3b80aa064790d9992a,1606410000
3094,outfit.a6b9c3792d6a4ad4,1609866000
1922,outfit.260d02e82bbd415bbe1e18918e98e0b6,1626282000
1706,outfit.6f809ac4449f4502a6eee8832eabcb60,1638291600
1706,outfit.2901f306ff3a4e7e8288cc48ec400f5f,1638291600
1998,outfit.688665113d8c4d13bae1db16e822454c,1663434000
5694,outfit.fdc3cdbad50644ad97fc0a903f967e15,1641142800
3320,outfit.9481d2d7251be70f,1683565200
5144,outfit.5b1de7457379489c8e57a3c22844550b,1632070800
7009,outfit.37886c165da3410ca29761ac81f95bf9,1652115600
4819,outfit.95b998c29f9af2fd,1644598800
4819,outfit.d78cbfab144149069da04737d98450a1,1644598800
4819,outfit.935ea85c252f9586,1644598800
262,outfit.875635fa72e9a84a,1643043600
948,outfit.9e20be28268142a1a6a917fe7ae1b237,1648918800
6817,outfit.9a0283b3b9e34e39a0038cb7b7044c75,1671728400
4336,outfit.28b064407198448db7149be19f0161f4,1661792400
4336,outfit.5bf05f8589804ae290c997e60400cb6c,1664470800
4336,outfit.767ecbf6b9bb4969ad78de1a78dbf039,1661792400
4336,outfit.d24b8b64d37f4ea29ccc8aeb0c1bbb2f,1664470800
4634,outfit.98aa99e47dee4f019d8b2620a9745f98,1660410000
3189,outfit.1c78096241a04da2bb89cb692f3953b0,1645635600
1382,outfit.af3a5e4cc2959d66,1643130000
5695,outfit.4ee818d5bdbb409397fa9157da2e96b1,1620147600
5914,outfit.326753f766be46ea82c771b041c4dd32,1685206800
3749,outfit.09b4eec28e5c4672ae712982a2a32bfe,1645635600
3749,outfit.e5fd898057d54a5f8373fd8381b33a1b,1645635600
5160,outfit.cdf556b326334303a52f2df9eb42dd3a,1645722000
4463,outfit.359ce2bd2e40491686ce3ebc4a13ead6,1684688400
4463,outfit.5b56622d721d4a359d14507923450d0f,1684688400
4463,outfit.a40883a05a5d406b985e7ad5451a61b8,1692637200
4746,outfit.f32718341e9443d8a36121a8913ff304,1662397200
4746,outfit.961a17ab05934b81a815e365bfe692d4,1662397200
4464,outfit.c93e99cc15dc4420994f40954bf9d8a8,1697648400
7367,outfit.23596174e2b1478385adda8f5f48416f,1675357200
2168,outfit.8a91fcc1f1f612e6,1669568400
996,outfit.a7b55780d1764599a3ee339fff38d002,1676394000
3624,outfit.e7f85074d17849e8acb4fa1eaa62bcf0,1658941200
3624,outfit.ce53377b121b4648abc0a3c97e58bff1,1658941200
6940,outfit.8feb7001275554c8,1673110800
6940,outfit.229cc0c550f54fb3b3b937bab2abda35,1673110800
3896,outfit.0af9759a37b84904b1335e0847fcbb60,1677603600
3896,outfit.80820b9138cd4205885caaa0a65dd6a4,1677603600
3308,outfit.ada6bb8993e7a05e,1635440400
3308,outfit.2b9a47fa00e642a1ba23dae6a67ae88c,1635440400
5531,outfit.80333429732852d4,1633021200
5531,outfit.f75f6043c5814e998e72b925ef7a21dd,1633021200
5100,outfit.6b8d0d5720af4e33af8dff7afe7b0ed3,1676566800
1382,outfit.af3a5e4cc2959d66,1668445200
6081,outfit.97ec221c84bcfbe3,1604595600
6081,outfit.af4c1536e8d62d77,1604595600
6081,outfit.8d6bd94d09354d22a77928a01bac9d25,1604595600
2714,outfit.3ae8377476ab4594b00bd3a7790e9549,1638291600
1374,outfit.db019075c1344988a8148ff887ce6534,1607274000
1374,outfit.37391d71588c40bd82003f14276d6f92,1607274000
1374,outfit.e5503fe6f5f243fc90c526bcdb75c942,1607274000
1878,outfit.945c07b5abe74714bf79b94a7b9a9383,1653584400
1878,outfit.127cbdac62d948a1827499f13034becf,1653584400
1878,outfit.43d5741ca13a453bb378172945b47fc8,1661533200
3727,outfit.af0ed14f93f042fa8c43dc0ff2da97e6,1673629200
3727,outfit.ed9017ac844a486fac95996bcc5b4b84,1673629200
3510,outfit.2cc1bf3b23ce4811b7cc78ec9e50c379,1685206800
3510,outfit.2cc1bf3b23ce4811b7cc78ec9e50c379,1682614800
7089,outfit.7f13839eeae444e79acb75451f623074,1639069200
266,outfit.bf8385f15d6d468880c5e654f7599cf1,1711645200
1792,outfit.98296ce41570cae0,1701882000
675,outfit.9b7e2e060c874d3287c4cee69860679a,1711990800
2619,outfit.5330ecb4f53c4f7a865f99a6fdd37773,1698426000
1710,outfit.8302402a6e8e8e8c,1603213200
1710,outfit.2392f0645935482bb171c7fd35384587,1603213200
4823,outfit.ccf6f723db264c30b9e45b89203c4a28,1698253200
6319,outfit.3f51dbc828b74034899009dd1a0177b5,1627491600
4725,outfit.ceda10a556b24c7c9ceeb2cc1601429a,1693155600
6955,outfit.d5dec0c3b00d49d991202de754c91ab7,1648659600
99,outfit.d948ea24ce8a484db5bd640400d50cce,1629046800
99,outfit.89fab8d7d294457fa493f087c68b6bc1,1637514000
99,outfit.a3d27b283d42172d,1635181200
99,outfit.e18310c477cb4fa38cd9ba31e9997c4f,1635181200
4725,outfit.b401ac00dd8e441c8e698a5eaad7a645,1679936400
4725,outfit.851c21ffa4468a82,1679936400
4725,outfit.3c0e2b952c024f85b23f3db26403df81,1679936400
3735,outfit.22b16afebcf749d08ab2a83d88406516,1686589200
3735,outfit.cf321774b9de4035802e1829303fd3da,1678640400
1382,outfit.7f0e983a1e8f464a8761e005e931fc48,1699981200
414,outfit.c05f7a4778004af4b50ca321d248f1e9,1700672400
3848,outfit.00ec4faf65344485a80b53a650badc79,1623949200
3533,outfit.ced7a70fdb8c4168ad6b7264244de2e0,1605200400
3533,outfit.085fb811e8144319a18fe29c43325329,1605200400
3533,outfit.89fab8d7d294457fa493f087c68b6bc1,1605200400
1382,outfit.ade5433e25b54fbbb66a54f8fe113132,1608483600
1382,outfit.760587419305432581b1c2dd2d29e27f,1606323600
1193,outfit.4060d4c7c61443afa5fd7dc4f18a9aec,1648227600
416,outfit.ff08dd87bf144defaa332eac0bf5bd4e,1601830800
416,outfit.9333d13d00a6460aab2f7ac3da1c96ef,1601830800
416,outfit.e965f8f929a345ecab825313cd4b3f24,1601830800
3053,outfit.338c7b24bb1140d7aa47279c9490cfe7,1618333200
3053,outfit.a95a05ea858446c38ffd5535ab65a392,1618333200
996,outfit.a6275beb200f40c7a6b422d5c8b3d4b7,1713114000
1586,outfit.aa76777d3b9d4073a342e2093e4ea1e2,1671123600
1586,outfit.b7ebd99d748b28d0,1671123600
3017,outfit.7cc6bd8e645a41d2837976a0d09e3ca9,1638723600
6601,outfit.f3067ef490224ffba4c9a8b16458c624,1696438800
733,outfit.d89c1051a315434d90b87a3ea5aa1ea3,1694797200
7411,outfit.892c3befd668414cabc0bda22c3f48ff,1631466000
7411,outfit.bf299b7d8eeed1e5,1631466000
2687,outfit.8e330b28328c4558a9523168b34d4d86,1664643600
2687,outfit.2fe31ac153bc422c945294c342de95a2,1672592400
3357,outfit.92db973be0926d3f,1697821200
1792,outfit.944185e8eec8066a,1614704400
573,outfit.bb925d82b43cfc38,1653238800
3094,outfit.31edccd419de4fc5ae6aeb7eed4327ab,1600966800
3094,outfit.ccae6ec63d494a5eadd0d6b001597c42,1600966800
3094,outfit.d4d71ae7c0194db7b38fa774db0981f4,1600966800
3279,outfit.8163acb883b84e0182dff9eff43290ab,1633021200
5694,outfit.801f1b35886e42f6907ec4709420c7e3,1615136400
3291,outfit.0dba9d16e2e54e58ad650f0ecc2b3ea5,1661619600
3040,outfit.67c7e051a163432eadc34be683ea3d44,1681232400
2762,outfit.d70247c33e4b42569675e32cc3727701,1609866000
4175,outfit.e11253de97ba42eb819cf53373fcbe8d,1705165200
2508,outfit.3230795e6aed435ab96c8fcf5e56fd08,1637600400
2168,outfit.8a91fcc1f1f612e6,1658941200
4463,outfit.a8c3007784dfc486,1687366800
7152,outfit.588d78c7613f4e10b418317946a7a186,1612112400
6907,outfit.595a88f3986340b9b7ee163cbe32c85d,1638291600
606,outfit.ae538ccb6bf14a858b0f66458e592872,1685034000
3521,outfit.bdf0b714576b2118,1685898000
4696,outfit.bf8385f15d6d468880c5e654f7599cf1,1665075600
6319,outfit.e7180235b62040eb9afeab19f74c5a73,1662310800
757,outfit.33775c3acbcf408aadc5a2436d0750ec,1665162000
3649,outfit.3b8ec1aa02f64daebc17177ba35efcd2,1610902800
3649,outfit.0ea2ed06e62c495195f67005f3057721,1610902800
872,outfit.a5f369e8f0504905bd14d3a58f8dc8cb,1657990800
4943,outfit.837d79eeae2a466cab88d515bd1aa409,1605805200
4943,outfit.8fbf386b8fef8664,1605805200
7411,outfit.f4a5306ea45d4ab9b40340f016bab653,1700326800
7411,outfit.0f545b5ba1274c66b2896afdcc48c5d9,1700326800
3267,outfit.811eea1f363f4d37,1634662800
2085,outfit.ec43e546a9d543ee8c15c07cb70608a9,1679763600
3267,outfit.6e5ff70fac6443cfa4cb2de5077ed77d,1629392400
3267,outfit.81e52ba208d55e4d,1629392400
3267,outfit.a7e848f47d2643d988bbaf47dae4a136,1634662800
3267,outfit.81b7059db24a1c94,1629392400
3577,outfit.8da5362b4130a623,1668531600
3577,outfit.91d906d5cfcadc9b,1668531600
4463,outfit.6587d43842ed43958181f9925d52806c,1716310800
3749,outfit.97ec221c84bcfbe3,1619110800
5459,outfit.b2dc9f23d8d34e6fa62981cf887be220,1700845200
4638,outfit.5e96c1bc9f964af2b1a6e391db346131,1619974800
4638,outfit.6b1d1739830a4f3cbe5530716d9890a2,1619974800
4638,outfit.abce86c0d08341ed96a999cb4425d840,1619974800
2465,outfit.97f20b8380c34615a30aed080071aa96,1663520400
4276,outfit.ee35f79e0dc64dc6b321dcccc476d68e,1669741200
1585,outfit.38ef91e51ef14bb19df9094a40bcb7f7,1669309200
1585,outfit.447e5486379147879a59e168c261d9e2,1674579600
1585,outfit.55e47b50f0dc4852a5784fffafa63488,1669309200
3649,outfit.3f10ec37bde34db685d87cbdb7ad1575,1600275600
3649,outfit.76443d6db496494dbb26ac275ecbdb3b,1600275600
3649,outfit.2a307327642c41fda6f4f1b9d8a8080a,1600275600
4218,outfit.7b4f2169219844b0841ffb1a8c602ee2,1623603600
4218,outfit.fea3bb7d8ff54872ad84977465e29da4,1623603600
4218,outfit.305bde2827b34ff192d1271ddb0e50bb,1623690000
1589,outfit.140ebf984d2f4e80b9e23431c24fe75c,1687107600
5645,outfit.fe07e41596d841c6943aa7819488c565,1682614800
2556,outfit.89954cb83fe420c2,1620579600
1831,outfit.7ca0d67e06f7491f926b46e7fbdbd32c,1702832400
3312,outfit.3c6978266dfb4b9793e2c730496089d1,1631466000
7411,outfit.501f59ab11f94aa1a28a566911f8a8be,1592326800
7411,outfit.1a265d0988ad4e86966114062e4ca547,1592326800
7411,outfit.6e67b1da956c4635b7d67622604d2bbb,1592326800
5100,outfit.8e970ddf2f28404c9bf2a08b022c576a,1668618000
5100,outfit.75f72fc891604734a37a5ab96b006367,1668618000
5100,outfit.f89a59931cff4d4b8e63dd23cecd0e2d,1671210000
5100,outfit.a743bd93e1a86501,1668618000
3432,outfit.d60c7801271e488d88f0f13a0b28e6b6,1651165200
1193,outfit.6fd4e1ca2f474faa9366763ac28adb3c,1630947600
1193,outfit.22c011b90cf34e56a9613321cd35514b,1630947600
6526,outfit.1642071c303e44a19ce63dfbbf8384bd,1696784400
1706,outfit.806a7fef96ec97e0,1660755600
3147,outfit.f8e95f5fd1b641a4823ea3c6010e19cb,1630429200
6650,outfit.a1bd30435ab14461af069cf262f1e1eb,1704042000
1998,outfit.1f534d95ccf6415a8af3b5799dd959e7,1641834000
123,outfit.95a9732c69cb1e4c,1638118800
123,outfit.5d300bde08e848898bfb5e15c1269b43,1629133200
123,outfit.4d87f217c19241cf9a4feb9d75638e1a,1633453200
123,outfit.df13ea56a17d4fad9fca92caa307b02c,1629133200
123,outfit.250a41fd89bf4548bb8c5db06f1cfbf1,1638118800
123,outfit.02b7dbe5f5f94207ba29423997168b74,1629133200
123,outfit.3f10ec37bde34db685d87cbdb7ad1575,1633453200
3749,outfit.839e3ef745704a72a86272840cf862d4,1606064400
3749,outfit.17996f09f2a84c078a7b0bd718bcddd6,1606237200
3749,outfit.fabccb7729514b23b386e2f93064548c,1613926800
824,outfit.1233866861b14f0bb1e9116e90d9a492,1633366800
7089,outfit.4a6ed2fa953e43f98d557f0c98f04f7f,1701363600
932,outfit.b9bffddb2fa945e6a3d076ea97f1c5cb,1659200400
932,outfit.bcc71d0caf95dc33,1656522000
932,outfit.a5bbbf5301db4e5b8b1e2532cfd23a24,1651251600
2995,outfit.8de67bc21e388b19,1637859600
416,outfit.c0fa278a2de845a8b72cc0f20ce18227,1601830800
1336,outfit.a8544eb2962547d1bb80da530b4c377a,1682096400
1336,outfit.0149e9cdd92241a7a8c73a98eb397928,1682096400
1336,outfit.9e371154c9be4c08b587ea8e5da833b3,1684688400
3669,outfit.3b49ff8bbdf2444a83abcdc0fbb45f01,1703350800
3192,outfit.12ca1b6aaefb46af8208fe008f3eb4e3,1639587600
5929,outfit.46796cfb57174c9cb04ef0489123a073,1642093200
5929,outfit.60a1072927ca4f13ae03d6f876c42cb3,1636909200
5929,outfit.6a0ee820e93d45bb86077aa56e1c231a,1636909200
5929,outfit.8046647faecd43129ae560e955ebc8e5,1639501200
5929,outfit.3cd520846acc415fa68f1a7d6f1b7cee,1639501200
5929,outfit.28b064407198448db7149be19f0161f4,1642093200
1354,outfit.3fb6cd2d1f454b85937d1540dcf212f0,1701795600
7009,outfit.9c101c6da5bfc6e1,1644426000
2703,outfit.1431039944fe4be88f8890a04a346b09,1647363600
2762,outfit.f39f4017b82e4737b36b3674369af562,1616000400
6085,outfit.cc2a4ea6b82044d2804ee26e593fbc00,1635958800
3740,outfit.8102ab9ef36547d1b50627b45fe5be95,1586970000
3740,outfit.b9e21535cf624b6eac04d3a9708f213b,1586970000
3740,outfit.7b3050921c08481b93e761760834c5f7,1586970000
3740,outfit.e9a6c652ea8d42dc8752d70dce0c57c6,1586970000
3740,outfit.aec255abd8714065996db11cc150f061,1586970000
2766,outfit.a8c3007784dfc486,1701450000
6319,outfit.adf3063b0cdf501d,1656954000
5694,outfit.d26a681dbdd54f448ef373de80e065d6,1617901200
5694,outfit.e6abf593ad3949cd8a2b345ed4249ff6,1615136400
5694,outfit.4d91614bd70b4799a861fe5ea43db494,1620925200
572,outfit.2bb91a54c63d4f72a11a6ad7a00b35cf,1638723600
572,outfit.9a5a00800acbac31,1638723600
572,outfit.3b32e75fb8984ec9ad5d8ccb79999327,1638723600
572,outfit.bb72f30cdb4246d1bc47ff8b17cf4162,1638723600
3308,outfit.b8d5df5f249150ce,1640883600
3572,outfit.f23993293d944d1b9bf173ca5be1a409,1605027600
5118,outfit.326753f766be46ea82c771b041c4dd32,1597597200
5118,outfit.da7886916bfb4f4dae18d06d28aca900,1597597200
5118,outfit.6e67b1da956c4635b7d67622604d2bbb,1597597200
5490,outfit.b768912b0eaf45f19918f8ef07d1bd1b,1661792400
5490,outfit.453a4c074a164ad0bbef87ee09a09616,1664470800
4696,outfit.5c6bcfee583b4d7aa6fa807279637d59,1659805200
5694,outfit.78d16995b62e40d48f06a20dbf72d844,1631552400
996,outfit.a3d27b283d42172d,1692032400
6295,outfit.8a9a59a3ebbb46a8bea05ebe9599a1c0,1668704400
6429,outfit.b21aec5d36074eb790d69c5c40b7d77c,1678899600
1684,outfit.8022397c5e3d4ab4bc8e421da9236d29,1708362000
910,outfit.f11efd8c7b064175b4997b1ab65b5458,1601226000
2102,outfit.8cddb9b88c984068a92d14c539dd24e6,1639501200
6988,outfit.1c434db5b4cc42b8a656625c4d93fba4,1660842000
6988,outfit.0af9759a37b84904b1335e0847fcbb60,1660842000
804,outfit.f233488767cf4bdf93f717f7d42c0cbf,1630256400
804,outfit.483fb847ee6542288ebaf7de6888de41,1630256400
804,outfit.dbfe1373a2f840979196fe10b912e0c5,1630256400
5285,outfit.030be8f1ab0549db86e542e2ad08a5b2,1691254800
4193,outfit.9b0a47dc97c7ecc8,1678294800
2687,outfit.b4e582b38a10f6bf,1662051600
2808,outfit.2463040b4a624400a85cd400d0ae0e7e,1597856400
2808,outfit.3c0da42b00f94123aad9c641ff5073ad,1597856400
2808,outfit.77198ec009ad4cc98e710f5bcd1a6ab2,1597856400
7270,outfit.a38b3b3e20364b78bfcf0bb1eadcc0e5,1680714000
731,outfit.b4e7c58304d74b64b8b2ddf13ba93c6d,1633021200
731,outfit.bb72f30cdb4246d1bc47ff8b17cf4162,1633021200
454,outfit.021142f5924f4280bd3948268d35db64,1645635600
1237,outfit.85244edf68884b9fa35758fe33b84612,1646758800
1237,outfit.5b1de7457379489c8e57a3c22844550b,1646758800
1237,outfit.55aa098dd93644fe961d0137a79adbea,1646758800
4667,outfit.8b6cfd197842456c9460f246e3779c99,1606237200
4667,outfit.0a5a3a2e1ff34f1792e1f2dad95cbc2b,1606237200
4667,outfit.292fc161ab8a48d59af997f56cce1cb4,1606237200
4667,outfit.090bd507e982425ab2a610ccdc3942d8,1606237200
4667,outfit.be4b8e3a8d59b79f,1606237200
6988,outfit.fd816aa2311d45c78fd0ab2d663a177a,1687107600
1684,outfit.8ed02140f93ffa8c,1642611600
1684,outfit.8ed02140f93ffa8c,1642611600
3189,outfit.e0f170b8b51f4ae4a7e00047b9ea8d79,1658595600
3279,outfit.4431d4e34e6a4c0fba43aa50395893f7,1630429200
3279,outfit.8f6c3fbd7db0400caaf95a95ab29a97d,1641142800
3279,outfit.af879b315e9e04fc,1630429200
3279,outfit.fd816aa2311d45c78fd0ab2d663a177a,1633021200
3878,outfit.1b9ab78223b843e08e1daeb660783adf,1605805200
490,outfit.cd58f268e9e54fc08e5656e6f095975e,1662915600
2703,outfit.02323792c3fc471186d9e7c2debd393b,1694797200
5615,outfit.9617c0965077556e,1706893200
5615,outfit.adf3063b0cdf501d,1704214800
6592,outfit.980eb1c72e1e71f6,1693587600
3510,outfit.92db973be0926d3f,1666890000
5887,outfit.106726e45449496989051f9f0ff73af0,1644339600
5887,outfit.3b32be97a62d43eebed1287be7cf5988,1644339600
3028,outfit.34b2a2a9779a47f0a1aff663fe8d1c86,1655485200
6907,outfit.de9c4f2245104d7b807e819b9ea7a4e8,1638291600
6907,outfit.b80a7f8948aefe75,1638291600
3103,outfit.b1ddecd27b94476d833c0ea2c2bb6d3a,1625158800
3103,outfit.346aca2ad2134d0e95967b333990925c,1627923600
3103,outfit.adeaa758e4b292c5,1627923600
3103,outfit.e653ec25eed74f058794c2aa846b8c9e,1627923600
2402,outfit.70bfcd7059a248ba9b8337bad5ce56fa,1604250000
2402,outfit.3ef1542d099048efa539e8c67a385732,1604250000
7244,outfit.d751f378f5214d2e941994a9ecc4b046,1687712400
1522,outfit.ada6bb8993e7a05e,1592154000
1522,outfit.78d16995b62e40d48f06a20dbf72d844,1592154000
1522,outfit.816fb1b6edef8b59,1592154000
4570,outfit.ac93e6bc39c341dd9592de80ee57e522,1648400400
4570,outfit.78392fa87e224d719c89da109d9e263f,1648400400
3094,outfit.0af9759a37b84904b1335e0847fcbb60,1597942800
2675,outfit.c69fd3c4befc43c08273d51d292c74e2,1694365200
130,outfit.030be8f1ab0549db86e542e2ad08a5b2,1659632400
454,outfit.298d036f8c334821bbdc97c61fcc122d,1654189200
454,outfit.d7bff1b799a34575a47ce0f531791c9f,1654189200
454,outfit.0b721ca6ffdd489d91fa63f960ca64ec,1654189200
7114,outfit.61a93a8506024e779db658f842e26625,1705251600
2762,outfit.beb24dfdb4829222,1641488400
1201,outfit.1cac5f6638f140a3bcd41d5c1cf4bdc5,1639414800
1881,outfit.648db79508724c99ab948e953e4813a7,1690304400
1840,outfit.021142f5924f4280bd3948268d35db64,1717866000
7244,outfit.00c68b581a95458991a876f791e739ab,1658768400
572,outfit.da552355bfd04649a987a3881b99d09c,1644166800
5398,outfit.0533ed8c59ce4cf29172f502a3a93a91,1634058000
3577,outfit.b4e582b38a10f6bf,1617814800
1073,outfit.88e9a4b11d284db686be6be18502f641,1596387600
1073,outfit.043a430a63b34151a6489d2863ea11aa,1596387600
1073,outfit.6377a711bdf04683819c6fc08921cfaf,1596387600
1073,outfit.b2f9d48f3d4c4549b8d51fcd04979a79,1596387600
1073,outfit.adc57b4886354fdcafea896cdd2609b8,1596387600
4501,outfit.0ed1568a6b6545e4932bee98c84aa544,1685984400
2130,outfit.db01c7586017469ea4cc561b59fa2aca,1610902800
2130,outfit.6e50879668384d469557b1c93bc1d7a6,1610902800
3878,outfit.d996a07dfe044baaae7e995c4e6d67a9,1603126800
1354,outfit.0aab21277b674f7fbb146ca7e853eef6,1696525200
1973,outfit.6ea93b224a3c4027861e62805e0bd3f8,1690218000
1973,outfit.9ff74f4f2a2f4454a7a629777cff27a6,1690218000
1973,outfit.37af7c19c13949819ca971b380a9f97c,1690218000
6519,outfit.0ed1568a6b6545e4932bee98c84aa544,1626714000
2714,outfit.b9311cecf65f795b,1671382800
1248,outfit.1cb90c4ef4cd4941913e9ab5a095b0d8,1634058000
5852,outfit.d5dec0c3b00d49d991202de754c91ab7,1629738000
5852,outfit.234ce093695f4773aba7287620cee9ca,1629219600
5852,outfit.67c7e051a163432eadc34be683ea3d44,1635786000
5852,outfit.97228689c245bc79,1629219600
5852,outfit.b619b14568c94d46ac314ae0983703bd,1629219600
6447,outfit.9ae9443798cb496ba7848d3c3616ab1c,1632762000
7411,outfit.25847fedcdc640569e0b07e0b38fef30,1692378000
4906,outfit.dbe73a98b209457299a8c8591381e1e8,1592931600
4906,outfit.c929e1bd6aa940f7a34c16471389c460,1596042000
4906,outfit.83f21a4b1d7c7acb,1592931600
4906,outfit.50968c211b5941648f6519e289b84da7,1596042000
4906,outfit.849c7f2e055c46478710a291b5ffa5db,1596474000
4906,outfit.9a6b734068749450,1596042000
4906,outfit.48dec5565f454acf903fe1ce1f41a39e,1596042000
4906,outfit.305bde2827b34ff192d1271ddb0e50bb,1596042000
4906,outfit.767c953e45b8447eb7ff8d44dd5b65e1,1596042000
4906,outfit.d363ee8631554dccb9ced5babed2ce6a,1596042000
4906,outfit.9d470d5e4955bb54,1592931600
7376,outfit.edf01c8ca8f64059a8afaf72b4ba5eb3,1626627600
2329,outfit.d21f3628771b4dcebc478c94a456d999,1650560400
2329,outfit.138c6d460dc14dd4a223e9f2a484ad6d,1650560400
2329,outfit.fd816aa2311d45c78fd0ab2d663a177a,1655830800
2329,outfit.b232dfc2ba4bd49f,1655830800
2329,outfit.d4d71ae7c0194db7b38fa774db0981f4,1653152400
6818,outfit.925b3a37354592ef,1592326800
6818,outfit.3c6978266dfb4b9793e2c730496089d1,1592326800
6818,outfit.a6c2cc1cde584657b1748339cee96a5a,1592326800
3267,outfit.203f5d33e7324d65a1d8175b3b910416,1677430800
2716,outfit.75fd35081c884af28940d854e0a8c67f,1606842000
2716,outfit.8238ed2091e347149ddd6114aeeb2655,1606842000
2716,outfit.fcd37df89e7341dfb75d074f0d092396,1606842000
2716,outfit.b04f116bc3224f22a8f17d62934fe2cd,1606842000
4289,outfit.c560abcbbf2b40edbacbd51dfa99bf58,1668790800
4289,outfit.d1404a07cbda4bf68dd8d57cb0e32207,1668790800
3259,outfit.fa64859a68bd4aaeb18d40c34b32c2e7,1596128400
3259,outfit.c5b61903ca9849fe830fd86f7cb4da50,1596128400
3259,outfit.924f4c42857340e68e7e874fcd5c6775,1596128400
6591,outfit.439ff276a34d4993ad9cf68d06c67d96,1715187600
2297,outfit.e4da524a49fe4b5ea3eb8983e8dff52a,1670518800
2297,outfit.98aa99e47dee4f019d8b2620a9745f98,1667926800
2297,outfit.dc7abe1bb20f423a8356cb4d089c56ff,1670518800
1374,outfit.34fb4047b75346ba9ced8912198506ff,1625590800
1374,outfit.2174208dffe5493fa440e48d290a11bb,1625590800
1374,outfit.a95a05ea858446c38ffd5535ab65a392,1625590800
5620,outfit.f60a93dd961d4856a6d40e366ef90717,1667149200
7082,outfit.29d4c138b56e4579898dbb7f47f6cafc,1702486800
6642,outfit.24e1bde79f694d5aa980e0c889fa29c4,1619974800
2775,outfit.ee40e812ed554b87a45637339c72cbd6,1656176400
6319,outfit.1096c0a926c244b39b44ff523a6ad9e0,1637600400
2290,outfit.7b4f2169219844b0841ffb1a8c602ee2,1653584400
4608,outfit.80603a3d95e4beb7,1622998800
5694,outfit.9b0a47dc97c7ecc8,1645981200
1248,outfit.a867d0ea463b4d6dbd0f750bc1962f49,1636045200
1248,outfit.c5fa2da94b8a48ce893b4a3722f02cba,1636045200
1193,outfit.048fe7f87ee34a4095f2141bd51e3b80,1621962000
1193,outfit.2a4decf449b64584804dad1d704f4ef1,1621962000
1735,outfit.7e3fe1b3b1dc45909d172224682a28f1,1655398800
1735,outfit.298b9f94af66454b9f07ebed997e9f9a,1652720400
3749,outfit.03b18817e1894e588c3ae117a47d830c,1657558800
3749,outfit.2ea36f84cb12427686eed685f97f2a8f,1657558800
1684,outfit.1e4a3ce9976a4d9a9061c167255f3875,1624208400
462,outfit.a7e848f47d2643d988bbaf47dae4a136,1616605200
6988,outfit.7b4f2169219844b0841ffb1a8c602ee2,1684429200
2170,outfit.ede0d0fd9315467c868825bcb20d2fe6,1677344400
2170,outfit.89fab8d7d294457fa493f087c68b6bc1,1677344400
416,outfit.1642071c303e44a19ce63dfbbf8384bd,1686070800
3189,outfit.f1a25e8f1def4f2fa805aefcbb91bb62,1635699600
5617,outfit.eb3fd90e14dd49d2844a6dfc41d36f40,1684256400
6051,outfit.d4d71ae7c0194db7b38fa774db0981f4,1701450000
4640,outfit.3f9b25249293481cac7469b68f545c7b,1627578000
4564,outfit.139187a6eb1540b6b2b8aef96bd12601,1637254800
1586,outfit.aa160ca041de17bb,1665853200
5760,outfit.ad848f726cd93e66,1691168400
5760,outfit.4c41406859e04bc7b29036c62ea1b7df,1691168400
1586,outfit.bb1024860d8f559e,1663261200
6310,outfit.0654b5aaef694f20ace802009972a59e,1638723600
6310,outfit.8400c26ee9d435bb,1638723600
2762,outfit.1cda37cc756345aeb22ccfc54fef10a4,1613667600
4384,outfit.28e8c652c74547b9ad1485f752f3e125,1637168400
1589,outfit.b6a27dfa0198a9bb,1689699600
2815,outfit.e9e6ef522291496dacaad16160c8a8f2,1660064400
4258,outfit.aa76777d3b9d4073a342e2093e4ea1e2,1681318800
1735,outfit.af3a0f7fe64e49fc81c4d13f6ac481ec,1668618000
6361,outfit.8ad1c89174094a26bd4cbcfdcad4aecc,1633366800
4853,outfit.89954cb83fe420c2,1654621200
1902,outfit.15c97a5fde81407f8cd5be88a178efdc,1685206800
2340,outfit.e2c4d90753314eddbdf3a836e28a0209,1621530000
3094,outfit.08dbb547a168423fa28b156f63acf8c4,1603990800
3624,outfit.7d5e7df1d7e44528bca8d9859759042d,1701104400
2714,outfit.b9311cecf65f795b,1666112400
1626,outfit.8e330b28328c4558a9523168b34d4d86,1665853200
1626,outfit.6e50879668384d469557b1c93bc1d7a6,1655312400
1626,outfit.379ed2da3cb6428c9c9402855dfd61f8,1655312400
1626,outfit.e1a782a63cf54c7aa654d30392da1daa,1665853200
1626,outfit.8023680619aa366a,1655312400
1626,outfit.e9e6ef522291496dacaad16160c8a8f2,1665853200
1933,outfit.d0c6cd30a1f146a8a1ae6f73b34a0103,1702314000
1933,outfit.e98a6e485b1941d98e43c0e74cc6885b,1702314000
576,outfit.11c67729744647cea4955a4e21881e05,1618938000
5208,outfit.71cb13dfda4d475b9fcb509ecd701ce1,1639069200
4564,outfit.d24b8b64d37f4ea29ccc8aeb0c1bbb2f,1635181200
4564,outfit.961a17ab05934b81a815e365bfe692d4,1635094800
4564,outfit.a273058ddb56de19,1635094800
4564,outfit.bf8385f15d6d468880c5e654f7599cf1,1635094800
4564,outfit.173b6b1204df4f128bcbdd843d91351e,1635094800
7411,outfit.bf00e652d6b83df2,1702918800
3094,outfit.8ed6ba09f55049c59f9462e07cc30bb8,1609866000
3608,outfit.ada989bbc2322203,1604250000
3608,outfit.79d8ad807b5a4fbc86d21e759e3c7342,1604250000
3608,outfit.2ead65a1ecf54c38a27bebc2bf47b9b1,1604250000
3608,outfit.897c161625314c1a993188bc0a5ca063,1604250000
549,outfit.39be0294d5cf4e26b4faaa07e7750686,1654448400
3189,outfit.6dea8453a7dd4701830624eeea14bf9b,1666544400
6688,outfit.e3beae7266754b369fb289ece8c757ba,1591894800
6688,outfit.bb72f30cdb4246d1bc47ff8b17cf4162,1591894800
3533,outfit.60c345cbd0924fe7800ac38922a74cb1,1652893200
3533,outfit.e6bbfedb420c40059c5a6515c0f94dfd,1658163600
948,outfit.e947dbab69e64c5a85f1fe565b5f3a49,1659459600
824,outfit.233cc1a575934df38cc3c307901345e5,1644944400
2799,outfit.298b9f94af66454b9f07ebed997e9f9a,1690390800
490,outfit.f32718341e9443d8a36121a8913ff304,1652288400
5169,outfit.1b9ab78223b843e08e1daeb660783adf,1661878800
5169,outfit.915d00f05ea74ed9872f00dbf6367ac4,1659200400
5169,outfit.a1efdc0d88774773957da6e703852211,1664470800
785,outfit.127cbdac62d948a1827499f13034becf,1646586000
6858,outfit.abd2e79be5f941a5aa407cc34ff63105,1689354000
1382,outfit.1d7da339dc6b48e68c801f5862573aad,1627491600
1382,outfit.ade5433e25b54fbbb66a54f8fe113132,1627232400
1382,outfit.007a4828b12b40ed9ed3db0c5803b813,1627232400
1589,outfit.d0c649c31ecc49a18d0cf19d7270073c,1681837200
3669,outfit.4c4d89bf0fcb4b32a9015ce1a7bade19,1698080400
3227,outfit.6f809ac4449f4502a6eee8832eabcb60,1644771600
3291,outfit.2766e5ad48a2427a898f60aaacf85622,1611594000
3291,outfit.1dc2bd9dc2ae421883e8845f3e335449,1611594000
3518,outfit.82ee7c9d4d1e4274b0c706c82653ab79,1699981200
3608,outfit.e319ab9f2a9143da8cc4defb08ce33cc,1606755600
3608,outfit.aac9da3df1d5b519,1606755600
3608,outfit.18aab8c241324685bff0b4d2afffd4d2,1606755600
572,outfit.c5b61903ca9849fe830fd86f7cb4da50,1670778000
1706,outfit.9565d4d6787ad71f,1663434000
2329,outfit.173b6b1204df4f128bcbdd843d91351e,1687626000
2329,outfit.c7b2894a9f3c4c568f982ca6c89ea6d8,1687626000
2329,outfit.e17a0df1f70743e590827d7df93bb7f4,1695574800
6733,outfit.3f65ab1185ed4b06a4feab44d8fdc748,1662397200
5760,outfit.b6f7358d6feb42ceaec950e6b66f4a34,1664902800
5615,outfit.8d7319b7cde9526b,1701536400
6414,outfit.95a9732c69cb1e4c,1649955600
6414,outfit.efbeb50344e54028b243698b3dd1b700,1647190800
6526,outfit.fd816aa2311d45c78fd0ab2d663a177a,1680973200
5481,outfit.9fa57e24a7bd4595b697f8ed050cb335,1652634000
6526,outfit.1e1ade9c992d4eb8b7f11cd398a928c7,1683565200
2762,outfit.77115f3958a24ad98cc8568e3fbe0da8,1608224400
2762,outfit.66dd95a10af54a18ae4b24b3702f869e,1608224400
2085,outfit.944185e8eec8066a,1674666000
5680,outfit.af314667889c49cfab85a0e890642a31,1637773200
1207,outfit.95736bee85ac4163ad8a60e8e6a0ddf5,1634576400
2812,outfit.8a130c68d99c4023ad5d0551e483cec9,1627837200
1589,outfit.ef37915fe2f546378750595366833b79,1684429200
3127,outfit.a83b27ea0df44e4d9773f8e7b5096ab9,1644426000
4725,outfit.acb94cbb42e1b894,1641834000
5398,outfit.bb1024860d8f559e,1615482000
5398,outfit.2208707dcf134558b4d335f1e3534655,1615482000
4696,outfit.8302402a6e8e8e8c,1651856400
4696,outfit.05ee1828c13a47c29f06de6d993fbafe,1704560400
2170,outfit.9f515fbe4fef48e0bbdebca645ea96c8,1653498000
572,outfit.d363ee8631554dccb9ced5babed2ce6a,1630947600
572,outfit.a6275beb200f40c7a6b422d5c8b3d4b7,1633453200
572,outfit.a40883a05a5d406b985e7ad5451a61b8,1630861200
572,outfit.1e4e6b9f7f984a5f81d68773e0165c44,1630861200
572,outfit.97071c364d1944db8c7ae6a9d768a51a,1633453200
2148,outfit.173b6b1204df4f128bcbdd843d91351e,1674234000
7367,outfit.7ee7542297f944ecb49f4fe5b44728f7,1680454800
4746,outfit.beb7edd11cd741538175c927a81cbf89,1664989200
4404,outfit.b8a404e6aad069ba,1652461200
5459,outfit.944efade730744e38b3b678dae890f98,1695574800
4608,outfit.b768912b0eaf45f19918f8ef07d1bd1b,1620320400
1840,outfit.ccf6f723db264c30b9e45b89203c4a28,1636045200
1840,outfit.a02f335a26704f80a01232079d662ff4,1630861200
1840,outfit.816fb1b6edef8b59,1630861200
3727,outfit.beb7edd11cd741538175c927a81cbf89,1668358800
3727,outfit.9cfd3798e4b27f4c,1668358800
230,outfit.c38212ead8334e87ad9103b67932eaf5,1652115600
4404,outfit.1d0adb4c93e04425ae2f85e9efc54905,1647190800
1138,outfit.8238ed2091e347149ddd6114aeeb2655,1678986000
204,outfit.b5812826d5eb41f39aa282e64b91ebb6,1669050000
4218,outfit.0ed1568a6b6545e4932bee98c84aa544,1679763600
996,outfit.992bf5adcd39d953,1660496400
2250,outfit.0512cb21a4bc4326971af84ccc563495,1676998800
902,outfit.2a4decf449b64584804dad1d704f4ef1,1671642000
902,outfit.181629c720b548f4a77a22851f1fbbce,1671642000
7371,outfit.3ccefaac1825408c82d9980a3ea5964a,1592326800
7371,outfit.d91c416ae1584028ba0c20f1329bbb97,1592326800
7371,outfit.ab1e952330087c99,1592326800
5645,outfit.df13ea56a17d4fad9fca92caa307b02c,1674838800
7100,outfit.ac93e6bc39c341dd9592de80ee57e522,1637082000
4858,outfit.9739950a93f6aa90,1606064400
4858,outfit.60c345cbd0924fe7800ac38922a74cb1,1606064400
4858,outfit.3f9b25249293481cac7469b68f545c7b,1606064400
892,outfit.f062df328d7842e4bc5b0c41e309393b,1632070800
5405,outfit.833b2280ae99434db2fb843f78d79e25,1618851600
5405,outfit.b49e6f1cc73f48f9a6329311214ee57f,1618851600
5405,outfit.58e553ab746b44d98763f86d0ceeac9f,1618851600
5405,outfit.66dd95a10af54a18ae4b24b3702f869e,1618851600
5405,outfit.d92a7bb56d3149b8983caa966d7868fa,1621443600
4107,outfit.924f4c42857340e68e7e874fcd5c6775,1621270800
5694,outfit.9481d2d7251be70f,1585846800
5694,outfit.a83b27ea0df44e4d9773f8e7b5096ab9,1585846800
150,outfit.7ee7542297f944ecb49f4fe5b44728f7,1656435600
4696,outfit.a7b955473f2248a8a818455cb08c9e79,1675702800
7150,outfit.2fac9258e5a64ac9a7658f54bd2056a8,1618160400
7150,outfit.2c789fb5fc554dbd8dd86e423e809ff4,1618160400
7150,outfit.9e90ada207a84d58941638aa284a4827,1618160400
7150,outfit.bab0a29ca356113c,1618160400
4819,outfit.e989b8cb4a814d97b642e1cb326f47e6,1636304400
6733,outfit.1f534d95ccf6415a8af3b5799dd959e7,1678035600
6965,outfit.7eb16fe1e199414bbb7f88d71fe7cb56,1604854800
6965,outfit.293b6f34465a4a28abffbfc87ad78849,1604854800
6965,outfit.9e28084ee8e94a1d8afe4abe643fa8d5,1604854800
1809,outfit.62d7da11abfd412185d3323c4ea67939,1647709200
1809,outfit.ae538ccb6bf14a858b0f66458e592872,1647709200
3991,outfit.f8b69667089d42f7aa7b03df283f125f,1600621200
3991,outfit.9a864c1333f6ce88,1600621200
2649,outfit.99495169e3ffdfa4,1711990800
3320,outfit.a7b955473f2248a8a818455cb08c9e79,1667926800
3320,outfit.98d6cf4fef49ec24,1673197200
4810,outfit.b22fef4426ce72f9,1682528400
1585,outfit.d3972ad336174608b061e6224cb1fad4,1664038800
1902,outfit.94f471a5d48f3464,1682614800
1878,outfit.9288ff153f8d405e89ce6b6cfd08171c,1648314000
1878,outfit.7395b78d10084aebb906f8f83bfd89cc,1658854800
1878,outfit.338c7b24bb1140d7aa47279c9490cfe7,1656262800
1878,outfit.43d5741ca13a453bb378172945b47fc8,1658854800
3382,outfit.372a132f8fe4463f8fdb8d7a8b3f5206,1641142800
2465,outfit.148857ae81d84843ae1671986a4e145e,1692378000
3017,outfit.cf2fa10de8ea412186fd6dd1f658e3ff,1638723600
2250,outfit.91d906d5cfcadc9b,1695315600
3103,outfit.8632cef7c2524f1ea8f213f5398eb754,1601830800
1386,outfit.9e90ada207a84d58941638aa284a4827,1696438800
2205,outfit.ac5bdf39908e44dabf5536871716d1c9,1693501200
5451,outfit.34afd8b7f33d434c8e0ac2849eab231d,1649178000
5303,outfit.82ec1db640c48b3f,1715878800
5379,outfit.ccf811c5b8f847758b9d79c74514890f,1637168400
5379,outfit.f233488767cf4bdf93f717f7d42c0cbf,1637168400
6535,outfit.9b7577b41e374c5d8debce0abc0466de,1634835600
6535,outfit.9c60137e95ac47c4b54413f4226d4206,1633971600
6535,outfit.efc9e86a0cd84fd28d55609e33bff657,1633971600
6918,outfit.447e5486379147879a59e168c261d9e2,1610298000
7411,outfit.a0a46d933783476c9109aafdeeeb550e,1692378000
5754,outfit.363a3d3fbf64484293b96404b1bdd504,1595178000
5754,outfit.ce53377b121b4648abc0a3c97e58bff1,1596387600
5754,outfit.8b5a2517b2af41318c55379528814fee,1596992400
3017,outfit.2d059d6a6a3c4f02abe8e2f5cd7dea69,1625418000
3017,outfit.80603a3d95e4beb7,1625418000
3459,outfit.67d14062b639450faef4ae16726d3a50,1621443600
3459,outfit.4b20b3ccd3cd41fe98d0225f47276e2c,1621443600
3459,outfit.2766e5ad48a2427a898f60aaacf85622,1621443600
3459,outfit.0fdacd78ea72476d9688afaa61fc5c42,1621443600
675,outfit.13e5c6482ae340a696f30c156512408b,1643302800
675,outfit.a9a4918501579729,1643302800
996,outfit.b1eeff303fb44f10a6c2ac36c0136514,1638896400
1193,outfit.0e79f46fd9f344bdb7c714ffce9e98aa,1617814800
1193,outfit.fcd37df89e7341dfb75d074f0d092396,1617814800
496,outfit.05a3c99a55404dc8984fde902ccaad18,1673283600
7128,outfit.95cf185dc27fb18b,1651165200
785,outfit.db6e87de63f347a0af3ecbf3b7463a55,1701882000
3189,outfit.f062df328d7842e4bc5b0c41e309393b,1661274000
454,outfit.801f1b35886e42f6907ec4709420c7e3,1667408400
454,outfit.eb60db20ed1d4ddeb7e2b03e05cae83c,1667408400
2052,outfit.a841b2acdc119218,1648314000
5760,outfit.a5f369e8f0504905bd14d3a58f8dc8cb,1683219600
5100,outfit.80333429732852d4,1681664400
5100,outfit.03b18817e1894e588c3ae117a47d830c,1684256400
5100,outfit.8ad0bb9029424a069f82d58c44b0d7fa,1684256400
6907,outfit.595a88f3986340b9b7ee163cbe32c85d,1662397200
7342,outfit.f1e688d410884ee0940d861fb2f620ac,1708534800
6036,outfit.8428c700eb194931835b34f2860d3432,1653411600
3259,outfit.6705bc03d5e649f4bec363e6367cd89a,1639069200
4638,outfit.369422f2e567409b88d925e916f3a555,1662915600
7411,outfit.2d872cbfe6434c0c9ec15ebfa518a6e7,1674061200
572,outfit.a8fae88d2b7640e2b28161d301fc5e08,1630861200
5615,outfit.eea233ccf31b454e997d24e78c888869,1706893200
2130,outfit.1b1e586b3bb2432f91b4a2e15dc719e1,1613581200
2130,outfit.cdf556b326334303a52f2df9eb42dd3a,1613581200
2130,outfit.94f96de6e74f4a51b85f15018f9ad0fa,1613581200
3518,outfit.a9f2bcb6885fe60a,1694710800
2170,outfit.d0570fc4a5d740cc94871d73471a5043,1613926800
2170,outfit.0cbd53213ed74084a4ca1774dbe09e03,1616346000
2170,outfit.e837786453834dce89358fa547d891c2,1616346000
2170,outfit.ce7d171c13174b21b05e2764491dc73d,1613926800
2170,outfit.c05f7a4778004af4b50ca321d248f1e9,1618938000
2170,outfit.6dea8453a7dd4701830624eeea14bf9b,1616346000
2170,outfit.394d965b33b8430692c31984bf51e554,1613926800
2170,outfit.9f515fbe4fef48e0bbdebca645ea96c8,1618938000
2812,outfit.8f95b3473abb4a40ac2dc0956628e873,1630515600
3227,outfit.16f24c4eb69a48f1a34117fc6c0a691f,1644858000
2273,outfit.bb1024860d8f559e,1679072400
3147,outfit.b49e6f1cc73f48f9a6329311214ee57f,1625072400
606,outfit.ad50bddf369641b0827aad7ce9f36022,1692982800
7082,outfit.a743bd93e1a86501,1691946000
6526,outfit.99d3c1ea30367e62,1673197200
1792,outfit.226376c162234c77ac8d2df07b262caa,1633021200
1792,outfit.8feb7001275554c8,1633021200
4218,outfit.841869bb72cf0dd1,1605459600
7413,outfit.d78cbfab144149069da04737d98450a1,1598893200
7413,outfit.2208707dcf134558b4d335f1e3534655,1598893200
7413,outfit.78778f72774d4269abd8410a9511fdf6,1598893200
3267,outfit.3f4efea108664d0fbdd0ebe5d724e275,1591894800
3267,outfit.5bb0f49f3f5b4c37af8c4f0269dec907,1591894800
3267,outfit.5c6bcfee583b4d7aa6fa807279637d59,1591894800
3267,outfit.ae538ccb6bf14a858b0f66458e592872,1591894800
3267,outfit.911cfceec45d9996,1591894800
3477,outfit.8302402a6e8e8e8c,1574614800
3477,outfit.ae3c94e801eb4aebb7c3714ec981521c,1573405200
3477,outfit.b3c827a7bc271120,1573405200
3477,outfit.2ead65a1ecf54c38a27bebc2bf47b9b1,1574614800
3477,outfit.7406df88036f4f16bfc1a4c03002d315,1571850000
3477,outfit.ad3a9ba9fa902fc0,1574614800
3477,outfit.1a00ea6f566c40b3865a214d062a462d,1571850000
6733,outfit.3619c49a78674b0bb3c2803ee199cd92,1659718800
3577,outfit.adf3063b0cdf501d,1610298000
3577,outfit.8f34384795bfc03e,1610298000
4779,outfit.8c8215f7c0a7445b9b09d3da37b462c6,1619715600
5379,outfit.11c8bc7fcf3145f29a1b9be52483b41a,1595782800
5379,outfit.1cac5f6638f140a3bcd41d5c1cf4bdc5,1595782800
5379,outfit.af4c1536e8d62d77,1595782800
5379,outfit.1642071c303e44a19ce63dfbbf8384bd,1595782800
5379,outfit.863d6ab504fd48319623a4e6936259db,1595782800
3189,outfit.5330ecb4f53c4f7a865f99a6fdd37773,1677171600
3416,outfit.9d3b8dd5711d3657,1623690000
2040,outfit.8ccfe9b6e0b0473b95bc91b156139d89,1594573200
2040,outfit.d948ea24ce8a484db5bd640400d50cce,1594573200
2040,outfit.6dea8453a7dd4701830624eeea14bf9b,1594573200
2040,outfit.f78250a23a6d4a97ba23c8194eb9c5cb,1594573200
2040,outfit.6fb87aa78e6343ba811fe22dc8fe0217,1594573200
1840,outfit.95b998c29f9af2fd,1636131600
1840,outfit.ed0bda9223004815822e8eaff7b7688f,1636045200
1840,outfit.b7cc6c38b121a845,1638723600
5615,outfit.b619b14568c94d46ac314ae0983703bd,1706893200
7009,outfit.b58b4d9011806e34,1646845200
7009,outfit.bbd6ae88b44bfd29,1646845200
6592,outfit.929220a63bf843f99474bc2644fcb53d,1672592400
3956,outfit.0fdacd78ea72476d9688afaa61fc5c42,1683219600
4452,outfit.a935f1495271461689278b60c8d1a25d,1592758800
4452,outfit.ad848f726cd93e66,1592758800
1259,outfit.91d7bcbd88004c9e939fb7877dc4a1f7,1688662800
1386,outfit.f14e9c44441c4a5ca2e109af309be3ce,1680627600
4674,outfit.346aca2ad2134d0e95967b333990925c,1602176400
4674,outfit.6382007b5e4e4e5ba3ddd8571427ecb6,1602176400
4674,outfit.3aba9737d2f445478a8ce23b2fc22da8,1602176400
4674,outfit.3dac69d72aed4d1ca4fc6bcff6b7cd4f,1604854800
7026,outfit.9a32f8a3fb1d4a8b8089a102068ef9bc,1610902800
4276,outfit.d89c1051a315434d90b87a3ea5aa1ea3,1667062800
4276,outfit.9617c0965077556e,1669741200
5144,outfit.1f0ae1de64a54ab8ade3151460b27eb6,1617814800
5144,outfit.4d15ca1915cf4639a9029a016640f7da,1617814800
1626,outfit.d0faaa3486494e7d8ee3298104bc8adb,1660582800
1710,outfit.233cc1a575934df38cc3c307901345e5,1600621200
1710,outfit.ce0b5207f51545bfbb1ec5cc1b01a8b7,1600621200
1710,outfit.a9a4918501579729,1600621200
1819,outfit.fb060da6c30143fd9735e8fd364910e0,1655571600
1819,outfit.9cd6c1a82e884a77b55b6113de55fea7,1652893200
1501,outfit.b1adfc4204c602e5,1654448400
6075,outfit.a50024ea71e6453c9c09d6d65d21a5ea,1676307600
7100,outfit.34b2a2a9779a47f0a1aff663fe8d1c86,1652720400
6177,outfit.f8e95f5fd1b641a4823ea3c6010e19cb,1647795600
2102,outfit.cd58f268e9e54fc08e5656e6f095975e,1642438800
7280,outfit.a068099d1b3e4019,1699376400
1735,outfit.56e3cc906a444a569d6b057189a361bf,1663347600
4218,outfit.8609dd7995e147efbdf631d515d34bed,1677344400
5805,outfit.cd58f268e9e54fc08e5656e6f095975e,1648746000
4168,outfit.98aa99e47dee4f019d8b2620a9745f98,1654707600
3041,outfit.4aca0c3e3ac7443ea02b74ab3e06675a,1654448400
6817,outfit.98d6cf4fef49ec24,1666458000
6817,outfit.b3d31d76ede3d815,1666458000
1382,outfit.4b2a9c705f844b229cb293ba66c8ddf5,1600966800
4193,outfit.4be27307ae1c4611ad56aca101c8a6b4,1644858000
4193,outfit.3f65ab1185ed4b06a4feab44d8fdc748,1644858000
1770,outfit.55e47b50f0dc4852a5784fffafa63488,1681664400
6885,outfit.2fe31ac153bc422c945294c342de95a2,1610038800
825,outfit.bbd662557126462f84e4912812fc1be0,1627318800
825,outfit.88a780cac1d40972,1627318800
4258,outfit.9abd359ee8d44269ab15d6cbfcd8eb81,1655053200
3577,outfit.ae7389834f0c49c49b2ef43ff9cc1be9,1686848400
3103,outfit.4ee818d5bdbb409397fa9157da2e96b1,1601571600
3103,outfit.b36a2b4ce3d90e1b,1598979600
3103,outfit.b42337853cae4f66a2e7640b6845d2e5,1604250000
3103,outfit.d91c416ae1584028ba0c20f1329bbb97,1601571600
3103,outfit.d72f9d58cad643e9964ced2cf3bd30a3,1598979600
3103,outfit.5b87f52aec9f4c749cf6769993136db3,1598979600
172,outfit.9481d2d7251be70f,1647104400
5318,outfit.a33786c65b0f40f78b8c15ac4748d862,1660669200
3713,outfit.8f6c3fbd7db0400caaf95a95ab29a97d,1606755600
2085,outfit.b26dea94dbd147919dbe9c6378c9c52f,1661446800
6212,outfit.e457a3fb8aeb44b99d9ebae19bab9fae,1650214800
1770,outfit.d21f3628771b4dcebc478c94a456d999,1684256400
1336,outfit.cb29aca3f7be4551b07a9d1b02957e02,1705856400
3749,outfit.dbfb7bbacf6f4fb1afa5c192c42d19ec,1627578000
3749,outfit.bdf0b714576b2118,1619110800
3749,outfit.682446def1c34a79890b62c1397c7afb,1626973200
3749,outfit.0e978d0344f44a11accd476e3397df84,1616432400
3749,outfit.81e52ba208d55e4d,1616432400
6907,outfit.5c6bcfee583b4d7aa6fa807279637d59,1717606800
4170,outfit.ded9a0e26ca846ba86ae2eb4f12fe831,1643302800
6663,outfit.a294399ed5bfba8f,1664557200
6212,outfit.8632cef7c2524f1ea8f213f5398eb754,1647536400
1336,outfit.9b0a47dc97c7ecc8,1703178000
6456,outfit.f4608a1f01534d818dd6424ed99428cd,1650560400
6456,outfit.f4608a1f01534d818dd6424ed99428cd,1647882000
6456,outfit.f4608a1f01534d818dd6424ed99428cd,1647882000
1933,outfit.9acab5019c4d4b24bd8ad51412404e87,1702314000
2448,outfit.b5db150f4740b356,1658336400
2448,outfit.afd3af027be275f2,1658336400
5089,outfit.da7886916bfb4f4dae18d06d28aca900,1633453200
5089,outfit.2174208dffe5493fa440e48d290a11bb,1633453200
4746,outfit.2e4ccc3463a74e7cb674e891ca098271,1649178000
4746,outfit.4158a6fc47074d23b6591ae8583673a8,1649178000
7048,outfit.80820b9138cd4205885caaa0a65dd6a4,1629392400
1248,outfit.27a162bde20b4961ba8d94a8828e036b,1626022800
1248,outfit.79408facac1b4c5f8dc158b26dc1fffb,1626022800
4218,outfit.84258d84646b3955,1631552400
4218,outfit.6e67b1da956c4635b7d67622604d2bbb,1631552400
1922,outfit.012a4c0079984d719f3f2626bb60b374,1631725200
4333,outfit.b6f7358d6feb42ceaec950e6b66f4a34,1633626000
4819,outfit.a1bd30435ab14461af069cf262f1e1eb,1647018000
4819,outfit.4b4a8f000a6b46d7a97df90ba4cd9874,1647018000
4819,outfit.682cad04f9644aa692e0326d850b670d,1647018000
5972,outfit.b3f1440da3494c0280c45a7ae215fe49,1615741200
5972,outfit.03a5ffb8c27947de936564061de3d046,1615741200
5972,outfit.d40f6349368b4e47b521138ba35d8ebc,1615741200
3189,outfit.1c78096241a04da2bb89cb692f3953b0,1646067600
1382,outfit.1cac5f6638f140a3bcd41d5c1cf4bdc5,1632675600
1382,outfit.760587419305432581b1c2dd2d29e27f,1637859600
1382,outfit.74034e464b524fad81e47ac5df3f4aad,1637859600
7244,outfit.b28818ece07e4d079ab89fa18b117415,1628442000
7244,outfit.2208707dcf134558b4d335f1e3534655,1628442000
4824,outfit.8619bf33395941ca8a9e98931e1462ff,1667667600
6955,outfit.3fb6cd2d1f454b85937d1540dcf212f0,1711558800
996,outfit.d0c649c31ecc49a18d0cf19d7270073c,1646672400
2273,outfit.34c4b585b0854a158c2b7e53478e3c00,1633366800
6879,outfit.e0a3899c698544c4bf205f2a6eae496c,1626282000
6284,outfit.becc5bd9847a7c10,1657990800
6284,outfit.cdca688f6a2b48c598ce6c5459088301,1655398800
2085,outfit.145c644d683b4ccfa07d073d8c4efa6a,1661446800
2085,outfit.8e2e2acae5583042,1661446800
4880,outfit.e22f9123cb4e4c1081a4b831ff586b32,1672246800
996,outfit.b222a31335f7533c,1718384400
1277,outfit.9e5db8a02f39402aaa9ee148d10ce073,1646067600
1277,outfit.88a780cac1d40972,1659286800
1277,outfit.6f038b817a5a4220a8dea6bbc464c4a2,1646067600
2869,outfit.c5b61903ca9849fe830fd86f7cb4da50,1667667600
4218,outfit.75fd35081c884af28940d854e0a8c67f,1644858000
1735,outfit.91d906d5cfcadc9b,1633971600
3769,outfit.8f4c967492cd42a6a0afec84b3500e93,1665853200
5309,outfit.987e9a7da88098db,1663606800
4218,outfit.75fd35081c884af28940d854e0a8c67f,1685034000
2576,outfit.a84d98da9b0b4c8d95457d446a4df5fd,1658509200
6212,outfit.98aa99e47dee4f019d8b2620a9745f98,1650214800
6212,outfit.9f58acfe6b554e4ca880e378aa7e8e56,1650214800
1505,outfit.9f58acfe6b554e4ca880e378aa7e8e56,1655053200
1505,outfit.b068cf45c37e4aeaa1cff939a86e759f,1655053200
1505,outfit.cd218662a26c4c29b372ed1563cf0ced,1652374800
1505,outfit.c41b5bc7cfa0435abe71b09cfccc17ea,1652374800
2492,outfit.b619ba973b4b49d79c89863737097ab3,1674406800
2492,outfit.1eb6accbfe2d4edd8358e67200384784,1663866000
3094,outfit.92396971987c812b,1600966800
1382,outfit.760587419305432581b1c2dd2d29e27f,1710435600
4899,outfit.524627d9e5544cb8ab8c738c64a440c4,1602608400
4899,outfit.b2e035a8cce61dcb,1605459600
4899,outfit.11c67729744647cea4955a4e21881e05,1602608400
4073,outfit.207232e414dd46e5b7352becfd9e53e5,1667926800
4073,outfit.7f12d0cbd88d440f84b259599e625b69,1667926800
4324,outfit.b9bbc6e2b165450c9d23bd2236684cd3,1621530000
4324,outfit.e653ec25eed74f058794c2aa846b8c9e,1621530000
3533,outfit.b2194a655acd4fc683da0607aed980aa,1600016400
3533,outfit.9d09514916e0a13c,1600016400
3533,outfit.aa76777d3b9d4073a342e2093e4ea1e2,1600016400
948,outfit.b2e035a8cce61dcb,1654189200
1412,outfit.338c7b24bb1140d7aa47279c9490cfe7,1625590800
4193,outfit.2ea096cf542544bcb75743104ad4e9b0,1635872400
4193,outfit.94f96de6e74f4a51b85f15018f9ad0fa,1631638800
4608,outfit.fdc3cdbad50644ad97fc0a903f967e15,1665680400
4817,outfit.9a8a18eecd5649eda11bf75987a90efa,1601658000
4175,outfit.b52ecf537c5a473391d9695d108c041c,1702486800
3175,outfit.fdc3cdbad50644ad97fc0a903f967e15,1709830800
2329,outfit.a710f88458e381e1,1682096400
2329,outfit.611ba8f831e449f0a5bf0dfcc78e35a6,1674320400
2329,outfit.03a5ffb8c27947de936564061de3d046,1684688400
2329,outfit.a8c3007784dfc486,1674320400
4404,outfit.8a130c68d99c4023ad5d0551e483cec9,1641747600
7100,outfit.13db1499701e46f5b6e98d5e6d34267a,1645030800
3521,outfit.c71e9a58962a404b9d6c8df867b4b392,1714842000
2762,outfit.841f070dd5a12094,1616086800
2762,outfit.6f809ac4449f4502a6eee8832eabcb60,1623949200
2762,outfit.676f2b8ab3894ff293c0fbd62398bc05,1624554000
2762,outfit.95a9732c69cb1e4c,1616086800
2762,outfit.be670e741ed74f9597a28f8bb3e5e537,1623949200
2762,outfit.ed9017ac844a486fac95996bcc5b4b84,1617555600
3458,outfit.334b374309d442f3bd75b6e93d6f9b15,1635699600
513,outfit.1a00ea6f566c40b3865a214d062a462d,1656608400
1706,outfit.aa76777d3b9d4073a342e2093e4ea1e2,1646067600
4887,outfit.2d4ed8658aa045b29663902f1e0ce84a,1679158800
5201,outfit.f5fb40c43d174f799509d01145b1ed1f,1629306000
5201,outfit.819bf34ba04d4748b9232e1df3bf9c8e,1629306000
6284,outfit.2d7a170f85b04d2bb2ab4eb41d795d0f,1608483600
2675,outfit.9e371154c9be4c08b587ea8e5da833b3,1678467600
4725,outfit.1f0ae1de64a54ab8ade3151460b27eb6,1701104400
4725,outfit.a6b9c3792d6a4ad4,1701104400
675,outfit.b40a8b62f26f47cea8ece55873794e76,1595782800
675,outfit.12ca1b6aaefb46af8208fe008f3eb4e3,1595782800
675,outfit.6b027f465816489f83945f85bd6f1c17,1595782800
675,outfit.908c317a79634a2f9f14d86283135c0b,1595782800
675,outfit.b6fe67d2c969451f8f1ffc1de395b9d1,1595782800
4452,outfit.2b4d4715fb6d4d7282a048e2a94cb802,1607014800
4906,outfit.9f8b081ec48c605c,1596992400
4906,outfit.756c7b6b56d64e75a760eefb71b200ce,1596992400
4906,outfit.c929e1bd6aa940f7a34c16471389c460,1596992400
4193,outfit.4be27307ae1c4611ad56aca101c8a6b4,1659978000
1735,outfit.9e90ada207a84d58941638aa284a4827,1650128400
6284,outfit.e7180235b62040eb9afeab19f74c5a73,1609866000
6284,outfit.8fda8ef6cb62ebcc,1609866000
3441,outfit.91d906d5cfcadc9b,1674925200
1792,outfit.8feb7001275554c8,1616346000
1792,outfit.32e640b3fc894710a096ec7ad3f7a976,1616346000
4823,outfit.7ee7542297f944ecb49f4fe5b44728f7,1703523600
572,outfit.91d906d5cfcadc9b,1662915600
5679,outfit.3f51dbc828b74034899009dd1a0177b5,1636045200
5679,outfit.074a10af152c489ab0ecd8d67fa60fb9,1636045200
3312,outfit.2ab1a79e73cd419fb4479cea44e12c84,1628442000
3312,outfit.677e278365724e15b4d109ecefe6483a,1628442000
3312,outfit.23596174e2b1478385adda8f5f48416f,1628442000
1878,outfit.8594e5715536955a,1633885200
1878,outfit.f5fb40c43d174f799509d01145b1ed1f,1633885200
1735,outfit.853ff9245b124c84bb0973a6065e64de,1671210000
6817,outfit.b8b6253b118140448c36fb7b55fdce90,1650646800
3308,outfit.978ae36482bb4c1bb32f8a6524cfdb76,1655917200
3308,outfit.ef37915fe2f546378750595366833b79,1653238800
7225,outfit.c8855506fa9d47308b87aa0fe5efe3ca,1653498000
2057,outfit.af0ed14f93f042fa8c43dc0ff2da97e6,1701536400
3291,outfit.f75f6043c5814e998e72b925ef7a21dd,1645722000
6786,outfit.96cb494dcb47696b,1688490000
416,outfit.0f8322b7e0a64bcf8a0ac8936262049c,1657126800
5734,outfit.66da7242210f4c3fa7a47285efe37504,1631034000
5734,outfit.f465c31c406c4fc69448ba6a62d76ea6,1631034000
5734,outfit.b9311cecf65f795b,1639933200
5303,outfit.966d40d94c15445a8c0e51c0931e1a9f,1705424400
172,outfit.9b1b854fc8a535ae,1649782800
6429,outfit.bbd662557126462f84e4912812fc1be0,1694797200
2085,outfit.03d688ca88f84e89aeb31592d6394247,1669395600
606,outfit.1431039944fe4be88f8890a04a346b09,1664125200
55,outfit.897c161625314c1a993188bc0a5ca063,1649178000
6051,outfit.82303d2b1b524d6795661a1f5426a134,1709312400
4979,outfit.a0d1107baf5919d5,1645722000
3267,outfit.838393c0f12c45068f90821c83acac89,1608224400
3267,outfit.abe450dff4d74a5ba0d20c3a5d55e409,1608224400
3267,outfit.005031a3c94b4073b25088b0e19f0e99,1608224400
3267,outfit.36654cc2920c42b7a8c294cf349544fe,1608224400
3267,outfit.848a85ca39d3fda6,1608224400
230,outfit.96520672b1fc4ebdb9bd3b431609192c,1654794000
4603,outfit.a3d27b283d42172d,1648659600
3320,outfit.d7f1bc7197b6469db1b9c4faf4071cb7,1715187600
6733,outfit.841fdd28d3f644c0bb8efd874e818027,1662397200
4463,outfit.e3bf7fedde71456db683e017a65e9814,1609866000
4463,outfit.b8c30d318f9d0554,1609866000
4463,outfit.9b7f4ea284e640d19bb177049cd1c7af,1609866000
4463,outfit.d8cabdaf5af9426dad953821aefb0ba8,1609866000
4589,outfit.43d5741ca13a453bb378172945b47fc8,1621875600
4589,outfit.7f7033499dca4282b0608e106de787c0,1621875600
6981,outfit.ebfe6bcdfcb7442686f24eecaba39c1c,1628182800
89,outfit.aa10e3ab93793dc9,1643648400
5760,outfit.aecdd6d2249e8bc7,1651683600
5144,outfit.8154323d7dae46d3b98fb5e85b96a41a,1649523600
1819,outfit.5242edab1a064713b3c92f329d51b514,1632762000
1819,outfit.feaa16af0f6b4a96b65f8a29ace77979,1632762000
1819,outfit.9373e29ec69b488d9cbb22abfaed3b0d,1633366800
1819,outfit.cc5b53a2d9f44413afdd86c5d0dfd1c1,1632762000
1819,outfit.7f0c68b095a14d7fa001117bc2c75827,1641142800
4818,outfit.80820b9138cd4205885caaa0a65dd6a4,1690390800
1248,outfit.bf74b8813bc14a0a9ef9ad2f2234ff20,1694451600
4175,outfit.0ff0d877678e4755b088d1c5d09bee11,1657731600
2207,outfit.d9c02686a2094291837d95d09384481b,1694106000
4981,outfit.760587419305432581b1c2dd2d29e27f,1644512400
1586,outfit.87cafc24da73f5a4,1644166800
1390,outfit.c7f8c0ab1c36417eb3a7dea515d2a0e7,1638291600
5646,outfit.c9ba76ae33c44aa5a06b23a4e4229fb1,1691168400
5646,outfit.44e9f273236b4ecd8185e5853fb2ef34,1691168400
757,outfit.d73105249af8497a8400a0f75a825741,1638723600
3094,outfit.4cbda361e12e4d65a5fb502dfd38076a,1612112400
4769,outfit.3dac69d72aed4d1ca4fc6bcff6b7cd4f,1610902800
5645,outfit.89ce51a125971793,1631811600
5645,outfit.55aa098dd93644fe961d0137a79adbea,1631811600
4960,outfit.fc14b8a036fa4ac196b9160b9b1fe0d2,1662656400
3267,outfit.3bc2c4bc9f78482ca5451922ffd57bdb,1645376400
6907,outfit.03d688ca88f84e89aeb31592d6394247,1601485200
6907,outfit.b82c3360fbcd411683eb135b6450e7fd,1601485200
6907,outfit.22c917473fe54dcb9b969d99a35ee10e,1601485200
2170,outfit.21474001bd3e48a19da3a75c2f3819fa,1692982800
3669,outfit.4c4d89bf0fcb4b32a9015ce1a7bade19,1682269200
272,outfit.b1ddecd27b94476d833c0ea2c2bb6d3a,1681491600
272,outfit.aa10e3ab93793dc9,1681491600
3814,outfit.e89fab0bbc574d6c89242ff808d537e6,1599584400
3814,outfit.b6a27dfa0198a9bb,1599584400
3814,outfit.374273ffb79943b7be144ceb14529592,1602176400
1749,outfit.2ff0f8356ee34f6fb2ebe48716840e5c,1704819600
4169,outfit.06ac471d39bf42989d65d70dc6e65967,1601226000
4169,outfit.462ca91031c54d7593a2e3d1da41aba9,1601830800
1481,outfit.1506b275d9894b3da75f83343e25a122,1632070800
5306,outfit.6d042743afa04727815f717cce0b2ac0,1703955600
262,outfit.abe970f711444589b6ce9e81bf35615d,1635181200
262,outfit.24f7bb6f025640bb9f3d5df253dbefb5,1631811600
262,outfit.37886c165da3410ca29761ac81f95bf9,1631811600
4558,outfit.31661e90877148d9bbe3846f087063f7,1597338000
4558,outfit.35331fbfbbe04b9ca3dfc1535cf148fc,1597338000
4558,outfit.9a0feb1d3ddde6f2,1597338000
4558,outfit.5a7e4814596a482f8350a95702a5b83f,1597338000
4558,outfit.0ca44af5dc0d4bfb8cb409023716c0a5,1597338000
5844,outfit.2386f5b10f544de1a8f7a53a4b3bb92f,1571590800
5844,outfit.124195196333488e8ba4d195b96ecbdf,1574096400
5844,outfit.fa20f4d239044e7a922e27c5b5fd9f4f,1573664400
5844,outfit.9d09514916e0a13c,1570726800
5844,outfit.33deb9ecdab843c59db67aeb7a8e3d35,1571590800
5844,outfit.03b18817e1894e588c3ae117a47d830c,1573059600
5844,outfit.0fd1ffa75a364aba8427034859879e25,1571590800
5844,outfit.f7826f04ea8643d3b68964a5ab27b0a2,1571590800
5844,outfit.d89c1051a315434d90b87a3ea5aa1ea3,1570726800
5844,outfit.bcd7efc3918cf15b,1570726800
5844,outfit.a66ab9f04f63457fb8f729349bff7c8e,1570726800
5844,outfit.8302402a6e8e8e8c,1571590800
5844,outfit.3d6a6e8b147447cb94f5f2b8056018de,1572195600
6907,outfit.46fd30ba34534c96b133e88f257cb7e1,1651770000
5224,outfit.804540f3384690cf,1646154000
5224,outfit.e5503fe6f5f243fc90c526bcdb75c942,1644253200
5224,outfit.e18310c477cb4fa38cd9ba31e9997c4f,1647795600
5224,outfit.50c5d21a8bb0414b9b8d7ae5d0f9754f,1643821200
5224,outfit.bb1024860d8f559e,1647882000
6456,outfit.f4608a1f01534d818dd6424ed99428cd,1655830800
6051,outfit.9b1b854fc8a535ae,1714582800
4175,outfit.9d2ae3e74d7f4d9bbde82be334a3a21b,1652461200
5303,outfit.292fc161ab8a48d59af997f56cce1cb4,1702746000
4463,outfit.be1e83bfcede6836,1646499600
3848,outfit.6345f9fdf4f340bdb2781ee8fd68deb6,1627232400
4218,outfit.02323792c3fc471186d9e7c2debd393b,1602608400
5531,outfit.5dc101d7bfbe4f49858db5913a5a7203,1649264400
5531,outfit.33d5d4c82b5f4d1688a04dac513e2740,1649264400
5531,outfit.819fe443b574445a979f4f0571a65677,1649264400
6642,outfit.bf8385f15d6d468880c5e654f7599cf1,1614618000
5303,outfit.9df47f2be7324ffa9fe6cd184656a7ed,1718557200
2102,outfit.56cc017ee10f4e77a002829e408687ba,1636909200
5914,outfit.853997984302460e92bb9f8335ca5a0b,1595178000
5914,outfit.50c5d21a8bb0414b9b8d7ae5d0f9754f,1596214800
5914,outfit.42a71b8c872f470c8350ac507497071e,1599152400
5914,outfit.02d71eaf66044b1283932f9e612cfd7b,1595178000
5914,outfit.c9be10d661bc4a4992a6c757b6e75ca8,1591894800
5914,outfit.6df9fd60925949a5acdd17de4dd4e7a1,1591894800
2250,outfit.83126fbdb1962feb,1669050000
3123,outfit.7d29eb8d2f0341b2a1c2eeb8c76416f4,1638205200
3147,outfit.9d5c2d8415063b7e,1623171600
3147,outfit.9e3bea6a01d94e03a43bfefac24422e4,1623171600
5130,outfit.506146e24b7042b1a1b3d0c829f446a4,1657299600
5130,outfit.b5f45ee9fdaaa13e,1659978000
5130,outfit.fc774521956e43c1b7b989272f5dca23,1657299600
107,outfit.5a0e04a9018a4904990fc85f1c8cd1ce,1633885200
107,outfit.3cfe6cce6fc744489c7bf129187ea836,1633885200
6129,outfit.181629c720b548f4a77a22851f1fbbce,1650042000
6129,outfit.ec471fe2ed734d1fa37ce1b2b0088619,1657904400
1248,outfit.07dcb037d0ed4eea9bf29230e6f2abec,1686502800
5760,outfit.f4a5306ea45d4ab9b40340f016bab653,1680627600
6526,outfit.cf321774b9de4035802e1829303fd3da,1691514000
560,outfit.f7826f04ea8643d3b68964a5ab27b0a2,1658422800
560,outfit.127cbdac62d948a1827499f13034becf,1658422800
3432,outfit.a867d0ea463b4d6dbd0f750bc1962f49,1638118800
3432,outfit.d40f6349368b4e47b521138ba35d8ebc,1640624400
3432,outfit.171c86f3627845c08df08a82deb2241f,1635440400
4640,outfit.ddf5ea0fe07746eb95e15f4cda0b5e4d,1625418000
4640,outfit.5b607271e3ee467bb4188f977c0336b8,1625418000
6038,outfit.32e640b3fc894710a096ec7ad3f7a976,1660064400
6380,outfit.3984754756394c3e95ade4b2080508c6,1629133200
6380,outfit.ccf811c5b8f847758b9d79c74514890f,1629133200
6380,outfit.34fb4047b75346ba9ced8912198506ff,1629133200
3669,outfit.b0d5835cfb6f4f918690a79fd842e7a6,1684861200
7367,outfit.1e33dfb5c66847f29088ba6717b10f75,1677776400
2905,outfit.476b7bf9f9a74be3ae1a2152fee9fc3b,1692982800
3267,outfit.4898f8ea3d4942e5bb9e1b63f07d163e,1666803600
3267,outfit.811eea1f363f4d37,1666803600
3267,outfit.22e47ac833dc47889bf2c9bf6baed182,1666803600
606,outfit.c7b2894a9f3c4c568f982ca6c89ea6d8,1703523600
2500,outfit.b21aec5d36074eb790d69c5c40b7d77c,1689958800
6734,outfit.8154323d7dae46d3b98fb5e85b96a41a,1657386000
6734,outfit.8ce5277fd36a4926b5203cfcdb72fd72,1654794000
6734,outfit.3037fa72ade7482e8c13863bc447c11c,1657386000
6118,outfit.5862a9386cbc4ff29e9892f49274c243,1570467600
3521,outfit.915d00f05ea74ed9872f00dbf6367ac4,1654362000
996,outfit.bc3fd0ccde3142df8d22eaf0508699a6,1665766800
5285,outfit.1a05c2e6ba8c4de28923f683bef9c1ae,1688576400
4193,outfit.df81c6ba86ef4c3c8fd2976934eb4078,1662656400
3094,outfit.b09e135ba34c46daaf3a5495dcec6e83,1603990800
5972,outfit.65bf9afca9c94299a8ea0b0b8fc4e03f,1610643600
4725,outfit.a1e7bca1ce3791d6,1674925200
4725,outfit.2cc1bf3b23ce4811b7cc78ec9e50c379,1674925200
1684,outfit.611ba8f831e449f0a5bf0dfcc78e35a6,1687194000
2273,outfit.d21f3628771b4dcebc478c94a456d999,1660755600
2085,outfit.a38554cc5999458397c5f190f0f3c38d,1674666000
2085,outfit.9a5a00800acbac31,1674666000
3518,outfit.a0a46d933783476c9109aafdeeeb550e,1686762000
293,outfit.18463cd95aa04dbba9610a91b4f71be4,1571850000
293,outfit.293f074047f34fda9bd95d96c5b9f906,1571850000
293,outfit.becc5bd9847a7c10,1571850000
293,outfit.f51e3b6fec2d44f59e21f3dc2334231b,1571850000
1138,outfit.ebfe6bcdfcb7442686f24eecaba39c1c,1681664400
5481,outfit.ae451567693540fbb1bb66c05d3f8951,1701104400
576,outfit.37af7c19c13949819ca971b380a9f97c,1638464400
2892,outfit.43226226462b46ef9545ea320348ff21,1625418000
4608,outfit.80603a3d95e4beb7,1657731600
1138,outfit.915272dd8393bc1d,1665939600
1553,outfit.a38b3b3e20364b78bfcf0bb1eadcc0e5,1636909200
6955,outfit.48b43358755242c4bf529574c171b675,1682614800
2448,outfit.97071c364d1944db8c7ae6a9d768a51a,1655744400
5760,outfit.ada6bb8993e7a05e,1651683600
2465,outfit.931ef0d0cada4965a8ea693f7a520b64,1660842000
1447,outfit.ae3c94e801eb4aebb7c3714ec981521c,1654102800
1447,outfit.b4e897cae6915720,1654102800
4998,outfit.77441845458641bcb87eb64f10b76c12,1635267600
456,outfit.a7e848f47d2643d988bbaf47dae4a136,1630256400
4810,outfit.c815d15af6ba46c580927f9bf81122f0,1661533200
2815,outfit.ada989bbc2322203,1654794000
2815,outfit.293b6f34465a4a28abffbfc87ad78849,1654794000
7411,outfit.a4699b3b33b4d99c,1603990800
2148,outfit.33775c3acbcf408aadc5a2436d0750ec,1682010000
414,outfit.d3f2083ec04f4429bae5660f2a3db238,1695402000
5760,outfit.524627d9e5544cb8ab8c738c64a440c4,1685898000
1354,outfit.3260a6894aef41329983b153a3c022ed,1701795600
5490,outfit.36654cc2920c42b7a8c294cf349544fe,1701104400
6907,outfit.f1ed4ff2e21a436997e35b1c918c304b,1651424400
6907,outfit.96f7210a2ae0aa93,1651424400
7247,outfit.49e0781692bf413fb78ecfe466524e36,1673197200
4258,outfit.27a162bde20b4961ba8d94a8828e036b,1652374800
4884,outfit.379ed2da3cb6428c9c9402855dfd61f8,1699635600
2340,outfit.ad848f726cd93e66,1624208400
2040,outfit.db01c7586017469ea4cc561b59fa2aca,1604250000
2040,outfit.a20f428f90cb4198b1864b1ea5cc54a7,1606669200
2040,outfit.085fb811e8144319a18fe29c43325329,1609866000
1942,outfit.fbda7f830faf4caf9b0a085054f22e54,1637859600
6212,outfit.c05f7a4778004af4b50ca321d248f1e9,1637686800
6706,outfit.ed9017ac844a486fac95996bcc5b4b84,1602435600
6706,outfit.0533ed8c59ce4cf29172f502a3a93a91,1602435600
6706,outfit.c2c7871b40df44969ba85dea0f927f42,1602435600
3721,outfit.29a0d66e916c4bc690cf393bcea980e4,1595178000
3721,outfit.a5c559f08448bea7,1595178000
3721,outfit.422bc3cc7f6a429086cf8c49273ecd90,1595178000
2205,outfit.9cfd3798e4b27f4c,1682874000
2205,outfit.060cbfa6f9024404bd6a4ed96b7bd41b,1682874000
3189,outfit.23596174e2b1478385adda8f5f48416f,1671814800
2508,outfit.df13ea56a17d4fad9fca92caa307b02c,1656003600
2485,outfit.d6241a805f5e4108abfbdbc9f58fcb23,1646154000
2485,outfit.5c3e94100ece4badabb0d1835ab78377,1643734800
3040,outfit.ddf5ea0fe07746eb95e15f4cda0b5e4d,1678554000
3749,outfit.68d7e3b9e8be4f07b3b200682d7dc456,1654966800
1481,outfit.839e3ef745704a72a86272840cf862d4,1626282000
1481,outfit.947023ca62c57b96,1626282000
3094,outfit.866385e680f6475e8b2899e2bc30a1fe,1643821200
3094,outfit.20ae7885d88441348ab7a255bcc2173e,1643821200
2402,outfit.85ef135795fc4b9fb082438789d4daa9,1599152400
2402,outfit.7d48fb77be2340e3be0de8ab4f9a97a3,1599152400
2402,outfit.bf0bc59908734a2a9c7a47a1442bf744,1599152400
2402,outfit.127cbdac62d948a1827499f13034becf,1599152400
2402,outfit.337cc518c38b4bc18d879987d91b073c,1599152400
3103,outfit.9dc1abebc456d310,1604250000
3103,outfit.ada989bbc2322203,1604250000
1922,outfit.d81ef5af6f7b43358348ff1113aeb904,1652893200
5130,outfit.40de51943eb44f01b6504c863bb5e741,1657299600
5130,outfit.8e3a6e9e196cfbc0,1657299600
2056,outfit.69510e71049843628dabe5ef896f1b04,1654448400
2056,outfit.338c7b24bb1140d7aa47279c9490cfe7,1654448400
5760,outfit.929220a63bf843f99474bc2644fcb53d,1677949200
3320,outfit.5024e38969364cc2bcb0025151e4ec55,1662656400
313,outfit.338c7b24bb1140d7aa47279c9490cfe7,1688662800
2148,outfit.ecd27d5311ba4d3d95b9b5c3071ed764,1639674000
3749,outfit.9e50c4cb7e564151b3494f501b7d893d,1603213200
3749,outfit.aac7f6af58ec7121,1603213200
4404,outfit.654e48473404490fbb74d6a48db9ce9b,1689267600
2920,outfit.8e3a6e9e196cfbc0,1628182800
2920,outfit.3ae8377476ab4594b00bd3a7790e9549,1628182800
5695,outfit.35e53b748ea043f79cd9a2caca3a995b,1617642000
5695,outfit.503dfd75a3f84d38901d135120cdf40b,1620147600
3875,outfit.7bf81ddabaf04521afae88cc4b70ef8f,1625504400
5100,outfit.5a4fb1545a1448fb970821a7bcb8c581,1705424400
5736,outfit.849c7f2e055c46478710a291b5ffa5db,1671210000
6038,outfit.944185e8eec8066a,1668013200
6038,outfit.961a17ab05934b81a815e365bfe692d4,1668013200
4709,outfit.55e47b50f0dc4852a5784fffafa63488,1636477200
6903,outfit.3260a6894aef41329983b153a3c022ed,1600621200
6903,outfit.be1953ddbefacff3,1600621200
6903,outfit.bf6df4f0abba9e2f,1600621200
6903,outfit.a3b4b48a9ca2414cadf862281cc384d8,1600621200
6903,outfit.b2924603fbe14557b4e7175a3bbe4d5e,1600621200
67,outfit.e9e6ef522291496dacaad16160c8a8f2,1669741200
2687,outfit.ee0dfdf3b9a349b591e78712514e2f5b,1646154000
55,outfit.8e3a6e9e196cfbc0,1646499600
55,outfit.fc774521956e43c1b7b989272f5dca23,1646499600
6429,outfit.aa76777d3b9d4073a342e2093e4ea1e2,1686848400
456,outfit.ef37915fe2f546378750595366833b79,1626627600
456,outfit.817cf154a066e6e0,1626627600
3062,outfit.ede0d0fd9315467c868825bcb20d2fe6,1670518800
1389,outfit.940d8268582284b6,1669222800
266,outfit.bf8385f15d6d468880c5e654f7599cf1,1698685200
1382,outfit.e839f20d4c8a4086bd22a8b7bb71271d,1620925200
3577,outfit.b3d31d76ede3d815,1621270800
6601,outfit.0f8c445a9a334c6984277bd96513a37f,1701709200
4175,outfit.e11253de97ba42eb819cf53373fcbe8d,1707843600
5661,outfit.fc774521956e43c1b7b989272f5dca23,1667840400
5661,outfit.8a458a93e4cd4214a520074f16d5b9fa,1667840400
5760,outfit.78d16995b62e40d48f06a20dbf72d844,1646413200
6592,outfit.beb7edd11cd741538175c927a81cbf89,1602003600
6592,outfit.fabccb7729514b23b386e2f93064548c,1602003600
3259,outfit.d4498e3094f048d8808f056832637685,1617642000
1586,outfit.89a1a2941012477c83e6f9aaf2f144c8,1718470800
4240,outfit.8d6bd94d09354d22a77928a01bac9d25,1637168400
7400,outfit.e608f9225d314a12a390b165d222cc28,1612717200
7400,outfit.ed5a5a066ca647b6a9aaeb1ec8e7ee87,1612717200
1878,outfit.ad412f59706c86b8,1644426000
1386,outfit.113cdf3f57984c3a9cc75afd5bf45c03,1670173200
4501,outfit.b28818ece07e4d079ab89fa18b117415,1707152400
4501,outfit.14b7969c5bef4051848ecc977eef38a2,1707152400
4258,outfit.9c0b47f4d629c3f3,1673542800
5733,outfit.93d7a4479c7f446b80995278ada5874b,1662310800
5733,outfit.23596174e2b1478385adda8f5f48416f,1659632400
5879,outfit.9dc1abebc456d310,1626973200
5879,outfit.91d906d5cfcadc9b,1626973200
4486,outfit.b7ebd99d748b28d0,1638896400
6212,outfit.23596174e2b1478385adda8f5f48416f,1652806800
6212,outfit.453a4c074a164ad0bbef87ee09a09616,1652806800
6212,outfit.9cb602e5b83949d49bc50bbbfa5b7d04,1652806800
6817,outfit.92f2e542b76f7d6d,1674406800
2799,outfit.b5db150f4740b356,1682528400
3459,outfit.e1a782a63cf54c7aa654d30392da1daa,1601485200
3459,outfit.841fdd28d3f644c0bb8efd874e818027,1609866000
3459,outfit.96cb494dcb47696b,1606755600
1585,outfit.804540f3384690cf,1664038800
1585,outfit.980eb1c72e1e71f6,1666630800
4218,outfit.d04fbe1240ef405c867fb813b5aa8779,1679763600
1412,outfit.535d7a56f1a44289b93c6bd46f656d8f,1622998800
6734,outfit.ad6f853b5c31b6f5,1625763600
6734,outfit.67c7e051a163432eadc34be683ea3d44,1625763600
4656,outfit.8f34384795bfc03e,1683133200
4656,outfit.48dec5565f454acf903fe1ce1f41a39e,1683133200
1706,outfit.16f24c4eb69a48f1a34117fc6c0a691f,1649610000
1706,outfit.4be27307ae1c4611ad56aca101c8a6b4,1649610000
3320,outfit.b1eeff303fb44f10a6c2ac36c0136514,1707411600
6303,outfit.682446def1c34a79890b62c1397c7afb,1659286800
4725,outfit.8fc193be35a546b987480b6cb5323beb,1638982800
996,outfit.a5650c1bada909fd,1652029200
2271,outfit.4431d4e34e6a4c0fba43aa50395893f7,1610989200
2271,outfit.30d1aee07a924c969deb23980fe0949b,1610989200
2271,outfit.af0ed14f93f042fa8c43dc0ff2da97e6,1610989200
2812,outfit.bbd662557126462f84e4912812fc1be0,1619974800
7411,outfit.e6abf593ad3949cd8a2b345ed4249ff6,1702918800
4986,outfit.fdb60816253847178ab8a51f0ccbbe56,1701968400
2489,outfit.993dfa12c54fc46f,1607619600
2489,outfit.aa79d60774804d869aef12b033762513,1607619600
2489,outfit.ae3b425f7b70953b,1607619600
3669,outfit.4c4d89bf0fcb4b32a9015ce1a7bade19,1692810000
1412,outfit.992bf5adcd39d953,1615136400
757,outfit.e2b3417940d44a5a8202c0a7b39604e1,1662570000
1626,outfit.7ba3a82d83c24f4096668fa3c59b2c54,1644858000
4409,outfit.14e59903e2184edb963cf2e3f1b55e0c,1688490000
4725,outfit.c71e9a58962a404b9d6c8df867b4b392,1648486800
4725,outfit.abe970f711444589b6ce9e81bf35615d,1648486800
4725,outfit.14b7969c5bef4051848ecc977eef38a2,1645981200
4725,outfit.2766e5ad48a2427a898f60aaacf85622,1645981200
3147,outfit.d8909288c79b4df6b6547aa381d360f1,1646586000
3291,outfit.b4e7c58304d74b64b8b2ddf13ba93c6d,1711558800
1626,outfit.767c953e45b8447eb7ff8d44dd5b65e1,1668531600
1626,outfit.ed26f73fdcad4071a6efa9ea84e9de3c,1668531600
1586,outfit.f8e95f5fd1b641a4823ea3c6010e19cb,1652634000
1586,outfit.e947dbab69e64c5a85f1fe565b5f3a49,1652634000
3784,outfit.841f070dd5a12094,1599411600
3784,outfit.4555578a3d454839a343bd1f6448f523,1599411600
3784,outfit.a95a05ea858446c38ffd5535ab65a392,1599411600
1684,outfit.16f24c4eb69a48f1a34117fc6c0a691f,1631206800
2576,outfit.df79806b22844eae8e38a61b63ffeee3,1661187600
3875,outfit.e319ab9f2a9143da8cc4defb08ce33cc,1635699600
5303,outfit.897c161625314c1a993188bc0a5ca063,1708102800
1282,outfit.bb925d82b43cfc38,1695315600
2762,outfit.ade5433e25b54fbbb66a54f8fe113132,1618851600
4218,outfit.9341a89b191cd49f,1626282000
4218,outfit.d1404a07cbda4bf68dd8d57cb0e32207,1626282000
7342,outfit.6d6fe6b3b2514ecc8c47947292874f90,1684688400
7342,outfit.671c37e96f5247e68b198e2a61dbe34e,1684688400
416,outfit.e0758c1aad1d4207a476a4186dddad11,1607014800
416,outfit.c1647a6e778d4245931b540ef1505b1f,1607014800
416,outfit.9237685700e6542b,1607014800
416,outfit.896f0af4aaaa4d56a26ab9e37e94ad14,1607014800
1173,outfit.89b7c4936135cfb5,1687539600
1770,outfit.8594e5715536955a,1671210000
1749,outfit.25cf652454ab4f9fa1b636cbd555cfa6,1694278800
660,outfit.8f4c967492cd42a6a0afec84b3500e93,1638118800
660,outfit.ffd83466cdb84a0dba02339aa0c72f73,1637859600
4834,outfit.74ab95aa86ea40c484d1b833605eecc7,1630256400
4834,outfit.63bcf26d934447e1aa4d53214cef7d4f,1630256400
4834,outfit.d4498e3094f048d8808f056832637685,1630256400
6212,outfit.d8909288c79b4df6b6547aa381d360f1,1648141200
3727,outfit.b3aca8927927e99d,1649869200
3727,outfit.353d5f65327e4dc7a10203844a59c560,1649869200
2714,outfit.93d7a4479c7f446b80995278ada5874b,1649005200
2714,outfit.9d97d017a5c747ac89d59efab886369a,1646240400
416,outfit.be54589074780d08,1688662800
1816,outfit.d91c416ae1584028ba0c20f1329bbb97,1631725200
1816,outfit.5bf05f8589804ae290c997e60400cb6c,1631725200
5236,outfit.c18d614b53ad40d9ac3f3c48278fa09f,1667494800
4194,outfit.37af7c19c13949819ca971b380a9f97c,1664816400
2649,outfit.94fee721c94da3bd,1709312400
2649,outfit.7ee7542297f944ecb49f4fe5b44728f7,1709312400
2649,outfit.b5812826d5eb41f39aa282e64b91ebb6,1709312400
2649,outfit.e17a0df1f70743e590827d7df93bb7f4,1709312400
4638,outfit.816fb1b6edef8b59,1601485200
4638,outfit.fa737f8bee584d309426410002edac0e,1601485200
5236,outfit.c95b16794434474e8d02306d2f1b6a0a,1664816400
5236,outfit.b80429b20d914612960e3cdbfcc0602c,1662224400
7411,outfit.1af9826548074bb894ddfd86db27c9d9,1660842000
7411,outfit.8fbf386b8fef8664,1658163600
3192,outfit.9341a89b191cd49f,1615827600
3713,outfit.13830724df15455ebac964c87af6997e,1598893200
3713,outfit.4bd8e39e3d5442c4b76dcd9797725b38,1598893200
3713,outfit.91d7bcbd88004c9e939fb7877dc4a1f7,1601485200
3713,outfit.41aa40088a25428985b642adaf4e7d84,1598893200
5736,outfit.030be8f1ab0549db86e542e2ad08a5b2,1697475600
5736,outfit.030be8f1ab0549db86e542e2ad08a5b2,1702746000
5736,outfit.e3beae7266754b369fb289ece8c757ba,1692205200
5736,outfit.f11efd8c7b064175b4997b1ab65b5458,1700154000
2519,outfit.55e47b50f0dc4852a5784fffafa63488,1606755600
2519,outfit.38ef91e51ef14bb19df9094a40bcb7f7,1606755600
2687,outfit.118f15046d0b45d48929bb91df474761,1632848400
2687,outfit.3f9b25249293481cac7469b68f545c7b,1632848400
1840,outfit.a294399ed5bfba8f,1645981200
1365,outfit.ddf9204937fc40069fe13a0c546e1df9,1648054800
4986,outfit.de582935a0ae42e28c735362403e5ca4,1633885200
6592,outfit.8a9297abf702469b88dcdb1ce6cd35bd,1696179600
5805,outfit.72b64826af9f427e9b51b108ff3d5ba2,1632762000
2250,outfit.946ae92e21374e0d8935761e881bb94b,1682096400
2687,outfit.b8dc734193a541e28856ad6b60c524e5,1643734800
4137,outfit.abd7e59260904f73ba0937d81996a9f2,1638205200
3094,outfit.6753fee0b6894243869c63032302de22,1606410000
3094,outfit.fabaa18896e64e6ba835286d7f1d44e3,1606410000
675,outfit.fe06ae3e05fe48d1ac80a4d182cc8cb7,1701450000
675,outfit.f3067ef490224ffba4c9a8b16458c624,1701450000
2675,outfit.dc762a7b6d30497b983f8127846123b0,1681146000
4853,outfit.676f2b8ab3894ff293c0fbd62398bc05,1625072400
4998,outfit.bbd6ae88b44bfd29,1650387600
3510,outfit.57ffd059f0374d6995a1f8fd4ee0d2ed,1661619600
3510,outfit.b8b6253b118140448c36fb7b55fdce90,1672160400
3510,outfit.09f131a3a13141da9b70638289d27de3,1661619600
3510,outfit.e6bbfedb420c40059c5a6515c0f94dfd,1664298000
2217,outfit.609f102d66db422da0587164e5faba1a,1607014800
2217,outfit.9a8a18eecd5649eda11bf75987a90efa,1612371600
2217,outfit.9b7f4ea284e640d19bb177049cd1c7af,1614790800
2217,outfit.bd9dca3a7c0d808c,1614790800
2217,outfit.0c3cac26eb674e35a4602a369b146592,1614790800
2217,outfit.588d78c7613f4e10b418317946a7a186,1607014800
2217,outfit.93d7a4479c7f446b80995278ada5874b,1612371600
2329,outfit.fd816aa2311d45c78fd0ab2d663a177a,1700845200
222,outfit.9565d4d6787ad71f,1703091600
3459,outfit.d91c416ae1584028ba0c20f1329bbb97,1609866000
4985,outfit.00fa8d1fd5804fe78ac284c2e0c28b4e,1643562000
5646,outfit.1bf5c2c096dc490f8e8efd7d09e6769c,1691168400
5646,outfit.1ff1200dca844ecd8ac042bd3363b7c5,1691168400
864,outfit.5f638bee24e542c2ad2eaef2f5227087,1693933200
384,outfit.badb81ea53ce4b62b54387b26501b6c9,1660064400
4017,outfit.3a5aeafe771d488f84bc18af5db17114,1720458000
5251,outfit.257570a5166f43fba7f231ab1e0e2d11,1637773200
5251,outfit.148857ae81d84843ae1671986a4e145e,1637773200
5251,outfit.c2c7871b40df44969ba85dea0f927f42,1637773200
4603,outfit.478c7aaed8f8413d9618e508ddd7d59b,1634835600
4603,outfit.35040533aa374146acdf6819785d4b85,1635094800
5236,outfit.e89fab0bbc574d6c89242ff808d537e6,1662224400
3951,outfit.2f5079f4f8384977a9ac6bb4b465c23c,1660410000
3951,outfit.8cbb77c85f07443e9c2e6687e4131a45,1660410000
3951,outfit.ad062450831242c091c3cfc78407df6d,1655139600
267,outfit.98c77b103c834bec95a332ea8b683db1,1647104400
6372,outfit.202c5658aee14e4180cd074aa81842a1,1614877200
7244,outfit.32684b5443394c4a91606c9aab8d3cdb,1619715600
1700,outfit.b9c0bbd563524653,1682010000
5236,outfit.c18d614b53ad40d9ac3f3c48278fa09f,1670086800
5760,outfit.f4a5306ea45d4ab9b40340f016bab653,1685898000
3041,outfit.9b1b854fc8a535ae,1647536400
4834,outfit.fec66293d37940b79dde2c1acd761fe3,1650819600
4638,outfit.44c8e590e1df4f6ab23cf81b9ed39374,1641229200
3624,outfit.b2dc9f23d8d34e6fa62981cf887be220,1653670800
3956,outfit.3e47b084ad704fb5b25b38809fae38a7,1654362000
3956,outfit.923f3fd476b5450b9582d1f525604546,1654362000
3956,outfit.b6f4e6d64e3144d2b528b6bf75e5ddcd,1654362000
3956,outfit.22b16afebcf749d08ab2a83d88406516,1654362000
1390,outfit.a9f2bcb6885fe60a,1635699600
572,outfit.ac52d51d1863129e,1638723600
1716,outfit.d73105249af8497a8400a0f75a825741,1618160400
1684,outfit.ae922e922588454591edca7cabf0db48,1641402000
4674,outfit.3a08f6654ee4454bb0b5ba8dbbf765b0,1706202000
667,outfit.50fef96d33b04473aead4117f52c1338,1659373200
667,outfit.6ef1d02f358a4299bd11943f5b5258c4,1659373200
6907,outfit.b8a404e6aad069ba,1641142800
6907,outfit.abcb318cd2f62d3b,1641142800
3227,outfit.b42337853cae4f66a2e7640b6845d2e5,1658768400
3189,outfit.89bb81f29b0f44698d89fb39fd4402a5,1669222800
3572,outfit.4c41406859e04bc7b29036c62ea1b7df,1602003600
3572,outfit.2a4decf449b64584804dad1d704f4ef1,1602003600
3572,outfit.5eda9383bba2444aa517f17c3edd4453,1602003600
3841,outfit.c41b5bc7cfa0435abe71b09cfccc17ea,1602781200
204,outfit.f566554a9cea4c0fb77e1f9a7708c398,1669050000
4183,outfit.853a99845bbe4b4884e0a6a1c289bd05,1686934800
4183,outfit.940d8268582284b6,1686934800
2870,outfit.99d3c1ea30367e62,1666717200
825,outfit.efabac44ce104279a8c819af8d14e5d6,1713718800
4170,outfit.6c68130ccc5b41a79388037d5bd3004f,1643907600
4170,outfit.68619657037e49be85070ff82067b940,1644166800
4170,outfit.3dac69d72aed4d1ca4fc6bcff6b7cd4f,1650906000
4170,outfit.f5cdd470173a4cbb913353aac985eebe,1644512400
4170,outfit.9bb6cde5e7d143db8e60793ec409d58b,1641142800
4170,outfit.60dced53fd414aec99d569404f19c4ee,1646672400
4170,outfit.3b8ec1aa02f64daebc17177ba35efcd2,1651510800
5303,outfit.8e330b28328c4558a9523168b34d4d86,1705424400
416,outfit.ea4cdef4b083408eb9410d077f9c929b,1644166800
1626,outfit.5048c556741f4513ade4ab8607e5a46f,1705338000
4030,outfit.75fd35081c884af28940d854e0a8c67f,1665075600
3267,outfit.1ba9e80c87c84ac98d59fd5fbecf6f32,1685120400
4725,outfit.bf299b7d8eeed1e5,1669654800
4725,outfit.955f2239f0b38561,1669654800
1032,outfit.ad0e0bb9c3ab3cb3,1649610000
1032,outfit.9abd359ee8d44269ab15d6cbfcd8eb81,1646931600
1032,outfit.841f070dd5a12094,1646931600
996,outfit.234ce093695f4773aba7287620cee9ca,1636304400
2703,outfit.8ce5277fd36a4926b5203cfcdb72fd72,1665853200
2703,outfit.113c7b9e83d0435894562f0b5ef41fc9,1665853200
5695,outfit.f13af5d893714a7abcbca1ca15163fe9,1596733200
576,outfit.ee94b77c56794feab26ffb22c2b9e2ca,1641142800
4709,outfit.372a132f8fe4463f8fdb8d7a8b3f5206,1639328400
731,outfit.1d7da339dc6b48e68c801f5862573aad,1654707600
7118,outfit.7cc6bd8e645a41d2837976a0d09e3ca9,1694624400
6372,outfit.00fa8d1fd5804fe78ac284c2e0c28b4e,1584032400
6372,outfit.2386f5b10f544de1a8f7a53a4b3bb92f,1584032400
6372,outfit.ed5a5a066ca647b6a9aaeb1ec8e7ee87,1584032400
4834,outfit.fec66293d37940b79dde2c1acd761fe3,1645981200
2485,outfit.7a9ac6aae6de40d4b1a260d95de95988,1646154000
2485,outfit.074a10af152c489ab0ecd8d67fa60fb9,1646154000
6519,outfit.234ce093695f4773aba7287620cee9ca,1618246800
2576,outfit.30c1385e9d714fa5b2000abce92e6c91,1655917200
1922,outfit.79d8ad807b5a4fbc86d21e759e3c7342,1635354000
6977,outfit.50fef96d33b04473aead4117f52c1338,1671037200
6601,outfit.b0677486667c446c9f61ae24522c6b26,1707066000
6601,outfit.b26dea94dbd147919dbe9c6378c9c52f,1701709200
446,outfit.16d009b7c441450183dbace1c9e64dce,1610902800
1382,outfit.b68b720dbd521460,1637859600
3749,outfit.16c67c6789f94fb8a10de95277e1a321,1647018000
3749,outfit.70bfcd7059a248ba9b8337bad5ce56fa,1647018000
2168,outfit.8a1cf5ac88bb4b80930feda22d5dcc49,1658941200
3047,outfit.be1e83bfcede6836,1668531600
731,outfit.a7e848f47d2643d988bbaf47dae4a136,1646758800
731,outfit.b5efe9b9e6104f0796fe1adc5650e75d,1652029200
731,outfit.b5efe9b9e6104f0796fe1adc5650e75d,1657299600
4463,outfit.d89c1051a315434d90b87a3ea5aa1ea3,1687366800
4834,outfit.40f5c15e6ca0486293b24bdf66d40393,1656090000
6177,outfit.374273ffb79943b7be144ceb14529592,1638118800
6177,outfit.afcfeb5d7cda41318a080365f05c9075,1638118800
2040,outfit.8619bf33395941ca8a9e98931e1462ff,1596992400
2040,outfit.bb8aa151e5f63d31,1596992400
2040,outfit.37af7c19c13949819ca971b380a9f97c,1596992400
2040,outfit.ede0d0fd9315467c868825bcb20d2fe6,1596992400
3896,outfit.8a9297abf702469b88dcdb1ce6cd35bd,1667235600
7110,outfit.388d5e71d8ca46a59067b8f07c7a0760,1714323600
3572,outfit.f4a5306ea45d4ab9b40340f016bab653,1599411600
3572,outfit.841fdd28d3f644c0bb8efd874e818027,1599411600
3572,outfit.37dfcefd9016441b96537a6b3de58e29,1599411600
1553,outfit.de9c4f2245104d7b807e819b9ea7a4e8,1652634000
1553,outfit.ebfe6bcdfcb7442686f24eecaba39c1c,1652634000
6361,outfit.a8c3007784dfc486,1706720400
6,outfit.0e79f46fd9f344bdb7c714ffce9e98aa,1635181200
6,outfit.3bf44cf3a9d8493eb057521c2f3e88e2,1637686800
5490,outfit.29a0d66e916c4bc690cf393bcea980e4,1679936400
5490,outfit.4688b412bce3457a9c1727fd38ab4a06,1682614800
416,outfit.ed0bda9223004815822e8eaff7b7688f,1699290000
416,outfit.f66d734ea0fa4854b73f96714fd19ecf,1699290000
4981,outfit.c26dfa3343fe4ba3823eff356e24750f,1642006800
4981,outfit.9956752d78a44dea91307b82661d85aa,1642006800
3896,outfit.fbc31b2005504087aa980bf59e078b7e,1680282000
675,outfit.6ef37d8d2ee744229ed6350d8a94f308,1680368400
3924,outfit.bf6df4f0abba9e2f,1706374800
5760,outfit.8cddb9b88c984068a92d14c539dd24e6,1659632400
5760,outfit.82ca4f1985ca4966ac81db79cc5a5bc1,1659632400
3608,outfit.3aec93f22b9a450ab7dfc26095abc609,1601485200
3608,outfit.2fe31ac153bc422c945294c342de95a2,1601485200
658,outfit.b8dc734193a541e28856ad6b60c524e5,1666026000
1585,outfit.f66d734ea0fa4854b73f96714fd19ecf,1635440400
4724,outfit.b04f116bc3224f22a8f17d62934fe2cd,1679158800
6364,outfit.31db3530dd7749a5b342e0650a8c8b7a,1624208400
6364,outfit.82857c0f835c4c8b8fea971653673d20,1624208400
4409,outfit.af3a5e4cc2959d66,1709571600
6903,outfit.8c5e53894f0ca50e,1600794000
6903,outfit.fdc3cdbad50644ad97fc0a903f967e15,1600794000
6903,outfit.c4c75ed0869147faa31911d6b9919b7a,1600794000
4464,outfit.bae42664f07a447e,1655571600
6319,outfit.9e28084ee8e94a1d8afe4abe643fa8d5,1633021200
2402,outfit.80d81410fa5f0ae4,1596128400
2402,outfit.8491b9cfec31254c,1596128400
2402,outfit.5b607271e3ee467bb4188f977c0336b8,1596128400
2402,outfit.bbd662557126462f84e4912812fc1be0,1596128400
2402,outfit.9aee78d90d74477a8709a5f6baf24e74,1596128400
1518,outfit.a5f369e8f0504905bd14d3a58f8dc8cb,1690650000
1518,outfit.151898f52a9a4e1a9862b376db9195e9,1690650000
3094,outfit.b1adfc4204c602e5,1594918800
4638,outfit.69510e71049843628dabe5ef896f1b04,1619974800
5318,outfit.bcdb248c57283524,1678986000
4463,outfit.a7b955473f2248a8a818455cb08c9e79,1697907600
5160,outfit.edf01c8ca8f64059a8afaf72b4ba5eb3,1658682000
5160,outfit.012a4c0079984d719f3f2626bb60b374,1658682000
6592,outfit.756079160a3e402d87df01062ec3b941,1682960400
6592,outfit.1da2e77fd6594cb7bf3e7f4dd0e187b3,1682960400
6907,outfit.b2cb4b87e0f8fce5,1616605200
1700,outfit.e947dbab69e64c5a85f1fe565b5f3a49,1666285200
2516,outfit.3a5aeafe771d488f84bc18af5db17114,1653584400
6601,outfit.cb29aca3f7be4551b07a9d1b02957e02,1693846800
6601,outfit.dd5c21e0c1ee4428b7019e5740e3e8aa,1693846800
6601,outfit.fec66293d37940b79dde2c1acd761fe3,1693846800
6955,outfit.3fb6cd2d1f454b85937d1540dcf212f0,1651251600
6907,outfit.b80a7f8948aefe75,1672938000
6907,outfit.af879b315e9e04fc,1672938000
2649,outfit.da552355bfd04649a987a3881b99d09c,1688230800
2649,outfit.3b49ff8bbdf2444a83abcdc0fbb45f01,1688230800
3510,outfit.9b8cb306a9fd4315bbda3cd2b056e36a,1703696400
5760,outfit.1f534d95ccf6415a8af3b5799dd959e7,1670173200
5760,outfit.9f16b609a91c48e3,1670173200
5760,outfit.77198ec009ad4cc98e710f5bcd1a6ab2,1670173200
6907,outfit.57d3d071648f425f900f33b203e013c8,1625072400
6212,outfit.6962210a388343c2a203996ee7a30eb0,1639674000
5661,outfit.3e47b084ad704fb5b25b38809fae38a7,1680886800
4858,outfit.a8cbaf4636a74bf7ab5f86d15121ea2b,1574010000
2681,outfit.8cbb77c85f07443e9c2e6687e4131a45,1632070800
2681,outfit.7d69ae2f5dc641bca0eed4b1dfc17ac8,1632070800
2623,outfit.f4336a1909704b3fb0843ec7496c2884,1627837200
3291,outfit.8ccfe9b6e0b0473b95bc91b156139d89,1669568400
2102,outfit.6c4dd0c71db040ae9ac85030d4403e3e,1647536400
2102,outfit.4f39670d27b14b41994aa1f388d86260,1647536400
2762,outfit.0dba9d16e2e54e58ad650f0ecc2b3ea5,1613581200
4674,outfit.f75f6043c5814e998e72b925ef7a21dd,1638723600
4674,outfit.d628edcdb5d743e09c72d3482c5df99c,1631120400
4674,outfit.d91c416ae1584028ba0c20f1329bbb97,1631120400
582,outfit.ce331a7cc22d4aaf82548e873c59e6cd,1624813200
582,outfit.f926e8589d9147c5822d152566769240,1622480400
6075,outfit.98fa1b5287182a9d,1670950800
6103,outfit.0e1bd47c2f09419d84217b3a6b5e265f,1704646800
4336,outfit.c8c5d18e8365419eba926afed7344dd7,1653843600
4336,outfit.7395b78d10084aebb906f8f83bfd89cc,1653843600
4336,outfit.74d1bc8ef8b3401a98e92e3f1826c0e3,1653843600
4336,outfit.cd218662a26c4c29b372ed1563cf0ced,1653843600
496,outfit.8cbb77c85f07443e9c2e6687e4131a45,1683651600
3028,outfit.3b8a8f44f52f4b92b4935f08f4d2b9d7,1639674000
3028,outfit.cdc50f2c7fc54079a32bdf91b2d65e78,1639674000
3875,outfit.4c7025a42af74e9bb6aa71afac57324a,1628442000
2576,outfit.29c39d6085f345dfbccc23a2f8e274a6,1655917200
2623,outfit.f4336a1909704b3fb0843ec7496c2884,1622480400
1201,outfit.6a0ee820e93d45bb86077aa56e1c231a,1642093200
1201,outfit.e8f877d97bec44b49a40abd355d69d51,1642093200
4409,outfit.3dac69d72aed4d1ca4fc6bcff6b7cd4f,1704387600
4853,outfit.25cf652454ab4f9fa1b636cbd555cfa6,1627837200
3846,outfit.b9e21535cf624b6eac04d3a9708f213b,1609952400
3846,outfit.944efade730744e38b3b678dae890f98,1609952400
67,outfit.7abb8ad021294be3863e5ea746538347,1675098000
7371,outfit.ed0bda9223004815822e8eaff7b7688f,1596387600
7371,outfit.d263cb821a244b41b4c47ac08fa10596,1596387600
7371,outfit.6382007b5e4e4e5ba3ddd8571427ecb6,1596387600
5236,outfit.838393c0f12c45068f90821c83acac89,1641229200
5236,outfit.9f58acfe6b554e4ca880e378aa7e8e56,1641229200
4463,outfit.f102748bf7fe46a2a9a3eb170410b6bb,1697907600
6817,outfit.9653e8c2cb5f44eeb2a9015e4b11c162,1682182800
4656,outfit.302a96af11cd4c54b7cc0215f48103b0,1706979600
6663,outfit.705792b3c7c2487ea489a85c1be84122,1651338000
1684,outfit.d6896eaf6b734f40943d6cce5d23c1e3,1655658000
1684,outfit.f1ed4ff2e21a436997e35b1c918c304b,1647709200
3896,outfit.713570ccf2364240b906d668908737ff,1680282000
2085,outfit.4f88de908942498980138fc606c745fb,1674666000
4463,outfit.656dc77e8bd948e6bc85d9284c79af19,1716310800
3749,outfit.ef9f4ad754194793ab95e6c30f5606ae,1639933200
3749,outfit.a34cdcaefffe44c89674b55f96a03950,1642957200
3749,outfit.8a130c68d99c4023ad5d0551e483cec9,1639933200
6911,outfit.29d43c48eee84539b3e1597c9cd55194,1657472400
6295,outfit.0f545b5ba1274c66b2896afdcc48c5d9,1654016400
5039,outfit.4f70cab1b988484a9af2f69e488e30ce,1633366800
6526,outfit.b09e135ba34c46daaf3a5495dcec6e83,1712595600
1248,outfit.07dcb037d0ed4eea9bf29230e6f2abec,1623258000
1248,outfit.819fe443b574445a979f4f0571a65677,1623258000
1390,outfit.940d8268582284b6,1650906000
4810,outfit.bab0a29ca356113c,1685120400
1382,outfit.59866b2b0d7949f5845bd9774a9ce330,1611594000
1382,outfit.b04f116bc3224f22a8f17d62934fe2cd,1611594000
2071,outfit.89ce51a125971793,1637254800
1586,outfit.8e3a6e9e196cfbc0,1665853200
2383,outfit.d04fbe1240ef405c867fb813b5aa8779,1638205200
5169,outfit.2846db8e50bc49a7a1b5f37be769f364,1682614800
5169,outfit.ed0bda9223004815822e8eaff7b7688f,1682614800
2022,outfit.b62a06fd0f523bac,1670346000
5251,outfit.df1d0f1d24dc4629b4769b6a3dc89b43,1668186000
5251,outfit.527e5a69558c404f81d9d3c68272f67b,1668186000
5251,outfit.447e5486379147879a59e168c261d9e2,1662915600
5251,outfit.0e79f46fd9f344bdb7c714ffce9e98aa,1660237200
5778,outfit.bb8aa151e5f63d31,1673974800
5778,outfit.ed9017ac844a486fac95996bcc5b4b84,1673974800
3094,outfit.92f2e542b76f7d6d,1690304400
4725,outfit.82ca4f1985ca4966ac81db79cc5a5bc1,1645981200
1809,outfit.4c8d6c10b08440fcb06d8893d705124b,1658250000
1809,outfit.853a99845bbe4b4884e0a6a1c289bd05,1650387600
7366,outfit.8ce5277fd36a4926b5203cfcdb72fd72,1661360400
7366,outfit.a0361d1da07f4cf4929c58bd45782fae,1661360400
1193,outfit.6fd4e1ca2f474faa9366763ac28adb3c,1645808400
5734,outfit.9c19cb240c0c06d1,1641488400
5734,outfit.b3d31d76ede3d815,1640710800
5734,outfit.478c7aaed8f8413d9618e508ddd7d59b,1638896400
7100,outfit.70bfcd7059a248ba9b8337bad5ce56fa,1668618000
7244,outfit.33775c3acbcf408aadc5a2436d0750ec,1682442000
4501,outfit.e457a3fb8aeb44b99d9ebae19bab9fae,1662397200
5490,outfit.11395b1173644fedbcfc219469f27b84,1641402000
5490,outfit.a488106c64f04db6bab3a40dfdc7832e,1641402000
5490,outfit.98d6cf4fef49ec24,1641747600
5490,outfit.a1c7ea9aa83e32c8,1641402000
5914,outfit.01601322d21a422fbc2db49c7866e264,1653757200
3320,outfit.5024e38969364cc2bcb0025151e4ec55,1702054800
1248,outfit.5494f9123a164880a3ed401be7abcd8b,1644598800
1248,outfit.ee40e812ed554b87a45637339c72cbd6,1644598800
4463,outfit.e17a0df1f70743e590827d7df93bb7f4,1697907600
1735,outfit.3b2ed909c25f4ba28abf27a3ba98f5d0,1673888400
2617,outfit.37886c165da3410ca29761ac81f95bf9,1600794000
2617,outfit.8d9f00f7e6494b03beae69bfed8e6c58,1600794000
2833,outfit.4158a6fc47074d23b6591ae8583673a8,1643562000
2833,outfit.7f44b4762bda4246a1aa7cd533047141,1643562000
5734,outfit.e98a6e485b1941d98e43c0e74cc6885b,1633626000
5734,outfit.eafae74f4ff24c29862f7dba09874920,1633626000
6907,outfit.595a88f3986340b9b7ee163cbe32c85d,1651770000
824,outfit.9acd6a788f014e9b81fb32f2c97f53d8,1650733200
3103,outfit.9341a89b191cd49f,1609693200
4696,outfit.eb104cb68a534166899c4cce84b0fa55,1696611600
2675,outfit.944ba4bd2e6441f39a9e45ef42121224,1665421200
2675,outfit.9e371154c9be4c08b587ea8e5da833b3,1673370000
2675,outfit.13341577ef954838a87bf016b1501ebb,1668099600
1522,outfit.97acaefe61dad4d4,1595955600
1522,outfit.a8c3007784dfc486,1595955600
1522,outfit.66da7242210f4c3fa7a47285efe37504,1595955600
6304,outfit.139187a6eb1540b6b2b8aef96bd12601,1628096400
6304,outfit.2a4ac5ffa2a44630a5295e135713963f,1630861200
7400,outfit.31d5bc7c60334b9889e9ed768f05e578,1615136400
7411,outfit.c51bd8f0c3464297b89ffa73328c3275,1708275600
549,outfit.0f9681d7171142aa84399d37dc7b4ed3,1654448400
549,outfit.4f39670d27b14b41994aa1f388d86260,1654448400
490,outfit.9288ff153f8d405e89ce6b6cfd08171c,1620925200
490,outfit.a1f38765322e65b2,1620925200
3432,outfit.5330ecb4f53c4f7a865f99a6fdd37773,1640710800
3291,outfit.56dec64c8c834afaace780273bbde124,1635181200
5100,outfit.e0a3899c698544c4bf205f2a6eae496c,1645030800
6010,outfit.eb60db20ed1d4ddeb7e2b03e05cae83c,1608138000
6010,outfit.0fce955a2b0840ff8630eb10804ccb99,1608138000
6010,outfit.98fa1b5287182a9d,1608138000
2489,outfit.b8edf89f3a5949949ae1188cd3283d6f,1610470800
2489,outfit.fdc3cdbad50644ad97fc0a903f967e15,1610298000
1982,outfit.c69fd3c4befc43c08273d51d292c74e2,1636563600
1982,outfit.d60c7801271e488d88f0f13a0b28e6b6,1636563600
1982,outfit.5d2d7dca81534a789407bce8180af049,1637600400
5236,outfit.7395b78d10084aebb906f8f83bfd89cc,1643648400
5236,outfit.838393c0f12c45068f90821c83acac89,1641834000
1735,outfit.85244edf68884b9fa35758fe33b84612,1623690000
1735,outfit.11395b1173644fedbcfc219469f27b84,1627232400
5617,outfit.be54589074780d08,1694883600
3769,outfit.f82bfbc5af1c4997956e63f92ea51907,1684170000
6038,outfit.91d7bcbd88004c9e939fb7877dc4a1f7,1627837200
3040,outfit.a24ec8c88040844e,1650819600
6936,outfit.26a6d5aa3fea4de08cb8723770250042,1638291600
3749,outfit.268878c3e3e24d98bbc6e9770e2eb44c,1621530000
3749,outfit.bb1024860d8f559e,1621530000
454,outfit.542f3e3ae20d42bea4c81a418f7adb7b,1662138000
6591,outfit.071f256faafb419a9d235186bcf44c81,1717866000
3320,outfit.ad50bddf369641b0827aad7ce9f36022,1707411600
5531,outfit.15d79dfee61f4e1a840f3fa2368563de,1609866000
5531,outfit.d24b8b64d37f4ea29ccc8aeb0c1bbb2f,1609866000
5531,outfit.65489efb22d947a8865099ddde5b790d,1609866000
1443,outfit.8ad56e42a7bfeb00,1603645200
7411,outfit.0e978d0344f44a11accd476e3397df84,1606669200
7411,outfit.f398680c9638415dbe02347d447dd922,1606669200
7411,outfit.a294399ed5bfba8f,1601398800
1008,outfit.e6abf593ad3949cd8a2b345ed4249ff6,1696006800
2475,outfit.6f6ace195ce44ccdbafbb72c1b4cde13,1632243600
7041,outfit.93d11b40e1db46198d34109e7d0ebfe9,1632243600
7041,outfit.96520672b1fc4ebdb9bd3b431609192c,1632243600
7041,outfit.3ae8377476ab4594b00bd3a7790e9549,1632762000
6304,outfit.75fd35081c884af28940d854e0a8c67f,1698166800
3028,outfit.e5503fe6f5f243fc90c526bcdb75c942,1673974800
3028,outfit.cdc50f2c7fc54079a32bdf91b2d65e78,1663434000
456,outfit.790f5da62cbc479694f4df750c3a76c7,1626627600
456,outfit.900dd323358401b1,1624467600
456,outfit.65880fd633594bf4ab0b833b9c09d29a,1624467600
2114,outfit.ac5bdf39908e44dabf5536871716d1c9,1589907600
2114,outfit.2ead65a1ecf54c38a27bebc2bf47b9b1,1589907600
2576,outfit.cf1d104fc65c4fd987d195e2a58e588a,1663866000
6798,outfit.f13af5d893714a7abcbca1ca15163fe9,1715792400
2703,outfit.1b0e05e23cc047439c31fc35d0c34b55,1655312400
2703,outfit.b46fdffcec7c6364,1655312400
3924,outfit.d3739869edc74a0a855e399f5b75a567,1627491600
6303,outfit.60a1072927ca4f13ae03d6f876c42cb3,1680282000
2364,outfit.25ff5e5ef4b541d79324a66515f1d89a,1678122000
5330,outfit.ddb15f8dac0c4e03a7c88805a98cfcc8,1652374800
7100,outfit.1f8f1544736b40b99c3485150d68342b,1647450000
6936,outfit.a647aca5ce17d71e,1648227600
6456,outfit.a9cd4913d4d043c1803b8f7dec42d143,1692637200
3291,outfit.60dced53fd414aec99d569404f19c4ee,1695834000
69,outfit.8ed6e4fedeb67e87,1632762000
69,outfit.b6e876bed3cff76c,1632762000
69,outfit.8a458a93e4cd4214a520074f16d5b9fa,1636304400
123,outfit.9d97d017a5c747ac89d59efab886369a,1641488400
123,outfit.ac3e4eefb550471989769e1e4d1683d1,1641488400
6907,outfit.4bd8e39e3d5442c4b76dcd9797725b38,1633021200
2519,outfit.a657836d8fac6ede,1594918800
2519,outfit.a2b8e80de6b525a9,1594918800
2519,outfit.8776f5d660d948c9bf3243220d6b1f16,1594918800
2519,outfit.8e683c0cb1da5481,1594918800
2519,outfit.849ace7e1811150d,1594918800
5464,outfit.b45f71cef3bf96b3,1639414800
5464,outfit.900dd323358401b1,1633366800
6907,outfit.542f3e3ae20d42bea4c81a418f7adb7b,1712336400
3533,outfit.cf7f6a83f16a490aa765d3ead2b2b82e,1594659600
3533,outfit.cdcd1bdbc00e4a1cb9b80f7f5bbddd49,1594573200
3533,outfit.ba1df248f1cd432a8bb58292b7b31e7b,1594659600
3533,outfit.be670e741ed74f9597a28f8bb3e5e537,1594573200
6907,outfit.24c32dd0323c4873949167fe0d1db421,1688576400
2168,outfit.9565d4d6787ad71f,1677517200
6592,outfit.7d29eb8d2f0341b2a1c2eeb8c76416f4,1654102800
6212,outfit.d071fd1e083f4a08966866c856a0c5e8,1645117200
6212,outfit.880e71e3568b6812,1645117200
454,outfit.98fa1b5287182a9d,1677776400
887,outfit.234ce093695f4773aba7287620cee9ca,1635181200
3094,outfit.88c3d13d70dc4e97bf5cb6557c7ce49e,1617123600
825,outfit.be1e83bfcede6836,1655830800
4501,outfit.171c86f3627845c08df08a82deb2241f,1654448400
2329,outfit.1506b275d9894b3da75f83343e25a122,1647882000
2329,outfit.f23993293d944d1b9bf173ca5be1a409,1647882000
4170,outfit.b25f7c6a65a2459c8819de57f27a2684,1651510800
4170,outfit.e538cc03e9244a16910db1b27f7132db,1651510800
4170,outfit.6c68130ccc5b41a79388037d5bd3004f,1649091600
1894,outfit.e9f82d690d5a452ca833a578fd0f0dd0,1605459600
1894,outfit.6962210a388343c2a203996ee7a30eb0,1605459600
1894,outfit.39d30bdd02814cfbae737840b8e01321,1605459600
3051,outfit.f45e25a44bdd429991e9186db7fa64e5,1592326800
3051,outfit.dbfedaf11d78498fb877e892e0c9a5c7,1592326800
3051,outfit.7cc6bd8e645a41d2837976a0d09e3ca9,1592326800
3051,outfit.b068cf45c37e4aeaa1cff939a86e759f,1592326800
3051,outfit.2a4decf449b64584804dad1d704f4ef1,1592326800
1248,outfit.3ae8377476ab4594b00bd3a7790e9549,1654966800
4240,outfit.a3d27b283d42172d,1635267600
4240,outfit.bc490bc7db204af498825badd2d59285,1629046800
4240,outfit.7cff339e7950448c8485a2b44205adc0,1629046800
6591,outfit.a9f2bcb6885fe60a,1717866000
1382,outfit.3c0da42b00f94123aad9c641ff5073ad,1654448400
4175,outfit.e11253de97ba42eb819cf53373fcbe8d,1707843600
3147,outfit.be670e741ed74f9597a28f8bb3e5e537,1623690000
675,outfit.92423563b1ab408ea4e1137abf9774d6,1662051600
7089,outfit.b701b51a404a44418a375258167ad442,1682874000
7089,outfit.03162ec177a444ba847e97fe64db5ff9,1682874000
7089,outfit.8023680619aa366a,1693501200
7089,outfit.173b6b1204df4f128bcbdd843d91351e,1693501200
6879,outfit.252b5f88ee66462e9aef2ea071969700,1602694800
6879,outfit.12ca1b6aaefb46af8208fe008f3eb4e3,1610643600
6879,outfit.9d97d017a5c747ac89d59efab886369a,1602694800
6879,outfit.7d29eb8d2f0341b2a1c2eeb8c76416f4,1605200400
713,outfit.7d48fb77be2340e3be0de8ab4f9a97a3,1695661200
1386,outfit.fea3bb7d8ff54872ad84977465e29da4,1691168400
3935,outfit.514093f168604338b66059bf9e4e900c,1653670800
446,outfit.1edb2c8f4ff048c4b2f715329ccd7a93,1638723600
446,outfit.1ba9e80c87c84ac98d59fd5fbecf6f32,1638723600
446,outfit.d141393e8f8247db9c62121a790ed9be,1638723600
6781,outfit.29d43c48eee84539b3e1597c9cd55194,1647622800
6781,outfit.2846db8e50bc49a7a1b5f37be769f364,1647622800
2250,outfit.946ae92e21374e0d8935761e881bb94b,1671642000
2383,outfit.206df08f735c415bbcaca8d70e762971,1691254800
5730,outfit.d7a7b1a15fe04fd886b31c47431ebcb6,1652202000
6907,outfit.5235ff1f43e94601b30e4f25d6abcb39,1616605200
6907,outfit.3fb6cd2d1f454b85937d1540dcf212f0,1617210000
1201,outfit.a9f2bcb6885fe60a,1678813200
1201,outfit.a841b2acdc119218,1678813200
1586,outfit.abd7e59260904f73ba0937d81996a9f2,1633626000
1559,outfit.3aba9737d2f445478a8ce23b2fc22da8,1695834000
3041,outfit.4688b412bce3457a9c1727fd38ab4a06,1651770000
3041,outfit.ba1d7e7d9f4746388a8628d6c57812b3,1649178000
1522,outfit.83cae242e7d54be496b50e98f34e346e,1600621200
1522,outfit.048fe7f87ee34a4095f2141bd51e3b80,1600621200
1522,outfit.49e0781692bf413fb78ecfe466524e36,1600621200
1522,outfit.a2883b9efb1b4eb889e269c98e09f661,1600621200
1522,outfit.2701e5369cbe4015a19e9074113cb899,1600621200
7411,outfit.09f131a3a13141da9b70638289d27de3,1668790800
996,outfit.1b47c924e1684b9c94c76fa971ec8115,1647277200
6447,outfit.17753fa2c9914d659fe5432c2a06f1fa,1667062800
6212,outfit.b701b51a404a44418a375258167ad442,1660755600
6212,outfit.95a9732c69cb1e4c,1660755600
2488,outfit.8e5ef2b79973d23f,1636304400
6284,outfit.1dd897589a5148198aea6c403d613063,1620061200
6284,outfit.9b0a47dc97c7ecc8,1620061200
6284,outfit.9237685700e6542b,1620061200
6798,outfit.29d43c48eee84539b3e1597c9cd55194,1663261200
4481,outfit.ad6f853b5c31b6f5,1681750800
272,outfit.a520a9aa8147d618,1671037200
2273,outfit.cc5b53a2d9f44413afdd86c5d0dfd1c1,1658077200
2273,outfit.6fca7e059a914e899fc6d816ef943972,1658077200
2273,outfit.690dcda28d044c5f8f134ffcb66cc02b,1658077200
1586,outfit.95cf185dc27fb18b,1694797200
7411,outfit.549dd7bf94d4442abfd053dc32ee54cc,1596387600
7411,outfit.142a3686d9ec47afb71932e592f45a92,1596387600
2869,outfit.cafdca5ad56a4f6ea824cc20fab5b5ae,1709658000
4696,outfit.b75d871f45424868baa650472e43193a,1649005200
6256,outfit.b36a2b4ce3d90e1b,1602781200
6256,outfit.ceda10a556b24c7c9ceeb2cc1601429a,1602781200
6256,outfit.8caf3408b63342d889fe6f8afb90fe0a,1602781200
6256,outfit.9ae9443798cb496ba7848d3c3616ab1c,1602781200
5490,outfit.5df05df81eb54ba999e64c211780b556,1687885200
6601,outfit.3f93a64eb5c5449096f841fe5fdc2b8a,1696438800
5459,outfit.99d3c1ea30367e62,1692896400
454,outfit.ff08dd87bf144defaa332eac0bf5bd4e,1638291600
6526,outfit.89954cb83fe420c2,1686243600
4318,outfit.77441845458641bcb87eb64f10b76c12,1656954000
4318,outfit.c9250e31721a4e16842c1c648df90ea0,1654362000
4318,outfit.c2354df57f454e33bf2ff3ae5a9c7dea,1656954000
4318,outfit.896f0af4aaaa4d56a26ab9e37e94ad14,1656954000
4318,outfit.0fdacd78ea72476d9688afaa61fc5c42,1656954000
4318,outfit.2ac58ac5808446649bf9adbb74a55dab,1654362000
3749,outfit.883321945299904e,1693242000
4834,outfit.d8cabdaf5af9426dad953821aefb0ba8,1650819600
5481,outfit.1f8f1544736b40b99c3485150d68342b,1693155600
5800,outfit.70b441e6ee444f86a12921f85e5c2002,1685811600
2573,outfit.394609460a3549928924f3a0dc5a6e3d,1604509200
2573,outfit.95b998c29f9af2fd,1607014800
2573,outfit.78d16995b62e40d48f06a20dbf72d844,1609866000
2573,outfit.b8b6253b118140448c36fb7b55fdce90,1604509200
2573,outfit.af314667889c49cfab85a0e890642a31,1604509200
2573,outfit.b1adfc4204c602e5,1612458000
2573,outfit.8d9f00f7e6494b03beae69bfed8e6c58,1609866000
2573,outfit.a1bd30435ab14461af069cf262f1e1eb,1604509200
2573,outfit.44c8e590e1df4f6ab23cf81b9ed39374,1614877200
2573,outfit.a38b3b3e20364b78bfcf0bb1eadcc0e5,1614877200
1626,outfit.35040533aa374146acdf6819785d4b85,1642352400
3291,outfit.36462b7293ae423fb6b7180022cfcb58,1627232400
3291,outfit.09a274c103524f30bd8e3fcc3cbab7c1,1627232400
3291,outfit.0149e9cdd92241a7a8c73a98eb397928,1629910800
996,outfit.d0c649c31ecc49a18d0cf19d7270073c,1699981200
1706,outfit.7df2526a1c3c4b10b3017e7935c30629,1650214800
2869,outfit.b26dea94dbd147919dbe9c6378c9c52f,1717606800
2869,outfit.388d5e71d8ca46a59067b8f07c7a0760,1720198800
572,outfit.b1adfc4204c602e5,1649696400
572,outfit.e17a0df1f70743e590827d7df93bb7f4,1652288400
572,outfit.b3aca8927927e99d,1652288400
3267,outfit.ea4cdef4b083408eb9410d077f9c929b,1695747600
3227,outfit.d8909288c79b4df6b6547aa381d360f1,1637600400
3227,outfit.374273ffb79943b7be144ceb14529592,1643130000
4020,outfit.fa737f8bee584d309426410002edac0e,1630515600
4979,outfit.b619b14568c94d46ac314ae0983703bd,1635699600
3116,outfit.69000b1e14de4f0fa3ab832be40c6f04,1662742800
6907,outfit.57d3d071648f425f900f33b203e013c8,1691254800
6163,outfit.8d7319b7cde9526b,1667235600
4193,outfit.1c195032518b4aba942f6b4fb6ae4690,1699462800
1412,outfit.535d7a56f1a44289b93c6bd46f656d8f,1622998800
6858,outfit.f4608a1f01534d818dd6424ed99428cd,1689354000
6818,outfit.0ff0d877678e4755b088d1c5d09bee11,1600966800
3041,outfit.148857ae81d84843ae1671986a4e145e,1636909200
4834,outfit.b58b4d9011806e34,1632934800
2022,outfit.24d73455126347c3b71e4b1ebb1ed3fe,1670346000
1626,outfit.c258add24a7a4550b115b749ea07524e,1713200400
7150,outfit.a34cdcaefffe44c89674b55f96a03950,1631638800
5531,outfit.9617c0965077556e,1704560400
4834,outfit.769849cd28044a7188d9fce349c06156,1669309200
5224,outfit.682446def1c34a79890b62c1397c7afb,1624899600
5224,outfit.a7b55780d1764599a3ee339fff38d002,1624813200
1998,outfit.29c39d6085f345dfbccc23a2f8e274a6,1689613200
1998,outfit.c663f1c85a344f039eacb889398b6b91,1687021200
3103,outfit.4b5c2be520b045e490ca17fcb9d87b90,1617296400
3896,outfit.80820b9138cd4205885caaa0a65dd6a4,1693501200
1248,outfit.8f892d2a86a7024f,1615309200
713,outfit.e14ebf07096246dbb7bf4e241b4c5b32,1659718800
2040,outfit.9c0b47f4d629c3f3,1612976400
2040,outfit.f1a25e8f1def4f2fa805aefcbb91bb62,1612976400
1840,outfit.bc5aa99812bd420fae43972060ba092e,1651251600
1840,outfit.806a7fef96ec97e0,1653843600
948,outfit.8b2bcd93f2f8004f,1641488400
948,outfit.8f18f5ec1142ff1f,1641488400
3094,outfit.a9f2bcb6885fe60a,1655139600
3094,outfit.e5503fe6f5f243fc90c526bcdb75c942,1655139600
1008,outfit.53bf6ed2516f473a87497e8170d4c8e1,1703955600
3103,outfit.155567585a3c417fa6043924c2867d0e,1604250000
3103,outfit.bf0bc59908734a2a9c7a47a1442bf744,1604250000
6118,outfit.31edccd419de4fc5ae6aeb7eed4327ab,1574269200
6118,outfit.34bd3ce2dd644974b9e945a8d91d8bca,1574269200
6118,outfit.e8f877d97bec44b49a40abd355d69d51,1574269200
6118,outfit.5862a9386cbc4ff29e9892f49274c243,1574614800
6118,outfit.b45f71cef3bf96b3,1574874000
6591,outfit.fabaa18896e64e6ba835286d7f1d44e3,1707411600
825,outfit.dbfe1373a2f840979196fe10b912e0c5,1703178000
2687,outfit.edf01c8ca8f64059a8afaf72b4ba5eb3,1636304400
2687,outfit.e796e7141e9246b5a7a9cd70ed30fdeb,1636304400
5661,outfit.0e1bd47c2f09419d84217b3a6b5e265f,1673110800
1684,outfit.8ed02140f93ffa8c,1655658000
2273,outfit.24204aa044c44df084bf383e731cc535,1639674000
2273,outfit.7cff339e7950448c8485a2b44205adc0,1639674000
2273,outfit.b4e582b38a10f6bf,1637254800
4725,outfit.207232e414dd46e5b7352becfd9e53e5,1685206800
1412,outfit.75f72fc891604734a37a5ab96b006367,1617728400
5730,outfit.3ef1542d099048efa539e8c67a385732,1660150800
1684,outfit.cf321774b9de4035802e1829303fd3da,1710867600
5144,outfit.0bb30c1818f44d50b81b7ddf2663b839,1702141200
6036,outfit.b1a8ed1f5b6d4a2f86fb528cc029006e,1653411600
6303,outfit.1642071c303e44a19ce63dfbbf8384bd,1677603600
4634,outfit.359ce2bd2e40491686ce3ebc4a13ead6,1665680400
2102,outfit.34afd8b7f33d434c8e0ac2849eab231d,1681750800
1942,outfit.0e35a8a758734c2b98adfc8630b4e029,1599670800
1942,outfit.ddb15f8dac0c4e03a7c88805a98cfcc8,1599670800
1942,outfit.2392f0645935482bb171c7fd35384587,1597942800
1942,outfit.c8855506fa9d47308b87aa0fe5efe3ca,1597942800
1942,outfit.b813cd40d27344839e74b8b40ead859b,1597942800
1942,outfit.1d7da339dc6b48e68c801f5862573aad,1597942800
1942,outfit.7a9ac6aae6de40d4b1a260d95de95988,1599670800
1942,outfit.abd7e59260904f73ba0937d81996a9f2,1600189200
4464,outfit.a388427605b34a2ab0e19304e54facc6,1652893200
4464,outfit.4a42bebcc6534e8697fd6f7656839c29,1652893200
2649,outfit.b5812826d5eb41f39aa282e64b91ebb6,1704128400
2649,outfit.363a3d3fbf64484293b96404b1bdd504,1714582800
2649,outfit.aa76777d3b9d4073a342e2093e4ea1e2,1714582800
3291,outfit.60dced53fd414aec99d569404f19c4ee,1664298000
6310,outfit.d04fbe1240ef405c867fb813b5aa8779,1638723600
7118,outfit.164ec220792945e99be76a1f7291a9b8,1699894800
6781,outfit.353d5f65327e4dc7a10203844a59c560,1655571600
2649,outfit.0197563e06d44a0086f2cbe146a7ff7b,1698858000
2649,outfit.94fee721c94da3bd,1704128400
2649,outfit.b701b51a404a44418a375258167ad442,1701450000
2649,outfit.ef5fdc0209e74d39a8a24fcd05cbdce6,1696179600
2649,outfit.b45f71cef3bf96b3,1704128400
2649,outfit.2bb91a54c63d4f72a11a6ad7a00b35cf,1704128400
5760,outfit.9e28084ee8e94a1d8afe4abe643fa8d5,1672851600
3291,outfit.a38b3b3e20364b78bfcf0bb1eadcc0e5,1679936400
1980,outfit.890012ec91261ee6,1631206800
675,outfit.24f7bb6f025640bb9f3d5df253dbefb5,1680368400
3094,outfit.90a6743a8ffb95ab,1595782800
4834,outfit.1bd222290ef949289385cfdc1a02c20d,1638118800
1749,outfit.c663f1c85a344f039eacb889398b6b91,1710003600
6936,outfit.0106cbd7e23f41da92e3081146b4ad03,1650906000
7411,outfit.01601322d21a422fbc2db49c7866e264,1636909200
3521,outfit.ae538ccb6bf14a858b0f66458e592872,1691168400
454,outfit.fc14b8a036fa4ac196b9160b9b1fe0d2,1638291600
3041,outfit.206df08f735c415bbcaca8d70e762971,1657040400
1585,outfit.447e5486379147879a59e168c261d9e2,1669309200
6592,outfit.756079160a3e402d87df01062ec3b941,1688230800
2465,outfit.abce86c0d08341ed96a999cb4425d840,1705597200
4218,outfit.4dd6b2524e5b4379baa90d5f3f80280a,1615741200
4218,outfit.02323792c3fc471186d9e7c2debd393b,1615741200
4507,outfit.85a2fe3ce0c532c8,1654448400
4638,outfit.50db4782a8974ff281b43ea28f455d88,1694451600
3359,outfit.292fc161ab8a48d59af997f56cce1cb4,1701795600
6818,outfit.7af577a567bc490485605eab05781961,1596474000
6818,outfit.305bde2827b34ff192d1271ddb0e50bb,1596474000
6818,outfit.b70defa54d04468fa8318bbece5d3933,1596474000
7198,outfit.a3d25f31c9758d32,1658595600
1138,outfit.adf3063b0cdf501d,1697475600
4731,outfit.98d6cf4fef49ec24,1660064400
4774,outfit.47ffcece5f244f9a9cf888f7f6d16e29,1644771600
4774,outfit.56cc017ee10f4e77a002829e408687ba,1644771600
4774,outfit.bccadadafedf47d8b394517cf1668424,1644771600
2833,outfit.70b441e6ee444f86a12921f85e5c2002,1636304400
2833,outfit.c08f7356b17643258f50b4cc3eb25fa6,1633626000
2833,outfit.badb81ea53ce4b62b54387b26501b6c9,1633626000
2833,outfit.944efade730744e38b3b678dae890f98,1633626000
4486,outfit.677e278365724e15b4d109ecefe6483a,1641142800
3896,outfit.99cc91aeda7eb778,1680282000
3896,outfit.978ae36482bb4c1bb32f8a6524cfdb76,1685552400
4674,outfit.4c41406859e04bc7b29036c62ea1b7df,1664125200
1840,outfit.a32232b1ae5445e39801fd606d444610,1651251600
6284,outfit.139187a6eb1540b6b2b8aef96bd12601,1645030800
6284,outfit.adf3063b0cdf501d,1645030800
6907,outfit.8d182cff0398384c,1606669200
6907,outfit.4158a6fc47074d23b6591ae8583673a8,1606669200
6907,outfit.4bd8e39e3d5442c4b76dcd9797725b38,1603990800
6907,outfit.b80a7f8948aefe75,1603990800
5490,outfit.338c7b24bb1140d7aa47279c9490cfe7,1645981200
5490,outfit.8594e5715536955a,1645981200
5490,outfit.81b7059db24a1c94,1645981200
1881,outfit.50968c211b5941648f6519e289b84da7,1692982800
1388,outfit.391478ac84d249b49a87a9d829590887,1685379600
1388,outfit.524627d9e5544cb8ab8c738c64a440c4,1685379600
6907,outfit.84cfd784c9dd4ad6,1638291600
6734,outfit.be1cd8f914742de6,1646586000
4463,outfit.0af9759a37b84904b1335e0847fcbb60,1657040400
4463,outfit.cdca688f6a2b48c598ce6c5459088301,1654448400
490,outfit.7b28d52de2cb4e4f8b00b14dd8512644,1660237200
490,outfit.f28182fcffa64738813bde8ce70db7cb,1654966800
490,outfit.b36a2b4ce3d90e1b,1660237200
490,outfit.30a3ca6bb1c44394be44eff0548ed968,1657558800
490,outfit.b2cb4b87e0f8fce5,1654966800
4193,outfit.b1ddecd27b94476d833c0ea2c2bb6d3a,1686243600
1354,outfit.181629c720b548f4a77a22851f1fbbce,1691254800
5695,outfit.95a9732c69cb1e4c,1608483600
2649,outfit.96d41e4ecb154101be678d4302a266ba,1709312400
7244,outfit.e4bb08fb4a5f4f11843632fa2a227421,1639328400
1700,outfit.0a5a3a2e1ff34f1792e1f2dad95cbc2b,1703091600
7342,outfit.78778f72774d4269abd8410a9511fdf6,1705856400
1770,outfit.bd2ab280ed364f26,1657990800
356,outfit.b355a35d4bbe46fd8665c041839d6235,1626800400
1201,outfit.0fdacd78ea72476d9688afaa61fc5c42,1626195600
1201,outfit.bb35c791b2bfa191,1626195600
6303,outfit.43d5741ca13a453bb378172945b47fc8,1664557200
1819,outfit.5dbcbf03f1ec4ad280e3b90b688f0dc3,1666112400
1819,outfit.061edd6d908049c5856935a0372ddc64,1666112400
6526,outfit.7ae84d76f8634068b358e5f723942fa0,1665248400
6936,outfit.05ee1828c13a47c29f06de6d993fbafe,1679763600
2617,outfit.56dec64c8c834afaace780273bbde124,1608483600
3432,outfit.a5c28a753eb74c56b002bad5da62309e,1646586000
3432,outfit.1b1e586b3bb2432f91b4a2e15dc719e1,1646586000
114,outfit.1a05c2e6ba8c4de28923f683bef9c1ae,1661446800
114,outfit.93d7a4479c7f446b80995278ada5874b,1671987600
3459,outfit.b7e42c6a4cc546d3936a1fc797a1b4ef,1598893200
3459,outfit.d720fa6c17bf4c688054cbda17336d6c,1598893200
3459,outfit.6753fee0b6894243869c63032302de22,1598893200
4674,outfit.7eb16fe1e199414bbb7f88d71fe7cb56,1625504400
1138,outfit.f376dd31f0194adead88365684ce1e14,1671210000
1138,outfit.cd58f268e9e54fc08e5656e6f095975e,1671210000
1516,outfit.16f24c4eb69a48f1a34117fc6c0a691f,1626282000
1516,outfit.b9e21535cf624b6eac04d3a9708f213b,1626282000
1516,outfit.106726e45449496989051f9f0ff73af0,1626282000
1516,outfit.9827e0aa5b554cd4a6c02abfd990d3fd,1626282000
6026,outfit.337cc518c38b4bc18d879987d91b073c,1620925200
6026,outfit.ebfe6bcdfcb7442686f24eecaba39c1c,1620925200
4640,outfit.33775c3acbcf408aadc5a2436d0750ec,1617037200
4640,outfit.e796e7141e9246b5a7a9cd70ed30fdeb,1617037200
2040,outfit.94f96de6e74f4a51b85f15018f9ad0fa,1599411600
2040,outfit.706635d443e040d2a4ae9e6862a95961,1599411600
2040,outfit.aa10e3ab93793dc9,1599411600
2040,outfit.c0dd5faf2a294aa09fd7a39dc7a313bd,1599411600
2040,outfit.7bf81ddabaf04521afae88cc4b70ef8f,1599411600
3510,outfit.84b3db8e945423dc,1682614800
1237,outfit.24e1bde79f694d5aa980e0c889fa29c4,1634576400
4998,outfit.955f2239f0b38561,1647709200
746,outfit.82c79105bea94ffc800e561a5c9512c0,1570986000
746,outfit.676f2b8ab3894ff293c0fbd62398bc05,1571590800
746,outfit.84a8c067a942482a8a358cfae822a3b1,1571590800
6907,outfit.b80a7f8948aefe75,1696525200
4853,outfit.594f2f8f9a604c168f60b00506f0cfb6,1630429200
7041,outfit.b1a8ed1f5b6d4a2f86fb528cc029006e,1634835600
2500,outfit.aa10e3ab93793dc9,1687366800
6372,outfit.2ead65a1ecf54c38a27bebc2bf47b9b1,1598806800
6372,outfit.00fa8d1fd5804fe78ac284c2e0c28b4e,1607274000
6372,outfit.b25f7c6a65a2459c8819de57f27a2684,1598806800
6372,outfit.9d09514916e0a13c,1607274000
6372,outfit.8ad1c89174094a26bd4cbcfdcad4aecc,1604595600
6372,outfit.e4bb08fb4a5f4f11843632fa2a227421,1598806800
6372,outfit.c93e99cc15dc4420994f40954bf9d8a8,1604595600
6372,outfit.67c7e051a163432eadc34be683ea3d44,1602435600
6372,outfit.767c953e45b8447eb7ff8d44dd5b65e1,1601830800
6885,outfit.ba4ea8e459d0dfcb,1600016400
6885,outfit.33af134887eb422baed2c7207f9cd5bc,1600016400
6885,outfit.d0c649c31ecc49a18d0cf19d7270073c,1600016400
4463,outfit.b5db150f4740b356,1651770000
150,outfit.fa20f4d239044e7a922e27c5b5fd9f4f,1651165200
150,outfit.a5d5bfee852848c18596d844a3a9025e,1651165200
150,outfit.9bd9226c247f4ee8a64be90ee310fd8b,1651165200
5695,outfit.97ec221c84bcfbe3,1598202000
5695,outfit.804540f3384690cf,1606755600
5695,outfit.b8cb9d24af1f4c8f8845df6be4020db8,1604250000
2085,outfit.17753fa2c9914d659fe5432c2a06f1fa,1658682000
3291,outfit.8ba3b5b410c6466180b8bbecba6c7013,1621962000
3291,outfit.3b756132543a45d4a94b9bebb0aaebfb,1621962000
4404,outfit.d4a659e844e64b399669fe54284c3595,1663088400
6583,outfit.527e5a69558c404f81d9d3c68272f67b,1650646800
1735,outfit.1a83d9dec3424057a89f0342ea5b7be2,1630256400
6977,outfit.22ff5d532d24420891c0292df8da84dd,1668445200
6977,outfit.aa160ca041de17bb,1668445200
5224,outfit.b1adfc4204c602e5,1677603600
1840,outfit.e989b8cb4a814d97b642e1cb326f47e6,1667062800
3740,outfit.4b4220f875c140e1b2e455317cf84184,1601485200
3740,outfit.7d5e7df1d7e44528bca8d9859759042d,1601485200
3740,outfit.bcfda2c04c124f0084c43aa7169c640c,1601485200
272,outfit.0fdacd78ea72476d9688afaa61fc5c42,1689354000
4674,outfit.3dac69d72aed4d1ca4fc6bcff6b7cd4f,1690304400
1374,outfit.b9e21535cf624b6eac04d3a9708f213b,1631120400
1374,outfit.b5f45ee9fdaaa13e,1631120400
1374,outfit.b3d31d76ede3d815,1631120400
1374,outfit.250a41fd89bf4548bb8c5db06f1cfbf1,1631120400
1374,outfit.c52099f0269e4b6ebd66b79d3cca1d01,1631120400
6075,outfit.7d48fb77be2340e3be0de8ab4f9a97a3,1678726800
6284,outfit.84f782be1a41490f9223e753c8f180f3,1597683600
6284,outfit.88a780cac1d40972,1597683600
6526,outfit.b45f71cef3bf96b3,1678294800
6319,outfit.207232e414dd46e5b7352becfd9e53e5,1662310800
3458,outfit.67251d32508649cf8e2cb7d79817796e,1637514000
4810,outfit.1cda37cc756345aeb22ccfc54fef10a4,1690390800
576,outfit.81c2ee9d12b442ecbad61d22061364f3,1656262800
3459,outfit.9d23dc455c9c4837a3fe26931f944833,1599411600
3459,outfit.c52099f0269e4b6ebd66b79d3cca1d01,1599411600
3459,outfit.b4e582b38a10f6bf,1606755600
3459,outfit.2fac9258e5a64ac9a7658f54bd2056a8,1604250000
3459,outfit.5241f5b777a147bbb786de5bd171be85,1601485200
3459,outfit.d21f3628771b4dcebc478c94a456d999,1599411600
4853,outfit.b2e035a8cce61dcb,1628182800
5169,outfit.3b49ff8bbdf2444a83abcdc0fbb45f01,1675011600
2775,outfit.625293137dad4142a7558c88b74e3644,1656176400
3669,outfit.3bf44cf3a9d8493eb057521c2f3e88e2,1706029200
5236,outfit.9f58acfe6b554e4ca880e378aa7e8e56,1641834000
3642,outfit.4f88de908942498980138fc606c745fb,1601485200
3642,outfit.aa160ca041de17bb,1601485200
3642,outfit.f66d734ea0fa4854b73f96714fd19ecf,1601485200
3642,outfit.f1e688d410884ee0940d861fb2f620ac,1601485200
3642,outfit.5dbcbf03f1ec4ad280e3b90b688f0dc3,1601485200
7100,outfit.1f0ae1de64a54ab8ade3151460b27eb6,1655398800
7100,outfit.eb104cb68a534166899c4cce84b0fa55,1655398800
5151,outfit.838cfe096d280c52,1606842000
5151,outfit.e5f6db0c4d7f4e4cb4d754f1d8ff21f7,1606842000
5151,outfit.43226226462b46ef9545ea320348ff21,1606842000
6371,outfit.84258d84646b3955,1608051600
5208,outfit.bb0b2a2f58aa9f0b,1639069200
1626,outfit.93d7a4479c7f446b80995278ada5874b,1643648400
3291,outfit.55aa098dd93644fe961d0137a79adbea,1687885200
3123,outfit.9e90ada207a84d58941638aa284a4827,1694970000
7244,outfit.f1ed4ff2e21a436997e35b1c918c304b,1596992400
7244,outfit.439ff276a34d4993ad9cf68d06c67d96,1596992400
7244,outfit.d4d71ae7c0194db7b38fa774db0981f4,1596992400
3291,outfit.f86e075166ee4aee95fbdde5444221fc,1656349200
3521,outfit.64524dbb801942fb9b9b0b5853183177,1664902800
6212,outfit.dc0ccd196e79413d9c7216f3970942ec,1642438800
3432,outfit.944ba4bd2e6441f39a9e45ef42121224,1672246800
3432,outfit.98c77b103c834bec95a332ea8b683db1,1661706000
6526,outfit.89954cb83fe420c2,1691514000
572,outfit.2fe31ac153bc422c945294c342de95a2,1704992400
572,outfit.98aa99e47dee4f019d8b2620a9745f98,1712854800
1735,outfit.ef9f4ad754194793ab95e6c30f5606ae,1663347600
5169,outfit.a1efdc0d88774773957da6e703852211,1679936400
2762,outfit.2901f306ff3a4e7e8288cc48ec400f5f,1618765200
6319,outfit.d7f1bc7197b6469db1b9c4faf4071cb7,1691168400
1816,outfit.3f65ab1185ed4b06a4feab44d8fdc748,1635267600
5490,outfit.36654cc2920c42b7a8c294cf349544fe,1669741200
4746,outfit.767ecbf6b9bb4969ad78de1a78dbf039,1670259600
3432,outfit.98c77b103c834bec95a332ea8b683db1,1659027600
2995,outfit.84f134b06fbed5a0,1641315600
1792,outfit.944185e8eec8066a,1630342800
1792,outfit.97ec221c84bcfbe3,1630342800
1792,outfit.2aad4629b66d435c8da4594d7a3f7eec,1622134800
1792,outfit.dea118f1de544188ad16cda6259ba122,1622134800
446,outfit.9aadfc9a1d195c33,1570467600
446,outfit.7cc6bd8e645a41d2837976a0d09e3ca9,1570467600
4570,outfit.67c7e051a163432eadc34be683ea3d44,1648400400
5342,outfit.4222d99ee6974151a01942b79f1054f7,1654016400
5694,outfit.cac751eeb8fe4846a26b1fc647bc5ef2,1609866000
5694,outfit.9b0a47dc97c7ecc8,1600880400
5694,outfit.4c96620b5f444f05adcd28bcfd3861d5,1600880400
5694,outfit.d4220f5dd22c4d409d8121e26b11dc99,1604422800
5694,outfit.f23993293d944d1b9bf173ca5be1a409,1600880400
5694,outfit.fabaa18896e64e6ba835286d7f1d44e3,1609866000
7244,outfit.f23993293d944d1b9bf173ca5be1a409,1692982800
215,outfit.7ae84d76f8634068b358e5f723942fa0,1630429200
215,outfit.eb2d7f4e04d648ab98ccc7a46934c459,1630429200
3094,outfit.9d5c2d8415063b7e,1623776400
3094,outfit.a9f2bcb6885fe60a,1623776400
3094,outfit.89954cb83fe420c2,1623776400
2276,outfit.935ea85c252f9586,1622998800
446,outfit.3895e85d340f4339b7fef2e143e5e390,1592326800
446,outfit.dfcd2c8c388a4466bb0d687b08a74d6e,1592326800
446,outfit.8fbf386b8fef8664,1592326800
1193,outfit.1af9826548074bb894ddfd86db27c9d9,1637514000
1193,outfit.6fd4e1ca2f474faa9366763ac28adb3c,1637514000
5694,outfit.cdca688f6a2b48c598ce6c5459088301,1591290000
5694,outfit.1072872925cb416299b831528deb0b33,1591290000
5694,outfit.5dc101d7bfbe4f49858db5913a5a7203,1591290000
7376,outfit.0777834f7f1a4762a8c1ba09f2f4881d,1626627600
3669,outfit.1b729a38bf964452b2683cb84a9e14c1,1653325200
3669,outfit.9abd359ee8d44269ab15d6cbfcd8eb81,1674493200
2170,outfit.b21aec5d36074eb790d69c5c40b7d77c,1634749200
2170,outfit.a2626764264ace79,1632157200
2170,outfit.897c161625314c1a993188bc0a5ca063,1640019600
2170,outfit.dc762a7b6d30497b983f8127846123b0,1640019600
2170,outfit.ede0d0fd9315467c868825bcb20d2fe6,1640019600
2170,outfit.5f5573ff732d4b67824d71ebb7329db8,1634749200
150,outfit.6626fef47af741b4b78767f044751453,1653757200
3432,outfit.3cfe6cce6fc744489c7bf129187ea836,1653757200
1248,outfit.bf74b8813bc14a0a9ef9ad2f2234ff20,1676134800
1248,outfit.c5fa2da94b8a48ce893b4a3722f02cba,1676134800
6295,outfit.14727804dc6945f9baabcd76ad96a744,1660755600
1881,outfit.155567585a3c417fa6043924c2867d0e,1690304400
313,outfit.a1bd30435ab14461af069cf262f1e1eb,1673024400
2121,outfit.b0d5835cfb6f4f918690a79fd842e7a6,1684083600
4656,outfit.9abd359ee8d44269ab15d6cbfcd8eb81,1701622800
6046,outfit.29e6b2a21c5946d3a22772aa398a8361,1605459600
6046,outfit.380abb0818d3434bab724eeef1f4de2a,1603040400
6046,outfit.9e8dd974e09f44ef886fce0d3557d652,1603040400
3094,outfit.2ea36f84cb12427686eed685f97f2a8f,1679763600
3094,outfit.a4699b3b33b4d99c,1679763600
212,outfit.0aab21277b674f7fbb146ca7e853eef6,1676480400
3572,outfit.d8909288c79b4df6b6547aa381d360f1,1605027600
3572,outfit.31edccd419de4fc5ae6aeb7eed4327ab,1605027600
3572,outfit.fb060da6c30143fd9735e8fd364910e0,1605027600
230,outfit.dce1b27e6e5944c08b7253d1ebae5a60,1654794000
1585,outfit.82d7dcf690da4fc09bcf658816bccd3c,1648141200
1585,outfit.fd816aa2311d45c78fd0ab2d663a177a,1656090000
6663,outfit.2ea36f84cb12427686eed685f97f2a8f,1675184400
3510,outfit.925c69db26f6bbae,1677517200
3510,outfit.a8083cd1fd8b4da982f6f8b6364d96a6,1674838800
3510,outfit.a0361d1da07f4cf4929c58bd45782fae,1677517200
2870,outfit.feaa16af0f6b4a96b65f8a29ace77979,1682442000
4608,outfit.53cd37dc1d6345ce89fa68e62e936c58,1655139600
414,outfit.1b068bef871542b69522f45a4bb412db,1708621200
4175,outfit.cb29aca3f7be4551b07a9d1b02957e02,1636650000
69,outfit.acfea696146d1fca,1653152400
3956,outfit.26a9eb230d0b4820a0fcc230f0fe8cf2,1659632400
3956,outfit.f687126a10584fb5bb3ddcb1fc9ffae9,1659632400
2949,outfit.9b440739a4ab0623,1630515600
6013,outfit.76443d6db496494dbb26ac275ecbdb3b,1644858000
3846,outfit.992bf5adcd39d953,1622653200
3846,outfit.b6e876bed3cff76c,1622653200
3846,outfit.9cd6c1a82e884a77b55b6113de55fea7,1619974800
1706,outfit.86b2fd508097409d,1655485200
5398,outfit.0d0727d0c03f453495eaa85dc17d382d,1618506000
3308,outfit.c71e9a58962a404b9d6c8df867b4b392,1629997200
3308,outfit.2a4decf449b64584804dad1d704f4ef1,1629997200
6786,outfit.1c434db5b4cc42b8a656625c4d93fba4,1670173200
6786,outfit.1b0e05e23cc047439c31fc35d0c34b55,1670173200
4823,outfit.648dfae980884d3ab831ced525815111,1714064400
5695,outfit.04bac9c52e4f40ba95d8a044093fcbe6,1620147600
5695,outfit.bb1024860d8f559e,1628096400
5695,outfit.ea4cdef4b083408eb9410d077f9c929b,1620147600
3267,outfit.9effdad18841495bbd9239449480334c,1647536400
576,outfit.486c4a01acce4c8c84a6faa49dd33332,1656262800
576,outfit.1e4e6b9f7f984a5f81d68773e0165c44,1656262800
576,outfit.fa64859a68bd4aaeb18d40c34b32c2e7,1656262800
576,outfit.0a2ba9ba978f485d918a5fc89a032ddb,1656262800
7411,outfit.a8cd42d443d608cc,1603990800
7411,outfit.66208dc33bb64be483ecda5b9a4f66fa,1603990800
7411,outfit.ed5a5a066ca647b6a9aaeb1ec8e7ee87,1614531600
7411,outfit.6a8a9e4b00374d0e953550820b496573,1603990800
2492,outfit.c0fa278a2de845a8b72cc0f20ce18227,1705942800
2273,outfit.951c39634b6a4626,1658077200
4960,outfit.5241f5b777a147bbb786de5bd171be85,1694192400
3924,outfit.d26a681dbdd54f448ef373de80e065d6,1685206800
6304,outfit.767ecbf6b9bb4969ad78de1a78dbf039,1695574800
5879,outfit.3f65ab1185ed4b06a4feab44d8fdc748,1629651600
5879,outfit.a0d1107baf5919d5,1629651600
2056,outfit.74d1bc8ef8b3401a98e92e3f1826c0e3,1646499600
3041,outfit.8fc193be35a546b987480b6cb5323beb,1643907600
6583,outfit.fea3bb7d8ff54872ad84977465e29da4,1645549200
6310,outfit.8cbb77c85f07443e9c2e6687e4131a45,1654534800
606,outfit.a647aca5ce17d71e,1632675600
606,outfit.a0a96262277c45ff82220ffe62a04f65,1632675600
2329,outfit.8f34384795bfc03e,1676998800
2329,outfit.a710f88458e381e1,1676998800
675,outfit.145c644d683b4ccfa07d073d8c4efa6a,1701450000
3320,outfit.514093f168604338b66059bf9e4e900c,1675875600
7409,outfit.efeca2ca71b54ba49ec487475dfae85c,1651597200
6858,outfit.8831dbbc9ac4aecc,1665766800
1605,outfit.93fb65b596dc4d628b4812d30178a4dc,1638982800
1605,outfit.d751f378f5214d2e941994a9ecc4b046,1638982800
7101,outfit.bb72f30cdb4246d1bc47ff8b17cf4162,1618938000
7101,outfit.f6e0ac328eac45939027a5dbf9d8a086,1618938000
4769,outfit.866385e680f6475e8b2899e2bc30a1fe,1600794000
4769,outfit.043a430a63b34151a6489d2863ea11aa,1600794000
1626,outfit.4688b412bce3457a9c1727fd38ab4a06,1639501200
1626,outfit.c663f1c85a344f039eacb889398b6b91,1636995600
1626,outfit.7ba3a82d83c24f4096668fa3c59b2c54,1643648400
1626,outfit.17753fa2c9914d659fe5432c2a06f1fa,1646845200
1626,outfit.c17c4a7eb8284a26b0025919877d3023,1636995600
1626,outfit.e9e6ef522291496dacaad16160c8a8f2,1647277200
1589,outfit.c1e2e74fb2d84e07bec3185521fbea5b,1666112400
6911,outfit.f75f6043c5814e998e72b925ef7a21dd,1652202000
1354,outfit.80603a3d95e4beb7,1691254800
500,outfit.1260ac1718974152b1294c75e13aae88,1651683600
5531,outfit.15f39d4408a449febc2bd0d1afbb0f1f,1614618000
5531,outfit.9b7e2e060c874d3287c4cee69860679a,1614618000
416,outfit.bd029e8ff7cc4341bf48b2afaa0d9946,1638723600
416,outfit.0fce955a2b0840ff8630eb10804ccb99,1638723600
266,outfit.a3d5299f391ebf8b,1690736400
266,outfit.8da5362b4130a623,1690736400
266,outfit.31c50265a96d4e49aa5394db37e039f2,1690736400
4452,outfit.eb4191b3e52b4a949d26b54262bd6c04,1595782800
6318,outfit.0512cb21a4bc4326971af84ccc563495,1619024400
6318,outfit.16e87e3968054dc8824ba7ff56aed7f4,1619024400
4818,outfit.9341a89b191cd49f,1695747600
4193,outfit.c39cd97f51b243e5855fb09a7513f94f,1642352400
4193,outfit.efbeb50344e54028b243698b3dd1b700,1642352400
2687,outfit.3b45aacc673049bdac58580de574f957,1680368400
6284,outfit.2a4ac5ffa2a44630a5295e135713963f,1600275600
6284,outfit.05b4c9d840a24bbe8656bc4bb3bce484,1600275600
6284,outfit.98d6cf4fef49ec24,1600621200
6284,outfit.2c4583bd98d748f29b7f7fb1cf6c43c4,1600275600
6284,outfit.d751f378f5214d2e941994a9ecc4b046,1600275600
6284,outfit.59f5e44d06e04f8994127e5f6cc8c05c,1600275600
3279,outfit.7f6d08bebe2348729948104efde5179e,1641229200
3279,outfit.5df05df81eb54ba999e64c211780b556,1635699600
1735,outfit.af3a0f7fe64e49fc81c4d13f6ac481ec,1647450000
1585,outfit.0af9759a37b84904b1335e0847fcbb60,1650819600
4853,outfit.b133d563a5d54747ac3e2255486154f5,1622998800
2148,outfit.d0faaa3486494e7d8ee3298104bc8adb,1682010000
6212,outfit.ad062450831242c091c3cfc78407df6d,1663434000
3624,outfit.b25a6a34cd1649f2a5eb69a01e11b21b,1706374800
4725,outfit.914397611c9823ad,1687885200
2703,outfit.b1bce95db2fd4e28befe26b0a6985c73,1686848400
2703,outfit.5bf05f8589804ae290c997e60400cb6c,1692118800
2703,outfit.c09187a8a8334f118324a6c4de5f7a91,1686848400
2703,outfit.bbdd99b53f925ae3,1686848400
2703,outfit.6d6fe6b3b2514ecc8c47947292874f90,1692118800
2703,outfit.fc14b8a036fa4ac196b9160b9b1fe0d2,1689440400
6163,outfit.36654cc2920c42b7a8c294cf349544fe,1664557200
6163,outfit.8d6bd94d09354d22a77928a01bac9d25,1667235600
4452,outfit.fa20f4d239044e7a922e27c5b5fd9f4f,1600189200
4452,outfit.9a0283b3b9e34e39a0038cb7b7044c75,1600189200
4452,outfit.95b998c29f9af2fd,1600189200
6284,outfit.f904f5addd0f4a22863e3a689428b88b,1597597200
6284,outfit.67c7e051a163432eadc34be683ea3d44,1597597200
6284,outfit.8f107798337996b7,1597597200
6284,outfit.3d6a6e8b147447cb94f5f2b8056018de,1597597200
5100,outfit.4898f8ea3d4942e5bb9e1b63f07d163e,1634144400
5100,outfit.c31bb29beac44217b5a6d572ca147130,1634144400
5760,outfit.f7826f04ea8643d3b68964a5ab27b0a2,1691168400
4640,outfit.5b607271e3ee467bb4188f977c0336b8,1632934800
1248,outfit.5494f9123a164880a3ed401be7abcd8b,1649696400
6781,outfit.48cf5d6579da4369b03b1f04719b322a,1618160400
6781,outfit.929220a63bf843f99474bc2644fcb53d,1618160400
6781,outfit.e4bb08fb4a5f4f11843632fa2a227421,1618160400
6734,outfit.bbdd99b53f925ae3,1638464400
6734,outfit.d91c416ae1584028ba0c20f1329bbb97,1638464400
3267,outfit.6a8a9e4b00374d0e953550820b496573,1597856400
3267,outfit.e2ac14f5ba454e0eaf3e7c0f926c65ee,1597856400
3267,outfit.4d91614bd70b4799a861fe5ea43db494,1596992400
3267,outfit.abe970f711444589b6ce9e81bf35615d,1597856400
3267,outfit.595a88f3986340b9b7ee163cbe32c85d,1597856400
3267,outfit.713570ccf2364240b906d668908737ff,1597856400
1684,outfit.f376dd31f0194adead88365684ce1e14,1684515600
1684,outfit.a02f335a26704f80a01232079d662ff4,1684515600
1840,outfit.0fb3e70ac4cd4f60bbf584d3c075e8ed,1699462800
1368,outfit.aca18f7f7df3a642,1634144400
139,outfit.38572c7dec3b4460bf36ade1d517ce20,1655312400
606,outfit.d1404a07cbda4bf68dd8d57cb0e32207,1645981200
6051,outfit.9b1b854fc8a535ae,1711990800
3577,outfit.bbdd99b53f925ae3,1647363600
454,outfit.0fb3e70ac4cd4f60bbf584d3c075e8ed,1670000400
3094,outfit.aa76777d3b9d4073a342e2093e4ea1e2,1606410000
2276,outfit.9237685700e6542b,1627837200
6907,outfit.84cfd784c9dd4ad6,1683306000
4020,outfit.ad50bddf369641b0827aad7ce9f36022,1638291600
4258,outfit.9f58acfe6b554e4ca880e378aa7e8e56,1663002000
103,outfit.170d553601c744e393427a92c0cf58b3,1686675600
2040,outfit.e3beae7266754b369fb289ece8c757ba,1610298000
2869,outfit.f5cdd470173a4cbb913353aac985eebe,1717606800
5344,outfit.369422f2e567409b88d925e916f3a555,1706720400
5344,outfit.8302402a6e8e8e8c,1706720400
932,outfit.0f8b461931a94b419de690621a0582f0,1648659600
5236,outfit.68d7e3b9e8be4f07b3b200682d7dc456,1680541200
6372,outfit.e4bb08fb4a5f4f11843632fa2a227421,1669568400
6372,outfit.7d69ae2f5dc641bca0eed4b1dfc17ac8,1669568400
6786,outfit.f14e9c44441c4a5ca2e109af309be3ce,1691168400
6907,outfit.3b8b5f19d5fc4d66ab636569a6c9d030,1625072400
6907,outfit.1b0e05e23cc047439c31fc35d0c34b55,1625072400
3103,outfit.a824c0030f59545a,1622566800
6372,outfit.d628edcdb5d743e09c72d3482c5df99c,1612112400
6372,outfit.e4bb08fb4a5f4f11843632fa2a227421,1612112400
6372,outfit.0e79f46fd9f344bdb7c714ffce9e98aa,1612112400
3896,outfit.e14ebf07096246dbb7bf4e241b4c5b32,1647968400
3896,outfit.522c1f5a3380421e9539663185f60fbc,1647968400
107,outfit.06464642967c4d9fa0f8267dfd3d80c0,1632675600
107,outfit.b3c16d971ae140519a806d5e2d47354b,1632675600
6907,outfit.93fb65b596dc4d628b4812d30178a4dc,1633021200
3147,outfit.b45f71cef3bf96b3,1635786000
4404,outfit.a1efdc0d88774773957da6e703852211,1634576400
1706,outfit.9e3bea6a01d94e03a43bfefac24422e4,1630342800
1447,outfit.fa20f4d239044e7a922e27c5b5fd9f4f,1662051600
1447,outfit.80d81410fa5f0ae4,1662051600
2364,outfit.4b2a9c705f844b229cb293ba66c8ddf5,1632675600
2364,outfit.25ff5e5ef4b541d79324a66515f1d89a,1632675600
4853,outfit.33775c3acbcf408aadc5a2436d0750ec,1630429200
6013,outfit.50a8ff8407894fcb9048249c78732fc4,1654534800
4000,outfit.6b027f465816489f83945f85bd6f1c17,1696352400
3320,outfit.5d29c975554e432eacf5e7d49c5342e3,1678294800
675,outfit.925b3a37354592ef,1688230800
675,outfit.a38554cc5999458397c5f190f0f3c38d,1688230800
2649,outfit.4be27307ae1c4611ad56aca101c8a6b4,1706806800
6129,outfit.5510ad19307f4fa88c6212271f573aa2,1657904400
1553,outfit.9bf55c30dee14573ac0d46c03fce3a0e,1636909200
1553,outfit.af4a7934c1e143efa7ff6dae227cc416,1636909200
5224,outfit.10cdb2c115df4a9197e1471e536a0569,1630429200
5224,outfit.915272dd8393bc1d,1627837200
5224,outfit.fd299060de4749de80ac2d77720217df,1633021200
5224,outfit.7d48fb77be2340e3be0de8ab4f9a97a3,1633021200
5224,outfit.7d5887278cfb479b8c92081dc85ad698,1635699600
5224,outfit.4be27307ae1c4611ad56aca101c8a6b4,1627837200
2799,outfit.a8c3007784dfc486,1703610000
675,outfit.a01f2c0fa05d3f98,1696179600
675,outfit.d0c649c31ecc49a18d0cf19d7270073c,1693587600
675,outfit.8302402a6e8e8e8c,1696179600
3123,outfit.1506b275d9894b3da75f83343e25a122,1641142800
1336,outfit.60c345cbd0924fe7800ac38922a74cb1,1697907600
570,outfit.837d79eeae2a466cab88d515bd1aa409,1708966800
2170,outfit.8e330b28328c4558a9523168b34d4d86,1658768400
2170,outfit.0ca44af5dc0d4bfb8cb409023716c0a5,1656176400
2170,outfit.a3d5299f391ebf8b,1661446800
5736,outfit.8745fe6f294d4f41,1655398800
5736,outfit.f3067ef490224ffba4c9a8b16458c624,1655398800
3189,outfit.012a4c0079984d719f3f2626bb60b374,1641142800
5657,outfit.ec471fe2ed734d1fa37ce1b2b0088619,1646499600
1881,outfit.4be27307ae1c4611ad56aca101c8a6b4,1700931600
6,outfit.f23993293d944d1b9bf173ca5be1a409,1635094800
3227,outfit.6f809ac4449f4502a6eee8832eabcb60,1644944400
3227,outfit.16f24c4eb69a48f1a34117fc6c0a691f,1644944400
5800,outfit.7df2526a1c3c4b10b3017e7935c30629,1677862800
5490,outfit.253fb654ace04cbb9280e54d54b62ed8,1619629200
5490,outfit.804540f3384690cf,1619629200
5490,outfit.8a458a93e4cd4214a520074f16d5b9fa,1619629200
572,outfit.a824c0030f59545a,1646586000
6513,outfit.e5503fe6f5f243fc90c526bcdb75c942,1633280400
2340,outfit.bb8aa151e5f63d31,1616346000
6318,outfit.cc03f27af19f42a483a2f03ad997279d,1608051600
6318,outfit.369422f2e567409b88d925e916f3a555,1608051600
6318,outfit.833effd849cb1526,1608051600
6318,outfit.2684b038d1e64fa1814b56b51b834047,1610470800
7050,outfit.688665113d8c4d13bae1db16e822454c,1635699600
4463,outfit.ed5a5a066ca647b6a9aaeb1ec8e7ee87,1649178000
3308,outfit.804540f3384690cf,1638205200
3308,outfit.c7f8c0ab1c36417eb3a7dea515d2a0e7,1638205200
3308,outfit.7ca0d67e06f7491f926b46e7fbdbd32c,1638205200
2250,outfit.bbd6ae88b44bfd29,1663779600
2250,outfit.1ef0bbcac4054678bea5622eec91880a,1661101200
2250,outfit.e98a6e485b1941d98e43c0e74cc6885b,1663779600
4355,outfit.f23993293d944d1b9bf173ca5be1a409,1673283600
5224,outfit.8db90f1e88eb432e9422eaf57fc55562,1655744400
5224,outfit.394609460a3549928924f3a0dc5a6e3d,1653066000
5224,outfit.ef5fdc0209e74d39a8a24fcd05cbdce6,1650474000
2465,outfit.935ea85c252f9586,1650301200
269,outfit.656d8c9767e2417d8fad467465515b5d,1619542800
269,outfit.595a88f3986340b9b7ee163cbe32c85d,1619542800
5336,outfit.8c4d4f54e42a4ca391913811b6d17ab0,1691773200
3533,outfit.acec36887b892738,1610298000
3533,outfit.c815d15af6ba46c580927f9bf81122f0,1614704400
3533,outfit.e2c4d90753314eddbdf3a836e28a0209,1614704400
1041,outfit.2fe31ac153bc422c945294c342de95a2,1620838800
1041,outfit.eb104cb68a534166899c4cce84b0fa55,1618246800
446,outfit.7cc6bd8e645a41d2837976a0d09e3ca9,1624294800
446,outfit.bcee8c80b45d64f9,1628096400
5852,outfit.bcc71d0caf95dc33,1650128400
6,outfit.8e0381dffb04d62e,1632416400
6,outfit.9aadfc9a1d195c33,1632416400
7198,outfit.f1a25e8f1def4f2fa805aefcbb91bb62,1656003600
5733,outfit.8ad1c89174094a26bd4cbcfdcad4aecc,1670173200
1232,outfit.e3bf7fedde71456db683e017a65e9814,1701277200
6318,outfit.9b440739a4ab0623,1600621200
6318,outfit.ccb9ff4f288f418d883547a0c1341f1c,1600621200
319,outfit.8609dd7995e147efbdf631d515d34bed,1682701200
6303,outfit.c38212ead8334e87ad9103b67932eaf5,1656608400
804,outfit.7c3e32e564f84de28c9ab8a6f06a2e24,1641315600
2273,outfit.1185a02614b947abbd217a5ba0b05a67,1640192400
2273,outfit.9aa24eb08db9447da1e6f285b151b357,1634662800
2273,outfit.e0f5195a15e748629ab2981e8900d008,1632070800
2273,outfit.7d48fb77be2340e3be0de8ab4f9a97a3,1637600400
2273,outfit.cb5a982c42784a9a834b5f15a47749b8,1634662800
7244,outfit.8cbb77c85f07443e9c2e6687e4131a45,1661446800
2995,outfit.f311d710c5e84c58ba695897a2d8afa0,1637859600
5430,outfit.b51ab929ce045cce,1626195600
5430,outfit.32bbe20e948d4839b63aa0f4b540b466,1626195600
3533,outfit.c5ded4868d344a5bbf49e5c1a3c136f8,1617642000
3533,outfit.148857ae81d84843ae1671986a4e145e,1620147600
3094,outfit.c815d15af6ba46c580927f9bf81122f0,1633885200
4336,outfit.f465c31c406c4fc69448ba6a62d76ea6,1669741200
4336,outfit.467c000be2f9488a9a84e61bc6a6e3bb,1669741200
4336,outfit.41e3a8155d734aa8a3c114e1dfbefe1b,1669741200
4336,outfit.fd816aa2311d45c78fd0ab2d663a177a,1669741200
57,outfit.29d43c48eee84539b3e1597c9cd55194,1602090000
57,outfit.2e4ccc3463a74e7cb674e891ca098271,1602608400
57,outfit.19f4932d209d4886bfe838d5677f09ed,1602090000
57,outfit.1cac5f6638f140a3bcd41d5c1cf4bdc5,1602090000
6591,outfit.b09e135ba34c46daaf3a5495dcec6e83,1717866000
2918,outfit.206df08f735c415bbcaca8d70e762971,1675875600
2918,outfit.5a0e04a9018a4904990fc85f1c8cd1ce,1678294800
2918,outfit.4d87f217c19241cf9a4feb9d75638e1a,1673197200
7089,outfit.0a5a3a2e1ff34f1792e1f2dad95cbc2b,1693501200
454,outfit.96d41e4ecb154101be678d4302a266ba,1648746000
7409,outfit.cf321774b9de4035802e1829303fd3da,1654275600
3669,outfit.8e408fb4b2c64525966837c7789f2965,1658595600
1586,outfit.a95a05ea858446c38ffd5535ab65a392,1649264400
5805,outfit.bfad6e38299544e991b1c5f0d92073f6,1638118800
4409,outfit.467c000be2f9488a9a84e61bc6a6e3bb,1707066000
5760,outfit.16c67c6789f94fb8a10de95277e1a321,1685898000
3343,outfit.7d48fb77be2340e3be0de8ab4f9a97a3,1673715600
1237,outfit.f398680c9638415dbe02347d447dd922,1638723600
1626,outfit.f3067ef490224ffba4c9a8b16458c624,1647363600
1626,outfit.a6eb0912d6a74509a16c4ff327a439c7,1650042000
1626,outfit.30c1385e9d714fa5b2000abce92e6c91,1650042000
1626,outfit.978a2705fa024cc6986b47b035e78ff8,1652634000
1626,outfit.df79806b22844eae8e38a61b63ffeee3,1652634000
1626,outfit.5dc101d7bfbe4f49858db5913a5a7203,1655312400
1626,outfit.c5b61903ca9849fe830fd86f7cb4da50,1647363600
1626,outfit.df79806b22844eae8e38a61b63ffeee3,1655312400
1626,outfit.b6dfe60b7a8c421f9de22342860f17bc,1650042000
3267,outfit.f311d710c5e84c58ba695897a2d8afa0,1658854800
4818,outfit.408993ce568a4791a30e71e38ffce749,1708966800
416,outfit.ca45a9e1634c4664a5f9688d3eaf261e,1651856400
5303,outfit.98fd2627236f7f19,1702746000
6347,outfit.8de70e2a9b7f463eb44f6a072e14d1a2,1633971600
6347,outfit.8745fe6f294d4f41,1633971600
667,outfit.5eaea43d8e34424a95efef2f14b54092,1654102800
7411,outfit.91605620213544c0b998da7831a483be,1655571600
3041,outfit.206df08f735c415bbcaca8d70e762971,1659718800
3041,outfit.f465c31c406c4fc69448ba6a62d76ea6,1657040400
7118,outfit.2204df2016c84afd873a1d7e09f6ec75,1686675600
2799,outfit.34bd3ce2dd644974b9e945a8d91d8bca,1701018000
4107,outfit.9783b2f3f00040848624b655abd30cfa,1693933200
4107,outfit.f1ec68c001974b238355b08a582e1b89,1693933200
2712,outfit.34f5581736934174aa24aa69cefa8653,1633021200
3841,outfit.75f72fc891604734a37a5ab96b006367,1610643600
6319,outfit.ddb15f8dac0c4e03a7c88805a98cfcc8,1651683600
746,outfit.7f0c68b095a14d7fa001117bc2c75827,1575046800
6781,outfit.d3970e5f36ce440fb7ad9d7b74cc7f48,1613062800
6781,outfit.a1bd30435ab14461af069cf262f1e1eb,1613062800
6781,outfit.484e1d365d5b4f91adff228b6e9204b8,1613062800
6781,outfit.b7c4ed0668334bd1b5f8e91059b88da5,1615482000
1998,outfit.f926e8589d9147c5822d152566769240,1632157200
1998,outfit.7ba3a82d83c24f4096668fa3c59b2c54,1636390800
902,outfit.97f20b8380c34615a30aed080071aa96,1663779600
902,outfit.2174208dffe5493fa440e48d290a11bb,1666371600
6163,outfit.ad848f726cd93e66,1688144400
6163,outfit.fc3f7855aa394fa5945bc8d90b6eee95,1685552400
2485,outfit.93d11b40e1db46198d34109e7d0ebfe9,1664643600
6526,outfit.82d7dcf690da4fc09bcf658816bccd3c,1702054800
4463,outfit.ae3c94e801eb4aebb7c3714ec981521c,1695315600
1591,outfit.e8df4af3451c46e5940238065ee6b401,1654275600
2687,outfit.b4e582b38a10f6bf,1659373200
1008,outfit.df1d0f1d24dc4629b4769b6a3dc89b43,1693414800
606,outfit.8cddb9b88c984068a92d14c539dd24e6,1682442000
606,outfit.fea3bb7d8ff54872ad84977465e29da4,1682442000
6601,outfit.d4498e3094f048d8808f056832637685,1696438800
3259,outfit.4e1793f5fd25419aa50f8373c40e5a0a,1601398800
3259,outfit.e3cc0d4d05644110922e90f815d08d04,1601398800
746,outfit.dc245aeac99d4052a26a3e0eb509d9ce,1570640400
5405,outfit.66dd95a10af54a18ae4b24b3702f869e,1671555600
5405,outfit.0fce955a2b0840ff8630eb10804ccb99,1668963600
746,outfit.b3aca8927927e99d,1572886800
746,outfit.28b064407198448db7149be19f0161f4,1572886800
4853,outfit.bfad6e38299544e991b1c5f0d92073f6,1651942800
7082,outfit.1096c0a926c244b39b44ff523a6ad9e0,1699894800
3267,outfit.b1adfc4204c602e5,1708966800
3669,outfit.83e56eb73d8f0127,1682269200
6940,outfit.302a96af11cd4c54b7cc0215f48103b0,1701968400
1390,outfit.940d8268582284b6,1651510800
5398,outfit.03b18817e1894e588c3ae117a47d830c,1620925200
1998,outfit.a294399ed5bfba8f,1630256400
6526,outfit.f376dd31f0194adead88365684ce1e14,1662656400
6526,outfit.0f9681d7171142aa84399d37dc7b4ed3,1670518800
6526,outfit.e12b4be9f07a4da0937a29f9efe16965,1670518800
6526,outfit.78778f72774d4269abd8410a9511fdf6,1659978000
6526,outfit.0dcd9f8fa95a4d81a7bb43df05668e4d,1670518800
6526,outfit.142a3686d9ec47afb71932e592f45a92,1665248400
6526,outfit.4431d4e34e6a4c0fba43aa50395893f7,1667926800
948,outfit.81e2654ac69b478bbeecd08e8348c6da,1656781200
1819,outfit.dd04098010f74a67ac9bf82eeb4b976c,1638810000
1819,outfit.648db79508724c99ab948e953e4813a7,1638810000
1706,outfit.b657867a142340aaa12e133d9835c823,1650819600
1706,outfit.b49e6f1cc73f48f9a6329311214ee57f,1650819600
675,outfit.a2883b9efb1b4eb889e269c98e09f661,1690909200
6696,outfit.a4ab5eefc7b4446cae48a64e14d95262,1631725200
6696,outfit.26a6d5aa3fea4de08cb8723770250042,1631725200
6036,outfit.b25f7c6a65a2459c8819de57f27a2684,1645722000
1840,outfit.deb2675432704b1e8048f6f90c102a00,1636045200
1840,outfit.e989b8cb4a814d97b642e1cb326f47e6,1630861200
4289,outfit.ccae6ec63d494a5eadd0d6b001597c42,1695056400
1388,outfit.234ce093695f4773aba7287620cee9ca,1694710800
1386,outfit.f14e9c44441c4a5ca2e109af309be3ce,1670173200
6075,outfit.e0f5195a15e748629ab2981e8900d008,1652461200
6075,outfit.819bf34ba04d4748b9232e1df3bf9c8e,1652461200
4463,outfit.5a5e28a29c694c5abf08514ba5b85937,1703178000
7411,outfit.839e3ef745704a72a86272840cf862d4,1594314000
7411,outfit.9373e29ec69b488d9cbb22abfaed3b0d,1596387600
7411,outfit.f376dd31f0194adead88365684ce1e14,1594314000
7411,outfit.ef7ddc016c5c46129c32f5676c077449,1597165200
7411,outfit.17996f09f2a84c078a7b0bd718bcddd6,1596387600
7411,outfit.67d14062b639450faef4ae16726d3a50,1594314000
4463,outfit.ed5a5a066ca647b6a9aaeb1ec8e7ee87,1612371600
4463,outfit.a3d27b283d42172d,1612371600
4486,outfit.3cfe6cce6fc744489c7bf129187ea836,1638378000
1525,outfit.fc14b8a036fa4ac196b9160b9b1fe0d2,1602003600
1525,outfit.9ed854d660862b8f,1602003600
5405,outfit.76443d6db496494dbb26ac275ecbdb3b,1674234000
1412,outfit.a38b3b3e20364b78bfcf0bb1eadcc0e5,1630947600
6526,outfit.4431d4e34e6a4c0fba43aa50395893f7,1678294800
4986,outfit.cc2a4ea6b82044d2804ee26e593fbc00,1699376400
267,outfit.cf1d104fc65c4fd987d195e2a58e588a,1638205200
267,outfit.95cf185dc27fb18b,1635440400
267,outfit.93d7a4479c7f446b80995278ada5874b,1638291600
1705,outfit.f60a93dd961d4856a6d40e366ef90717,1678035600
1705,outfit.27a3cd48834e43b2ad991c05136ee880,1678035600
2532,outfit.f465c31c406c4fc69448ba6a62d76ea6,1620320400
2532,outfit.8f34384795bfc03e,1620320400
6038,outfit.7cff339e7950448c8485a2b44205adc0,1633021200
272,outfit.9b4637003c444b1d9c75e5eb5487d669,1702573200
272,outfit.978a2705fa024cc6986b47b035e78ff8,1702573200
6129,outfit.2a307327642c41fda6f4f1b9d8a8080a,1635181200
6129,outfit.8e408fb4b2c64525966837c7789f2965,1637859600
4656,outfit.0cefd239bf11456ea05ab6b00f40b457,1701622800
1819,outfit.164ec220792945e99be76a1f7291a9b8,1671382800
3291,outfit.33af134887eb422baed2c7207f9cd5bc,1616691600
3291,outfit.7ba3a82d83c24f4096668fa3c59b2c54,1616691600
2619,outfit.5330ecb4f53c4f7a865f99a6fdd37773,1711558800
4137,outfit.9cfd3798e4b27f4c,1629133200
1522,outfit.c012d37926b545bf90d7c4a0c5634696,1592758800
6591,outfit.b5812826d5eb41f39aa282e64b91ebb6,1720458000
6526,outfit.b2453a30bd0746559282b2f06564d9af,1709917200
2364,outfit.929220a63bf843f99474bc2644fcb53d,1627837200
2364,outfit.f1ed4ff2e21a436997e35b1c918c304b,1627837200
1585,outfit.5a7e3301a60341d0957331a181335cff,1633021200
1585,outfit.ea4cdef4b083408eb9410d077f9c929b,1633021200
3123,outfit.a0e08ec8c3ce46a0972972e9bbd03a04,1708189200
1589,outfit.b619ba973b4b49d79c89863737097ab3,1689699600
4877,outfit.c0dd5faf2a294aa09fd7a39dc7a313bd,1594746000
4877,outfit.a824c0030f59545a,1594746000
4877,outfit.e3bf7fedde71456db683e017a65e9814,1594746000
2085,outfit.924f4c42857340e68e7e874fcd5c6775,1679763600
4073,outfit.3c0e2b952c024f85b23f3db26403df81,1696784400
5224,outfit.790f5da62cbc479694f4df750c3a76c7,1659286800
7366,outfit.f8e95f5fd1b641a4823ea3c6010e19cb,1666630800
4834,outfit.991252f75331465a9228cea0ae0bb890,1661360400
6295,outfit.a935f1495271461689278b60c8d1a25d,1663434000
675,outfit.9b7e2e060c874d3287c4cee69860679a,1706806800
948,outfit.f60a93dd961d4856a6d40e366ef90717,1690995600
1684,outfit.1e4a3ce9976a4d9a9061c167255f3875,1655658000
1928,outfit.dce1b27e6e5944c08b7253d1ebae5a60,1658163600
3158,outfit.eb687dffeab64aee8d3ab9da47d77d12,1710781200
5661,outfit.6705bc03d5e649f4bec363e6367cd89a,1665162000
4766,outfit.cd218662a26c4c29b372ed1563cf0ced,1622480400
4333,outfit.b2cb4b87e0f8fce5,1643562000
7247,outfit.92423563b1ab408ea4e1137abf9774d6,1686243600
446,outfit.efbeb50344e54028b243698b3dd1b700,1623862800
446,outfit.a38b3b3e20364b78bfcf0bb1eadcc0e5,1620147600
6907,outfit.a8c3007784dfc486,1614531600
6907,outfit.1b0e05e23cc047439c31fc35d0c34b55,1614531600
6907,outfit.b82c3360fbcd411683eb135b6450e7fd,1614531600
2363,outfit.0533ed8c59ce4cf29172f502a3a93a91,1647277200
2363,outfit.170d553601c744e393427a92c0cf58b3,1657818000
7411,outfit.badb81ea53ce4b62b54387b26501b6c9,1623690000
4575,outfit.bff1e6d642824c8387d567c03f0b1d83,1630429200
4575,outfit.ac365138f7722b8c,1638291600
2833,outfit.648704eeb8f143c2ac81079d01853223,1664902800
2833,outfit.3984754756394c3e95ade4b2080508c6,1662310800
2833,outfit.4158a6fc47074d23b6591ae8583673a8,1664902800
5344,outfit.b75d871f45424868baa650472e43193a,1646067600
5344,outfit.3aba9737d2f445478a8ce23b2fc22da8,1646067600
2250,outfit.ad062450831242c091c3cfc78407df6d,1697907600
2250,outfit.8afbb76916e14187b0bc9aaabbc2bd24,1697907600
4638,outfit.b6596a2ff7a748f3b9a67ac54db28b96,1662915600
4638,outfit.39e26260f13d466b946601bafd691d36,1662915600
278,outfit.1a265d0988ad4e86966114062e4ca547,1681750800
278,outfit.c8855506fa9d47308b87aa0fe5efe3ca,1684342800
3749,outfit.9d3b8dd5711d3657,1632330000
6734,outfit.d2affda3780840e8bab443abbd2e5478,1668013200
490,outfit.0d0727d0c03f453495eaa85dc17d382d,1702314000
490,outfit.6587d43842ed43958181f9925d52806c,1702314000
1998,outfit.9e90f563acb38233,1708189200
1809,outfit.9b7e2e060c874d3287c4cee69860679a,1689786000
6513,outfit.3fb6cd2d1f454b85937d1540dcf212f0,1629133200
6513,outfit.4fa890c8bbf54547a3cacaa898e5b7d5,1626109200
6513,outfit.a8175a1b696f4b85,1627923600
6513,outfit.944185e8eec8066a,1626109200
6513,outfit.83f21a4b1d7c7acb,1627318800
6513,outfit.b09e135ba34c46daaf3a5495dcec6e83,1629046800
6513,outfit.b09e135ba34c46daaf3a5495dcec6e83,1626109200
6513,outfit.95a9732c69cb1e4c,1637600400
5169,outfit.96cb494dcb47696b,1672333200
4834,outfit.3f9b25249293481cac7469b68f545c7b,1638118800
6103,outfit.92f2e542b76f7d6d,1709830800
5695,outfit.6f809ac4449f4502a6eee8832eabcb60,1617555600
5695,outfit.93d1f684375e6e8c,1612371600
4810,outfit.eb104cb68a534166899c4cce84b0fa55,1672074000
2056,outfit.80333429732852d4,1644080400
2056,outfit.804540f3384690cf,1644080400
4017,outfit.7ee7542297f944ecb49f4fe5b44728f7,1694192400
4638,outfit.f0362cb6059c40938c0945eca21b572e,1627923600
454,outfit.37d643c47053474a96acb8ca1069368b,1683046800
6212,outfit.8ccfe9b6e0b0473b95bc91b156139d89,1697562000
1032,outfit.8046647faecd43129ae560e955ebc8e5,1652202000
2465,outfit.bd061db386d78a56,1652893200
1083,outfit.fe07e41596d841c6943aa7819488c565,1635181200
4834,outfit.ad6f853b5c31b6f5,1635872400
4834,outfit.aecdd6d2249e8bc7,1635699600
2329,outfit.02d71eaf66044b1283932f9e612cfd7b,1682096400
6592,outfit.57e0110f769d47ea863ebea78235fd23,1599066000
6592,outfit.d3970e5f36ce440fb7ad9d7b74cc7f48,1599066000
6592,outfit.f376dd31f0194adead88365684ce1e14,1599066000
3669,outfit.1dd897589a5148198aea6c403d613063,1671814800
1586,outfit.95cf185dc27fb18b,1694797200
6298,outfit.e5503fe6f5f243fc90c526bcdb75c942,1624813200
6298,outfit.848a85ca39d3fda6,1622048400
6298,outfit.ec43e546a9d543ee8c15c07cb70608a9,1622048400
6592,outfit.80603a3d95e4beb7,1685638800
1923,outfit.260d02e82bbd415bbe1e18918e98e0b6,1703523600
1625,outfit.9ae9443798cb496ba7848d3c3616ab1c,1648659600
4960,outfit.9bf55c30dee14573ac0d46c03fce3a0e,1678294800
2712,outfit.9d3b8dd5711d3657,1628701200
2712,outfit.e5fd898057d54a5f8373fd8381b33a1b,1628701200
1589,outfit.aa76777d3b9d4073a342e2093e4ea1e2,1676739600
1589,outfit.8540f9229614257a,1668790800
1589,outfit.fbc31b2005504087aa980bf59e078b7e,1668790800
6988,outfit.1c434db5b4cc42b8a656625c4d93fba4,1679158800
6988,outfit.173b6b1204df4f128bcbdd843d91351e,1679158800
1591,outfit.671c37e96f5247e68b198e2a61dbe34e,1656867600
1591,outfit.1cda37cc756345aeb22ccfc54fef10a4,1656867600
1591,outfit.2c4583bd98d748f29b7f7fb1cf6c43c4,1654275600
1591,outfit.e8df4af3451c46e5940238065ee6b401,1659546000
2148,outfit.f82bfbc5af1c4997956e63f92ea51907,1708448400
824,outfit.b701b51a404a44418a375258167ad442,1644944400
4725,outfit.f89a59931cff4d4b8e63dd23cecd0e2d,1661706000
4725,outfit.24e1bde79f694d5aa980e0c889fa29c4,1661706000
4725,outfit.a1e7bca1ce3791d6,1669654800
4464,outfit.379ed2da3cb6428c9c9402855dfd61f8,1674061200
4810,outfit.7d5e7df1d7e44528bca8d9859759042d,1664211600
887,outfit.32684b5443394c4a91606c9aab8d3cdb,1635181200
887,outfit.ada989bbc2322203,1635181200
5430,outfit.391478ac84d249b49a87a9d829590887,1670000400
3279,outfit.b768912b0eaf45f19918f8ef07d1bd1b,1628528400
3279,outfit.944efade730744e38b3b678dae890f98,1631552400
3279,outfit.b7cc6c38b121a845,1629133200
3279,outfit.1ad84bc953124a988db708611153a286,1628528400
4509,outfit.89fab8d7d294457fa493f087c68b6bc1,1693674000
5303,outfit.a396d7bd18eb4fd888ca77e30adf911e,1708102800
3312,outfit.6db79c15132b4860a7e3a34cbf5c44c2,1612112400
3312,outfit.d071fd1e083f4a08966866c856a0c5e8,1612112400
3312,outfit.893fa92eb13185cf,1612112400
3312,outfit.1233866861b14f0bb1e9116e90d9a492,1612112400
5160,outfit.e43d27b277bb4ad7aff36a857ce6f766,1653411600
6988,outfit.b09e135ba34c46daaf3a5495dcec6e83,1674061200
6907,outfit.84cfd784c9dd4ad6,1683306000
6907,outfit.abcb318cd2f62d3b,1683306000
5031,outfit.113cdf3f57984c3a9cc75afd5bf45c03,1641402000
4507,outfit.ae3c94e801eb4aebb7c3714ec981521c,1659718800
6965,outfit.be1e83bfcede6836,1598374800
6965,outfit.aac7f6af58ec7121,1598374800
6965,outfit.a824c0030f59545a,1598374800
5645,outfit.1f8f1544736b40b99c3485150d68342b,1666890000
5645,outfit.a5bbbf5301db4e5b8b1e2532cfd23a24,1666890000
904,outfit.43d5741ca13a453bb378172945b47fc8,1672938000
2048,outfit.98aa99e47dee4f019d8b2620a9745f98,1681146000
3320,outfit.f28182fcffa64738813bde8ce70db7cb,1680973200
3320,outfit.ef5fdc0209e74d39a8a24fcd05cbdce6,1673197200
3320,outfit.2766e5ad48a2427a898f60aaacf85622,1675875600
6429,outfit.c0dd5faf2a294aa09fd7a39dc7a313bd,1655312400
5733,outfit.23596174e2b1478385adda8f5f48416f,1659632400
5318,outfit.55e47b50f0dc4852a5784fffafa63488,1676566800
6642,outfit.5862a9386cbc4ff29e9892f49274c243,1614618000
89,outfit.81b89124e1d24dfe9196537c3d03cd7e,1635699600
3053,outfit.3cd520846acc415fa68f1a7d6f1b7cee,1607878800
3053,outfit.b62a06fd0f523bac,1607878800
6129,outfit.ade5433e25b54fbbb66a54f8fe113132,1638810000
4463,outfit.2a1a34d38ac64414b5d7878a719984e9,1703178000
1684,outfit.d6896eaf6b734f40943d6cce5d23c1e3,1687194000
4183,outfit.82303d2b1b524d6795661a1f5426a134,1692205200
4183,outfit.bf00e652d6b83df2,1692205200
3267,outfit.944efade730744e38b3b678dae890f98,1626800400
3267,outfit.94f142c01ddd4b179568eb535b745439,1626800400
3267,outfit.fd816aa2311d45c78fd0ab2d663a177a,1626800400
3267,outfit.286ed5dbbdfc48caafe68d5122b21c8f,1626800400
5531,outfit.02d71eaf66044b1283932f9e612cfd7b,1622394000
4218,outfit.b768912b0eaf45f19918f8ef07d1bd1b,1636909200
4218,outfit.64524dbb801942fb9b9b0b5853183177,1636909200
5415,outfit.6fd4e1ca2f474faa9366763ac28adb3c,1620579600
5415,outfit.1939ac235e8f48398419c34020295399,1620579600
5415,outfit.55aa098dd93644fe961d0137a79adbea,1620579600
4960,outfit.5241f5b777a147bbb786de5bd171be85,1696784400
5531,outfit.a5a7231c342d45cca35cf536be58d63e,1662483600
5531,outfit.de582935a0ae42e28c735362403e5ca4,1662483600
86,outfit.d8909288c79b4df6b6547aa381d360f1,1652806800
1706,outfit.9e3bea6a01d94e03a43bfefac24422e4,1658077200
1706,outfit.b657867a142340aaa12e133d9835c823,1658077200
6818,outfit.3098cd84903e4d039cf41205f3c88cae,1596646800
3713,outfit.8f3c92feb1d346a38c17825713a9cb12,1604250000
3713,outfit.49c64ac752d4452886a0f505007df0fd,1604250000
269,outfit.fd299060de4749de80ac2d77720217df,1616950800
2248,outfit.bc45deb17b3a3e75,1690045200
4674,outfit.d24b8b64d37f4ea29ccc8aeb0c1bbb2f,1641920400
4853,outfit.9178d6f714280d40,1627578000
384,outfit.43d5741ca13a453bb378172945b47fc8,1646845200
4107,outfit.1bf5c2c096dc490f8e8efd7d09e6769c,1651770000
4107,outfit.2802e9d00cc84b788fd1184e5be2fe03,1651770000
6879,outfit.b33b5cbbea204ab79a1060c3a17546b3,1615741200
6879,outfit.8609dd7995e147efbdf631d515d34bed,1618419600
6879,outfit.875635fa72e9a84a,1615741200
6879,outfit.3f4efea108664d0fbdd0ebe5d724e275,1610643600
6879,outfit.3ef1542d099048efa539e8c67a385732,1618419600
6879,outfit.e17a0df1f70743e590827d7df93bb7f4,1618419600
6879,outfit.5b607271e3ee467bb4188f977c0336b8,1618765200
6879,outfit.df13ea56a17d4fad9fca92caa307b02c,1610643600
6879,outfit.b26fbbc9102f42adb861b732c927826c,1618419600
6879,outfit.deb2675432704b1e8048f6f90c102a00,1618419600
6879,outfit.12ca1b6aaefb46af8208fe008f3eb4e3,1615741200
7041,outfit.e168a6a83cb445d7ac51819b190b8922,1641488400
4837,outfit.5241f5b777a147bbb786de5bd171be85,1704214800
5695,outfit.fcd37df89e7341dfb75d074f0d092396,1606755600
5695,outfit.d70247c33e4b42569675e32cc3727701,1604250000
5695,outfit.ed9017ac844a486fac95996bcc5b4b84,1606755600
3320,outfit.f7826f04ea8643d3b68964a5ab27b0a2,1712595600
605,outfit.a759980bd9c72584,1614531600
605,outfit.936f3862e0395377,1614531600
1412,outfit.ce331a7cc22d4aaf82548e873c59e6cd,1620320400
7270,outfit.8459e55ea3800598,1670259600
7270,outfit.3b45aacc673049bdac58580de574f957,1667667600
7270,outfit.9e90ada207a84d58941638aa284a4827,1672938000
6907,outfit.ed9017ac844a486fac95996bcc5b4b84,1696525200
1382,outfit.77198ec009ad4cc98e710f5bcd1a6ab2,1608483600
1700,outfit.29c39d6085f345dfbccc23a2f8e274a6,1666285200
1980,outfit.57e0110f769d47ea863ebea78235fd23,1633626000
1173,outfit.13341577ef954838a87bf016b1501ebb,1698080400
2812,outfit.91b2efcbbd50491e89267d079de15ab2,1705770000
2812,outfit.c71e9a58962a404b9d6c8df867b4b392,1615309200
2812,outfit.74034e464b524fad81e47ac5df3f4aad,1615309200
2812,outfit.d720fa6c17bf4c688054cbda17336d6c,1615309200
4656,outfit.1023091eb7324562a4153373934bcb64,1696352400
6361,outfit.ada6bb8993e7a05e,1690822800
4884,outfit.f6e0ac328eac45939027a5dbf9d8a086,1668099600
2703,outfit.9ec98510baa9411d905131e4377e154d,1684170000
2703,outfit.4431d4e34e6a4c0fba43aa50395893f7,1684170000
2703,outfit.cd58f268e9e54fc08e5656e6f095975e,1684170000
470,outfit.d002aedf1e0d4058aaa82dabbbd74c52,1607274000
470,outfit.9d3b8dd5711d3657,1607274000
470,outfit.083b787389954cc09d79eab4ed0424a6,1607274000
470,outfit.c31bb29beac44217b5a6d572ca147130,1607274000
3080,outfit.82d7dcf690da4fc09bcf658816bccd3c,1626800400
3080,outfit.794483397da8425a813301eecf9828c6,1626800400
7041,outfit.93d11b40e1db46198d34109e7d0ebfe9,1641488400
7041,outfit.012a4c0079984d719f3f2626bb60b374,1641488400
6310,outfit.fcd37df89e7341dfb75d074f0d092396,1641747600
6310,outfit.3f10ec37bde34db685d87cbdb7ad1575,1641747600
2716,outfit.b82c3360fbcd411683eb135b6450e7fd,1610298000
4774,outfit.164ec220792945e99be76a1f7291a9b8,1664816400
4774,outfit.df04bf46dbd54868a63d2db542a5fa3d,1662224400
4774,outfit.7d273c5424a34a9cb3217beeed7070d4,1662224400
4877,outfit.64096b7f0ef1430d9871e92fc198f693,1592154000
4877,outfit.767ecbf6b9bb4969ad78de1a78dbf039,1592154000
4149,outfit.a5b02d479256493ea45ba0405d9c6587,1618160400
4149,outfit.40d4710206044ca5924846d3ebd83d04,1618160400
1586,outfit.5d29c975554e432eacf5e7d49c5342e3,1678899600
1505,outfit.234ce093695f4773aba7287620cee9ca,1655053200
5778,outfit.f32718341e9443d8a36121a8913ff304,1668704400
5778,outfit.8d6bd94d09354d22a77928a01bac9d25,1668704400
3094,outfit.a6b9c3792d6a4ad4,1674666000
4452,outfit.f1a50d26ea6e4b81bc647433e60958db,1604854800
573,outfit.1f534d95ccf6415a8af3b5799dd959e7,1637773200
6402,outfit.f376dd31f0194adead88365684ce1e14,1671469200
3094,outfit.abd7e59260904f73ba0937d81996a9f2,1621875600
3094,outfit.4f88de908942498980138fc606c745fb,1621875600
3094,outfit.f8e95f5fd1b641a4823ea3c6010e19cb,1621875600
6447,outfit.369422f2e567409b88d925e916f3a555,1635094800
4667,outfit.a38b3b3e20364b78bfcf0bb1eadcc0e5,1610038800
4667,outfit.75f72fc891604734a37a5ab96b006367,1610038800
4667,outfit.8e2e2acae5583042,1610038800
5100,outfit.083b787389954cc09d79eab4ed0424a6,1636995600
3308,outfit.0dcd9f8fa95a4d81a7bb43df05668e4d,1627491600
3308,outfit.fb060da6c30143fd9735e8fd364910e0,1627491600
3308,outfit.ab1e952330087c99,1627491600
3308,outfit.8ed6e4fedeb67e87,1629997200
3308,outfit.2b9a47fa00e642a1ba23dae6a67ae88c,1629997200
887,outfit.853997984302460e92bb9f8335ca5a0b,1637859600
887,outfit.207232e414dd46e5b7352becfd9e53e5,1637859600
2071,outfit.90913fe41f7b45abb3ec29e857df6352,1639674000
2071,outfit.15c97a5fde81407f8cd5be88a178efdc,1639674000
4463,outfit.298b9f94af66454b9f07ebed997e9f9a,1649178000
2500,outfit.6705bc03d5e649f4bec363e6367cd89a,1692637200
950,outfit.ea9e6f475b914f0c9a49f0fbcfffc447,1628528400
4558,outfit.33deb9ecdab843c59db67aeb7a8e3d35,1597770000
5617,outfit.f82bfbc5af1c4997956e63f92ea51907,1705424400
3227,outfit.374273ffb79943b7be144ceb14529592,1647363600
3227,outfit.9b0a47dc97c7ecc8,1647363600
1382,outfit.2ab1a79e73cd419fb4479cea44e12c84,1643130000
1706,outfit.8cbb77c85f07443e9c2e6687e4131a45,1631552400
1382,outfit.1b11be15702b4c59ba76f79ed71df7ce,1655226000
4336,outfit.036fa904ea5446f6bed6470693f19128,1653843600
5303,outfit.37af7c19c13949819ca971b380a9f97c,1718557200
3577,outfit.a7b955473f2248a8a818455cb08c9e79,1634144400
3577,outfit.8e0be7c7028e4b8f8a6f69a1f0192d2b,1634144400
757,outfit.b671b224915f0b73,1657213200
6932,outfit.a0361d1da07f4cf4929c58bd45782fae,1626627600
6932,outfit.ab5cd68b34421ba3,1626627600
6932,outfit.abd2e79be5f941a5aa407cc34ff63105,1626627600
3312,outfit.3b756132543a45d4a94b9bebb0aaebfb,1604595600
2273,outfit.690dcda28d044c5f8f134ffcb66cc02b,1658077200
1589,outfit.3ef1542d099048efa539e8c67a385732,1668790800
436,outfit.e22e6d77ffc3457487c554f0dd91fbd0,1627491600
785,outfit.8fda8ef6cb62ebcc,1630429200
3896,outfit.34b2a2a9779a47f0a1aff663fe8d1c86,1663866000
3896,outfit.841fdd28d3f644c0bb8efd874e818027,1669827600
3896,outfit.2b9a47fa00e642a1ba23dae6a67ae88c,1664557200
3896,outfit.9b8cb306a9fd4315bbda3cd2b056e36a,1667235600
3896,outfit.34b2a2a9779a47f0a1aff663fe8d1c86,1661965200
6696,outfit.113c7b9e83d0435894562f0b5ef41fc9,1618765200
6696,outfit.514093f168604338b66059bf9e4e900c,1618765200
6696,outfit.841fdd28d3f644c0bb8efd874e818027,1618765200
6696,outfit.b42337853cae4f66a2e7640b6845d2e5,1618765200
6737,outfit.7f7033499dca4282b0608e106de787c0,1632934800
4746,outfit.93fb65b596dc4d628b4812d30178a4dc,1657040400
5201,outfit.c1e2e74fb2d84e07bec3185521fbea5b,1625418000
5201,outfit.427ef0e6b9c847fba4200cfcfe1abce9,1625418000
2383,outfit.33775c3acbcf408aadc5a2436d0750ec,1659718800
7114,outfit.37af7c19c13949819ca971b380a9f97c,1676394000
7114,outfit.52d1f28b96d6412b8143411eb00fa1d0,1681491600
7114,outfit.64910701f4974360acc6851b2b0fd7cf,1676394000
4471,outfit.ed9017ac844a486fac95996bcc5b4b84,1695747600
2775,outfit.155567585a3c417fa6043924c2867d0e,1666717200
5344,outfit.167c1898ccab4dbcb3d0a74591e1902f,1661965200
3459,outfit.99d3c1ea30367e62,1618333200
5852,outfit.a01f2c0fa05d3f98,1647450000
1382,outfit.d78cbfab144149069da04737d98450a1,1635181200
1710,outfit.8feb7001275554c8,1603213200
4674,outfit.d363ee8631554dccb9ced5babed2ce6a,1604854800
4674,outfit.6345f9fdf4f340bdb2781ee8fd68deb6,1604854800
2703,outfit.bb8aa151e5f63d31,1684170000
2703,outfit.00c68b581a95458991a876f791e739ab,1681578000
7181,outfit.ae922e922588454591edca7cabf0db48,1687798800
2619,outfit.9f515fbe4fef48e0bbdebca645ea96c8,1679936400
2619,outfit.e5c71f9ecf564fb39b2815a07e3c7fd6,1679936400
4640,outfit.f75f6043c5814e998e72b925ef7a21dd,1630256400
6414,outfit.b9311cecf65f795b,1645376400
3320,outfit.e2b3417940d44a5a8202c0a7b39604e1,1688835600
640,outfit.148764d766b94842ab69e411e8bb3e75,1654534800
7244,outfit.99cc91aeda7eb778,1636477200
605,outfit.1b0e05e23cc047439c31fc35d0c34b55,1619542800
4370,outfit.91605620213544c0b998da7831a483be,1632157200
996,outfit.a841b2acdc119218,1641747600
3291,outfit.79408facac1b4c5f8dc158b26dc1fffb,1653670800
3047,outfit.b619ba973b4b49d79c89863737097ab3,1663261200
1585,outfit.24204aa044c44df084bf383e731cc535,1666630800
6372,outfit.f7826f04ea8643d3b68964a5ab27b0a2,1601830800
6372,outfit.9e90f563acb38233,1601830800
436,outfit.24c32dd0323c4873949167fe0d1db421,1657904400
5929,outfit.1edb2c8f4ff048c4b2f715329ccd7a93,1639501200
5306,outfit.6d042743afa04727815f717cce0b2ac0,1711818000
2905,outfit.2766e5ad48a2427a898f60aaacf85622,1687712400
3321,outfit.dcf9da47ee4e4bd994d4faa2aaadb321,1655398800
3321,outfit.9fa57e24a7bd4595b697f8ed050cb335,1655398800
3577,outfit.2a1a34d38ac64414b5d7878a719984e9,1697389200
3577,outfit.aeb4096f234e6c40,1700067600
3577,outfit.a7b955473f2248a8a818455cb08c9e79,1702659600
5490,outfit.b49e6f1cc73f48f9a6329311214ee57f,1647882000
4175,outfit.52d1f28b96d6412b8143411eb00fa1d0,1689267600
5430,outfit.ddb15f8dac0c4e03a7c88805a98cfcc8,1612976400
5430,outfit.af0ed14f93f042fa8c43dc0ff2da97e6,1612976400
5398,outfit.8a458a93e4cd4214a520074f16d5b9fa,1703350800
6081,outfit.29a0d66e916c4bc690cf393bcea980e4,1609866000
6081,outfit.a9f2bcb6885fe60a,1609866000
6081,outfit.0533ed8c59ce4cf29172f502a3a93a91,1609866000
6310,outfit.bcc71d0caf95dc33,1657126800
313,outfit.2d4ed8658aa045b29663902f1e0ce84a,1680800400
215,outfit.41e3a8155d734aa8a3c114e1dfbefe1b,1619974800
215,outfit.62d7da11abfd412185d3323c4ea67939,1619974800
215,outfit.b70defa54d04468fa8318bbece5d3933,1619974800
496,outfit.9e20be28268142a1a6a917fe7ae1b237,1670605200
496,outfit.422bc3cc7f6a429086cf8c49273ecd90,1668013200
6429,outfit.94f96de6e74f4a51b85f15018f9ad0fa,1678899600
4250,outfit.e0f170b8b51f4ae4a7e00047b9ea8d79,1631206800
2273,outfit.81ce5109e01d4b7b9f944a3baa35c4d6,1692291600
1982,outfit.ee40e812ed554b87a45637339c72cbd6,1633539600
1982,outfit.8459e55ea3800598,1633539600
1982,outfit.a8544eb2962547d1bb80da530b4c377a,1633539600
2573,outfit.9c255f602b1e4455a79e0fe0cee938c1,1638378000
2573,outfit.fd816aa2311d45c78fd0ab2d663a177a,1638378000
2573,outfit.9cfd3798e4b27f4c,1635872400
2573,outfit.0e79f46fd9f344bdb7c714ffce9e98aa,1635872400
2573,outfit.a1bd30435ab14461af069cf262f1e1eb,1641142800
2573,outfit.0aab21277b674f7fbb146ca7e853eef6,1635958800
2573,outfit.8e0381dffb04d62e,1638378000
2831,outfit.bfe2d9d71aa805a8,1661533200
2831,outfit.925b3a37354592ef,1661533200
1735,outfit.cf2fa10de8ea412186fd6dd1f658e3ff,1657990800
1382,outfit.ba142263ccbf4c89848b29f8eeea4651,1627232400
2649,outfit.81e7d3487b0e4c3b80aa064790d9992a,1693587600
410,outfit.9a5d41c7a63e40a2b4a5f2aa902d768b,1660323600
410,outfit.3192a1f5ab4b41c4ac530502ee7f5720,1663002000
410,outfit.40de51943eb44f01b6504c863bb5e741,1663002000
5330,outfit.a8c3007784dfc486,1660323600
4774,outfit.bf00e652d6b83df2,1698080400
3040,outfit.e3bf7fedde71456db683e017a65e9814,1676134800
4107,outfit.b6bc32c8e1ead0b9,1626627600
7411,outfit.ba142263ccbf4c89848b29f8eeea4651,1655571600
7128,outfit.69000b1e14de4f0fa3ab832be40c6f04,1653757200
2703,outfit.841869bb72cf0dd1,1652634000
2703,outfit.62b7b6c55aa84d89a8bc7b99173f571e,1652634000
2703,outfit.afd3af027be275f2,1652634000
7100,outfit.fbc8b0687de1468c9a8517d5568431d9,1708102800
1201,outfit.2463040b4a624400a85cd400d0ae0e7e,1629133200
3127,outfit.dd62d98a9d3e40659b5438f7388d8e01,1638464400
1354,outfit.6587d43842ed43958181f9925d52806c,1693933200
606,outfit.391478ac84d249b49a87a9d829590887,1656176400
606,outfit.a0a96262277c45ff82220ffe62a04f65,1656176400
1626,outfit.3f9b25249293481cac7469b68f545c7b,1671123600
1626,outfit.ac3e4eefb550471989769e1e4d1683d1,1671123600
5680,outfit.6674a2d5df7e4c01bf1a6a5914f5d067,1634490000
1700,outfit.71442f9043504300907b80e2385f9ae4,1658336400
1700,outfit.0a5a3a2e1ff34f1792e1f2dad95cbc2b,1653066000
1700,outfit.95a9732c69cb1e4c,1666285200
1700,outfit.02885ab411b942b8b450097054217ebf,1653066000
5695,outfit.c9be10d661bc4a4992a6c757b6e75ca8,1612371600
5695,outfit.6e67b1da956c4635b7d67622604d2bbb,1609866000
86,outfit.f11efd8c7b064175b4997b1ab65b5458,1647795600
2205,outfit.d4d71ae7c0194db7b38fa774db0981f4,1685552400
7225,outfit.bf5d4348f69b718f,1669395600
7225,outfit.f062df328d7842e4bc5b0c41e309393b,1666717200
6907,outfit.cd58f268e9e54fc08e5656e6f095975e,1701795600
7026,outfit.9c19cb240c0c06d1,1613408400
3432,outfit.9ff74f4f2a2f4454a7a629777cff27a6,1632675600
6879,outfit.124195196333488e8ba4d195b96ecbdf,1600102800
6879,outfit.bfdc262fa6ea40458a3ff1a4353e71f9,1600102800
6879,outfit.767ecbf6b9bb4969ad78de1a78dbf039,1600102800
1862,outfit.d363ee8631554dccb9ced5babed2ce6a,1636995600
5736,outfit.a3d25f31c9758d32,1684256400
4501,outfit.a189dca13d2e4274afe5758a78f49000,1657040400
4464,outfit.4a42bebcc6534e8697fd6f7656839c29,1676739600
5031,outfit.de582935a0ae42e28c735362403e5ca4,1699722000
5309,outfit.b8edf89f3a5949949ae1188cd3283d6f,1666198800
490,outfit.e3bf7fedde71456db683e017a65e9814,1631552400
4185,outfit.f1e688d410884ee0940d861fb2f620ac,1680282000
5303,outfit.30c1385e9d714fa5b2000abce92e6c91,1708102800
5303,outfit.9e5db8a02f39402aaa9ee148d10ce073,1710608400
5303,outfit.6f038b817a5a4220a8dea6bbc464c4a2,1710608400
4667,outfit.d948ea24ce8a484db5bd640400d50cce,1611248400
4667,outfit.b8cb9d24af1f4c8f8845df6be4020db8,1611248400
5100,outfit.ea4cdef4b083408eb9410d077f9c929b,1668618000
996,outfit.d2affda3780840e8bab443abbd2e5478,1636304400
1626,outfit.e9e6ef522291496dacaad16160c8a8f2,1681578000
1626,outfit.955f2239f0b38561,1681578000
996,outfit.7599372461da4ca08c94fc2e6d9fa4e4,1636304400
4185,outfit.113c7b9e83d0435894562f0b5ef41fc9,1672506000
6585,outfit.89dbcc1289ee49c18bcb93fc69a52c02,1610989200
6585,outfit.aa76777d3b9d4073a342e2093e4ea1e2,1610989200
6585,outfit.a8175a1b696f4b85,1610989200
6585,outfit.fd816aa2311d45c78fd0ab2d663a177a,1610989200
6585,outfit.9d23dc455c9c4837a3fe26931f944833,1610989200
6129,outfit.a477b4efb5b14d348d9c07782fa1c26f,1652634000
2085,outfit.cf1d104fc65c4fd987d195e2a58e588a,1669395600
2085,outfit.f4a5306ea45d4ab9b40340f016bab653,1669395600
7114,outfit.f1a25e8f1def4f2fa805aefcbb91bb62,1678813200
4656,outfit.a2820311cb51576b,1709485200
851,outfit.3192a1f5ab4b41c4ac530502ee7f5720,1620234000
851,outfit.afd208ad6e2c4771910f427504e634fe,1620234000
851,outfit.6537917dc4e440fcb5793037388b3d7f,1620234000
3320,outfit.372a132f8fe4463f8fdb8d7a8b3f5206,1702054800
222,outfit.82303d2b1b524d6795661a1f5426a134,1708448400
86,outfit.03d688ca88f84e89aeb31592d6394247,1642438800
6911,outfit.95259e4b3bb245728928dadf026ce781,1702227600
3956,outfit.0ca44af5dc0d4bfb8cb409023716c0a5,1696438800
2759,outfit.d071fd1e083f4a08966866c856a0c5e8,1635872400
1336,outfit.9b0a47dc97c7ecc8,1703178000
785,outfit.ef5fdc0209e74d39a8a24fcd05cbdce6,1665075600
785,outfit.648db79508724c99ab948e953e4813a7,1662483600
785,outfit.5024e38969364cc2bcb0025151e4ec55,1667754000
1516,outfit.b401ac00dd8e441c8e698a5eaad7a645,1628787600
1516,outfit.0b544c65a87645459ce9844f749e178f,1628787600
1516,outfit.900dd323358401b1,1628787600
1516,outfit.cdc50f2c7fc54079a32bdf91b2d65e78,1628787600
1516,outfit.97071c364d1944db8c7ae6a9d768a51a,1628787600
4640,outfit.d0faaa3486494e7d8ee3298104bc8adb,1630256400
6212,outfit.7f13839eeae444e79acb75451f623074,1668704400
6212,outfit.d81ef5af6f7b43358348ff1113aeb904,1671296400
6212,outfit.de1b2d84d80341d2bcc0adcd5ce60af4,1666026000
6907,outfit.ed0bda9223004815822e8eaff7b7688f,1609866000
6907,outfit.e989b8cb4a814d97b642e1cb326f47e6,1609866000
5695,outfit.1185a02614b947abbd217a5ba0b05a67,1601485200
5695,outfit.f8e95f5fd1b641a4823ea3c6010e19cb,1601485200
5695,outfit.aec255abd8714065996db11cc150f061,1601485200
5695,outfit.bc490bc7db204af498825badd2d59285,1604250000
5695,outfit.4d91614bd70b4799a861fe5ea43db494,1598202000
5695,outfit.a9f2bcb6885fe60a,1601485200
3094,outfit.e0f170b8b51f4ae4a7e00047b9ea8d79,1629910800
5694,outfit.c71e9a58962a404b9d6c8df867b4b392,1620666000
5694,outfit.d3970e5f36ce440fb7ad9d7b74cc7f48,1631206800
1374,outfit.250a41fd89bf4548bb8c5db06f1cfbf1,1604509200
1998,outfit.34bd3ce2dd644974b9e945a8d91d8bca,1638291600
6734,outfit.bb925d82b43cfc38,1662742800
2340,outfit.a020ae6b34e6e0a8,1621530000
785,outfit.03929cbe49e34b99bdd077380cc8d731,1649264400
6304,outfit.bcdb248c57283524,1706115600
5330,outfit.499d31bd36254c7191245e1d40745824,1663002000
6026,outfit.a1c7ea9aa83e32c8,1634230800
6026,outfit.df81c6ba86ef4c3c8fd2976934eb4078,1634230800
996,outfit.85b4a99c5e6af89d,1699981200
5303,outfit.5e1b9778e36d475699772148e5d4e27b,1708102800
6907,outfit.a9d10e9af13c4e6d84c8b49d1dbd872b,1685984400
3740,outfit.4ddc0d8a68be422b90e343d68361f262,1609866000
4463,outfit.37886c165da3410ca29761ac81f95bf9,1644166800
4463,outfit.c7f9aeee09fc44d5b7a764ce40b3e27d,1644166800
1248,outfit.9e90f563acb38233,1641488400
3227,outfit.9b0a47dc97c7ecc8,1708880400
1773,outfit.bc2d17659e8b4d6b8bae2675b1c9dcd9,1704474000
1107,outfit.7a9ac6aae6de40d4b1a260d95de95988,1655485200
3017,outfit.af3a5e4cc2959d66,1641315600
6734,outfit.467c000be2f9488a9a84e61bc6a6e3bb,1643907600
6734,outfit.d8cabdaf5af9426dad953821aefb0ba8,1643907600
5615,outfit.851c21ffa4468a82,1690995600
1987,outfit.f233488767cf4bdf93f717f7d42c0cbf,1636909200
6310,outfit.735aa66e915446a5be13642ee0dff5e5,1657126800
6011,outfit.9df47f2be7324ffa9fe6cd184656a7ed,1672506000
3147,outfit.b45f71cef3bf96b3,1648746000
680,outfit.4b2a9c705f844b229cb293ba66c8ddf5,1681232400
5914,outfit.756079160a3e402d87df01062ec3b941,1651165200
3510,outfit.29d4c138b56e4579898dbb7f47f6cafc,1669568400
2340,outfit.93d1f684375e6e8c,1616346000
4193,outfit.00fa8d1fd5804fe78ac284c2e0c28b4e,1646758800
5379,outfit.043a430a63b34151a6489d2863ea11aa,1629824400
5379,outfit.c663f1c85a344f039eacb889398b6b91,1629824400
5379,outfit.fbc8b0687de1468c9a8517d5568431d9,1629824400
3189,outfit.c012d37926b545bf90d7c4a0c5634696,1663952400
4818,outfit.1da2e77fd6594cb7bf3e7f4dd0e187b3,1716742800
4240,outfit.5eda9383bba2444aa517f17c3edd4453,1626195600
7244,outfit.372a132f8fe4463f8fdb8d7a8b3f5206,1648227600
7244,outfit.c46affd5f8ee4749b1f8e7d4ff47f3ff,1648227600
3147,outfit.a44036e74abd5cb1,1662483600
2364,outfit.9f16b609a91c48e3,1612717200
2364,outfit.f32718341e9443d8a36121a8913ff304,1610038800
2364,outfit.7cff339e7950448c8485a2b44205adc0,1610038800
2364,outfit.2b9a47fa00e642a1ba23dae6a67ae88c,1615136400
2364,outfit.64524dbb801942fb9b9b0b5853183177,1615136400
2364,outfit.34b2a2a9779a47f0a1aff663fe8d1c86,1612717200
2364,outfit.e6abf593ad3949cd8a2b345ed4249ff6,1610038800
2364,outfit.a1c7ea9aa83e32c8,1610038800
2364,outfit.f8be16c68a624ee7bf9a5120adb0cbcc,1617814800
2364,outfit.ccae6ec63d494a5eadd0d6b001597c42,1615136400
2223,outfit.e965f8f929a345ecab825313cd4b3f24,1596992400
2223,outfit.b9f26b79b0eb436fba1e05ca80196e47,1596992400
2223,outfit.2195858f2ed34268bfd5e45eb4ae50d7,1596992400
3814,outfit.2901f306ff3a4e7e8288cc48ec400f5f,1607360400
3814,outfit.9ebd102e2b3b4b7484f86af242efad85,1607360400
1735,outfit.0e35a8a758734c2b98adfc8630b4e029,1657990800
6011,outfit.462ca91031c54d7593a2e3d1da41aba9,1690822800
6011,outfit.c93e99cc15dc4420994f40954bf9d8a8,1690822800
3291,outfit.6705bc03d5e649f4bec363e6367cd89a,1687885200
1526,outfit.aad989fc0422b4eb,1654016400
3227,outfit.beb24dfdb4829222,1711386000
675,outfit.1e33dfb5c66847f29088ba6717b10f75,1627405200
675,outfit.866385e680f6475e8b2899e2bc30a1fe,1632762000
675,outfit.7f256b54c8ab4dbda7cb6cbc915c4ed7,1632762000
675,outfit.2a1a34d38ac64414b5d7878a719984e9,1627405200
675,outfit.a2883b9efb1b4eb889e269c98e09f661,1627405200
550,outfit.10702960934e47ca8b83d90cb167b470,1700413200
6940,outfit.97071c364d1944db8c7ae6a9d768a51a,1694106000
2576,outfit.3f495adddb5143f8a5123973e907b1f2,1653238800
675,outfit.3e47b084ad704fb5b25b38809fae38a7,1667322000
6535,outfit.9a5d41c7a63e40a2b4a5f2aa902d768b,1636304400
6535,outfit.55de9d399bf143ae94e88e0594b01fe4,1636304400
2205,outfit.a38b3b3e20364b78bfcf0bb1eadcc0e5,1706720400
2205,outfit.935ea85c252f9586,1704042000
3749,outfit.b87b2a39d4f64871865834bdfc4cf1e6,1624208400
3749,outfit.3c0da42b00f94123aad9c641ff5073ad,1624208400
92,outfit.55e47b50f0dc4852a5784fffafa63488,1707325200
92,outfit.a02f335a26704f80a01232079d662ff4,1707325200
1998,outfit.0dba9d16e2e54e58ad650f0ecc2b3ea5,1643907600
5805,outfit.b463faabc03163c8,1653411600
5805,outfit.656dc77e8bd948e6bc85d9284c79af19,1653411600
5645,outfit.34afd8b7f33d434c8e0ac2849eab231d,1639674000
6817,outfit.9a0283b3b9e34e39a0038cb7b7044c75,1700672400
4770,outfit.3a5aeafe771d488f84bc18af5db17114,1612112400
4770,outfit.900dd323358401b1,1612112400
4463,outfit.359ce2bd2e40491686ce3ebc4a13ead6,1651770000
1515,outfit.253fb654ace04cbb9280e54d54b62ed8,1679418000
3577,outfit.a7b955473f2248a8a818455cb08c9e79,1660582800
3577,outfit.94f471a5d48f3464,1660582800
1792,outfit.dc7abe1bb20f423a8356cb4d089c56ff,1683392400
3127,outfit.ad062450831242c091c3cfc78407df6d,1651597200
4834,outfit.5b9e33fd71784ae7bbdac93ef7e8dbf4,1656090000
5778,outfit.af3cb94171784fff803b50e9a99cd890,1647536400
313,outfit.d363ee8631554dccb9ced5babed2ce6a,1688662800
3312,outfit.b3c827a7bc271120,1596646800
3312,outfit.8fda8ef6cb62ebcc,1596646800
3312,outfit.05164954243a4c5cac4930572105ed27,1596646800
3312,outfit.bd9dca3a7c0d808c,1596646800
3312,outfit.78d16995b62e40d48f06a20dbf72d844,1596646800
6936,outfit.036fa904ea5446f6bed6470693f19128,1641142800
5059,outfit.476b7bf9f9a74be3ae1a2152fee9fc3b,1631206800
3094,outfit.29a0d66e916c4bc690cf393bcea980e4,1617123600
6591,outfit.67c7e051a163432eadc34be683ea3d44,1678294800
1412,outfit.8ed6ba09f55049c59f9462e07cc30bb8,1617728400
1412,outfit.d9c02686a2094291837d95d09384481b,1617728400
1354,outfit.b1adfc4204c602e5,1699203600
1728,outfit.61c6e404ee8847fb9e1d95143f9d590c,1644166800
1728,outfit.4ca0964f8f604f42b71268c44e41db7d,1644166800
1728,outfit.b37b7ee0ee994bdaa199cba1c831b31d,1644166800
6303,outfit.cd58f268e9e54fc08e5656e6f095975e,1669827600
6447,outfit.9b7577b41e374c5d8debce0abc0466de,1635094800
6447,outfit.369422f2e567409b88d925e916f3a555,1635094800
361,outfit.0a5a3a2e1ff34f1792e1f2dad95cbc2b,1669136400
6038,outfit.268878c3e3e24d98bbc6e9770e2eb44c,1627837200
1382,outfit.2204df2016c84afd873a1d7e09f6ec75,1692032400
361,outfit.ac52d51d1863129e,1671728400
1531,outfit.0f545b5ba1274c66b2896afdcc48c5d9,1643562000
3521,outfit.abf8682bf7784e73af89ebfd6d542df0,1709571600
2703,outfit.78392fa87e224d719c89da109d9e263f,1673802000
2703,outfit.4158a6fc47074d23b6591ae8583673a8,1673802000
4998,outfit.5a7e3301a60341d0957331a181335cff,1637859600
4998,outfit.85a2fe3ce0c532c8,1637859600
416,outfit.ce0b5207f51545bfbb1ec5cc1b01a8b7,1620234000
416,outfit.aa76777d3b9d4073a342e2093e4ea1e2,1628182800
416,outfit.5242edab1a064713b3c92f329d51b514,1625158800
416,outfit.96cb494dcb47696b,1628182800
416,outfit.37886c165da3410ca29761ac81f95bf9,1620234000
416,outfit.c5ded4868d344a5bbf49e5c1a3c136f8,1625158800
416,outfit.ccf6f723db264c30b9e45b89203c4a28,1622998800
416,outfit.2208707dcf134558b4d335f1e3534655,1622998800
416,outfit.113cdf3f57984c3a9cc75afd5bf45c03,1604422800
2949,outfit.8688e9d35c0dba13,1638464400
3533,outfit.cf2fa10de8ea412186fd6dd1f658e3ff,1591722000
3533,outfit.25c93e08d9064a1c85d877bf4157a626,1591722000
3533,outfit.b0d4e86a8a76490790dd993b32a5ea8b,1591722000
658,outfit.81c2ee9d12b442ecbad61d22061364f3,1668704400
658,outfit.d5818e8c52bd4bb7ba4f58a76c026939,1668704400
3094,outfit.4559b1568f5e436a85bf9c65ae525888,1594918800
3094,outfit.8f6c3fbd7db0400caaf95a95ab29a97d,1594918800
3094,outfit.e3908cb31aeb463dbd473b3e4c03c14d,1594918800
3094,outfit.819bf34ba04d4748b9232e1df3bf9c8e,1594918800
3094,outfit.3b756132543a45d4a94b9bebb0aaebfb,1594918800
3094,outfit.ad50bddf369641b0827aad7ce9f36022,1594918800
872,outfit.a5b02d479256493ea45ba0405d9c6587,1652720400
4404,outfit.31c45f9a261b4631b76a98158841b8ff,1665680400
5617,outfit.203f5d33e7324d65a1d8175b3b910416,1671210000
6287,outfit.14b7969c5bef4051848ecc977eef38a2,1572454800
6781,outfit.9f16b609a91c48e3,1671382800
675,outfit.908c317a79634a2f9f14d86283135c0b,1659373200
675,outfit.5b56622d721d4a359d14507923450d0f,1659373200
675,outfit.13e5c6482ae340a696f30c156512408b,1662051600
675,outfit.f11efd8c7b064175b4997b1ab65b5458,1654102800
675,outfit.74013b892b4a4f75979af28137c31558,1651424400
675,outfit.d91c416ae1584028ba0c20f1329bbb97,1654102800
996,outfit.031a15e68a354f8cbe8f65c45da3f231,1657818000
996,outfit.b4e83d1d9b50a7cc,1657818000
1792,outfit.99cc91aeda7eb778,1619715600
4218,outfit.7cc6bd8e645a41d2837976a0d09e3ca9,1610557200
4218,outfit.d38e14c8ec254910be97725a7198f0fb,1610557200
4218,outfit.8ad0bb9029424a069f82d58c44b0d7fa,1610557200
1735,outfit.9aadfc9a1d195c33,1665939600
1083,outfit.e98a6e485b1941d98e43c0e74cc6885b,1641402000
4333,outfit.25ff5e5ef4b541d79324a66515f1d89a,1638464400
4333,outfit.9617c0965077556e,1636045200
5330,outfit.207232e414dd46e5b7352becfd9e53e5,1657645200
666,outfit.fd299060de4749de80ac2d77720217df,1660669200
666,outfit.3260a6894aef41329983b153a3c022ed,1655398800
666,outfit.a38b3b3e20364b78bfcf0bb1eadcc0e5,1668618000
666,outfit.931ef0d0cada4965a8ea693f7a520b64,1660669200
666,outfit.1ba117ad1dfc4db98e92536c9d6724fe,1660669200
666,outfit.e4bb08fb4a5f4f11843632fa2a227421,1655398800
666,outfit.64a0e45c83dc4304becbf6218ac02fb8,1655398800
666,outfit.f4a5306ea45d4ab9b40340f016bab653,1657990800
103,outfit.6a0ee820e93d45bb86077aa56e1c231a,1686675600
1922,outfit.14727804dc6945f9baabcd76ad96a744,1631725200
1922,outfit.229f2207dc1e4409af99504f061ca0e7,1631725200
3769,outfit.8a9a59a3ebbb46a8bea05ebe9599a1c0,1663261200
6414,outfit.1ef0bbcac4054678bea5622eec91880a,1647277200
4725,outfit.5b1de7457379489c8e57a3c22844550b,1709053200
1193,outfit.fcd37df89e7341dfb75d074f0d092396,1658768400
2273,outfit.34c4b585b0854a158c2b7e53478e3c00,1630947600
2273,outfit.1d0adb4c93e04425ae2f85e9efc54905,1631811600
2273,outfit.a32232b1ae5445e39801fd606d444610,1630256400
2273,outfit.b8edf89f3a5949949ae1188cd3283d6f,1633366800
2290,outfit.987e9a7da88098db,1645894800
5144,outfit.756079160a3e402d87df01062ec3b941,1620579600
5144,outfit.682446def1c34a79890b62c1397c7afb,1620579600
3956,outfit.bae42664f07a447e,1685898000
3956,outfit.27a162bde20b4961ba8d94a8828e036b,1683219600
3343,outfit.96fdc91671d44285,1686762000
1193,outfit.d21f3628771b4dcebc478c94a456d999,1634749200
4627,outfit.467c000be2f9488a9a84e61bc6a6e3bb,1697994000
3267,outfit.20ae7885d88441348ab7a255bcc2173e,1682528400
4638,outfit.ef37915fe2f546378750595366833b79,1643648400
4638,outfit.bd37bc0ed1857fb5,1643648400
4746,outfit.0654b5aaef694f20ace802009972a59e,1659718800
1443,outfit.03b18817e1894e588c3ae117a47d830c,1600621200
1443,outfit.005031a3c94b4073b25088b0e19f0e99,1600621200
1443,outfit.95b998c29f9af2fd,1600621200
4656,outfit.bfad6e38299544e991b1c5f0d92073f6,1699030800
6977,outfit.066124b928d44087851ad9a0fe809510,1671037200
6977,outfit.f75f6043c5814e998e72b925ef7a21dd,1676394000
1998,outfit.5b607271e3ee467bb4188f977c0336b8,1666026000
2812,outfit.f4a5306ea45d4ab9b40340f016bab653,1708448400
5760,outfit.dea118f1de544188ad16cda6259ba122,1704387600
4000,outfit.d04fbe1240ef405c867fb813b5aa8779,1670086800
3924,outfit.993dfa12c54fc46f,1679936400
2273,outfit.2b9a47fa00e642a1ba23dae6a67ae88c,1710694800
446,outfit.dd6c85fa43ab4ef7989ebb6a72302ca0,1571936400
446,outfit.804540f3384690cf,1571936400
446,outfit.af4c1536e8d62d77,1571936400
446,outfit.d6578bc3024d48369705dc09bd28f070,1571936400
1684,outfit.439ff276a34d4993ad9cf68d06c67d96,1637514000
5852,outfit.0a769485844446769b0609c505933bab,1655398800
5852,outfit.8e5ef2b79973d23f,1655398800
2556,outfit.be670e741ed74f9597a28f8bb3e5e537,1633280400
2556,outfit.ada6bb8993e7a05e,1622739600
2556,outfit.5d29c975554e432eacf5e7d49c5342e3,1620579600
2556,outfit.a520a9aa8147d618,1622739600
5039,outfit.6b0e9219365c474194b0d0a0652e7a59,1635699600
5039,outfit.8ed6ba09f55049c59f9462e07cc30bb8,1644771600
3577,outfit.cc03f27af19f42a483a2f03ad997279d,1663261200
1248,outfit.22d9e65ad5d54d439ce97df814e1dfbc,1610298000
1248,outfit.466afa76adb144b7ad004be6382cfc54,1610470800
6940,outfit.5b87f52aec9f4c749cf6769993136db3,1686157200
1193,outfit.6fd4e1ca2f474faa9366763ac28adb3c,1615482000
1193,outfit.9632d3d89d835c67,1615482000
5694,outfit.e5503fe6f5f243fc90c526bcdb75c942,1614704400
1412,outfit.fbda7f830faf4caf9b0a085054f22e54,1607274000
4564,outfit.688665113d8c4d13bae1db16e822454c,1629997200
5645,outfit.b00287a1864d4493a72b295b43caf3f1,1685206800
3924,outfit.e3c17b42a98943bb878e77b93485e940,1648659600
2918,outfit.897c161625314c1a993188bc0a5ca063,1662656400
2918,outfit.13341577ef954838a87bf016b1501ebb,1654707600
2918,outfit.a273058ddb56de19,1662656400
2918,outfit.1b729a38bf964452b2683cb84a9e14c1,1659978000
2918,outfit.b701b51a404a44418a375258167ad442,1667926800
7244,outfit.81ce5109e01d4b7b9f944a3baa35c4d6,1690304400
7244,outfit.c51bd8f0c3464297b89ffa73328c3275,1690304400
7244,outfit.257570a5166f43fba7f231ab1e0e2d11,1690304400
2815,outfit.7ee7542297f944ecb49f4fe5b44728f7,1657386000
2799,outfit.36462b7293ae423fb6b7180022cfcb58,1690390800
1784,outfit.a6b9c3792d6a4ad4,1676653200
1784,outfit.5f5573ff732d4b67824d71ebb7329db8,1673974800
6287,outfit.d8909288c79b4df6b6547aa381d360f1,1572541200
6287,outfit.9f58acfe6b554e4ca880e378aa7e8e56,1572454800
2556,outfit.676f2b8ab3894ff293c0fbd62398bc05,1629738000
2556,outfit.32722b47b465460e91c775e73609e78b,1632157200
7114,outfit.171c86f3627845c08df08a82deb2241f,1671037200
7114,outfit.6dea8453a7dd4701830624eeea14bf9b,1671037200
2488,outfit.77198ec009ad4cc98e710f5bcd1a6ab2,1649523600
6011,outfit.f1a25e8f1def4f2fa805aefcbb91bb62,1693501200
5694,outfit.d04fbe1240ef405c867fb813b5aa8779,1707843600
6284,outfit.84f782be1a41490f9223e753c8f180f3,1647450000
3533,outfit.4222d99ee6974151a01942b79f1054f7,1623085200
3432,outfit.af5cb730014e66b0,1638205200
6103,outfit.92f2e542b76f7d6d,1709830800
4774,outfit.113cdf3f57984c3a9cc75afd5bf45c03,1633971600
4774,outfit.84f134b06fbed5a0,1633971600
6163,outfit.61c6e404ee8847fb9e1d95143f9d590c,1693501200
3147,outfit.95a9732c69cb1e4c,1654534800
1980,outfit.82303d2b1b524d6795661a1f5426a134,1676307600
1980,outfit.2d4ed8658aa045b29663902f1e0ce84a,1683997200
4522,outfit.138c6d460dc14dd4a223e9f2a484ad6d,1702227600
5531,outfit.fe07e41596d841c6943aa7819488c565,1612285200
5531,outfit.359ce2bd2e40491686ce3ebc4a13ead6,1612285200
6662,outfit.394d965b33b8430692c31984bf51e554,1628096400
6662,outfit.feaa16af0f6b4a96b65f8a29ace77979,1628096400
3028,outfit.2d4ed8658aa045b29663902f1e0ce84a,1645030800
3028,outfit.ceb25ee97e894d46869ca3eb799d48e0,1645030800
4638,outfit.794483397da8425a813301eecf9828c6,1654966800
4638,outfit.3f65ab1185ed4b06a4feab44d8fdc748,1657558800
7376,outfit.3098cd84903e4d039cf41205f3c88cae,1624208400
761,outfit.625293137dad4142a7558c88b74e3644,1633280400
5367,outfit.26e0f5cc69634d079b4cd4a55b315809,1701277200
1881,outfit.c5bee71e04014da8a068df3abe59a219,1703523600
4608,outfit.8b14ea3bf7bc40ee,1599411600
4608,outfit.1e4e6b9f7f984a5f81d68773e0165c44,1599411600
4608,outfit.af3cb94171784fff803b50e9a99cd890,1599411600
4608,outfit.9aadfc9a1d195c33,1599411600
3103,outfit.eeee122cf40b4035b6ee0e26b194c531,1609866000
3103,outfit.a83b27ea0df44e4d9773f8e7b5096ab9,1609866000
3103,outfit.2d4ed8658aa045b29663902f1e0ce84a,1609866000
3103,outfit.f062df328d7842e4bc5b0c41e309393b,1612198800
3103,outfit.d72f9d58cad643e9964ced2cf3bd30a3,1612198800
6414,outfit.b2e035a8cce61dcb,1646672400
6414,outfit.2901f306ff3a4e7e8288cc48ec400f5f,1634576400
6414,outfit.15d79dfee61f4e1a840f3fa2368563de,1633971600
1382,outfit.96cb494dcb47696b,1621962000
5531,outfit.feaa16af0f6b4a96b65f8a29ace77979,1657126800
5694,outfit.a94fbc2c00c0d099,1647277200
5694,outfit.203f5d33e7324d65a1d8175b3b910416,1652547600
5694,outfit.2121de17fb604c6ea87a3f9b6d0030db,1647277200
5694,outfit.f89a59931cff4d4b8e63dd23cecd0e2d,1655226000
5100,outfit.b6f7358d6feb42ceaec950e6b66f4a34,1676566800
606,outfit.fea3bb7d8ff54872ad84977465e29da4,1653498000
490,outfit.8a458a93e4cd4214a520074f16d5b9fa,1676134800
6364,outfit.8c8e4271cb4466db,1623776400
3189,outfit.e0f170b8b51f4ae4a7e00047b9ea8d79,1671814800
948,outfit.ad6f853b5c31b6f5,1690995600
7199,outfit.81b7059db24a1c94,1636563600
7199,outfit.890012ec91261ee6,1636563600
5733,outfit.a1e7bca1ce3791d6,1649091600
5733,outfit.9341a89b191cd49f,1649091600
4774,outfit.10cdb2c115df4a9197e1471e536a0569,1667494800
4774,outfit.22c011b90cf34e56a9613321cd35514b,1667494800
1773,outfit.bc2d17659e8b4d6b8bae2675b1c9dcd9,1696525200
1716,outfit.a0a46d933783476c9109aafdeeeb550e,1620579600
1716,outfit.8046647faecd43129ae560e955ebc8e5,1620579600
1589,outfit.cc5b53a2d9f44413afdd86c5d0dfd1c1,1668790800
3642,outfit.5330ecb4f53c4f7a865f99a6fdd37773,1610298000
6118,outfit.5be908ebbb1a448e9b2655a0d7a78a2e,1571763600
6858,outfit.8d7319b7cde9526b,1660496400
6858,outfit.1e33dfb5c66847f29088ba6717b10f75,1657818000
2040,outfit.e43d27b277bb4ad7aff36a857ce6f766,1606669200
7198,outfit.b619b14568c94d46ac314ae0983703bd,1658595600
2714,outfit.5b607271e3ee467bb4188f977c0336b8,1643821200
4774,outfit.ceda10a556b24c7c9ceeb2cc1601429a,1639587600
4774,outfit.b4e897cae6915720,1639587600
5169,outfit.9565d4d6787ad71f,1669741200
4318,outfit.76182a281e89442eb859adbeed75c451,1651683600
4318,outfit.987e9a7da88098db,1651683600
6038,outfit.181629c720b548f4a77a22851f1fbbce,1630947600
6038,outfit.32e640b3fc894710a096ec7ad3f7a976,1630947600
5760,outfit.524627d9e5544cb8ab8c738c64a440c4,1659632400
4258,outfit.8e330b28328c4558a9523168b34d4d86,1644685200
5852,outfit.8619bf33395941ca8a9e98931e1462ff,1697475600
5852,outfit.2fe31ac153bc422c945294c342de95a2,1697475600
7411,outfit.c815d15af6ba46c580927f9bf81122f0,1612890000
7411,outfit.cd58f268e9e54fc08e5656e6f095975e,1603990800
6907,outfit.4b2a9c705f844b229cb293ba66c8ddf5,1704474000
6591,outfit.adb851b71e828162,1720458000
6361,outfit.f1e688d410884ee0940d861fb2f620ac,1704042000
4564,outfit.851c21ffa4468a82,1639674000
4656,outfit.b4e582b38a10f6bf,1712163600
4656,outfit.1023091eb7324562a4153373934bcb64,1709485200
4258,outfit.b6e876bed3cff76c,1668272400
4258,outfit.0149e9cdd92241a7a8c73a98eb397928,1665594000
4258,outfit.819fe443b574445a979f4f0571a65677,1665594000
4258,outfit.a4ab5eefc7b4446cae48a64e14d95262,1668272400
1008,outfit.9a0283b3b9e34e39a0038cb7b7044c75,1706634000
7409,outfit.7ae84d76f8634068b358e5f723942fa0,1670086800
7409,outfit.64524dbb801942fb9b9b0b5853183177,1670086800
7104,outfit.84f782be1a41490f9223e753c8f180f3,1653238800
7104,outfit.f7826f04ea8643d3b68964a5ab27b0a2,1653238800
6011,outfit.8f892d2a86a7024f,1654016400
6360,outfit.ad062450831242c091c3cfc78407df6d,1642179600
1382,outfit.3c0da42b00f94123aad9c641ff5073ad,1684083600
4724,outfit.b04f116bc3224f22a8f17d62934fe2cd,1697648400
1232,outfit.f8e95f5fd1b641a4823ea3c6010e19cb,1693414800
3727,outfit.7f6d08bebe2348729948104efde5179e,1636390800
3727,outfit.3ef1542d099048efa539e8c67a385732,1636390800
3727,outfit.f1ed4ff2e21a436997e35b1c918c304b,1636390800
1008,outfit.ccae6ec63d494a5eadd0d6b001597c42,1706634000
454,outfit.b9e21535cf624b6eac04d3a9708f213b,1643648400
454,outfit.c95b16794434474e8d02306d2f1b6a0a,1643648400
7181,outfit.1eb6accbfe2d4edd8358e67200384784,1685120400
7181,outfit.96fdc91671d44285,1685120400
7181,outfit.8a9297abf702469b88dcdb1ce6cd35bd,1685120400
658,outfit.f1545647b834426291f0de8408206ced,1573750800
658,outfit.c0dd5faf2a294aa09fd7a39dc7a313bd,1573750800
658,outfit.53a31f7360074b1cb7eb8b9c6367986d,1573750800
658,outfit.ccb9ff4f288f418d883547a0c1341f1c,1573750800
658,outfit.cc30aac83a794a269779fc0b2984abba,1573750800
1706,outfit.70b441e6ee444f86a12921f85e5c2002,1647536400
5059,outfit.5862a9386cbc4ff29e9892f49274c243,1629824400
5059,outfit.138c6d460dc14dd4a223e9f2a484ad6d,1638723600
5059,outfit.2cc1bf3b23ce4811b7cc78ec9e50c379,1631206800
5059,outfit.0512cb21a4bc4326971af84ccc563495,1638723600
5059,outfit.e9e6ef522291496dacaad16160c8a8f2,1633971600
67,outfit.bbd662557126462f84e4912812fc1be0,1661878800
4656,outfit.388d5e71d8ca46a59067b8f07c7a0760,1691082000
5224,outfit.70b441e6ee444f86a12921f85e5c2002,1630515600
3846,outfit.a841b2acdc119218,1630429200
3846,outfit.0ef30f9dcee4484eb104977918be6b1c,1630429200
2892,outfit.9f58acfe6b554e4ca880e378aa7e8e56,1625418000
2892,outfit.113c7b9e83d0435894562f0b5ef41fc9,1625418000
2892,outfit.978ae36482bb4c1bb32f8a6524cfdb76,1625418000
4709,outfit.253fb654ace04cbb9280e54d54b62ed8,1633885200
3291,outfit.2a307327642c41fda6f4f1b9d8a8080a,1624554000
3291,outfit.b6dfe60b7a8c421f9de22342860f17bc,1624554000
6177,outfit.578a20ace62b4299a88b0ce610123797,1650301200
7409,outfit.93fb65b596dc4d628b4812d30178a4dc,1704301200
6642,outfit.388d5e71d8ca46a59067b8f07c7a0760,1619974800
5760,outfit.3c0e2b952c024f85b23f3db26403df81,1699117200
3192,outfit.b9bbc6e2b165450c9d23bd2236684cd3,1608051600
6936,outfit.ab5f8f08a7379c5f,1651424400
3577,outfit.a3c8e9b42ef07a32,1611680400
2815,outfit.b4e897cae6915720,1660064400
4336,outfit.b36a2b4ce3d90e1b,1667062800
2052,outfit.a8770590533c28ad,1648314000
2052,outfit.f02905d4e5ac4f7e8d6e47288d92c154,1645894800
1336,outfit.b0d5835cfb6f4f918690a79fd842e7a6,1689958800
6212,outfit.afd208ad6e2c4771910f427504e634fe,1694970000
6212,outfit.b21aec5d36074eb790d69c5c40b7d77c,1700240400
2465,outfit.ea4cdef4b083408eb9410d077f9c929b,1708275600
7244,outfit.c46affd5f8ee4749b1f8e7d4ff47f3ff,1629219600
1881,outfit.226376c162234c77ac8d2df07b262caa,1700931600
4289,outfit.36654cc2920c42b7a8c294cf349544fe,1676739600
1881,outfit.2ea36f84cb12427686eed685f97f2a8f,1703523600
1219,outfit.74034e464b524fad81e47ac5df3f4aad,1663693200
490,outfit.6a8a9e4b00374d0e953550820b496573,1670778000
490,outfit.6b8d0d5720af4e33af8dff7afe7b0ed3,1670778000
454,outfit.b8248f42bf864dabbf1f70840a474142,1717347600
1586,outfit.80333429732852d4,1676480400
1412,outfit.86a3e5e23b984060,1612717200
1412,outfit.bf5d4348f69b718f,1609952400
1412,outfit.a7b955473f2248a8a818455cb08c9e79,1612717200
1412,outfit.b3d31d76ede3d815,1615136400
1412,outfit.5b607271e3ee467bb4188f977c0336b8,1615136400
1412,outfit.8b14ea3bf7bc40ee,1615136400
490,outfit.7c8c2504d76d42f4a96766337d3dac03,1654966800
490,outfit.b36a2b4ce3d90e1b,1660237200
5031,outfit.3a5aeafe771d488f84bc18af5db17114,1689094800
5694,outfit.91d7bcbd88004c9e939fb7877dc4a1f7,1623776400
1447,outfit.5eaea43d8e34424a95efef2f14b54092,1667322000
1447,outfit.5b99177128de4ffbbdf6b5255d411f15,1667322000
6940,outfit.ddb15f8dac0c4e03a7c88805a98cfcc8,1665162000
6940,outfit.ae3c94e801eb4aebb7c3714ec981521c,1665162000
7100,outfit.b33b5cbbea204ab79a1060c3a17546b3,1705424400
7135,outfit.2bb91a54c63d4f72a11a6ad7a00b35cf,1677603600
55,outfit.80333429732852d4,1667667600
55,outfit.afd3af027be275f2,1670259600
2052,outfit.9cd6c1a82e884a77b55b6113de55fea7,1637254800
2052,outfit.85b4a99c5e6af89d,1637254800
4464,outfit.bb72f30cdb4246d1bc47ff8b17cf4162,1692378000
2812,outfit.22b16afebcf749d08ab2a83d88406516,1671555600
416,outfit.03a5ffb8c27947de936564061de3d046,1641488400
416,outfit.4dd6b2524e5b4379baa90d5f3f80280a,1644166800
416,outfit.ae77f7b917ff4730a2300bf43f24735e,1641488400
2273,outfit.cc5b53a2d9f44413afdd86c5d0dfd1c1,1658077200
2273,outfit.aa76777d3b9d4073a342e2093e4ea1e2,1666026000
5241,outfit.00ec4faf65344485a80b53a650badc79,1596992400
5241,outfit.a3d25f31c9758d32,1596992400
5241,outfit.53a0c9e1c47d442dbdcfb14c54769e08,1596992400
2271,outfit.bf8385f15d6d468880c5e654f7599cf1,1605459600
446,outfit.8776f5d660d948c9bf3243220d6b1f16,1589821200
446,outfit.a38b3b3e20364b78bfcf0bb1eadcc0e5,1589821200
446,outfit.31edccd419de4fc5ae6aeb7eed4327ab,1589821200
1586,outfit.f8be16c68a624ee7bf9a5120adb0cbcc,1631034000
3175,outfit.92f2e542b76f7d6d,1704646800
4638,outfit.beb7edd11cd741538175c927a81cbf89,1678554000
7089,outfit.17753fa2c9914d659fe5432c2a06f1fa,1619974800
7089,outfit.346aca2ad2134d0e95967b333990925c,1619974800
266,outfit.8a458a93e4cd4214a520074f16d5b9fa,1703955600
3189,outfit.39c98e12ea9942a0a2c98c6297aabfbf,1650733200
3189,outfit.39c98e12ea9942a0a2c98c6297aabfbf,1658595600
2085,outfit.89954cb83fe420c2,1679763600
2205,outfit.e9a6c652ea8d42dc8752d70dce0c57c6,1677603600
2205,outfit.b7cc6c38b121a845,1677603600
3215,outfit.d363ee8631554dccb9ced5babed2ce6a,1612112400
3215,outfit.c0dd5faf2a294aa09fd7a39dc7a313bd,1612112400
3215,outfit.5a4fb1545a1448fb970821a7bcb8c581,1612112400
3215,outfit.0f8b461931a94b419de690621a0582f0,1612112400
3215,outfit.897c161625314c1a993188bc0a5ca063,1612112400
1896,outfit.a824c0030f59545a,1610902800
1896,outfit.1e4e6b9f7f984a5f81d68773e0165c44,1605546000
1896,outfit.c95b16794434474e8d02306d2f1b6a0a,1608138000
1896,outfit.7f44b4762bda4246a1aa7cd533047141,1608138000
1896,outfit.61c6e404ee8847fb9e1d95143f9d590c,1603040400
1896,outfit.a8e7915eda974714aa57df8f38a87546,1603040400
1896,outfit.deb2675432704b1e8048f6f90c102a00,1608138000
1896,outfit.b24fc57f02ac4e4c9061761ca18d9d3c,1603040400
1896,outfit.5c6bcfee583b4d7aa6fa807279637d59,1605546000
1896,outfit.9fbe0c9462e44696a73f5ffa75215ec0,1600275600
1896,outfit.f82bfbc5af1c4997956e63f92ea51907,1610902800
1896,outfit.efbeb50344e54028b243698b3dd1b700,1608138000
1896,outfit.6b027f465816489f83945f85bd6f1c17,1610902800
1896,outfit.e4bb08fb4a5f4f11843632fa2a227421,1605546000
1896,outfit.484e1d365d5b4f91adff228b6e9204b8,1600275600
6907,outfit.4d91614bd70b4799a861fe5ea43db494,1678035600
3227,outfit.95a9732c69cb1e4c,1629651600
3227,outfit.1eb6accbfe2d4edd8358e67200384784,1629651600
4731,outfit.c17c4a7eb8284a26b0025919877d3023,1665334800
3846,outfit.944185e8eec8066a,1635699600
3846,outfit.4cd9a6b549d04973a044716c3448b739,1635699600
3846,outfit.57e0110f769d47ea863ebea78235fd23,1628528400
4696,outfit.2174208dffe5493fa440e48d290a11bb,1657126800
2516,outfit.043a430a63b34151a6489d2863ea11aa,1650992400
680,outfit.4b2a9c705f844b229cb293ba66c8ddf5,1647018000
680,outfit.527e5a69558c404f81d9d3c68272f67b,1647018000
680,outfit.8745fe6f294d4f41,1649696400
680,outfit.1cda37cc756345aeb22ccfc54fef10a4,1649696400
1173,outfit.13341577ef954838a87bf016b1501ebb,1684861200
5615,outfit.0e35a8a758734c2b98adfc8630b4e029,1690995600
1626,outfit.09a274c103524f30bd8e3fcc3cbab7c1,1689440400
1626,outfit.202c5658aee14e4180cd074aa81842a1,1689440400
4240,outfit.2121de17fb604c6ea87a3f9b6d0030db,1626195600
1716,outfit.522c1f5a3380421e9539663185f60fbc,1615482000
691,outfit.2ead65a1ecf54c38a27bebc2bf47b9b1,1597597200
691,outfit.8f2d79606c6d4f44af3f6afd97a6ca3e,1597597200
691,outfit.8ad1c89174094a26bd4cbcfdcad4aecc,1597597200
1382,outfit.acefb4576277494ebf8a334cf8e4c43c,1627232400
1382,outfit.c35c73041785478d8b7bff3ba75797eb,1611594000
6081,outfit.53bf6ed2516f473a87497e8170d4c8e1,1607014800
6081,outfit.f233488767cf4bdf93f717f7d42c0cbf,1607014800
6081,outfit.2019c3e0c2ed451db8a83babc45d19af,1607014800
4193,outfit.2ea096cf542544bcb75743104ad4e9b0,1636909200
2556,outfit.b2e035a8cce61dcb,1633280400
1998,outfit.a294399ed5bfba8f,1629133200
1589,outfit.b6f4e6d64e3144d2b528b6bf75e5ddcd,1689699600
2071,outfit.34b2a2a9779a47f0a1aff663fe8d1c86,1634576400
2071,outfit.0fdacd78ea72476d9688afaa61fc5c42,1637254800
675,outfit.298b9f94af66454b9f07ebed997e9f9a,1627405200
675,outfit.095de7562bbf447f8dc83ec1a0e8edb4,1624554000
675,outfit.1bf5c2c096dc490f8e8efd7d09e6769c,1624554000
7411,outfit.bf00e652d6b83df2,1708275600
5160,outfit.7f13839eeae444e79acb75451f623074,1664038800
2364,outfit.d8909288c79b4df6b6547aa381d360f1,1627837200
4107,outfit.9e90f563acb38233,1634490000
4107,outfit.983bcd4ecb43a6f7,1634490000
6298,outfit.81b7059db24a1c94,1619456400
2949,outfit.2d50ae29c3194358b9b042edb8e61949,1629306000
4818,outfit.b49e6f1cc73f48f9a6329311214ee57f,1682528400
4818,outfit.ed9017ac844a486fac95996bcc5b4b84,1679850000
2088,outfit.b6596a2ff7a748f3b9a67ac54db28b96,1632416400
2088,outfit.43d5741ca13a453bb378172945b47fc8,1632762000
3320,outfit.4a6ed2fa953e43f98d557f0c98f04f7f,1683565200
1684,outfit.372a132f8fe4463f8fdb8d7a8b3f5206,1631206800
572,outfit.c5a8b5900a2744589424bd5f8494497b,1617642000
572,outfit.80333429732852d4,1620147600
6977,outfit.2cca272e852c42448c449664b8d98693,1673715600
6977,outfit.0392ab260e644b338316a915c76e18c6,1673715600
573,outfit.5b56622d721d4a359d14507923450d0f,1650646800
573,outfit.dcd2abde0c804a88ae1169c950cfbda1,1653238800
5303,outfit.98fd2627236f7f19,1708102800
5330,outfit.7abb8ad021294be3863e5ea746538347,1642352400
4558,outfit.ba08fc9d3afae814,1597942800
2762,outfit.3dac69d72aed4d1ca4fc6bcff6b7cd4f,1616000400
7135,outfit.6705bc03d5e649f4bec363e6367cd89a,1682874000
2649,outfit.fc33a7e64d794702a5d4b0ba40870c69,1693587600
7026,outfit.b619ba973b4b49d79c89863737097ab3,1615827600
5694,outfit.b068cf45c37e4aeaa1cff939a86e759f,1635699600
5694,outfit.37886c165da3410ca29761ac81f95bf9,1630861200
5694,outfit.8ba3b5b410c6466180b8bbecba6c7013,1627837200
5694,outfit.91b2efcbbd50491e89267d079de15ab2,1627837200
5694,outfit.37dfcefd9016441b96537a6b3de58e29,1627837200
3649,outfit.26cdd2ae3a854c73a9d207dc298e3367,1605546000
3649,outfit.e172da755f4248f4af3241dd47efae12,1605546000
3053,outfit.be670e741ed74f9597a28f8bb3e5e537,1618333200
4031,outfit.38572c7dec3b4460bf36ade1d517ce20,1627837200
3267,outfit.d263cb821a244b41b4c47ac08fa10596,1605805200
3267,outfit.828280fdcb0431d8,1605805200
3267,outfit.4f7f49256cb04353a63a140320de900e,1605805200
1792,outfit.dc7abe1bb20f423a8356cb4d089c56ff,1675702800
6796,outfit.f4a2cebc0a544c9abc6305e9bd33b9c6,1660496400
3991,outfit.8f18f5ec1142ff1f,1603213200
3991,outfit.ad50bddf369641b0827aad7ce9f36022,1603213200
3991,outfit.b8c30d318f9d0554,1603213200
1792,outfit.32e640b3fc894710a096ec7ad3f7a976,1665075600
3267,outfit.848a85ca39d3fda6,1656262800
3267,outfit.1ba9e80c87c84ac98d59fd5fbecf6f32,1656262800
3267,outfit.ae538ccb6bf14a858b0f66458e592872,1653584400
3267,outfit.94f142c01ddd4b179568eb535b745439,1653584400
1277,outfit.7f13839eeae444e79acb75451f623074,1648746000
454,outfit.af879b315e9e04fc,1645635600
454,outfit.a8083cd1fd8b4da982f6f8b6364d96a6,1641229200
4638,outfit.c52099f0269e4b6ebd66b79d3cca1d01,1665507600
4725,outfit.924f4c42857340e68e7e874fcd5c6775,1653757200
4725,outfit.2b9a47fa00e642a1ba23dae6a67ae88c,1653757200
5645,outfit.0e1bd47c2f09419d84217b3a6b5e265f,1666890000
1232,outfit.4be27307ae1c4611ad56aca101c8a6b4,1701277200
2884,outfit.cdf556b326334303a52f2df9eb42dd3a,1665162000
2884,outfit.63fc53c3d8784dd39553a33d54ff4921,1665162000
2884,outfit.1233866861b14f0bb1e9116e90d9a492,1665162000
2869,outfit.145c644d683b4ccfa07d073d8c4efa6a,1714928400
2869,outfit.5a5e28a29c694c5abf08514ba5b85937,1714928400
3624,outfit.648db79508724c99ab948e953e4813a7,1711558800
3291,outfit.ceb25ee97e894d46869ca3eb799d48e0,1606323600
3291,outfit.83b1e08b46bf0031,1606323600
1586,outfit.75fd35081c884af28940d854e0a8c67f,1660582800
1586,outfit.92396971987c812b,1660582800
5531,outfit.15f39d4408a449febc2bd0d1afbb0f1f,1619715600
5531,outfit.cd92590952d54e1d8b3bec0bbecb901b,1619715600
5531,outfit.9b7e2e060c874d3287c4cee69860679a,1619715600
6965,outfit.900dd323358401b1,1598893200
6965,outfit.d2affda3780840e8bab443abbd2e5478,1598893200
3924,outfit.ecd20396b6454329b80dd3a7f3d5c0c4,1687885200
4464,outfit.aa10e3ab93793dc9,1708275600
1942,outfit.60c345cbd0924fe7800ac38922a74cb1,1635094800
1942,outfit.2fe31ac153bc422c945294c342de95a2,1635094800
1942,outfit.29e6b2a21c5946d3a22772aa398a8361,1635181200
1942,outfit.206df08f735c415bbcaca8d70e762971,1640019600
5805,outfit.caee00d04a954a69a3cca9e02cf67440,1661360400
6380,outfit.207232e414dd46e5b7352becfd9e53e5,1710522000
6380,outfit.bbdd99b53f925ae3,1700067600
6380,outfit.f4a2cebc0a544c9abc6305e9bd33b9c6,1700067600
6380,outfit.b4e582b38a10f6bf,1700067600
6662,outfit.56663aaf60aa4b5c8267bed372c72677,1635699600
1878,outfit.8a458a93e4cd4214a520074f16d5b9fa,1646931600
446,outfit.84f134b06fbed5a0,1570467600
446,outfit.989e3eb7e1be092f,1570467600
446,outfit.5b219e65b35544769ae32989b15ff364,1570467600
446,outfit.9edf55f5369fd779,1570381200
1925,outfit.72b64826af9f427e9b51b108ff3d5ba2,1672851600
1881,outfit.50968c211b5941648f6519e289b84da7,1692982800
4981,outfit.17753fa2c9914d659fe5432c2a06f1fa,1639328400
4981,outfit.b2f44b763c5942e295a5ef80c02c9cf1,1639328400
4981,outfit.dd5c21e0c1ee4428b7019e5740e3e8aa,1639328400
384,outfit.badb81ea53ce4b62b54387b26501b6c9,1691600400
6051,outfit.9783b2f3f00040848624b655abd30cfa,1690909200
6051,outfit.a83b27ea0df44e4d9773f8e7b5096ab9,1701450000
1382,outfit.d3f2083ec04f4429bae5660f2a3db238,1600966800
1382,outfit.b68b720dbd521460,1603645200
1382,outfit.142a3686d9ec47afb71932e592f45a92,1603645200
1382,outfit.9a52065e9e7b4814bb5707173819674f,1600966800
3094,outfit.8776f5d660d948c9bf3243220d6b1f16,1603990800
3094,outfit.8e970ddf2f28404c9bf2a08b022c576a,1603990800
3094,outfit.7ae84d76f8634068b358e5f723942fa0,1603990800
3094,outfit.b2194a655acd4fc683da0607aed980aa,1603990800
6834,outfit.501f59ab11f94aa1a28a566911f8a8be,1658941200
6834,outfit.91d7bcbd88004c9e939fb7877dc4a1f7,1656349200
6834,outfit.de20bfe0e31a4a33b8f0a25e9d93f97e,1658941200
6834,outfit.11395b1173644fedbcfc219469f27b84,1651078800
6834,outfit.ccae6ec63d494a5eadd0d6b001597c42,1648400400
6834,outfit.203f5d33e7324d65a1d8175b3b910416,1656349200
3642,outfit.b8edf89f3a5949949ae1188cd3283d6f,1604250000
3642,outfit.1c78096241a04da2bb89cb692f3953b0,1604250000
3642,outfit.e608f9225d314a12a390b165d222cc28,1604250000
3642,outfit.9bd220ce35b14c1b9b9d89dfc2b123c8,1604250000
3956,outfit.1243dceca4be4ad99c5a651708f6d041,1662310800
746,outfit.a95a05ea858446c38ffd5535ab65a392,1571245200
746,outfit.c7be4c2774424a498f63ebe6ea4b5933,1571245200
230,outfit.7d257832e2ef4cf7b78976d119a251e7,1701450000
824,outfit.9936eee8f01a25d8,1636995600
6907,outfit.f32718341e9443d8a36121a8913ff304,1619974800
6212,outfit.ce331a7cc22d4aaf82548e873c59e6cd,1658077200
1277,outfit.a2820311cb51576b,1664557200
4409,outfit.b068cf45c37e4aeaa1cff939a86e759f,1709571600
3577,outfit.9653e8c2cb5f44eeb2a9015e4b11c162,1705338000
4463,outfit.e3bf7fedde71456db683e017a65e9814,1646586000
4463,outfit.8ad1c89174094a26bd4cbcfdcad4aecc,1646586000
2114,outfit.9e28084ee8e94a1d8afe4abe643fa8d5,1583946000
2114,outfit.15f39d4408a449febc2bd0d1afbb0f1f,1583946000
3749,outfit.8a6d7780e2644bbfaa7695900a8266dd,1608483600
3749,outfit.522c1f5a3380421e9539663185f60fbc,1608483600
3749,outfit.2766e5ad48a2427a898f60aaacf85622,1616518800
4674,outfit.3dac69d72aed4d1ca4fc6bcff6b7cd4f,1656176400
2273,outfit.57ffd059f0374d6995a1f8fd4ee0d2ed,1687021200
1354,outfit.8de67bc21e388b19,1696525200
1354,outfit.b7cc6c38b121a845,1696525200
3243,outfit.e11253de97ba42eb819cf53373fcbe8d,1710003600
1032,outfit.7cff339e7950448c8485a2b44205adc0,1645981200
1706,outfit.d7e3f493b73c45c785ac6887d20f4069,1671296400
6347,outfit.cf2fa10de8ea412186fd6dd1f658e3ff,1639328400
5778,outfit.8a9297abf702469b88dcdb1ce6cd35bd,1689613200
2383,outfit.cb29aca3f7be4551b07a9d1b02957e02,1627837200
2383,outfit.8afbb76916e14187b0bc9aaabbc2bd24,1630947600
2383,outfit.f5cdd470173a4cbb913353aac985eebe,1633366800
1586,outfit.d52f6e55c56a4d6ea952522543d06fbf,1626109200
1586,outfit.2386f5b10f544de1a8f7a53a4b3bb92f,1626109200
1998,outfit.896f0af4aaaa4d56a26ab9e37e94ad14,1692291600
5144,outfit.e8df4af3451c46e5940238065ee6b401,1688922000
3507,outfit.1829ff6232b04c84b6666a8d0542eaef,1689613200
6907,outfit.9e20be28268142a1a6a917fe7ae1b237,1616605200
55,outfit.12ca1b6aaefb46af8208fe008f3eb4e3,1641142800
2831,outfit.aa1b06f3dfd54e28891be222f496c377,1656262800
2831,outfit.c5b61903ca9849fe830fd86f7cb4da50,1656262800
4130,outfit.9341a89b191cd49f,1680282000
4501,outfit.d071fd1e083f4a08966866c856a0c5e8,1667667600
5694,outfit.a38554cc5999458397c5f190f0f3c38d,1632070800
3192,outfit.bc490bc7db204af498825badd2d59285,1639674000
6907,outfit.54324ee259f749ef9e2cb2e22446a2e6,1603990800
6907,outfit.db025960e5494378bd81a48377b0a1bc,1609866000
6907,outfit.7f12d0cbd88d440f84b259599e625b69,1606669200
6456,outfit.44c8e590e1df4f6ab23cf81b9ed39374,1703178000
1586,outfit.24a7d36225b342cf82d965567b6052ca,1655312400
996,outfit.a495750db2b745b3b257ff60a9aacc76,1692032400
3094,outfit.c815d15af6ba46c580927f9bf81122f0,1609866000
4175,outfit.148857ae81d84843ae1671986a4e145e,1686675600
4175,outfit.1b1e586b3bb2432f91b4a2e15dc719e1,1686675600
1840,outfit.c196ec5cc8e1441fb57f8a082a9caafe,1707411600
1374,outfit.24204aa044c44df084bf383e731cc535,1604509200
1374,outfit.fd816aa2311d45c78fd0ab2d663a177a,1604509200
1374,outfit.8bfd655a8e4d2788,1604509200
1374,outfit.c7f8c0ab1c36417eb3a7dea515d2a0e7,1604509200
1336,outfit.cb29aca3f7be4551b07a9d1b02957e02,1705856400
996,outfit.234ce093695f4773aba7287620cee9ca,1634230800
996,outfit.be54589074780d08,1634230800
6051,outfit.9e90ada207a84d58941638aa284a4827,1709312400
1248,outfit.c5fa2da94b8a48ce893b4a3722f02cba,1694451600
2168,outfit.2ea36f84cb12427686eed685f97f2a8f,1664298000
6212,outfit.4be27307ae1c4611ad56aca101c8a6b4,1684342800
6585,outfit.a743bd93e1a86501,1605718800
6585,outfit.0dcd9f8fa95a4d81a7bb43df05668e4d,1608483600
6585,outfit.578e1906d41f4a07adb102e0a0235b4e,1608483600
6585,outfit.f5fb40c43d174f799509d01145b1ed1f,1605718800
6585,outfit.9ec98510baa9411d905131e4377e154d,1608483600
6585,outfit.7f44b4762bda4246a1aa7cd533047141,1608483600
6585,outfit.8273c17c394043b8affdf5c04ee019ed,1608483600
6585,outfit.484e1d365d5b4f91adff228b6e9204b8,1605718800
6585,outfit.5c282a76e71b4edd81ab7579454a9de3,1605718800
2040,outfit.dce1b27e6e5944c08b7253d1ebae5a60,1623603600
3227,outfit.656d8c9767e2417d8fad467465515b5d,1647363600
2681,outfit.aec255abd8714065996db11cc150f061,1635786000
2681,outfit.ec471fe2ed734d1fa37ce1b2b0088619,1637254800
6601,outfit.f6e0ac328eac45939027a5dbf9d8a086,1712250000
6907,outfit.57d3d071648f425f900f33b203e013c8,1683306000
1553,outfit.ade5433e25b54fbbb66a54f8fe113132,1632157200
2815,outfit.2c4583bd98d748f29b7f7fb1cf6c43c4,1660064400
2870,outfit.394609460a3549928924f3a0dc5a6e3d,1685034000
454,outfit.b9e21535cf624b6eac04d3a9708f213b,1672678800
3385,outfit.1ba117ad1dfc4db98e92536c9d6724fe,1640106000
3385,outfit.6e5ff70fac6443cfa4cb2de5077ed77d,1637514000
3385,outfit.02de6177cfea418b8530f218f554f369,1640106000
6287,outfit.fc774521956e43c1b7b989272f5dca23,1570554000
6287,outfit.9d15759d591e8fe7,1570554000
6287,outfit.92bfe824eed24b63bca70a7df494b8d4,1571158800
5778,outfit.a2883b9efb1b4eb889e269c98e09f661,1663434000
910,outfit.65eca5cdd70349c19294a6d34bf69ef1,1601226000
910,outfit.00fa8d1fd5804fe78ac284c2e0c28b4e,1601226000
910,outfit.880e57b54f5e4f44b0b2e6ced12e8905,1601226000
910,outfit.8ee54df25e43382d,1601226000
6907,outfit.4b4a8f000a6b46d7a97df90ba4cd9874,1635699600
6907,outfit.b8a404e6aad069ba,1633021200
7411,outfit.8fbf386b8fef8664,1625763600
2949,outfit.b3d31d76ede3d815,1635786000
950,outfit.35331fbfbbe04b9ca3dfc1535cf148fc,1634576400
950,outfit.4b20b3ccd3cd41fe98d0225f47276e2c,1640019600
950,outfit.ec471fe2ed734d1fa37ce1b2b0088619,1631466000
2076,outfit.3fb6cd2d1f454b85937d1540dcf212f0,1633021200
2076,outfit.f853a75ce5624944895a17b2f615d138,1633021200
5617,outfit.a02f335a26704f80a01232079d662ff4,1678986000
6932,outfit.cb5a982c42784a9a834b5f15a47749b8,1618506000
1987,outfit.34c4b585b0854a158c2b7e53478e3c00,1639069200
490,outfit.aec654b43e55ed6d,1600016400
490,outfit.13341577ef954838a87bf016b1501ebb,1600016400
490,outfit.56663aaf60aa4b5c8267bed372c72677,1600016400
6907,outfit.2ea36f84cb12427686eed685f97f2a8f,1714928400
6907,outfit.81e52ba208d55e4d,1714928400
6907,outfit.4d91614bd70b4799a861fe5ea43db494,1712336400
6907,outfit.4d91614bd70b4799a861fe5ea43db494,1709658000
470,outfit.b182478178d89162,1600275600
470,outfit.4be27307ae1c4611ad56aca101c8a6b4,1600275600
470,outfit.7df2526a1c3c4b10b3017e7935c30629,1600275600
2205,outfit.a1efdc0d88774773957da6e703852211,1690822800
1319,outfit.0f8c445a9a334c6984277bd96513a37f,1664125200
7167,outfit.03f24a5a208f481eab99f81ff4742928,1602435600
7167,outfit.91a30aff3ad0422ea63780d69b21adc8,1602435600
1878,outfit.91d906d5cfcadc9b,1669482000
2775,outfit.5b56622d721d4a359d14507923450d0f,1656176400
2364,outfit.2766e5ad48a2427a898f60aaacf85622,1662483600
1967,outfit.9df47f2be7324ffa9fe6cd184656a7ed,1633626000
5398,outfit.0d0727d0c03f453495eaa85dc17d382d,1618160400
5398,outfit.e169ea04d96140928a856fbab4821a60,1620925200
1819,outfit.c08f7356b17643258f50b4cc3eb25fa6,1650301200
5617,outfit.6e2a3eeffbf4433c9d6e5085d8c083f2,1689526800
2290,outfit.d0c6cd30a1f146a8a1ae6f73b34a0103,1647795600
2290,outfit.e98a6e485b1941d98e43c0e74cc6885b,1647795600
7135,outfit.a5d5bfee852848c18596d844a3a9025e,1664557200
7135,outfit.30c1385e9d714fa5b2000abce92e6c91,1659286800
3458,outfit.82857c0f835c4c8b8fea971653673d20,1655658000
6287,outfit.82ec1db640c48b3f,1571072400
6287,outfit.f32718341e9443d8a36121a8913ff304,1570640400
6287,outfit.0a3e76e31d4e4cb9b1033fc93787943e,1570640400
6287,outfit.25c93e08d9064a1c85d877bf4157a626,1571158800
560,outfit.5a4fb1545a1448fb970821a7bcb8c581,1650560400
2759,outfit.fd709e5fcf3c44569fcc59edf75d4193,1666717200
6875,outfit.21474001bd3e48a19da3a75c2f3819fa,1704474000
6875,outfit.23596174e2b1478385adda8f5f48416f,1714928400
1784,outfit.f062df328d7842e4bc5b0c41e309393b,1697562000
3320,outfit.372a132f8fe4463f8fdb8d7a8b3f5206,1707411600
2812,outfit.d720fa6c17bf4c688054cbda17336d6c,1674234000
4985,outfit.ac3e4eefb550471989769e1e4d1683d1,1619715600
3320,outfit.ab5f8f08a7379c5f,1665248400
3669,outfit.a5650c1bada909fd,1679590800
3041,outfit.d6241a805f5e4108abfbdbc9f58fcb23,1701795600
3041,outfit.e0f170b8b51f4ae4a7e00047b9ea8d79,1693933200
6875,outfit.6dea8453a7dd4701830624eeea14bf9b,1696525200
416,outfit.b24fc57f02ac4e4c9061761ca18d9d3c,1599066000
416,outfit.fd816aa2311d45c78fd0ab2d663a177a,1599066000
416,outfit.293b6f34465a4a28abffbfc87ad78849,1599066000
6557,outfit.a38554cc5999458397c5f190f0f3c38d,1697475600
4464,outfit.851c21ffa4468a82,1710781200
4355,outfit.29a0d66e916c4bc690cf393bcea980e4,1673283600
4355,outfit.bc2d17659e8b4d6b8bae2675b1c9dcd9,1670605200
4355,outfit.fc14b8a036fa4ac196b9160b9b1fe0d2,1670605200
3094,outfit.be3e7c4ec5718d36,1619715600
5695,outfit.4c8d6c10b08440fcb06d8893d705124b,1614790800
4209,outfit.625293137dad4142a7558c88b74e3644,1642093200
4209,outfit.8f892d2a86a7024f,1642093200
3924,outfit.dcf9da47ee4e4bd994d4faa2aaadb321,1651251600
2273,outfit.992bf5adcd39d953,1652806800
1526,outfit.7d9ffbf078f34b06af2f4a2765005db6,1645117200
1526,outfit.3261057a0eba46f687d41af05ddee170,1645117200
4818,outfit.519b363c010c4157a561e58cf3cd8c07,1674752400
7244,outfit.8688e9d35c0dba13,1606669200
7244,outfit.78392fa87e224d719c89da109d9e263f,1619715600
2492,outfit.b09e135ba34c46daaf3a5495dcec6e83,1705942800
2492,outfit.992bf5adcd39d953,1703264400
3094,outfit.4431d4e34e6a4c0fba43aa50395893f7,1625590800
3094,outfit.e18310c477cb4fa38cd9ba31e9997c4f,1625590800
3312,outfit.3a5aeafe771d488f84bc18af5db17114,1604595600
3312,outfit.de1b2d84d80341d2bcc0adcd5ce60af4,1604595600
3312,outfit.05164954243a4c5cac4930572105ed27,1604595600
3312,outfit.7bf81ddabaf04521afae88cc4b70ef8f,1604595600
3312,outfit.c0dd5faf2a294aa09fd7a39dc7a313bd,1604595600
1809,outfit.0e79f46fd9f344bdb7c714ffce9e98aa,1663606800
3192,outfit.48cf5d6579da4369b03b1f04719b322a,1623776400
4624,outfit.0ca44af5dc0d4bfb8cb409023716c0a5,1622998800
4624,outfit.9acd6a788f014e9b81fb32f2c97f53d8,1622998800
4624,outfit.b25f7c6a65a2459c8819de57f27a2684,1622998800
6046,outfit.4688b412bce3457a9c1727fd38ab4a06,1659718800
4696,outfit.8302402a6e8e8e8c,1678122000
4696,outfit.1dd897589a5148198aea6c403d613063,1678122000
5236,outfit.1ba117ad1dfc4db98e92536c9d6724fe,1672765200
757,outfit.30d1aee07a924c969deb23980fe0949b,1644339600
757,outfit.9ce064a4d8b5b825,1646586000
4020,outfit.0533ed8c59ce4cf29172f502a3a93a91,1627837200
3924,outfit.c35c73041785478d8b7bff3ba75797eb,1643562000
5694,outfit.925c69db26f6bbae,1583686800
5694,outfit.d720fa6c17bf4c688054cbda17336d6c,1583686800
5694,outfit.e96d2e7204fb4c1ea24fe71b3f967e0c,1585846800
5694,outfit.3b756132543a45d4a94b9bebb0aaebfb,1583686800
996,outfit.9e3bea6a01d94e03a43bfefac24422e4,1645722000
6907,outfit.915272dd8393bc1d,1648746000
6907,outfit.65bf9afca9c94299a8ea0b0b8fc4e03f,1619974800
4564,outfit.379ed2da3cb6428c9c9402855dfd61f8,1650128400
5657,outfit.2c789fb5fc554dbd8dd86e423e809ff4,1669395600
2131,outfit.1233866861b14f0bb1e9116e90d9a492,1647363600
2131,outfit.0d19e03cbaa04339bd57439d7c22ec6c,1652634000
2576,outfit.d0c6cd30a1f146a8a1ae6f73b34a0103,1653238800
5615,outfit.3037fa72ade7482e8c13863bc447c11c,1714669200
2812,outfit.c71e9a58962a404b9d6c8df867b4b392,1692550800
2812,outfit.978b0bd3e4cb9afa,1682010000
2812,outfit.164ec220792945e99be76a1f7291a9b8,1679331600
2812,outfit.47ffcece5f244f9a9cf888f7f6d16e29,1692550800
1138,outfit.0b721ca6ffdd489d91fa63f960ca64ec,1676566800
1138,outfit.e963fb24badd417282a3db209349346c,1676566800
7411,outfit.b09e135ba34c46daaf3a5495dcec6e83,1598806800
7411,outfit.b1adfc4204c602e5,1601398800
7411,outfit.29c4a457231a489cbffecc33717d3c5b,1600189200
7280,outfit.8cab85b45b23bfec,1696698000
5490,outfit.8831dbbc9ac4aecc,1672333200
3267,outfit.0f545b5ba1274c66b2896afdcc48c5d9,1605805200
3267,outfit.bcfda2c04c124f0084c43aa7169c640c,1605805200
5760,outfit.8273c17c394043b8affdf5c04ee019ed,1651683600
4193,outfit.3f65ab1185ed4b06a4feab44d8fdc748,1688835600
1840,outfit.80d81410fa5f0ae4,1638723600
3577,outfit.c5b61903ca9849fe830fd86f7cb4da50,1678899600
757,outfit.ce53377b121b4648abc0a3c97e58bff1,1651942800
1591,outfit.ae77f7b917ff4730a2300bf43f24735e,1654275600
1591,outfit.43d5741ca13a453bb378172945b47fc8,1659546000
1591,outfit.e0a3899c698544c4bf205f2a6eae496c,1651597200
7070,outfit.95cf185dc27fb18b,1656867600
7070,outfit.a388427605b34a2ab0e19304e54facc6,1662224400
7070,outfit.f82bfbc5af1c4997956e63f92ea51907,1664816400
7070,outfit.ddb15f8dac0c4e03a7c88805a98cfcc8,1659546000
4170,outfit.9bb6cde5e7d143db8e60793ec409d58b,1638464400
4170,outfit.005123277cc440ffbac2d52252cfcac1,1638464400
2619,outfit.95cf185dc27fb18b,1714237200
3227,outfit.03d688ca88f84e89aeb31592d6394247,1656176400
6310,outfit.bd37bc0ed1857fb5,1662483600
948,outfit.89b7c4936135cfb5,1662138000
1831,outfit.9ce064a4d8b5b825,1700240400
1831,outfit.3cd520846acc415fa68f1a7d6f1b7cee,1702832400
1447,outfit.a3b797e5d17543b8a0a1f6d2b5112ce6,1672592400
7400,outfit.1a05c2e6ba8c4de28923f683bef9c1ae,1620925200
7400,outfit.b5efe9b9e6104f0796fe1adc5650e75d,1620925200
6786,outfit.3230795e6aed435ab96c8fcf5e56fd08,1699117200
361,outfit.8619bf33395941ca8a9e98931e1462ff,1650646800
361,outfit.305bde2827b34ff192d1271ddb0e50bb,1650646800
1412,outfit.ada989bbc2322203,1617728400
1412,outfit.b1adfc4204c602e5,1617728400
902,outfit.d1404a07cbda4bf68dd8d57cb0e32207,1665939600
902,outfit.5e900f895ba8488db2bf88c9371a9b64,1653152400
902,outfit.9f7434145481442191419433bd1aa953,1658422800
680,outfit.4b2a9c705f844b229cb293ba66c8ddf5,1647018000
5490,outfit.67a41f76b1dc4cffb6da5e9257d5910b,1651251600
4834,outfit.8632cef7c2524f1ea8f213f5398eb754,1632848400
4834,outfit.a022100a2a964f4d9b262749de0b15d4,1632848400
4810,outfit.756079160a3e402d87df01062ec3b941,1664211600
222,outfit.8ed6e4fedeb67e87,1705770000
4558,outfit.75fd35081c884af28940d854e0a8c67f,1596733200
6519,outfit.173b6b1204df4f128bcbdd843d91351e,1629392400
6519,outfit.a273058ddb56de19,1629392400
6981,outfit.e963fb24badd417282a3db209349346c,1604422800
6981,outfit.25ff5e5ef4b541d79324a66515f1d89a,1604250000
3189,outfit.61a93a8506024e779db658f842e26625,1635786000
5303,outfit.61a93a8506024e779db658f842e26625,1708102800
3343,outfit.29d43c48eee84539b3e1597c9cd55194,1668445200
3821,outfit.a5a7231c342d45cca35cf536be58d63e,1637600400
3821,outfit.80333429732852d4,1637600400
4067,outfit.24c32dd0323c4873949167fe0d1db421,1682528400
4067,outfit.98eebea274f23dd6,1685120400
5852,outfit.9387d05b47f906c5,1626109200
5852,outfit.b9c0bbd563524653,1626109200
5852,outfit.924f4c42857340e68e7e874fcd5c6775,1626109200
6212,outfit.cd92590952d54e1d8b3bec0bbecb901b,1639674000
215,outfit.aa1e25055ec79871,1612112400
215,outfit.bee0a33c3c774ae7b6eef6d298250ae4,1614531600
215,outfit.17996f09f2a84c078a7b0bd718bcddd6,1612112400
215,outfit.e965f8f929a345ecab825313cd4b3f24,1614531600
215,outfit.32bbe20e948d4839b63aa0f4b540b466,1617642000
215,outfit.7df2526a1c3c4b10b3017e7935c30629,1612112400
215,outfit.8b5234b3619cf5fb,1617642000
414,outfit.0ea2ed06e62c495195f67005f3057721,1690045200
5059,outfit.e9e6ef522291496dacaad16160c8a8f2,1658336400
272,outfit.925b3a37354592ef,1671037200
6011,outfit.c05f7a4778004af4b50ca321d248f1e9,1682874000
4461,outfit.84cfd784c9dd4ad6,1638464400
4461,outfit.22c011b90cf34e56a9613321cd35514b,1638464400
4461,outfit.7d69ae2f5dc641bca0eed4b1dfc17ac8,1638464400
1374,outfit.8a6d7780e2644bbfaa7695900a8266dd,1620147600
1374,outfit.326753f766be46ea82c771b041c4dd32,1620147600
1374,outfit.944efade730744e38b3b678dae890f98,1620147600
1987,outfit.ad0e0bb9c3ab3cb3,1633885200
1987,outfit.d3972ad336174608b061e6224cb1fad4,1642957200
5144,outfit.e89fab0bbc574d6c89242ff808d537e6,1670605200
5144,outfit.9653e8c2cb5f44eeb2a9015e4b11c162,1670605200
3094,outfit.d26a681dbdd54f448ef373de80e065d6,1685034000
1248,outfit.1cb90c4ef4cd4941913e9ab5a095b0d8,1602608400
1248,outfit.69000b1e14de4f0fa3ab832be40c6f04,1602608400
7247,outfit.4024086987064c41b6bd30c6871358ac,1680973200
416,outfit.ef9f4ad754194793ab95e6c30f5606ae,1604422800
7244,outfit.892c3befd668414cabc0bda22c3f48ff,1645722000
7244,outfit.24204aa044c44df084bf383e731cc535,1645722000
4463,outfit.cb29aca3f7be4551b07a9d1b02957e02,1689958800
6591,outfit.b4e582b38a10f6bf,1699462800
4696,outfit.77441845458641bcb87eb64f10b76c12,1662483600
4175,outfit.63bcf26d934447e1aa4d53214cef7d4f,1657731600
6284,outfit.d14ca830a51d455ca672e1f11d4554d4,1660669200
675,outfit.96d41e4ecb154101be678d4302a266ba,1680368400
5615,outfit.d14ca830a51d455ca672e1f11d4554d4,1706893200
2788,outfit.9ec98510baa9411d905131e4377e154d,1654707600
2788,outfit.a0a46d933783476c9109aafdeeeb550e,1652029200
2788,outfit.d6241a805f5e4108abfbdbc9f58fcb23,1652029200
1544,outfit.466afa76adb144b7ad004be6382cfc54,1664470800
2475,outfit.30c1385e9d714fa5b2000abce92e6c91,1632416400
6118,outfit.b45f71cef3bf96b3,1570813200
6118,outfit.2d7ae0bf1f84410fa230df577c9ead8a,1570986000
6118,outfit.3ce016303b474839a95f7375cf891639,1570986000
2617,outfit.75f72fc891604734a37a5ab96b006367,1645376400
5330,outfit.a5a7231c342d45cca35cf536be58d63e,1644685200
3189,outfit.012a4c0079984d719f3f2626bb60b374,1666544400
1518,outfit.268878c3e3e24d98bbc6e9770e2eb44c,1677517200
1354,outfit.49c64ac752d4452886a0f505007df0fd,1699203600
1354,outfit.3dac69d72aed4d1ca4fc6bcff6b7cd4f,1699203600
4258,outfit.13341577ef954838a87bf016b1501ebb,1660323600
6650,outfit.ab93c31e243d4d19b90ca72c4ae17e25,1685552400
5336,outfit.a8544eb2962547d1bb80da530b4c377a,1697043600
5615,outfit.b619b14568c94d46ac314ae0983703bd,1712077200
384,outfit.5d2d7dca81534a789407bce8180af049,1670605200
2556,outfit.89954cb83fe420c2,1627837200
2102,outfit.ae538ccb6bf14a858b0f66458e592872,1673974800
3510,outfit.bdf0b714576b2118,1672160400
4960,outfit.13ed9e9168f247308641b61eb258a756,1654707600
2534,outfit.8cab85b45b23bfec,1633971600
4651,outfit.df13ea56a17d4fad9fca92caa307b02c,1623258000
6298,outfit.d61bd06b8b28429abe50d3f42eb685e0,1629392400
4463,outfit.5eca705d63054d639d39074a939b25a4,1689958800
3749,outfit.29d43c48eee84539b3e1597c9cd55194,1616432400
6526,outfit.aa76777d3b9d4073a342e2093e4ea1e2,1707411600
6526,outfit.aa76777d3b9d4073a342e2093e4ea1e2,1704733200
384,outfit.bb1024860d8f559e,1668013200
2088,outfit.abce86c0d08341ed96a999cb4425d840,1629738000
5314,outfit.4c8d6c10b08440fcb06d8893d705124b,1651856400
2329,outfit.138c6d460dc14dd4a223e9f2a484ad6d,1663779600
2329,outfit.25ff5e5ef4b541d79324a66515f1d89a,1663779600
1248,outfit.03162ec177a444ba847e97fe64db5ff9,1657558800
1248,outfit.07dcb037d0ed4eea9bf29230e6f2abec,1657558800
1248,outfit.1243dceca4be4ad99c5a651708f6d041,1657558800
3094,outfit.676f2b8ab3894ff293c0fbd62398bc05,1635872400
3533,outfit.3c0da42b00f94123aad9c641ff5073ad,1622739600
3533,outfit.4ca0964f8f604f42b71268c44e41db7d,1625158800
3533,outfit.8154323d7dae46d3b98fb5e85b96a41a,1625158800
1412,outfit.048fe7f87ee34a4095f2141bd51e3b80,1649264400
1382,outfit.eae8d66566254901a5401b8c38b4d608,1600794000
6604,outfit.ddd870ed06d64892af526d056b438894,1598202000
1784,outfit.1ef0bbcac4054678bea5622eec91880a,1625763600
6936,outfit.24204aa044c44df084bf383e731cc535,1632243600
266,outfit.bf8385f15d6d468880c5e654f7599cf1,1711645200
3291,outfit.9f58acfe6b554e4ca880e378aa7e8e56,1682614800
4834,outfit.030be8f1ab0549db86e542e2ad08a5b2,1651165200
5778,outfit.d3ca7df0bdfc41fa91877417e2eb8315,1647536400
1716,outfit.e7f85074d17849e8acb4fa1eaa62bcf0,1628182800
1716,outfit.5e119d066b62498491b2919f0453d803,1628182800
3227,outfit.900dd323358401b1,1640538000
2290,outfit.5242edab1a064713b3c92f329d51b514,1650992400
3385,outfit.9aa24eb08db9447da1e6f285b151b357,1642698000
932,outfit.ac93e6bc39c341dd9592de80ee57e522,1659200400
5342,outfit.5b99177128de4ffbbdf6b5255d411f15,1656608400
5224,outfit.70bfcd7059a248ba9b8337bad5ce56fa,1640883600
5314,outfit.d6789556754c4ce084d2fc7c354ae23d,1654534800
6786,outfit.3fb6cd2d1f454b85937d1540dcf212f0,1699117200
5645,outfit.7e3fe1b3b1dc45909d172224682a28f1,1634490000
1987,outfit.4e1793f5fd25419aa50f8373c40e5a0a,1636563600
4627,outfit.226376c162234c77ac8d2df07b262caa,1642870800
2364,outfit.a94fbc2c00c0d099,1640538000
2534,outfit.7ae84d76f8634068b358e5f723942fa0,1636650000
6380,outfit.394609460a3549928924f3a0dc5a6e3d,1700067600
6380,outfit.3984754756394c3e95ade4b2080508c6,1697389200
6380,outfit.b619b14568c94d46ac314ae0983703bd,1705338000
6380,outfit.90913fe41f7b45abb3ec29e857df6352,1700067600
6380,outfit.f102748bf7fe46a2a9a3eb170410b6bb,1702659600
6380,outfit.3c0e2b952c024f85b23f3db26403df81,1705338000
6380,outfit.1b3e2ad0256b4c839afe49dcfcd50b40,1708016400
6380,outfit.d0c649c31ecc49a18d0cf19d7270073c,1705338000
5694,outfit.c563800deaac4b8c93de7689b707c71c,1638291600
1840,outfit.2c789fb5fc554dbd8dd86e423e809ff4,1628096400
1840,outfit.a294399ed5bfba8f,1636045200
139,outfit.38572c7dec3b4460bf36ade1d517ce20,1660582800
6526,outfit.1f495bf827154439abaeefcbd92449bc,1657299600
6526,outfit.7ca0d67e06f7491f926b46e7fbdbd32c,1657299600
6526,outfit.ae922e922588454591edca7cabf0db48,1659978000
2759,outfit.f3067ef490224ffba4c9a8b16458c624,1638464400
2759,outfit.f853a75ce5624944895a17b2f615d138,1638464400
5224,outfit.70b441e6ee444f86a12921f85e5c2002,1661965200
5224,outfit.a4699b3b33b4d99c,1664557200
2364,outfit.6b8d0d5720af4e33af8dff7afe7b0ed3,1629997200
2364,outfit.8ad0bb9029424a069f82d58c44b0d7fa,1629997200
5617,outfit.be54589074780d08,1665939600
2076,outfit.ddb15f8dac0c4e03a7c88805a98cfcc8,1630429200
2076,outfit.d8cabdaf5af9426dad953821aefb0ba8,1630429200
6940,outfit.f102748bf7fe46a2a9a3eb170410b6bb,1683478800
5490,outfit.a824c0030f59545a,1667062800
6402,outfit.03929cbe49e34b99bdd077380cc8d731,1666198800
6402,outfit.880e71e3568b6812,1666198800
3624,outfit.a9cd4913d4d043c1803b8f7dec42d143,1664298000
3624,outfit.3c0da42b00f94123aad9c641ff5073ad,1664298000
3147,outfit.70b441e6ee444f86a12921f85e5c2002,1680800400
4979,outfit.2bb91a54c63d4f72a11a6ad7a00b35cf,1641142800
2675,outfit.8459e55ea3800598,1670691600
7110,outfit.9387d05b47f906c5,1695920400
6,outfit.97228689c245bc79,1642698000
6318,outfit.379ed2da3cb6428c9c9402855dfd61f8,1603126800
6318,outfit.d2affda3780840e8bab443abbd2e5478,1603126800
6318,outfit.337f6a0507d640eb8561d28d58cf2f65,1603126800
6965,outfit.ae3c94e801eb4aebb7c3714ec981521c,1611507600
6965,outfit.9fbe0c9462e44696a73f5ffa75215ec0,1611507600
7366,outfit.b0d5835cfb6f4f918690a79fd842e7a6,1666630800
904,outfit.987e9a7da88098db,1675616400
2217,outfit.87fb9fcfccd243e6b5ae92991f5c9d49,1601830800
6988,outfit.b5812826d5eb41f39aa282e64b91ebb6,1681837200
6988,outfit.57e0110f769d47ea863ebea78235fd23,1681837200
3669,outfit.3bf44cf3a9d8493eb057521c2f3e88e2,1695488400
6817,outfit.10702960934e47ca8b83d90cb167b470,1674406800
500,outfit.96520672b1fc4ebdb9bd3b431609192c,1649091600
500,outfit.21474001bd3e48a19da3a75c2f3819fa,1649091600
2619,outfit.f1a25e8f1def4f2fa805aefcbb91bb62,1706374800
2205,outfit.af879b315e9e04fc,1597597200
2205,outfit.81e52ba208d55e4d,1597597200
2205,outfit.7d273c5424a34a9cb3217beeed7070d4,1597597200
5760,outfit.3fb6cd2d1f454b85937d1540dcf212f0,1685898000
5760,outfit.cf321774b9de4035802e1829303fd3da,1685898000
6073,outfit.beb5bb1ab69c3993,1596733200
6073,outfit.031a15e68a354f8cbe8f65c45da3f231,1596733200
6073,outfit.f02905d4e5ac4f7e8d6e47288d92c154,1596733200
5118,outfit.b6596a2ff7a748f3b9a67ac54db28b96,1600621200
5118,outfit.7cc254ca61fd49189825e315d9507a3d,1600621200
5118,outfit.15cfb487c7524654901872cba89af2bc,1600621200
1586,outfit.cc03f27af19f42a483a2f03ad997279d,1700067600
675,outfit.13e5c6482ae340a696f30c156512408b,1641747600
572,outfit.e96d2e7204fb4c1ea24fe71b3f967e0c,1617901200
572,outfit.93d7a4479c7f446b80995278ada5874b,1617901200
1706,outfit.8bbfae6c08924fb2aafcf709665906a9,1652806800
2088,outfit.3261057a0eba46f687d41af05ddee170,1620752400
2088,outfit.945c07b5abe74714bf79b94a7b9a9383,1620752400
5100,outfit.866385e680f6475e8b2899e2bc30a1fe,1650128400
5100,outfit.5a7e3301a60341d0957331a181335cff,1650128400
1505,outfit.3ccefaac1825408c82d9980a3ea5964a,1649782800
1505,outfit.a7b955473f2248a8a818455cb08c9e79,1649782800
2040,outfit.43d27be4c064485697d6e4496f66576c,1606669200
2040,outfit.cafdca5ad56a4f6ea824cc20fab5b5ae,1606669200
2040,outfit.81c2ee9d12b442ecbad61d22061364f3,1606669200
2040,outfit.f1a25e8f1def4f2fa805aefcbb91bb62,1606669200
2040,outfit.34d7be74e161460bab8864520cacbfc6,1604250000
2040,outfit.ef9f1336091444cfb75dc29538ecbec9,1606669200
3192,outfit.62d7da11abfd412185d3323c4ea67939,1610902800
1386,outfit.ea4cdef4b083408eb9410d077f9c929b,1654362000
4318,outfit.817cf154a066e6e0,1649091600
4318,outfit.9739950a93f6aa90,1649091600
4318,outfit.f194f8a84147453cbd660e148942e1e6,1649091600
6734,outfit.67309f8f5e3b4376a7007b9046c6117d,1665334800
92,outfit.8a9297abf702469b88dcdb1ce6cd35bd,1712509200
92,outfit.aca18f7f7df3a642,1712509200
2617,outfit.25cf652454ab4f9fa1b636cbd555cfa6,1642611600
3147,outfit.a3546e9a63f72521,1680800400
5615,outfit.f14e9c44441c4a5ca2e109af309be3ce,1693674000
2759,outfit.abe970f711444589b6ce9e81bf35615d,1661446800
454,outfit.542f3e3ae20d42bea4c81a418f7adb7b,1651510800
454,outfit.30d1aee07a924c969deb23980fe0949b,1651510800
454,outfit.4b20b3ccd3cd41fe98d0225f47276e2c,1651510800
454,outfit.31c45f9a261b4631b76a98158841b8ff,1651510800
454,outfit.0654b5aaef694f20ace802009972a59e,1654189200
4960,outfit.989e3eb7e1be092f,1638896400
2519,outfit.b24fc57f02ac4e4c9061761ca18d9d3c,1600275600
2519,outfit.ed9017ac844a486fac95996bcc5b4b84,1605546000
5695,outfit.80820b9138cd4205885caaa0a65dd6a4,1617555600
5695,outfit.1c195032518b4aba942f6b4fb6ae4690,1614790800
6456,outfit.8046647faecd43129ae560e955ebc8e5,1689958800
6447,outfit.8302402a6e8e8e8c,1640192400
4589,outfit.b664277c6745400cacfd4ea7b2fb4ef9,1623949200
1248,outfit.0ed1568a6b6545e4932bee98c84aa544,1631466000
6601,outfit.e3beae7266754b369fb289ece8c757ba,1704387600
6601,outfit.76e513e7ba654a648bf90044a81b3926,1699117200
5593,outfit.8e0be7c7028e4b8f8a6f69a1f0192d2b,1643648400
5593,outfit.95736bee85ac4163ad8a60e8e6a0ddf5,1643648400
5593,outfit.ddb15f8dac0c4e03a7c88805a98cfcc8,1643648400
5593,outfit.b619b14568c94d46ac314ae0983703bd,1643648400
5593,outfit.bf5d4348f69b718f,1643648400
454,outfit.30d1aee07a924c969deb23980fe0949b,1680454800
502,outfit.bfad6e38299544e991b1c5f0d92073f6,1676739600
502,outfit.abe970f711444589b6ce9e81bf35615d,1674061200
4899,outfit.0b721ca6ffdd489d91fa63f960ca64ec,1605459600
4899,outfit.38ef91e51ef14bb19df9094a40bcb7f7,1605459600
4899,outfit.55e47b50f0dc4852a5784fffafa63488,1605459600
6118,outfit.a1b5b9335a89a082,1574960400
6118,outfit.5a7e3301a60341d0957331a181335cff,1573059600
6118,outfit.40a0759f9fee458ea303ea8d1ef61a74,1573059600
6118,outfit.35331fbfbbe04b9ca3dfc1535cf148fc,1574960400
6118,outfit.41aa40088a25428985b642adaf4e7d84,1573059600
4810,outfit.ab93c31e243d4d19b90ca72c4ae17e25,1685120400
272,outfit.09a274c103524f30bd8e3fcc3cbab7c1,1663174800
4149,outfit.2b9a47fa00e642a1ba23dae6a67ae88c,1620666000
4149,outfit.01601322d21a422fbc2db49c7866e264,1623344400
4149,outfit.57729471dc4a42fc8ebf94a2741b54ac,1623344400
4149,outfit.15c97a5fde81407f8cd5be88a178efdc,1620666000
1626,outfit.93d7a4479c7f446b80995278ada5874b,1643302800
5891,outfit.03d688ca88f84e89aeb31592d6394247,1630602000
5891,outfit.d4a659e844e64b399669fe54284c3595,1630602000
2573,outfit.993dfa12c54fc46f,1617642000
2573,outfit.837d79eeae2a466cab88d515bd1aa409,1617642000
1481,outfit.01601322d21a422fbc2db49c7866e264,1629046800
5379,outfit.3b49ff8bbdf2444a83abcdc0fbb45f01,1671123600
5379,outfit.f6eec8c3af9e43228f79ed7b49dd4633,1671123600
5224,outfit.682446def1c34a79890b62c1397c7afb,1688144400
3988,outfit.60dced53fd414aec99d569404f19c4ee,1605200400
3988,outfit.cc2a4ea6b82044d2804ee26e593fbc00,1605200400
3988,outfit.ccae6ec63d494a5eadd0d6b001597c42,1605200400
5760,outfit.afed6567427c2287,1720112400
1389,outfit.b671b224915f0b73,1661274000
1389,outfit.aef36c5a5f6fd4dc,1661274000
1589,outfit.140ebf984d2f4e80b9e23431c24fe75c,1687107600
3267,outfit.e2c4d90753314eddbdf3a836e28a0209,1611075600
3267,outfit.a8e7915eda974714aa57df8f38a87546,1611075600
3267,outfit.2f5f6f70329640ac99f0d10f72543e1a,1611075600
3267,outfit.3260a6894aef41329983b153a3c022ed,1611075600
3267,outfit.9186c9c2c5c44937968d8683b56c26ba,1611075600
1390,outfit.9e90ada207a84d58941638aa284a4827,1633021200
1390,outfit.837d79eeae2a466cab88d515bd1aa409,1633021200
3577,outfit.b9c0bbd563524653,1650042000
3577,outfit.5048c556741f4513ade4ab8607e5a46f,1650042000
4674,outfit.dcedf030b9134a08a8d3df3f4fdb07ea,1623085200
4674,outfit.6f6ace195ce44ccdbafbb72c1b4cde13,1623085200
5695,outfit.da7886916bfb4f4dae18d06d28aca900,1643648400
5695,outfit.a995ea509cd69726,1635699600
5695,outfit.7f6d08bebe2348729948104efde5179e,1635786000
5130,outfit.cb29aca3f7be4551b07a9d1b02957e02,1665162000
3312,outfit.3b756132543a45d4a94b9bebb0aaebfb,1599411600
3312,outfit.b25f7c6a65a2459c8819de57f27a2684,1599411600
3312,outfit.c8855506fa9d47308b87aa0fe5efe3ca,1599411600
3312,outfit.88a780cac1d40972,1599411600
3312,outfit.9d2ae3e74d7f4d9bbde82be334a3a21b,1599411600
5760,outfit.1b4027c5a27d4ac293ccb2377c38d408,1717520400
550,outfit.138c6d460dc14dd4a223e9f2a484ad6d,1703005200
4769,outfit.b4e582b38a10f6bf,1597856400
4769,outfit.cd92590952d54e1d8b3bec0bbecb901b,1597856400
4769,outfit.853997984302460e92bb9f8335ca5a0b,1600621200
4769,outfit.5060efd6a52d4f1bb2bf676285260b1a,1597856400
1386,outfit.801f1b35886e42f6907ec4709420c7e3,1709571600
3189,outfit.f062df328d7842e4bc5b0c41e309393b,1679590800
5929,outfit.203f5d33e7324d65a1d8175b3b910416,1634230800
1831,outfit.47ffcece5f244f9a9cf888f7f6d16e29,1702832400
6592,outfit.b80845e98ea3453d,1604422800
6592,outfit.a38b3b3e20364b78bfcf0bb1eadcc0e5,1604422800
6592,outfit.abce86c0d08341ed96a999cb4425d840,1604422800
6592,outfit.8060c53293c94422bf08bb0997ab9763,1606842000
6592,outfit.ae922e922588454591edca7cabf0db48,1606842000
6592,outfit.8ed6e4fedeb67e87,1604422800
6592,outfit.e947dbab69e64c5a85f1fe565b5f3a49,1604422800
2022,outfit.24d73455126347c3b71e4b1ebb1ed3fe,1670346000
2812,outfit.46fd30ba34534c96b133e88f257cb7e1,1614618000
5160,outfit.ef9f1336091444cfb75dc29538ecbec9,1648141200
1925,outfit.a647aca5ce17d71e,1675530000
1925,outfit.5b1de7457379489c8e57a3c22844550b,1675530000
55,outfit.a388427605b34a2ab0e19304e54facc6,1662397200
3094,outfit.ad412f59706c86b8,1598547600
5778,outfit.93fb65b596dc4d628b4812d30178a4dc,1684342800
4240,outfit.cf2fa10de8ea412186fd6dd1f658e3ff,1632330000
4240,outfit.9d470d5e4955bb54,1632330000
4240,outfit.e89fab0bbc574d6c89242ff808d537e6,1632416400
1705,outfit.924f4c42857340e68e7e874fcd5c6775,1688576400
4819,outfit.6c4dd0c71db040ae9ac85030d4403e3e,1638723600
4819,outfit.1ef0bbcac4054678bea5622eec91880a,1638723600
4819,outfit.e947dbab69e64c5a85f1fe565b5f3a49,1638723600
731,outfit.7d69ae2f5dc641bca0eed4b1dfc17ac8,1654707600
490,outfit.1c434db5b4cc42b8a656625c4d93fba4,1647018000
490,outfit.7395b78d10084aebb906f8f83bfd89cc,1647018000
1211,outfit.2684b038d1e64fa1814b56b51b834047,1593968400
1211,outfit.021142f5924f4280bd3948268d35db64,1593536400
1211,outfit.ab5cd68b34421ba3,1593536400
2799,outfit.1f8f1544736b40b99c3485150d68342b,1708966800
3749,outfit.4ee818d5bdbb409397fa9157da2e96b1,1635094800
3749,outfit.f557450bb9d14a10951367293b052595,1635094800
3103,outfit.98a0bb3110de7f3e,1619974800
4634,outfit.b4552786134645be908f6201f300cd1a,1655139600
4634,outfit.adeaa758e4b292c5,1665680400
4634,outfit.946ae92e21374e0d8935761e881bb94b,1665680400
4634,outfit.b3d31d76ede3d815,1660410000
1784,outfit.880e71e3568b6812,1650214800
6304,outfit.8a458a93e4cd4214a520074f16d5b9fa,1625418000
4656,outfit.b4e582b38a10f6bf,1699030800
2703,outfit.155567585a3c417fa6043924c2867d0e,1678899600
1967,outfit.f7826f04ea8643d3b68964a5ab27b0a2,1635354000
1967,outfit.706635d443e040d2a4ae9e6862a95961,1635354000
3123,outfit.f1e688d410884ee0940d861fb2f620ac,1647536400
3123,outfit.1e4a3ce9976a4d9a9061c167255f3875,1647536400
3040,outfit.229cc0c550f54fb3b3b937bab2abda35,1686502800
356,outfit.13e5c6482ae340a696f30c156512408b,1634749200
4853,outfit.3d5afa74c29d4879876d3e74dc75e0f8,1635354000
2869,outfit.b25a6a34cd1649f2a5eb69a01e11b21b,1675616400
3749,outfit.bd029e8ff7cc4341bf48b2afaa0d9946,1613926800
550,outfit.df81c6ba86ef4c3c8fd2976934eb4078,1703005200
2619,outfit.14727804dc6945f9baabcd76ad96a744,1693155600
1586,outfit.ed26f73fdcad4071a6efa9ea84e9de3c,1633885200
4696,outfit.8302402a6e8e8e8c,1646326800
4000,outfit.1d7da339dc6b48e68c801f5862573aad,1659546000
4000,outfit.c41b5bc7cfa0435abe71b09cfccc17ea,1659546000
1248,outfit.7bf81ddabaf04521afae88cc4b70ef8f,1612717200
1248,outfit.c93e99cc15dc4420994f40954bf9d8a8,1612717200
1248,outfit.466afa76adb144b7ad004be6382cfc54,1604250000
1193,outfit.a2ecd990912ca6bd,1624294800
1193,outfit.6df9fd60925949a5acdd17de4dd4e7a1,1624294800
6414,outfit.d71dd7d70f184d10b2bc26105f3283d2,1647795600
6414,outfit.d8909288c79b4df6b6547aa381d360f1,1647795600
6414,outfit.95a9732c69cb1e4c,1647795600
6414,outfit.b1adfc4204c602e5,1644858000
6414,outfit.b1006d213be64405940960dc44274caf,1635440400
5778,outfit.0ed1568a6b6545e4932bee98c84aa544,1652806800
5778,outfit.deb2675432704b1e8048f6f90c102a00,1660755600
5778,outfit.8b14ea3bf7bc40ee,1660755600
2148,outfit.292fc161ab8a48d59af997f56cce1cb4,1666285200
6955,outfit.17996f09f2a84c078a7b0bd718bcddd6,1624208400
606,outfit.2ea36f84cb12427686eed685f97f2a8f,1669395600
606,outfit.a1efdc0d88774773957da6e703852211,1669395600
606,outfit.a94fbc2c00c0d099,1669395600
2448,outfit.3f9b25249293481cac7469b68f545c7b,1661014800
6310,outfit.a38b3b3e20364b78bfcf0bb1eadcc0e5,1644858000
6310,outfit.2ea36f84cb12427686eed685f97f2a8f,1644166800
6310,outfit.2208707dcf134558b4d335f1e3534655,1641402000
3608,outfit.bb925d82b43cfc38,1609866000
3608,outfit.c8899e358d4846b5b5973cc0f9342aed,1607274000
3608,outfit.a01f2c0fa05d3f98,1609866000
3608,outfit.3f65ab1185ed4b06a4feab44d8fdc748,1607274000
3608,outfit.63bcf26d934447e1aa4d53214cef7d4f,1607274000
3608,outfit.ae9518aba2aff33b,1609866000
1700,outfit.82d7dcf690da4fc09bcf658816bccd3c,1713632400
1998,outfit.bb72f30cdb4246d1bc47ff8b17cf4162,1658077200
6965,outfit.dbe73a98b209457299a8c8591381e1e8,1639587600
6965,outfit.9fbe0c9462e44696a73f5ffa75215ec0,1634230800
6965,outfit.b4e582b38a10f6bf,1642093200
1706,outfit.1eb6accbfe2d4edd8358e67200384784,1635699600
1706,outfit.1b0e05e23cc047439c31fc35d0c34b55,1635699600
3227,outfit.aa76777d3b9d4073a342e2093e4ea1e2,1640538000
4638,outfit.da7886916bfb4f4dae18d06d28aca900,1622480400
4638,outfit.fd299060de4749de80ac2d77720217df,1622480400
3458,outfit.8fc193be35a546b987480b6cb5323beb,1647709200
490,outfit.d70247c33e4b42569675e32cc3727701,1652288400
490,outfit.25ff5e5ef4b541d79324a66515f1d89a,1652288400
4336,outfit.64a0e45c83dc4304becbf6218ac02fb8,1648573200
4336,outfit.32684b5443394c4a91606c9aab8d3cdb,1648573200
4336,outfit.7c8c2504d76d42f4a96766337d3dac03,1648573200
4336,outfit.e98a6e485b1941d98e43c0e74cc6885b,1648573200
4336,outfit.c09187a8a8334f118324a6c4de5f7a91,1648573200
2148,outfit.8e330b28328c4558a9523168b34d4d86,1692550800
825,outfit.0777834f7f1a4762a8c1ba09f2f4881d,1616950800
996,outfit.1b4027c5a27d4ac293ccb2377c38d408,1692032400
5760,outfit.afed6567427c2287,1717520400
4824,outfit.61a93a8506024e779db658f842e26625,1678035600
7371,outfit.372a132f8fe4463f8fdb8d7a8b3f5206,1653757200
7371,outfit.9b7e2e060c874d3287c4cee69860679a,1653757200
7371,outfit.bbd6ae88b44bfd29,1653757200
2649,outfit.e4eb7dca201f42c9b8fae01f44b42c91,1690909200
2687,outfit.b00287a1864d4493a72b295b43caf3f1,1667322000
3267,outfit.439ff276a34d4993ad9cf68d06c67d96,1677430800
6734,outfit.955f2239f0b38561,1630861200
6734,outfit.684bd4a2585d40f3aa2fc322e967d7a7,1630861200
6734,outfit.b36a2b4ce3d90e1b,1630861200
3094,outfit.c815d15af6ba46c580927f9bf81122f0,1708880400
4463,outfit.97071c364d1944db8c7ae6a9d768a51a,1700586000
3265,outfit.d948ea24ce8a484db5bd640400d50cce,1600362000
3265,outfit.e042570478134b1bb5b4be84c6a87e97,1596992400
3265,outfit.9c0b47f4d629c3f3,1596992400
6073,outfit.40d4710206044ca5924846d3ebd83d04,1592413200
6073,outfit.0cb49eb66428411e9ad19cd2235d22e1,1592413200
6073,outfit.a5bbbf5301db4e5b8b1e2532cfd23a24,1592413200
1680,outfit.5f20616059e84ab8b62eeb7f0a802e3a,1646758800
1680,outfit.981387ce664649c08f8c79dc4e8339d0,1646758800
1680,outfit.f557450bb9d14a10951367293b052595,1646758800
6372,outfit.535d7a56f1a44289b93c6bd46f656d8f,1617642000
6372,outfit.db03133911df4812b48f31358089632c,1617642000
6372,outfit.a5a7231c342d45cca35cf536be58d63e,1617642000
99,outfit.9c60137e95ac47c4b54413f4226d4206,1626195600
1585,outfit.f45e25a44bdd429991e9186db7fa64e5,1638118800
1706,outfit.2d872cbfe6434c0c9ec15ebfa518a6e7,1681750800
1706,outfit.b619ba973b4b49d79c89863737097ab3,1681750800
6526,outfit.f9a2dd8439ea48859a895ea99b8ae6c4,1667926800
6604,outfit.ed5a5a066ca647b6a9aaeb1ec8e7ee87,1595178000
6604,outfit.ce331a7cc22d4aaf82548e873c59e6cd,1595178000
6604,outfit.32a5ab2a3ec44d419b9be89ae37e0877,1595178000
6604,outfit.3037fa72ade7482e8c13863bc447c11c,1595178000
6604,outfit.206df08f735c415bbcaca8d70e762971,1595178000
1586,outfit.a8c3007784dfc486,1694797200
1586,outfit.989e3eb7e1be092f,1694797200
621,outfit.24f7bb6f025640bb9f3d5df253dbefb5,1610298000
6834,outfit.7d29eb8d2f0341b2a1c2eeb8c76416f4,1666890000
6834,outfit.04bac9c52e4f40ba95d8a044093fcbe6,1664298000
6834,outfit.c7a033c410694587805e5ba1ec63c1f6,1664298000
313,outfit.d363ee8631554dccb9ced5babed2ce6a,1683392400
606,outfit.5e96c1bc9f964af2b1a6e391db346131,1651078800
606,outfit.006b61bc5e404f37a41b85e6ae915723,1651078800
606,outfit.124195196333488e8ba4d195b96ecbdf,1651078800
747,outfit.388d5e71d8ca46a59067b8f07c7a0760,1644685200
4834,outfit.76e513e7ba654a648bf90044a81b3926,1638205200
6706,outfit.9e20be28268142a1a6a917fe7ae1b237,1609866000
6706,outfit.24204aa044c44df084bf383e731cc535,1609866000
6706,outfit.801f1b35886e42f6907ec4709420c7e3,1609866000
4725,outfit.bfad6e38299544e991b1c5f0d92073f6,1638982800
4725,outfit.9b1b854fc8a535ae,1638982800
4725,outfit.2d4ed8658aa045b29663902f1e0ce84a,1638982800
4017,outfit.8632cef7c2524f1ea8f213f5398eb754,1678294800
2766,outfit.dc7abe1bb20f423a8356cb4d089c56ff,1685638800
2766,outfit.82ec1db640c48b3f,1685638800
5695,outfit.28b064407198448db7149be19f0161f4,1604250000
4834,outfit.3c6978266dfb4b9793e2c730496089d1,1658682000
3533,outfit.88c3d13d70dc4e97bf5cb6557c7ce49e,1602522000
3533,outfit.5b219e65b35544769ae32989b15ff364,1602522000
3533,outfit.7d48fb77be2340e3be0de8ab4f9a97a3,1602522000
2121,outfit.9e371154c9be4c08b587ea8e5da833b3,1681491600
6879,outfit.c46affd5f8ee4749b1f8e7d4ff47f3ff,1607965200
6879,outfit.372a132f8fe4463f8fdb8d7a8b3f5206,1605200400
6879,outfit.74034e464b524fad81e47ac5df3f4aad,1605200400
3321,outfit.abd2e79be5f941a5aa407cc34ff63105,1652720400
4608,outfit.cb626f52e7bc499ca0df86382ce75683,1593536400
4608,outfit.6000d807dc2b49ef94692e5f07a171f3,1593536400
4608,outfit.17d46595c516434486f3d219a909a855,1593536400
4608,outfit.d933a0b2120d4102bcfe5f51886dc0e1,1593536400
6295,outfit.8e408fb4b2c64525966837c7789f2965,1650819600
6295,outfit.a2ecd990912ca6bd,1650819600
6371,outfit.41aa40088a25428985b642adaf4e7d84,1608051600
6371,outfit.d38e14c8ec254910be97725a7198f0fb,1603990800
6371,outfit.c2c7871b40df44969ba85dea0f927f42,1608051600
3291,outfit.9341a89b191cd49f,1706374800
4834,outfit.9b4637003c444b1d9c75e5eb5487d669,1653411600
1678,outfit.06ac471d39bf42989d65d70dc6e65967,1683046800
1925,outfit.5b1de7457379489c8e57a3c22844550b,1696438800
1735,outfit.853ff9245b124c84bb0973a6065e64de,1671210000
1969,outfit.5df05df81eb54ba999e64c211780b556,1685725200
1589,outfit.944efade730744e38b3b678dae890f98,1679158800
785,outfit.359ce2bd2e40491686ce3ebc4a13ead6,1659805200
6734,outfit.875635fa72e9a84a,1643907600
5161,outfit.1096c0a926c244b39b44ff523a6ad9e0,1637600400
6103,outfit.a1efdc0d88774773957da6e703852211,1715101200
2687,outfit.edf01c8ca8f64059a8afaf72b4ba5eb3,1646154000
1840,outfit.fbb003446d3c40a3879b475502a7e104,1636045200
3227,outfit.89954cb83fe420c2,1642957200
2833,outfit.70b441e6ee444f86a12921f85e5c2002,1625418000
3267,outfit.203f5d33e7324d65a1d8175b3b910416,1701018000
2102,outfit.e5b1f8e936164ba3a527f3f2ab5a413e,1623085200
2102,outfit.363a3d3fbf64484293b96404b1bdd504,1623085200
2102,outfit.2a06aba4942f46359361633e8c1e9e59,1623085200
3127,outfit.bff1e6d642824c8387d567c03f0b1d83,1636045200
3846,outfit.2901f306ff3a4e7e8288cc48ec400f5f,1615136400
3846,outfit.e011693fdb0a434b825e510e6e8fd9c2,1607274000
2703,outfit.67c7e051a163432eadc34be683ea3d44,1705338000
2703,outfit.6fa8bb1601aa44698177e99a24a52863,1702659600
6371,outfit.d38e14c8ec254910be97725a7198f0fb,1608051600
1809,outfit.97f20b8380c34615a30aed080071aa96,1681923600
1809,outfit.57e0110f769d47ea863ebea78235fd23,1687194000
7082,outfit.22ff5d532d24420891c0292df8da84dd,1699894800
4185,outfit.d720fa6c17bf4c688054cbda17336d6c,1682874000
7181,outfit.b619ba973b4b49d79c89863737097ab3,1695747600
7181,outfit.4c41406859e04bc7b29036c62ea1b7df,1690390800
7181,outfit.b619ba973b4b49d79c89863737097ab3,1695747600
7181,outfit.eb3fd90e14dd49d2844a6dfc41d36f40,1690390800
7181,outfit.947023ca62c57b96,1690390800
2250,outfit.8afbb76916e14187b0bc9aaabbc2bd24,1692637200
1684,outfit.925c69db26f6bbae,1626627600
2219,outfit.9288ff153f8d405e89ce6b6cfd08171c,1654362000
3749,outfit.bdf0b714576b2118,1624208400
3749,outfit.4c41406859e04bc7b29036c62ea1b7df,1621530000
6875,outfit.466afa76adb144b7ad004be6382cfc54,1701795600
6875,outfit.e3f24e663eb84a2b9b20cde76be3b04e,1701795600
4463,outfit.67c7e051a163432eadc34be683ea3d44,1697907600
846,outfit.1d0adb4c93e04425ae2f85e9efc54905,1606669200
2085,outfit.8afbb76916e14187b0bc9aaabbc2bd24,1664125200
5645,outfit.d7f1bc7197b6469db1b9c4faf4071cb7,1669568400
1684,outfit.dad7a49a6dd54b0797b841af3ffaad7f,1674147600
454,outfit.fc14b8a036fa4ac196b9160b9b1fe0d2,1672678800
4209,outfit.14727804dc6945f9baabcd76ad96a744,1637082000
4209,outfit.fd709e5fcf3c44569fcc59edf75d4193,1637082000
6051,outfit.cf321774b9de4035802e1829303fd3da,1690909200
1626,outfit.55d914792ebf4d18808eb0bd3ec70bb3,1663261200
1626,outfit.760624a41d5f48e5a2f749acd6f4568b,1660582800
1626,outfit.6fa8bb1601aa44698177e99a24a52863,1663261200
1626,outfit.202c5658aee14e4180cd074aa81842a1,1660582800
746,outfit.dcf9da47ee4e4bd994d4faa2aaadb321,1571936400
757,outfit.6c86cf3af9714425906495712ee3e311,1654621200
3017,outfit.7d29eb8d2f0341b2a1c2eeb8c76416f4,1633366800
3017,outfit.654e48473404490fbb74d6a48db9ce9b,1631552400
3017,outfit.7cc6bd8e645a41d2837976a0d09e3ca9,1633366800
5760,outfit.2846db8e50bc49a7a1b5f37be769f364,1662310800
3713,outfit.acfe80b3cdca48e69c5daa36f4755fdd,1601485200
3713,outfit.b7cc6c38b121a845,1601485200
1684,outfit.944185e8eec8066a,1641402000
1201,outfit.b9c0bbd563524653,1636909200
1201,outfit.bb1024860d8f559e,1636909200
4725,outfit.892c3befd668414cabc0bda22c3f48ff,1636390800
4725,outfit.6b027f465816489f83945f85bd6f1c17,1636390800
2681,outfit.6b8d0d5720af4e33af8dff7afe7b0ed3,1634576400
2681,outfit.aec255abd8714065996db11cc150f061,1635786000
2681,outfit.dcf9da47ee4e4bd994d4faa2aaadb321,1634576400
2131,outfit.8ccfe9b6e0b0473b95bc91b156139d89,1650042000
1138,outfit.d7a7b1a15fe04fd886b31c47431ebcb6,1678986000
4640,outfit.03d688ca88f84e89aeb31592d6394247,1619974800
3510,outfit.29d4c138b56e4579898dbb7f47f6cafc,1679936400
55,outfit.4024086987064c41b6bd30c6871358ac,1649178000
55,outfit.b36a2b4ce3d90e1b,1649178000
1706,outfit.374273ffb79943b7be144ceb14529592,1630342800
5615,outfit.34b2a2a9779a47f0a1aff663fe8d1c86,1698944400
5344,outfit.066124b928d44087851ad9a0fe809510,1648746000
5318,outfit.936eb041616341df8280dfaf0198cb02,1692205200
5318,outfit.936eb041616341df8280dfaf0198cb02,1694883600
5318,outfit.756079160a3e402d87df01062ec3b941,1692205200
4384,outfit.8b2bcd93f2f8004f,1634576400
4384,outfit.359ce2bd2e40491686ce3ebc4a13ead6,1637168400
3320,outfit.9e90f563acb38233,1694192400
416,outfit.de20bfe0e31a4a33b8f0a25e9d93f97e,1694019600
1684,outfit.57e0110f769d47ea863ebea78235fd23,1692464400
675,outfit.1e33dfb5c66847f29088ba6717b10f75,1672592400
7026,outfit.b0a5d80451942bf5,1626368400
7026,outfit.03929cbe49e34b99bdd077380cc8d731,1618506000
7026,outfit.3a5aeafe771d488f84bc18af5db17114,1623776400
7026,outfit.3dac69d72aed4d1ca4fc6bcff6b7cd4f,1623776400
7026,outfit.853997984302460e92bb9f8335ca5a0b,1623776400
86,outfit.3e47b084ad704fb5b25b38809fae38a7,1639933200
6557,outfit.bbd6ae88b44bfd29,1697475600
6557,outfit.03929cbe49e34b99bdd077380cc8d731,1697475600
3267,outfit.8ed6ba09f55049c59f9462e07cc30bb8,1645376400
3267,outfit.03d688ca88f84e89aeb31592d6394247,1647795600
2675,outfit.13341577ef954838a87bf016b1501ebb,1676048400
6592,outfit.a647aca5ce17d71e,1609866000
6319,outfit.3a5aeafe771d488f84bc18af5db17114,1659632400
2687,outfit.ee0dfdf3b9a349b591e78712514e2f5b,1704128400
6163,outfit.0d0727d0c03f453495eaa85dc17d382d,1696093200
1497,outfit.29cd53ddb5014076a20efe315a26a144,1639674000
2383,outfit.229cc0c550f54fb3b3b937bab2abda35,1645376400
2383,outfit.92101abfe02e418f8bc033846dc6d1c8,1647795600
2383,outfit.29d4c138b56e4579898dbb7f47f6cafc,1651770000
2383,outfit.a743bd93e1a86501,1645376400
293,outfit.066124b928d44087851ad9a0fe809510,1572973200
293,outfit.e172da755f4248f4af3241dd47efae12,1572973200
3749,outfit.3dce88ceca134c02b8b9abfd791825d1,1693242000
4810,outfit.819bf34ba04d4748b9232e1df3bf9c8e,1658854800
5914,outfit.6ca970d4e98f47e085d82952693a215f,1591894800
1770,outfit.760587419305432581b1c2dd2d29e27f,1673888400
3320,outfit.8023680619aa366a,1680973200
3320,outfit.e2b3417940d44a5a8202c0a7b39604e1,1680973200
2812,outfit.4431d4e34e6a4c0fba43aa50395893f7,1676912400
2812,outfit.34b2a2a9779a47f0a1aff663fe8d1c86,1671555600
2812,outfit.257570a5166f43fba7f231ab1e0e2d11,1674234000
2812,outfit.40d4710206044ca5924846d3ebd83d04,1674234000
3684,outfit.89ce51a125971793,1703869200
3227,outfit.d71dd7d70f184d10b2bc26105f3283d2,1653498000
3227,outfit.03d688ca88f84e89aeb31592d6394247,1656176400
4404,outfit.f0362cb6059c40938c0945eca21b572e,1623258000
4404,outfit.5e119d066b62498491b2919f0453d803,1623258000
4193,outfit.2a1a34d38ac64414b5d7878a719984e9,1652634000
4193,outfit.388d5e71d8ca46a59067b8f07c7a0760,1652634000
6663,outfit.8cab85b45b23bfec,1648746000
3192,outfit.234ce093695f4773aba7287620cee9ca,1642352400
3192,outfit.234ce093695f4773aba7287620cee9ca,1647450000
2759,outfit.bb72f30cdb4246d1bc47ff8b17cf4162,1653498000
6907,outfit.93826cc51216dcd0,1709658000
4073,outfit.fe07e41596d841c6943aa7819488c565,1670518800
416,outfit.96cb494dcb47696b,1646586000
416,outfit.947023ca62c57b96,1649264400
416,outfit.70bfcd7059a248ba9b8337bad5ce56fa,1649264400
3308,outfit.978ae36482bb4c1bb32f8a6524cfdb76,1669136400
5887,outfit.8745fe6f294d4f41,1653584400
5887,outfit.d720fa6c17bf4c688054cbda17336d6c,1648314000
5887,outfit.8273c17c394043b8affdf5c04ee019ed,1645894800
5887,outfit.8ad0bb9029424a069f82d58c44b0d7fa,1648314000
6380,outfit.951c39634b6a4626,1631811600
6380,outfit.9dc1abebc456d310,1631811600
6380,outfit.05a3c99a55404dc8984fde902ccaad18,1639328400
6380,outfit.fb060da6c30143fd9735e8fd364910e0,1636650000
6380,outfit.8a9297abf702469b88dcdb1ce6cd35bd,1636650000
6380,outfit.ad848f726cd93e66,1636650000
6380,outfit.e5503fe6f5f243fc90c526bcdb75c942,1634576400
6380,outfit.ada6bb8993e7a05e,1639328400
6380,outfit.aeab8a7eca6601f1,1631811600
6380,outfit.63e5bdaff1b343328fbe6a01b518c546,1639328400
6380,outfit.97071c364d1944db8c7ae6a9d768a51a,1639328400
6380,outfit.a94fbc2c00c0d099,1634576400
6380,outfit.e2b66b5d631840f2902ce6125a60b9fe,1634576400
6380,outfit.f4a2cebc0a544c9abc6305e9bd33b9c6,1636650000
2492,outfit.a3d27b283d42172d,1682182800
2492,outfit.b619ba973b4b49d79c89863737097ab3,1679504400
2217,outfit.48dec5565f454acf903fe1ce1f41a39e,1599152400
2217,outfit.9a5981fd3a144502ac388d59fcd55fd6,1599152400
2217,outfit.9178d6f714280d40,1599152400
621,outfit.a8fae88d2b7640e2b28161d301fc5e08,1615395600
621,outfit.1096c0a926c244b39b44ff523a6ad9e0,1612976400
621,outfit.b5812826d5eb41f39aa282e64b91ebb6,1615395600
606,outfit.4c96620b5f444f05adcd28bcfd3861d5,1645981200
5246,outfit.4ca0964f8f604f42b71268c44e41db7d,1685034000
4452,outfit.c52099f0269e4b6ebd66b79d3cca1d01,1607014800
5059,outfit.e9e6ef522291496dacaad16160c8a8f2,1641834000
6354,outfit.b7ebd99d748b28d0,1664038800
6177,outfit.81e7d3487b0e4c3b80aa064790d9992a,1635181200
6177,outfit.648db79508724c99ab948e953e4813a7,1635181200
2448,outfit.d4498e3094f048d8808f056832637685,1658336400
2340,outfit.be670e741ed74f9597a28f8bb3e5e537,1624208400
3441,outfit.0ff0d877678e4755b088d1c5d09bee11,1677517200
3441,outfit.23596174e2b1478385adda8f5f48416f,1680022800
1784,outfit.92423563b1ab408ea4e1137abf9774d6,1641747600
2831,outfit.925b3a37354592ef,1656262800
6907,outfit.93826cc51216dcd0,1704474000
1207,outfit.118f15046d0b45d48929bb91df474761,1632762000
6696,outfit.676f2b8ab3894ff293c0fbd62398bc05,1640538000
6696,outfit.df04bf46dbd54868a63d2db542a5fa3d,1629046800
6696,outfit.3261057a0eba46f687d41af05ddee170,1629046800
6696,outfit.8cab85b45b23bfec,1629046800
6696,outfit.b8b6253b118140448c36fb7b55fdce90,1629046800
6051,outfit.cd218662a26c4c29b372ed1563cf0ced,1690909200
3385,outfit.2327c16896b343989de61510ab6f3c40,1637514000
3028,outfit.1dd897589a5148198aea6c403d613063,1666026000
4040,outfit.17753fa2c9914d659fe5432c2a06f1fa,1654880400
1998,outfit.a3d25f31c9758d32,1673974800
5100,outfit.1ef0bbcac4054678bea5622eec91880a,1713286800
5100,outfit.8fda8ef6cb62ebcc,1713286800
4824,outfit.ac52d51d1863129e,1678035600
3321,outfit.ea6e2ed1ee964a7aa263a287d6d5663b,1655398800
5932,outfit.f82bfbc5af1c4997956e63f92ea51907,1647018000
5932,outfit.23596174e2b1478385adda8f5f48416f,1647018000
5932,outfit.3b32e75fb8984ec9ad5d8ccb79999327,1647018000
7060,outfit.767c953e45b8447eb7ff8d44dd5b65e1,1622653200
7060,outfit.63bcf26d934447e1aa4d53214cef7d4f,1622653200
6818,outfit.bfab4c36b939b526,1612890000
2148,outfit.bb925d82b43cfc38,1668963600
4656,outfit.a2820311cb51576b,1714755600
3227,outfit.8b14ea3bf7bc40ee,1635181200
5645,outfit.b5db150f4740b356,1679936400
7411,outfit.ce53377b121b4648abc0a3c97e58bff1,1700326800
2457,outfit.38ef91e51ef14bb19df9094a40bcb7f7,1653843600
2457,outfit.f8be16c68a624ee7bf9a5120adb0cbcc,1653843600
2516,outfit.801f1b35886e42f6907ec4709420c7e3,1653584400
3924,outfit.a34cdcaefffe44c89674b55f96a03950,1664470800
4608,outfit.164ec220792945e99be76a1f7291a9b8,1702486800
3320,outfit.e6d04857b6e54eecbd905c7e8093c960,1667926800
4404,outfit.980eb1c72e1e71f6,1713027600
4404,outfit.2204df2016c84afd873a1d7e09f6ec75,1715619600
4404,outfit.b8b6253b118140448c36fb7b55fdce90,1707843600
3320,outfit.cc03f27af19f42a483a2f03ad997279d,1675875600
3320,outfit.2d4ed8658aa045b29663902f1e0ce84a,1673197200
414,outfit.a8544eb2962547d1bb80da530b4c377a,1703264400
2846,outfit.98aa99e47dee4f019d8b2620a9745f98,1637600400
6429,outfit.8459e55ea3800598,1700067600
3094,outfit.a4699b3b33b4d99c,1632157200
1586,outfit.99495169e3ffdfa4,1626195600
1447,outfit.d52f6e55c56a4d6ea952522543d06fbf,1659373200
6129,outfit.13ed9e9168f247308641b61eb258a756,1629651600
1138,outfit.6a8a9e4b00374d0e953550820b496573,1684256400
86,outfit.db6e87de63f347a0af3ecbf3b7463a55,1634662800
86,outfit.9abd359ee8d44269ab15d6cbfcd8eb81,1634662800
1706,outfit.b49e6f1cc73f48f9a6329311214ee57f,1676653200
1083,outfit.b5db150f4740b356,1637773200
3189,outfit.706635d443e040d2a4ae9e6862a95961,1658595600
86,outfit.b42337853cae4f66a2e7640b6845d2e5,1653325200
1706,outfit.bdd5835c2df56005,1652806800
1706,outfit.bcee8c80b45d64f9,1652806800
1382,outfit.5bf05f8589804ae290c997e60400cb6c,1657818000
4149,outfit.c37712eb6be74a56958a7ccf2b21637c,1610298000
4149,outfit.a5b02d479256493ea45ba0405d9c6587,1612976400
4149,outfit.15cfb487c7524654901872cba89af2bc,1612976400
761,outfit.e9e6ef522291496dacaad16160c8a8f2,1629046800
675,outfit.02cbb0ff0c1348ce9fb9906805fb9049,1654102800
4463,outfit.1bf5c2c096dc490f8e8efd7d09e6769c,1687366800
1389,outfit.5e96c1bc9f964af2b1a6e391db346131,1663952400
446,outfit.196ad12873534afcbec5bc12e921798d,1597770000
446,outfit.4b4220f875c140e1b2e455317cf84184,1597597200
446,outfit.aaca17b77fdc4a90b2f1a20631dd0dd4,1597597200
446,outfit.46fd30ba34534c96b133e88f257cb7e1,1597597200
5031,outfit.1ff1200dca844ecd8ac042bd3363b7c5,1686502800
733,outfit.3dac69d72aed4d1ca4fc6bcff6b7cd4f,1705338000
4289,outfit.595a88f3986340b9b7ee163cbe32c85d,1674061200
4289,outfit.53bf6ed2516f473a87497e8170d4c8e1,1671382800
4289,outfit.4c96620b5f444f05adcd28bcfd3861d5,1674061200
2217,outfit.34d7be74e161460bab8864520cacbfc6,1610038800
2217,outfit.b75adc485cbf45ef936114c4337a7a9c,1610038800
6734,outfit.92396971987c812b,1628096400
6734,outfit.cd218662a26c4c29b372ed1563cf0ced,1628096400
5398,outfit.d26a681dbdd54f448ef373de80e065d6,1620925200
5661,outfit.cb29aca3f7be4551b07a9d1b02957e02,1715101200
6858,outfit.22c917473fe54dcb9b969d99a35ee10e,1699981200
1444,outfit.9b1b854fc8a535ae,1667322000
1444,outfit.2846db8e50bc49a7a1b5f37be769f364,1669914000
6907,outfit.81e52ba208d55e4d,1675616400
4981,outfit.0765434fe76e4502aa76dbde3720d25d,1644512400
4981,outfit.505dbed58d2a45bc9bd72774be4f5c47,1646931600
4981,outfit.6f038b817a5a4220a8dea6bbc464c4a2,1646931600
3320,outfit.2ab1a79e73cd419fb4479cea44e12c84,1699462800
5303,outfit.9685cc11be684ed39ab8edac1e9a822b,1715878800
4218,outfit.337cc518c38b4bc18d879987d91b073c,1648227600
6988,outfit.992bf5adcd39d953,1713459600
7367,outfit.fa20f4d239044e7a922e27c5b5fd9f4f,1672678800
6885,outfit.9a5a00800acbac31,1602608400
6885,outfit.16c67c6789f94fb8a10de95277e1a321,1602608400
6885,outfit.36654cc2920c42b7a8c294cf349544fe,1602608400
2799,outfit.13e5c6482ae340a696f30c156512408b,1687798800
5059,outfit.a4a8f76f18ed4907ba632600bd676db4,1645376400
5059,outfit.91fb3dd15c894aae8d2718882dfb927a,1645376400
6177,outfit.b8edf89f3a5949949ae1188cd3283d6f,1647622800
5490,outfit.caee00d04a954a69a3cca9e02cf67440,1706374800
1261,outfit.b1ddecd27b94476d833c0ea2c2bb6d3a,1691514000
6940,outfit.7a9ac6aae6de40d4b1a260d95de95988,1657213200
6940,outfit.b04f116bc3224f22a8f17d62934fe2cd,1657213200
7244,outfit.b0a5d80451942bf5,1615136400
7244,outfit.caee00d04a954a69a3cca9e02cf67440,1615136400
7244,outfit.96cb494dcb47696b,1615136400
5812,outfit.656d8c9767e2417d8fad467465515b5d,1615827600
5812,outfit.d8909288c79b4df6b6547aa381d360f1,1605459600
5812,outfit.a8544eb2962547d1bb80da530b4c377a,1613408400
5812,outfit.505dbed58d2a45bc9bd72774be4f5c47,1613408400
6081,outfit.1072872925cb416299b831528deb0b33,1598979600
6081,outfit.2c789fb5fc554dbd8dd86e423e809ff4,1598979600
6081,outfit.140ebf984d2f4e80b9e23431c24fe75c,1598979600
6592,outfit.990ee8715a4320f0,1656694800
6592,outfit.bcd7efc3918cf15b,1656694800
7089,outfit.9ff74f4f2a2f4454a7a629777cff27a6,1630602000
2516,outfit.e0a3899c698544c4bf205f2a6eae496c,1650992400
4769,outfit.688665113d8c4d13bae1db16e822454c,1602176400
4769,outfit.bbdd99b53f925ae3,1608224400
996,outfit.8745fe6f294d4f41,1657818000
3312,outfit.fa20f4d239044e7a922e27c5b5fd9f4f,1636650000
3312,outfit.0a2e52320225494eb85a5488ff0dafd7,1636650000
2920,outfit.4d15ca1915cf4639a9029a016640f7da,1630602000
2920,outfit.4d4e09b9b0e543a3ba29014099787eb9,1630602000
785,outfit.880e57b54f5e4f44b0b2e6ced12e8905,1597597200
785,outfit.52b8cb4f39194f9c88906c99bb9d8dc3,1597597200
785,outfit.23dc66edd5004b3ea86fd2fb1ac9cb1f,1597597200
4258,outfit.3261057a0eba46f687d41af05ddee170,1665594000
4258,outfit.a7b57360602144b4838b5384b7fde769,1670864400
1784,outfit.0fdacd78ea72476d9688afaa61fc5c42,1684342800
7209,outfit.82d7dcf690da4fc09bcf658816bccd3c,1638291600
7209,outfit.7d5e7df1d7e44528bca8d9859759042d,1636995600
7209,outfit.63e5bdaff1b343328fbe6a01b518c546,1632157200
7209,outfit.38572c7dec3b4460bf36ade1d517ce20,1643562000
7209,outfit.adb851b71e828162,1632157200
7209,outfit.ef37915fe2f546378750595366833b79,1632157200
4463,outfit.2766e5ad48a2427a898f60aaacf85622,1705856400
1980,outfit.993dfa12c54fc46f,1660410000
1336,outfit.bf5d4348f69b718f,1705856400
1336,outfit.dc7abe1bb20f423a8356cb4d089c56ff,1705856400
4193,outfit.978ae36482bb4c1bb32f8a6524cfdb76,1694192400
3291,outfit.b3c827a7bc271120,1608483600
5843,outfit.1cda37cc756345aeb22ccfc54fef10a4,1636477200
5843,outfit.6fa8bb1601aa44698177e99a24a52863,1639069200
5843,outfit.e6bbfedb420c40059c5a6515c0f94dfd,1639069200
5843,outfit.31661e90877148d9bbe3846f087063f7,1639069200
5843,outfit.6dea8453a7dd4701830624eeea14bf9b,1639069200
5379,outfit.790f5da62cbc479694f4df750c3a76c7,1639674000
4464,outfit.bae42664f07a447e,1692378000
6310,outfit.2a307327642c41fda6f4f1b9d8a8080a,1644166800
733,outfit.2208707dcf134558b4d335f1e3534655,1692118800
6429,outfit.7bf81ddabaf04521afae88cc4b70ef8f,1652634000
3094,outfit.c815d15af6ba46c580927f9bf81122f0,1648659600
4464,outfit.379ed2da3cb6428c9c9402855dfd61f8,1681837200
6318,outfit.ec43e546a9d543ee8c15c07cb70608a9,1615914000
6318,outfit.bdc81580030648a48acd9e91046c3d44,1615914000
6318,outfit.662df044b9174634a35cc35c39bd1d16,1615914000
1481,outfit.e2ac14f5ba454e0eaf3e7c0f926c65ee,1626282000
1481,outfit.f32718341e9443d8a36121a8913ff304,1626282000
2649,outfit.645253cbcd81420fac17364b8f66426a,1719853200
4107,outfit.150dfea353754793b615998907ebffc6,1608224400
5929,outfit.b7e42c6a4cc546d3936a1fc797a1b4ef,1639501200
3017,outfit.ef9f4ad754194793ab95e6c30f5606ae,1633366800
3017,outfit.f0362cb6059c40938c0945eca21b572e,1633366800
3017,outfit.33af134887eb422baed2c7207f9cd5bc,1633626000
490,outfit.d002aedf1e0d4058aaa82dabbbd74c52,1634144400
490,outfit.97228689c245bc79,1634144400
3147,outfit.d7e3f493b73c45c785ac6887d20f4069,1651856400
3147,outfit.b2e035a8cce61dcb,1644166800
3147,outfit.32722b47b465460e91c775e73609e78b,1646586000
3320,outfit.5b607271e3ee467bb4188f977c0336b8,1680973200
1923,outfit.260d02e82bbd415bbe1e18918e98e0b6,1698253200
1248,outfit.d4498e3094f048d8808f056832637685,1668186000
1248,outfit.ee40e812ed554b87a45637339c72cbd6,1668186000
1626,outfit.17753fa2c9914d659fe5432c2a06f1fa,1678899600
1626,outfit.0533ed8c59ce4cf29172f502a3a93a91,1678899600
1626,outfit.b3d31d76ede3d815,1678899600
5615,outfit.207232e414dd46e5b7352becfd9e53e5,1714669200
6361,outfit.8273c17c394043b8affdf5c04ee019ed,1698771600
5837,outfit.9936eee8f01a25d8,1617728400
7048,outfit.1cac5f6638f140a3bcd41d5c1cf4bdc5,1628528400
7048,outfit.2a307327642c41fda6f4f1b9d8a8080a,1637514000
7048,outfit.bc490bc7db204af498825badd2d59285,1634662800
3094,outfit.3261b5e6c4574ee9aacde7740fde9f7c,1664125200
3094,outfit.ed0bda9223004815822e8eaff7b7688f,1664125200
2170,outfit.e837786453834dce89358fa547d891c2,1637254800
3441,outfit.55aa098dd93644fe961d0137a79adbea,1682701200
2131,outfit.ee0dfdf3b9a349b591e78712514e2f5b,1629306000
4696,outfit.611ba8f831e449f0a5bf0dfcc78e35a6,1662483600
414,outfit.32b52e42d8e844199bf05c4739bedf16,1703264400
4998,outfit.cf1d104fc65c4fd987d195e2a58e588a,1681923600
5734,outfit.b1eeff303fb44f10a6c2ac36c0136514,1644771600
550,outfit.94f471a5d48f3464,1674147600
6936,outfit.af3cb94171784fff803b50e9a99cd890,1661446800
7101,outfit.cc30aac83a794a269779fc0b2984abba,1613926800
7101,outfit.abe970f711444589b6ce9e81bf35615d,1613926800
3320,outfit.be1e83bfcede6836,1680973200
2148,outfit.17753fa2c9914d659fe5432c2a06f1fa,1703091600
2148,outfit.f1a25e8f1def4f2fa805aefcbb91bb62,1700499600
6526,outfit.be3e7c4ec5718d36,1707411600
5734,outfit.0ed1568a6b6545e4932bee98c84aa544,1644771600
3175,outfit.34bd3ce2dd644974b9e945a8d91d8bca,1678208400
3175,outfit.3e2f71bc50a94158b8a7280408951627,1678208400
2716,outfit.10702960934e47ca8b83d90cb167b470,1612285200
2716,outfit.ced7a70fdb8c4168ad6b7264244de2e0,1612285200
761,outfit.74034e464b524fad81e47ac5df3f4aad,1630602000
4107,outfit.0149e9cdd92241a7a8c73a98eb397928,1634576400
2762,outfit.e18310c477cb4fa38cd9ba31e9997c4f,1646758800
3458,outfit.4238aa017620494dbe0724f9b8f8f702,1652979600
2576,outfit.d81ef5af6f7b43358348ff1113aeb904,1661187600
2703,outfit.359ce2bd2e40491686ce3ebc4a13ead6,1694797200
1809,outfit.4a4c3e2895e2437b8cda83c27064abba,1666198800
1809,outfit.359ce2bd2e40491686ce3ebc4a13ead6,1671469200
4452,outfit.35331fbfbbe04b9ca3dfc1535cf148fc,1592758800
4452,outfit.db5c1c953153428ca001e10600e8bb42,1592758800
4452,outfit.ac3e4eefb550471989769e1e4d1683d1,1596387600
4452,outfit.9a276668aa20ef1b,1592758800
4452,outfit.bdf0b714576b2118,1592758800
746,outfit.d52f6e55c56a4d6ea952522543d06fbf,1691600400
3935,outfit.1c78096241a04da2bb89cb692f3953b0,1656349200
1173,outfit.3ccefaac1825408c82d9980a3ea5964a,1682269200
1515,outfit.8cbb77c85f07443e9c2e6687e4131a45,1671642000
5694,outfit.cc03f27af19f42a483a2f03ad997279d,1634662800
5694,outfit.b28a4882faf73d65,1634144400
5694,outfit.8a9297abf702469b88dcdb1ce6cd35bd,1641488400
5694,outfit.981387ce664649c08f8c79dc4e8339d0,1634144400
2920,outfit.35331fbfbbe04b9ca3dfc1535cf148fc,1638464400
2920,outfit.0a5a3a2e1ff34f1792e1f2dad95cbc2b,1638464400
2920,outfit.d8909288c79b4df6b6547aa381d360f1,1638464400
6319,outfit.875635fa72e9a84a,1631206800
3320,outfit.f465c31c406c4fc69448ba6a62d76ea6,1678294800
7376,outfit.b1ddecd27b94476d833c0ea2c2bb6d3a,1626800400
5059,outfit.7eb16fe1e199414bbb7f88d71fe7cb56,1636563600
1998,outfit.9dc1abebc456d310,1650214800
4185,outfit.a841b2acdc119218,1677603600
6347,outfit.7b4f2169219844b0841ffb1a8c602ee2,1644512400
6051,outfit.50968c211b5941648f6519e289b84da7,1675270800
6907,outfit.5235ff1f43e94601b30e4f25d6abcb39,1630429200
6911,outfit.99495169e3ffdfa4,1662829200
5805,outfit.ac93e6bc39c341dd9592de80ee57e522,1674579600
1881,outfit.b619ba973b4b49d79c89863737097ab3,1703523600
6118,outfit.3261b5e6c4574ee9aacde7740fde9f7c,1573491600
6932,outfit.e3f24e663eb84a2b9b20cde76be3b04e,1615309200
6932,outfit.043a430a63b34151a6489d2863ea11aa,1615309200
6932,outfit.f4608a1f01534d818dd6424ed99428cd,1615309200
5738,outfit.268878c3e3e24d98bbc6e9770e2eb44c,1676826000
5398,outfit.944185e8eec8066a,1620925200
7150,outfit.1a265d0988ad4e86966114062e4ca547,1620666000
7150,outfit.b232dfc2ba4bd49f,1620666000
7150,outfit.8afbb76916e14187b0bc9aaabbc2bd24,1620666000
7150,outfit.03a5ffb8c27947de936564061de3d046,1620666000
2250,outfit.13db1499701e46f5b6e98d5e6d34267a,1674320400
4877,outfit.bb8aa151e5f63d31,1597597200
4877,outfit.ad515b47cf3fb1a2,1597597200
4877,outfit.4a42bebcc6534e8697fd6f7656839c29,1597597200
7244,outfit.60dced53fd414aec99d569404f19c4ee,1599411600
7244,outfit.af4c1536e8d62d77,1599411600
7244,outfit.fe07e41596d841c6943aa7819488c565,1599411600
6911,outfit.d1404a07cbda4bf68dd8d57cb0e32207,1704906000
4608,outfit.d751f378f5214d2e941994a9ecc4b046,1625590800
6781,outfit.c22e4fbbfc23437a9f32d1ae2455223f,1626022800
2363,outfit.71cb13dfda4d475b9fcb509ecd701ce1,1652547600
606,outfit.4431d4e34e6a4c0fba43aa50395893f7,1698253200
7376,outfit.edf01c8ca8f64059a8afaf72b4ba5eb3,1621357200
2052,outfit.16f24c4eb69a48f1a34117fc6c0a691f,1639501200
6786,outfit.a8c3007784dfc486,1693846800
1336,outfit.81dcc2ec22f24b248f5499b887dd22e0,1695315600
4769,outfit.a1e7bca1ce3791d6,1610902800
2131,outfit.dcedf030b9134a08a8d3df3f4fdb07ea,1639674000
2131,outfit.ee5f9c358ba84da3be552135a8185673,1639674000
2649,outfit.476b7bf9f9a74be3ae1a2152fee9fc3b,1711990800
2649,outfit.b33b5cbbea204ab79a1060c3a17546b3,1711990800
2649,outfit.0197563e06d44a0086f2cbe146a7ff7b,1701450000
3477,outfit.bbd6ae88b44bfd29,1574614800
3572,outfit.374273ffb79943b7be144ceb14529592,1607274000
3572,outfit.106726e45449496989051f9f0ff73af0,1607274000
3572,outfit.c71e9a58962a404b9d6c8df867b4b392,1607274000
4810,outfit.256b152a25b44f3386d247011bacca56,1658854800
1735,outfit.170d553601c744e393427a92c0cf58b3,1627232400
6737,outfit.55e47b50f0dc4852a5784fffafa63488,1656608400
6303,outfit.b59ff04becb14446b4785b12e9ddf16f,1688144400
3028,outfit.92f2e542b76f7d6d,1715878800
3459,outfit.4c41406859e04bc7b29036c62ea1b7df,1606755600
6907,outfit.5235ff1f43e94601b30e4f25d6abcb39,1630429200
4461,outfit.cd734667a90745b3a826957b1dc343ac,1638464400
4461,outfit.22c011b90cf34e56a9613321cd35514b,1638464400
4461,outfit.af7384d7b857af65,1638464400
1705,outfit.92f2e542b76f7d6d,1680714000
6318,outfit.4448e1b8445d4f75803151b3794492b6,1597856400
6318,outfit.bff1e6d642824c8387d567c03f0b1d83,1597856400
6318,outfit.bb72f30cdb4246d1bc47ff8b17cf4162,1597856400
2833,outfit.d77ef34608454debb3c7b18a03877004,1653670800
2833,outfit.c1e2e74fb2d84e07bec3185521fbea5b,1653670800
2833,outfit.c56b02923f6c4bdda50d3b93b48ce291,1653670800
4638,outfit.a1bd30435ab14461af069cf262f1e1eb,1660237200
462,outfit.1072872925cb416299b831528deb0b33,1621875600
462,outfit.7395b78d10084aebb906f8f83bfd89cc,1621875600
4258,outfit.c7be4c2774424a498f63ebe6ea4b5933,1649782800
2168,outfit.9a0283b3b9e34e39a0038cb7b7044c75,1661619600
887,outfit.d933a0b2120d4102bcfe5f51886dc0e1,1635699600
3192,outfit.30c41f57e4a1445ca8256fd6ccbc8356,1605459600
3192,outfit.df1d0f1d24dc4629b4769b6a3dc89b43,1605459600
3192,outfit.0630ef7d996d4c489b4e54e85bd09e5a,1605459600
3192,outfit.124195196333488e8ba4d195b96ecbdf,1605459600
1735,outfit.64096b7f0ef1430d9871e92fc198f693,1689526800
3577,outfit.9e28084ee8e94a1d8afe4abe643fa8d5,1612717200
3577,outfit.33775c3acbcf408aadc5a2436d0750ec,1612717200
6642,outfit.e6d04857b6e54eecbd905c7e8093c960,1612285200
6642,outfit.767ecbf6b9bb4969ad78de1a78dbf039,1612285200
5914,outfit.1096c0a926c244b39b44ff523a6ad9e0,1595178000
747,outfit.3c0da42b00f94123aad9c641ff5073ad,1644685200
747,outfit.4fa890c8bbf54547a3cacaa898e5b7d5,1644685200
4073,outfit.dd62d98a9d3e40659b5438f7388d8e01,1646758800
2085,outfit.8428c700eb194931835b34f2860d3432,1685034000
2085,outfit.39c98e12ea9942a0a2c98c6297aabfbf,1685034000
2219,outfit.e169ea04d96140928a856fbab4821a60,1662310800
2219,outfit.f60a93dd961d4856a6d40e366ef90717,1662310800
4564,outfit.3261b5e6c4574ee9aacde7740fde9f7c,1645030800
4696,outfit.ed0bda9223004815822e8eaff7b7688f,1654534800
6663,outfit.b227d2e4685f4a56a13c4e43023021ec,1688144400
3749,outfit.deb2675432704b1e8048f6f90c102a00,1652288400
5615,outfit.d39ea6485a024bb2a6529ce15d2739d7,1712077200
1684,outfit.9ed854d660862b8f,1628182800
3988,outfit.7f12d0cbd88d440f84b259599e625b69,1613926800
3988,outfit.df1d0f1d24dc4629b4769b6a3dc89b43,1613926800
3988,outfit.8fc193be35a546b987480b6cb5323beb,1613926800
6284,outfit.c8c5d18e8365419eba926afed7344dd7,1593018000
6284,outfit.82ca4f1985ca4966ac81db79cc5a5bc1,1593018000
7050,outfit.9783b2f3f00040848624b655abd30cfa,1638464400
3147,outfit.43e73eedf7134d04afd27ea87948ce03,1633021200
4463,outfit.b5db150f4740b356,1652029200
4463,outfit.359ce2bd2e40491686ce3ebc4a13ead6,1652029200
5318,outfit.1b11be15702b4c59ba76f79ed71df7ce,1660669200
5303,outfit.e0f170b8b51f4ae4a7e00047b9ea8d79,1715878800
4452,outfit.95b998c29f9af2fd,1604854800
4452,outfit.7bf81ddabaf04521afae88cc4b70ef8f,1604854800
4452,outfit.bf8385f15d6d468880c5e654f7599cf1,1604854800
4960,outfit.4295344ef7464599b0e1698740582792,1702054800
6456,outfit.22b16afebcf749d08ab2a83d88406516,1692637200
1354,outfit.9ce064a4d8b5b825,1707152400
7128,outfit.478c7aaed8f8413d9618e508ddd7d59b,1648486800
2085,outfit.5a0e04a9018a4904990fc85f1c8cd1ce,1666717200
2085,outfit.9a5a00800acbac31,1666630800
5430,outfit.dd62d98a9d3e40659b5438f7388d8e01,1615395600
5430,outfit.4b2a9c705f844b229cb293ba66c8ddf5,1615395600
490,outfit.ad412f59706c86b8,1694451600
4193,outfit.947023ca62c57b96,1683565200
1412,outfit.1096c0a926c244b39b44ff523a6ad9e0,1617728400
6429,outfit.cd92590952d54e1d8b3bec0bbecb901b,1671123600
416,outfit.9e50c4cb7e564151b3494f501b7d893d,1596387600
1248,outfit.b2e035a8cce61dcb,1601830800
1706,outfit.efbeb50344e54028b243698b3dd1b700,1652806800
4000,outfit.929220a63bf843f99474bc2644fcb53d,1693760400
572,outfit.be837201dbe28113,1699722000
4404,outfit.7cc254ca61fd49189825e315d9507a3d,1644771600
4404,outfit.e6abf593ad3949cd8a2b345ed4249ff6,1644771600
606,outfit.dcf9da47ee4e4bd994d4faa2aaadb321,1635267600
606,outfit.9cd6c1a82e884a77b55b6113de55fea7,1643302800
606,outfit.b1adfc4204c602e5,1638118800
606,outfit.c2d33a741bd14b39b33c7fbae31d3c31,1635267600
606,outfit.32bbe20e948d4839b63aa0f4b540b466,1643302800
606,outfit.72b64826af9f427e9b51b108ff3d5ba2,1635267600
1374,outfit.efcc5df981d74216b2cc1ba8c476db79,1609866000
1626,outfit.5048c556741f4513ade4ab8607e5a46f,1718470800
4522,outfit.bf8385f15d6d468880c5e654f7599cf1,1694365200
2168,outfit.78392fa87e224d719c89da109d9e263f,1661619600
1942,outfit.37f5db61da1b4fb0a50472c1ddc442a4,1632416400
3896,outfit.48082d4340244e8ca2ff66aae39dc114,1688144400
3896,outfit.5e119d066b62498491b2919f0453d803,1688144400
568,outfit.9b7e2e060c874d3287c4cee69860679a,1626109200
568,outfit.4b5c2be520b045e490ca17fcb9d87b90,1626109200
568,outfit.142a3686d9ec47afb71932e592f45a92,1626109200
568,outfit.9a32f8a3fb1d4a8b8089a102068ef9bc,1626109200
2205,outfit.8a1cf5ac88bb4b80930feda22d5dcc49,1685552400
996,outfit.ca56ec7bf3fa49ed9f8a1a3dbba4b31c,1689354000
6786,outfit.cdca688f6a2b48c598ce6c5459088301,1649091600
7118,outfit.1a05e7ef43cb440c93d0ef93fd430a32,1691946000
454,outfit.a50024ea71e6453c9c09d6d65d21a5ea,1719939600
1773,outfit.4c96620b5f444f05adcd28bcfd3861d5,1693933200
2089,outfit.1939ac235e8f48398419c34020295399,1618506000
3727,outfit.b768912b0eaf45f19918f8ef07d1bd1b,1623603600
3727,outfit.c09187a8a8334f118324a6c4de5f7a91,1623603600
7110,outfit.7ee7542297f944ecb49f4fe5b44728f7,1703782800
2248,outfit.61a93a8506024e779db658f842e26625,1695402000
5169,outfit.d6789556754c4ce084d2fc7c354ae23d,1653930000
5169,outfit.f89a59931cff4d4b8e63dd23cecd0e2d,1653930000
5760,outfit.1642071c303e44a19ce63dfbbf8384bd,1662310800
6129,outfit.0e79f46fd9f344bdb7c714ffce9e98aa,1643648400
1922,outfit.5b99177128de4ffbbdf6b5255d411f15,1638291600
1922,outfit.d81ef5af6f7b43358348ff1113aeb904,1638291600
6036,outfit.d04fbe1240ef405c867fb813b5aa8779,1645722000
1412,outfit.a7b955473f2248a8a818455cb08c9e79,1652288400
996,outfit.c52099f0269e4b6ebd66b79d3cca1d01,1638896400
2812,outfit.d8f20c3b2cae42b29b56f2b61cb6e715,1617901200
2812,outfit.4cbda361e12e4d65a5fb502dfd38076a,1617901200
1706,outfit.900dd323358401b1,1641142800
1706,outfit.97ec221c84bcfbe3,1638291600
6447,outfit.9b7577b41e374c5d8debce0abc0466de,1635094800
3988,outfit.1096c0a926c244b39b44ff523a6ad9e0,1602435600
3988,outfit.b0a5d80451942bf5,1602435600
3988,outfit.ade5433e25b54fbbb66a54f8fe113132,1602435600
55,outfit.e64440c76c164f76b87f4719745f3b68,1633021200
3533,outfit.99495169e3ffdfa4,1614877200
6642,outfit.43226226462b46ef9545ea320348ff21,1617555600
6642,outfit.c51bd8f0c3464297b89ffa73328c3275,1619974800
2170,outfit.bd9dca3a7c0d808c,1608483600
2170,outfit.8ccfe9b6e0b0473b95bc91b156139d89,1613926800
2170,outfit.ded9a0e26ca846ba86ae2eb4f12fe831,1611162000
2170,outfit.e3f24e663eb84a2b9b20cde76be3b04e,1606064400
2170,outfit.91a30aff3ad0422ea63780d69b21adc8,1613926800
2170,outfit.e3f24e663eb84a2b9b20cde76be3b04e,1608483600
2170,outfit.4f4a70076bf4450a8fce9db3d214b234,1606064400
2170,outfit.e837786453834dce89358fa547d891c2,1611162000
2170,outfit.03f24a5a208f481eab99f81ff4742928,1608483600
2170,outfit.8459e55ea3800598,1606064400
2170,outfit.eae8d66566254901a5401b8c38b4d608,1613926800
4834,outfit.67251d32508649cf8e2cb7d79817796e,1640710800
731,outfit.11c8bc7fcf3145f29a1b9be52483b41a,1619370000
3727,outfit.944185e8eec8066a,1660410000
3727,outfit.3339007e20b94181807f9570766cde62,1660410000
3320,outfit.2ab1a79e73cd419fb4479cea44e12c84,1694192400
3769,outfit.56e3cc906a444a569d6b057189a361bf,1694797200
5760,outfit.defda56477d1496dacd7a61e447be9c4,1654362000
2799,outfit.98a0bb3110de7f3e,1690390800
6907,outfit.a3546e9a63f72521,1635699600
1354,outfit.d7f1bc7197b6469db1b9c4faf4071cb7,1691254800
1354,outfit.0e79f46fd9f344bdb7c714ffce9e98aa,1696525200
2273,outfit.a8e7915eda974714aa57df8f38a87546,1668704400
2273,outfit.ef9f1336091444cfb75dc29538ecbec9,1671296400
3848,outfit.e89fab0bbc574d6c89242ff808d537e6,1624554000
3848,outfit.021142f5924f4280bd3948268d35db64,1624554000
4769,outfit.76443d6db496494dbb26ac275ecbdb3b,1610902800
572,outfit.da552355bfd04649a987a3881b99d09c,1670778000
5100,outfit.978a2705fa024cc6986b47b035e78ff8,1671210000
454,outfit.ddf9204937fc40069fe13a0c546e1df9,1685725200
454,outfit.806a7fef96ec97e0,1688317200
3094,outfit.549dd7bf94d4442abfd053dc32ee54cc,1600966800
3094,outfit.af4a7934c1e143efa7ff6dae227cc416,1600966800
2519,outfit.915272dd8393bc1d,1595782800
2519,outfit.cd734667a90745b3a826957b1dc343ac,1595782800
2519,outfit.827b99b7b40a655e,1595782800
2519,outfit.7f6d08bebe2348729948104efde5179e,1595782800
2519,outfit.43e73eedf7134d04afd27ea87948ce03,1595782800
5309,outfit.b8edf89f3a5949949ae1188cd3283d6f,1658250000
1840,outfit.95b998c29f9af2fd,1664470800
6932,outfit.0fdacd78ea72476d9688afaa61fc5c42,1610902800
996,outfit.85b4a99c5e6af89d,1699981200
5879,outfit.30e588a3fe8b4d879b3c647fde936843,1628096400
996,outfit.7f44b4762bda4246a1aa7cd533047141,1668445200
3227,outfit.8b14ea3bf7bc40ee,1644944400
1327,outfit.524627d9e5544cb8ab8c738c64a440c4,1615482000
1327,outfit.d89c1051a315434d90b87a3ea5aa1ea3,1615482000
2364,outfit.aa160ca041de17bb,1607360400
2364,outfit.f23993293d944d1b9bf173ca5be1a409,1607360400
2364,outfit.bb0b2a2f58aa9f0b,1607360400
2364,outfit.9bb6cde5e7d143db8e60793ec409d58b,1607360400
6284,outfit.ad859eefb9c84ef29b7fb8bfb046ba48,1639328400
6284,outfit.95736bee85ac4163ad8a60e8e6a0ddf5,1639328400
3071,outfit.ceb25ee97e894d46869ca3eb799d48e0,1637859600
1354,outfit.4ca0964f8f604f42b71268c44e41db7d,1691254800
5169,outfit.0ed1568a6b6545e4932bee98c84aa544,1659200400
5169,outfit.44c8e590e1df4f6ab23cf81b9ed39374,1659200400
4674,outfit.09d700689d8a4f6e8f20edfcfb890bc0,1615309200
4258,outfit.a4699b3b33b4d99c,1647104400
1248,outfit.3230795e6aed435ab96c8fcf5e56fd08,1652288400
7185,outfit.bbd662557126462f84e4912812fc1be0,1602781200
7185,outfit.deb2675432704b1e8048f6f90c102a00,1602781200
7185,outfit.f82bfbc5af1c4997956e63f92ea51907,1602781200
4608,outfit.1a05e7ef43cb440c93d0ef93fd430a32,1655139600
1706,outfit.b8a404e6aad069ba,1646067600
3320,outfit.9b8cb306a9fd4315bbda3cd2b056e36a,1699462800
996,outfit.1260ac1718974152b1294c75e13aae88,1684083600
5224,outfit.81e52ba208d55e4d,1647795600
2130,outfit.171c86f3627845c08df08a82deb2241f,1618765200
2130,outfit.9df47f2be7324ffa9fe6cd184656a7ed,1618765200
2130,outfit.176a117b3644491bb4ad187c4c5a0067,1618765200
5224,outfit.c35c73041785478d8b7bff3ba75797eb,1636477200
5285,outfit.d6706746bcd74c05883df24d4b775e0e,1691254800
5778,outfit.8cbb77c85f07443e9c2e6687e4131a45,1681750800
1586,outfit.f8e95f5fd1b641a4823ea3c6010e19cb,1681578000
6781,outfit.2846db8e50bc49a7a1b5f37be769f364,1634144400
948,outfit.d1d9c6d189744cd29dbf2a778da4c399,1712077200
3227,outfit.ccf811c5b8f847758b9d79c74514890f,1682442000
6907,outfit.b82c3360fbcd411683eb135b6450e7fd,1633021200
5615,outfit.9617c0965077556e,1696266000
1172,outfit.173b6b1204df4f128bcbdd843d91351e,1651942800
490,outfit.b09e135ba34c46daaf3a5495dcec6e83,1590512400
490,outfit.95075e1ddb3d49a9a3fc51653c1e0421,1590512400
490,outfit.af3cb94171784fff803b50e9a99cd890,1590512400
6519,outfit.3b49ff8bbdf2444a83abcdc0fbb45f01,1635440400
6519,outfit.9c19cb240c0c06d1,1635440400
6885,outfit.ad062450831242c091c3cfc78407df6d,1687021200
7342,outfit.d3739869edc74a0a855e399f5b75a567,1655830800
582,outfit.82ca4f1985ca4966ac81db79cc5a5bc1,1619974800
313,outfit.e7180235b62040eb9afeab19f74c5a73,1683392400
6988,outfit.a9f2bcb6885fe60a,1705597200
6988,outfit.7351b9594dfe43e68810cd2359952ee3,1702918800
6988,outfit.8609dd7995e147efbdf631d515d34bed,1705597200
4674,outfit.173befabe7a14130b0e646ca4152150c,1610298000
4674,outfit.62f1b6fba2104c1296481b7f8bc074dd,1615222800
1336,outfit.767c953e45b8447eb7ff8d44dd5b65e1,1692637200
1559,outfit.98d6cf4fef49ec24,1701104400
5805,outfit.4d87f217c19241cf9a4feb9d75638e1a,1641747600
2383,outfit.e3beae7266754b369fb289ece8c757ba,1659718800
6907,outfit.f1ed4ff2e21a436997e35b1c918c304b,1654448400
6907,outfit.24c32dd0323c4873949167fe0d1db421,1654448400
7411,outfit.9373e29ec69b488d9cbb22abfaed3b0d,1628701200
7411,outfit.ba1df248f1cd432a8bb58292b7b31e7b,1625763600
6118,outfit.a81022a3c0064b83a78615ebb9ffd109,1570467600
6118,outfit.9d97d017a5c747ac89d59efab886369a,1570467600
6118,outfit.90a6743a8ffb95ab,1570467600
6118,outfit.90f7caee60bf4dbf8f731e83d2560155,1570467600
6118,outfit.4559b1568f5e436a85bf9c65ae525888,1570467600
6118,outfit.722b9f354d8f4b2c80c5e60d35cfc833,1570467600
6118,outfit.cdcd1bdbc00e4a1cb9b80f7f5bbddd49,1570986000
1248,outfit.466afa76adb144b7ad004be6382cfc54,1638723600
1248,outfit.bf5d4348f69b718f,1638723600
902,outfit.d3972ad336174608b061e6224cb1fad4,1669050000
5342,outfit.9341a89b191cd49f,1648746000
2170,outfit.eae8d66566254901a5401b8c38b4d608,1650906000
4884,outfit.d363ee8631554dccb9ced5babed2ce6a,1670691600
5236,outfit.62b7b6c55aa84d89a8bc7b99173f571e,1670086800
757,outfit.4dd6b2524e5b4379baa90d5f3f80280a,1651597200
1980,outfit.6b8d0d5720af4e33af8dff7afe7b0ed3,1641488400
1980,outfit.be3e7c4ec5718d36,1641488400
3094,outfit.2a4ac5ffa2a44630a5295e135713963f,1603990800
3094,outfit.92db973be0926d3f,1603990800
6781,outfit.9c255f602b1e4455a79e0fe0cee938c1,1623603600
2273,outfit.da7886916bfb4f4dae18d06d28aca900,1639069200
454,outfit.5dbcbf03f1ec4ad280e3b90b688f0dc3,1680454800
1522,outfit.0777834f7f1a4762a8c1ba09f2f4881d,1595955600
1522,outfit.abd7e59260904f73ba0937d81996a9f2,1595955600
767,outfit.511e82e05a794357a718e90238e7fcf9,1598202000
767,outfit.853ff9245b124c84bb0973a6065e64de,1598202000
767,outfit.ae76eb7ed4c948258ccec12a6e024562,1598202000
6361,outfit.65489efb22d947a8865099ddde5b790d,1701363600
7411,outfit.3fb6cd2d1f454b85937d1540dcf212f0,1601398800
7411,outfit.8f6c3fbd7db0400caaf95a95ab29a97d,1606669200
7411,outfit.9373e29ec69b488d9cbb22abfaed3b0d,1601398800
4710,outfit.1c434db5b4cc42b8a656625c4d93fba4,1695056400
454,outfit.68d7e3b9e8be4f07b3b200682d7dc456,1664730000
7026,outfit.2195858f2ed34268bfd5e45eb4ae50d7,1608051600
7026,outfit.fbc8b0687de1468c9a8517d5568431d9,1608051600
4884,outfit.abe970f711444589b6ce9e81bf35615d,1668099600
4884,outfit.48dec5565f454acf903fe1ce1f41a39e,1668099600
1684,outfit.86a3e5e23b984060,1621357200
1390,outfit.15cfb487c7524654901872cba89af2bc,1630256400
5330,outfit.d52f6e55c56a4d6ea952522543d06fbf,1686589200
2168,outfit.10702960934e47ca8b83d90cb167b470,1672160400
675,outfit.da552355bfd04649a987a3881b99d09c,1635354000
675,outfit.6ef37d8d2ee744229ed6350d8a94f308,1635354000
1678,outfit.7a9ac6aae6de40d4b1a260d95de95988,1680454800
1678,outfit.f11efd8c7b064175b4997b1ab65b5458,1680454800
1678,outfit.cf2fa10de8ea412186fd6dd1f658e3ff,1680454800
1626,outfit.388d5e71d8ca46a59067b8f07c7a0760,1700067600
1626,outfit.97228689c245bc79,1700067600
1626,outfit.80333429732852d4,1702659600
3308,outfit.eb104cb68a534166899c4cce84b0fa55,1636909200
2500,outfit.d60c7801271e488d88f0f13a0b28e6b6,1692637200
2500,outfit.3eae986d05314414abe4ab66b1f1d94c,1682096400
4667,outfit.83b1e08b46bf0031,1614099600
1684,outfit.99d3c1ea30367e62,1660928400
4674,outfit.03929cbe49e34b99bdd077380cc8d731,1706202000
262,outfit.80333429732852d4,1643043600
5430,outfit.97ec221c84bcfbe3,1618160400
5430,outfit.2846db8e50bc49a7a1b5f37be769f364,1618160400
2649,outfit.94fee721c94da3bd,1698858000
6885,outfit.a50024ea71e6453c9c09d6d65d21a5ea,1692291600
2759,outfit.df13ea56a17d4fad9fca92caa307b02c,1666717200
1706,outfit.2d872cbfe6434c0c9ec15ebfa518a6e7,1643648400
2856,outfit.688665113d8c4d13bae1db16e822454c,1647622800
2856,outfit.6f6ace195ce44ccdbafbb72c1b4cde13,1655571600
2856,outfit.82ec1db640c48b3f,1652893200
3028,outfit.afcfeb5d7cda41318a080365f05c9075,1702746000
5734,outfit.3b49ff8bbdf2444a83abcdc0fbb45f01,1644771600
5734,outfit.80333429732852d4,1644771600
5734,outfit.a02f335a26704f80a01232079d662ff4,1644771600
2766,outfit.c0dd5faf2a294aa09fd7a39dc7a313bd,1693587600
5531,outfit.791a43c3cf2e44168c27ff90db96f1e8,1651856400
5531,outfit.75fd35081c884af28940d854e0a8c67f,1651856400
572,outfit.ed26f73fdcad4071a6efa9ea84e9de3c,1652288400
2364,outfit.deb2675432704b1e8048f6f90c102a00,1675702800
6526,outfit.ac5bdf39908e44dabf5536871716d1c9,1704733200
3357,outfit.f82bfbc5af1c4997956e63f92ea51907,1703091600
446,outfit.6f809ac4449f4502a6eee8832eabcb60,1594832400
446,outfit.6d6fe6b3b2514ecc8c47947292874f90,1594832400
446,outfit.85244edf68884b9fa35758fe33b84612,1594832400
416,outfit.616a99bd148443a6a54acbf0e8105c28,1701882000
7089,outfit.229f2207dc1e4409af99504f061ca0e7,1619542800
7089,outfit.14727804dc6945f9baabcd76ad96a744,1619542800
7114,outfit.ee0dfdf3b9a349b591e78712514e2f5b,1660496400
7114,outfit.79a40865291e442bb6473767b615d4d9,1657818000
3227,outfit.b42337853cae4f66a2e7640b6845d2e5,1635181200
3192,outfit.44c8e590e1df4f6ab23cf81b9ed39374,1661360400
5694,outfit.203f5d33e7324d65a1d8175b3b910416,1697216400
5694,outfit.203f5d33e7324d65a1d8175b3b910416,1699894800
5694,outfit.99cc91aeda7eb778,1697216400
3308,outfit.a9a4918501579729,1666458000
4884,outfit.9e28084ee8e94a1d8afe4abe643fa8d5,1710090000
675,outfit.43226226462b46ef9545ea320348ff21,1598547600
675,outfit.cac6eca6151b4f61b63157301f0cb229,1598547600
675,outfit.8feb7001275554c8,1609866000
675,outfit.8f18f5ec1142ff1f,1598547600
675,outfit.260d02e82bbd415bbe1e18918e98e0b6,1598547600
675,outfit.f82bfbc5af1c4997956e63f92ea51907,1598547600
4834,outfit.63bcf26d934447e1aa4d53214cef7d4f,1669309200
5344,outfit.74013b892b4a4f75979af28137c31558,1659286800
5344,outfit.893fa92eb13185cf,1654016400
5344,outfit.b9c0bbd563524653,1656608400
5344,outfit.006b61bc5e404f37a41b85e6ae915723,1654016400
5344,outfit.3261057a0eba46f687d41af05ddee170,1651338000
6911,outfit.cf8979c845a44aa79fb194f54383b150,1689008400
5330,outfit.d24b8b64d37f4ea29ccc8aeb0c1bbb2f,1657645200
130,outfit.b904e3fe74844f418cea3fce0928a5d4,1659632400
2952,outfit.92101abfe02e418f8bc033846dc6d1c8,1646067600
2485,outfit.866385e680f6475e8b2899e2bc30a1fe,1693587600
3267,outfit.981387ce664649c08f8c79dc4e8339d0,1609866000
3267,outfit.03d688ca88f84e89aeb31592d6394247,1613926800
3267,outfit.f102748bf7fe46a2a9a3eb170410b6bb,1609866000
3267,outfit.37dfcefd9016441b96537a6b3de58e29,1605805200
7041,outfit.5eaea43d8e34424a95efef2f14b54092,1634835600
2085,outfit.1eb6accbfe2d4edd8358e67200384784,1661446800
2085,outfit.f8e95f5fd1b641a4823ea3c6010e19cb,1671987600
2085,outfit.03d688ca88f84e89aeb31592d6394247,1669395600
1354,outfit.6f6ace195ce44ccdbafbb72c1b4cde13,1688576400
7114,outfit.202c5658aee14e4180cd074aa81842a1,1652547600
6663,outfit.b227d2e4685f4a56a13c4e43023021ec,1682874000
1248,outfit.50a8ff8407894fcb9048249c78732fc4,1618160400
6601,outfit.fd709e5fcf3c44569fcc59edf75d4193,1701709200
6601,outfit.5405ab692b354a69a104048dda3366e7,1699117200
1348,outfit.2327c16896b343989de61510ab6f3c40,1645722000
4725,outfit.bcc71d0caf95dc33,1687885200
4725,outfit.55135c282c3849ac8b06f82861870970,1687885200
6817,outfit.7a9ac6aae6de40d4b1a260d95de95988,1655917200
5459,outfit.3bc2c4bc9f78482ca5451922ffd57bdb,1695574800
3846,outfit.b7cc6c38b121a845,1617642000
3846,outfit.648704eeb8f143c2ac81079d01853223,1617642000
3846,outfit.cea86926af844ee3b8855186595be918,1625418000
3846,outfit.b7e42c6a4cc546d3936a1fc797a1b4ef,1625418000
3846,outfit.f8e95f5fd1b641a4823ea3c6010e19cb,1625418000
5891,outfit.e5fd898057d54a5f8373fd8381b33a1b,1636995600
5891,outfit.b6f7a925d774425ba1129f197694197b,1636995600
3878,outfit.f8ec4121473f4e418d2f999fd0745d44,1605805200
4819,outfit.38ef91e51ef14bb19df9094a40bcb7f7,1636304400
4674,outfit.138c6d460dc14dd4a223e9f2a484ad6d,1643130000
2492,outfit.95a9732c69cb1e4c,1687453200
2492,outfit.8f4c967492cd42a6a0afec84b3500e93,1684774800
2492,outfit.f8e95f5fd1b641a4823ea3c6010e19cb,1687453200
496,outfit.4c8d6c10b08440fcb06d8893d705124b,1673283600
6284,outfit.ed1c7d5f505b4c17984be48f40177beb,1594746000
6284,outfit.0b544c65a87645459ce9844f749e178f,1594746000
6284,outfit.bcdac85da8684442b3963150def81453,1594746000
6284,outfit.ae7389834f0c49c49b2ef43ff9cc1be9,1594746000
1327,outfit.8cddb9b88c984068a92d14c539dd24e6,1627491600
1327,outfit.d363ee8631554dccb9ced5babed2ce6a,1620666000
1327,outfit.4ee818d5bdbb409397fa9157da2e96b1,1624899600
2052,outfit.a0594bcbfc4f4fe2996f6a4f899d99bd,1705683600
5695,outfit.3198fe26341b4c90a66c073221c08323,1654448400
2131,outfit.83b1e08b46bf0031,1632416400
6372,outfit.7f256b54c8ab4dbda7cb6cbc915c4ed7,1615136400
6372,outfit.2eb01f9b5c004ab18987fa709ca7d9cb,1615136400
1032,outfit.9f58acfe6b554e4ca880e378aa7e8e56,1641834000
1032,outfit.915272dd8393bc1d,1649005200
1032,outfit.58e553ab746b44d98763f86d0ceeac9f,1638896400
1032,outfit.e9a6c652ea8d42dc8752d70dce0c57c6,1638896400
1032,outfit.5c6bcfee583b4d7aa6fa807279637d59,1646586000
3956,outfit.06464642967c4d9fa0f8267dfd3d80c0,1688490000
272,outfit.d52f6e55c56a4d6ea952522543d06fbf,1665766800
7150,outfit.a273058ddb56de19,1623603600
7150,outfit.a3d27b283d42172d,1623603600
7150,outfit.8ad0bb9029424a069f82d58c44b0d7fa,1623603600
7150,outfit.b2dc9f23d8d34e6fa62981cf887be220,1623603600
7150,outfit.70bfcd7059a248ba9b8337bad5ce56fa,1623603600
1382,outfit.0aab21277b674f7fbb146ca7e853eef6,1603645200
3669,outfit.6df9fd60925949a5acdd17de4dd4e7a1,1687539600
2884,outfit.a1c4999e99962415,1662570000
2884,outfit.fec66293d37940b79dde2c1acd761fe3,1662570000
2884,outfit.346aca2ad2134d0e95967b333990925c,1662570000
2884,outfit.bf59641874784125880c58615b5abbaa,1662570000
462,outfit.dc0ccd196e79413d9c7216f3970942ec,1633280400
3047,outfit.4d87f217c19241cf9a4feb9d75638e1a,1660582800
6212,outfit.cd92590952d54e1d8b3bec0bbecb901b,1676653200
6212,outfit.0ea2ed06e62c495195f67005f3057721,1676653200
4570,outfit.0ed1568a6b6545e4932bee98c84aa544,1653670800
2205,outfit.bf6df4f0abba9e2f,1693501200
2205,outfit.774b95bb02cb4be0b92d2a232bdb8b0f,1693501200
3956,outfit.f687126a10584fb5bb3ddcb1fc9ffae9,1685898000
7411,outfit.151898f52a9a4e1a9862b376db9195e9,1713459600
6318,outfit.10702960934e47ca8b83d90cb167b470,1605632400
6318,outfit.ac3e4eefb550471989769e1e4d1683d1,1605632400
6318,outfit.d24b8b64d37f4ea29ccc8aeb0c1bbb2f,1605632400
6936,outfit.a8c3007784dfc486,1643648400
3577,outfit.94f471a5d48f3464,1715792400
3577,outfit.cc03f27af19f42a483a2f03ad997279d,1715792400
4960,outfit.801f1b35886e42f6907ec4709420c7e3,1636304400
932,outfit.648db79508724c99ab948e953e4813a7,1675011600
2815,outfit.8023680619aa366a,1660064400
902,outfit.0aab21277b674f7fbb146ca7e853eef6,1708534800
902,outfit.5c6bcfee583b4d7aa6fa807279637d59,1700586000
1831,outfit.8238ed2091e347149ddd6114aeeb2655,1700240400
5932,outfit.6c68130ccc5b41a79388037d5bd3004f,1647018000
3343,outfit.ab5cd68b34421ba3,1689354000
3103,outfit.1f534d95ccf6415a8af3b5799dd959e7,1606842000
3103,outfit.cdcd1bdbc00e4a1cb9b80f7f5bbddd49,1606842000
3103,outfit.a84d98da9b0b4c8d95457d446a4df5fd,1606842000
6360,outfit.8cbb77c85f07443e9c2e6687e4131a45,1638205200
2703,outfit.e3cc0d4d05644110922e90f815d08d04,1692118800
55,outfit.adc57b4886354fdcafea896cdd2609b8,1635699600
5778,outfit.3ce016303b474839a95f7375cf891639,1666026000
5778,outfit.9341a89b191cd49f,1663434000
496,outfit.de9c4f2245104d7b807e819b9ea7a4e8,1668013200
1626,outfit.2766e5ad48a2427a898f60aaacf85622,1697389200
6287,outfit.8609dd7995e147efbdf631d515d34bed,1602608400
6287,outfit.34afd8b7f33d434c8e0ac2849eab231d,1602608400
6287,outfit.31d5bc7c60334b9889e9ed768f05e578,1602608400
1019,outfit.d6896eaf6b734f40943d6cce5d23c1e3,1688230800
1019,outfit.e2b66b5d631840f2902ce6125a60b9fe,1688230800
948,outfit.8de70e2a9b7f463eb44f6a072e14d1a2,1670000400
3376,outfit.9bd9226c247f4ee8a64be90ee310fd8b,1639501200
7270,outfit.2084ead8ec3c42fa83eb74b5e36d330f,1699203600
2775,outfit.380abb0818d3434bab724eeef1f4de2a,1650906000
3147,outfit.6f809ac4449f4502a6eee8832eabcb60,1627837200
3147,outfit.95a9732c69cb1e4c,1633366800
5379,outfit.a5bbbf5301db4e5b8b1e2532cfd23a24,1598202000
5379,outfit.5bf05f8589804ae290c997e60400cb6c,1598202000
5379,outfit.81ce5109e01d4b7b9f944a3baa35c4d6,1598202000
4218,outfit.8bbfae6c08924fb2aafcf709665906a9,1664125200
4218,outfit.abf8682bf7784e73af89ebfd6d542df0,1666717200
4218,outfit.654e48473404490fbb74d6a48db9ce9b,1658768400
4218,outfit.5a7e3301a60341d0957331a181335cff,1666717200
4218,outfit.0533ed8c59ce4cf29172f502a3a93a91,1661446800
4218,outfit.7d69ae2f5dc641bca0eed4b1dfc17ac8,1658768400
6988,outfit.2ea36f84cb12427686eed685f97f2a8f,1658163600
6988,outfit.bcd7efc3918cf15b,1658163600
2204,outfit.47ffcece5f244f9a9cf888f7f6d16e29,1667322000
4880,outfit.240ac09f29724bc58045e16a2721cb8f,1682614800
6817,outfit.a1c7ea9aa83e32c8,1705942800
103,outfit.e947dbab69e64c5a85f1fe565b5f3a49,1683997200
490,outfit.8f95b3473abb4a40ac2dc0956628e873,1615741200
490,outfit.4431d4e34e6a4c0fba43aa50395893f7,1615741200
490,outfit.af3cb94171784fff803b50e9a99cd890,1628787600
2076,outfit.c9d157f2dc494985ac7bbac95f8e5a5f,1638291600
713,outfit.3b2ed909c25f4ba28abf27a3ba98f5d0,1682442000
1998,outfit.8a458a93e4cd4214a520074f16d5b9fa,1641142800
1389,outfit.78392fa87e224d719c89da109d9e263f,1666544400
1389,outfit.f21be5bf141a4847b761afaef4ecaf81,1666544400
6212,outfit.b1ddecd27b94476d833c0ea2c2bb6d3a,1687021200
7041,outfit.83b1e08b46bf0031,1644166800
7041,outfit.b4e582b38a10f6bf,1637600400
7041,outfit.48dec5565f454acf903fe1ce1f41a39e,1644166800
416,outfit.c560abcbbf2b40edbacbd51dfa99bf58,1701882000
5680,outfit.9c0480eeb92a1d29,1629738000
5680,outfit.1bf5c2c096dc490f8e8efd7d09e6769c,1629738000
5680,outfit.422bc3cc7f6a429086cf8c49273ecd90,1629738000
4696,outfit.b1eeff303fb44f10a6c2ac36c0136514,1670346000
4017,outfit.138c6d460dc14dd4a223e9f2a484ad6d,1691514000
4017,outfit.b2cb4b87e0f8fce5,1680973200
4324,outfit.c154cf7df2ef4021bb2f3725dd01ad8d,1618938000
5318,outfit.4b20b3ccd3cd41fe98d0225f47276e2c,1702746000
6011,outfit.63fc53c3d8784dd39553a33d54ff4921,1696093200
1684,outfit.c41b5bc7cfa0435abe71b09cfccc17ea,1710867600
2056,outfit.ea4cdef4b083408eb9410d077f9c929b,1638723600
2056,outfit.d61bd06b8b28429abe50d3f42eb685e0,1638723600
2056,outfit.efd56ebc3a124733bae26839f3042ede,1638723600
6526,outfit.99d3c1ea30367e62,1704733200
2273,outfit.48082d4340244e8ca2ff66aae39dc114,1631811600
2273,outfit.8edf7dfac9374a0da611edb9dbc5a62c,1635181200
2273,outfit.80820b9138cd4205885caaa0a65dd6a4,1638982800
2273,outfit.c815d15af6ba46c580927f9bf81122f0,1635699600
2273,outfit.8fe12d169d14a8ab,1632416400
2273,outfit.a7b55780d1764599a3ee339fff38d002,1640019600
4463,outfit.229cc0c550f54fb3b3b937bab2abda35,1697907600
4674,outfit.dc0ccd196e79413d9c7216f3970942ec,1656176400
490,outfit.148857ae81d84843ae1671986a4e145e,1626195600
6456,outfit.2a307327642c41fda6f4f1b9d8a8080a,1687366800
4696,outfit.9e28084ee8e94a1d8afe4abe643fa8d5,1701882000
2492,outfit.91d906d5cfcadc9b,1703264400
2492,outfit.ac8c5878c01ffb29,1695402000
2492,outfit.992bf5adcd39d953,1697994000
4725,outfit.0e35a8a758734c2b98adfc8630b4e029,1664384400
2846,outfit.40d4710206044ca5924846d3ebd83d04,1652979600
1987,outfit.2121de17fb604c6ea87a3f9b6d0030db,1636563600
3189,outfit.27a162bde20b4961ba8d94a8828e036b,1650733200
4017,outfit.6b027f465816489f83945f85bd6f1c17,1702054800
5680,outfit.b3d31d76ede3d815,1640538000
5680,outfit.91fb3dd15c894aae8d2718882dfb927a,1640538000
5680,outfit.a9e47a4cd09329dc,1637773200
5680,outfit.f376dd31f0194adead88365684ce1e14,1637773200
4218,outfit.3fb6cd2d1f454b85937d1540dcf212f0,1639501200
660,outfit.24e1bde79f694d5aa980e0c889fa29c4,1639674000
660,outfit.56663aaf60aa4b5c8267bed372c72677,1639674000
660,outfit.f904f5addd0f4a22863e3a689428b88b,1637686800
572,outfit.359ce2bd2e40491686ce3ebc4a13ead6,1662915600
5680,outfit.4b20b3ccd3cd41fe98d0225f47276e2c,1635094800
5680,outfit.7f0c68b095a14d7fa001117bc2c75827,1637773200
5680,outfit.ae922e922588454591edca7cabf0db48,1635094800
5680,outfit.f4a5306ea45d4ab9b40340f016bab653,1635094800
5680,outfit.71442f9043504300907b80e2385f9ae4,1632416400
5680,outfit.0dcd9f8fa95a4d81a7bb43df05668e4d,1637773200
5680,outfit.5510ad19307f4fa88c6212271f573aa2,1632416400
5680,outfit.bfe2d9d71aa805a8,1632416400
5680,outfit.4b74d298e876434d8b3240e784ae38b5,1637773200
3192,outfit.09a274c103524f30bd8e3fcc3cbab7c1,1620925200
3192,outfit.48cf5d6579da4369b03b1f04719b322a,1629046800
3192,outfit.a34cdcaefffe44c89674b55f96a03950,1629046800
6303,outfit.1b11be15702b4c59ba76f79ed71df7ce,1664557200
496,outfit.501f59ab11f94aa1a28a566911f8a8be,1681059600
1922,outfit.3f495adddb5143f8a5123973e907b1f2,1629910800
1922,outfit.d40f6349368b4e47b521138ba35d8ebc,1628701200
1922,outfit.d0c6cd30a1f146a8a1ae6f73b34a0103,1629910800
2329,outfit.173b6b1204df4f128bcbdd843d91351e,1692896400
3510,outfit.5d300bde08e848898bfb5e15c1269b43,1685206800
2762,outfit.5241f5b777a147bbb786de5bd171be85,1613581200
4183,outfit.890012ec91261ee6,1676566800
6601,outfit.ac52d51d1863129e,1709571600
1902,outfit.0d0727d0c03f453495eaa85dc17d382d,1679936400
5891,outfit.f21be5bf141a4847b761afaef4ecaf81,1639587600
4040,outfit.d0570fc4a5d740cc94871d73471a5043,1660150800
606,outfit.9c255f602b1e4455a79e0fe0cee938c1,1666717200
606,outfit.9a0283b3b9e34e39a0038cb7b7044c75,1666717200
6591,outfit.67c7e051a163432eadc34be683ea3d44,1712595600
5342,outfit.64096b7f0ef1430d9871e92fc198f693,1669827600
2759,outfit.bb72f30cdb4246d1bc47ff8b17cf4162,1643821200
3259,outfit.d18d24b0f27547d5802d44c8331a29cd,1604509200
3267,outfit.bd9ba0c2ceae44f0a9174af5abe965de,1639933200
1784,outfit.56e3cc906a444a569d6b057189a361bf,1632762000
3577,outfit.2a1a34d38ac64414b5d7878a719984e9,1692118800
2952,outfit.5a0e04a9018a4904990fc85f1c8cd1ce,1639069200
4522,outfit.b068cf45c37e4aeaa1cff939a86e759f,1704906000
3846,outfit.b6e876bed3cff76c,1638291600
1586,outfit.896f0af4aaaa4d56a26ab9e37e94ad14,1684170000
3988,outfit.35331fbfbbe04b9ca3dfc1535cf148fc,1607878800
3988,outfit.a294399ed5bfba8f,1607878800
3988,outfit.9fde090f117fb9d9,1607878800
4638,outfit.da5b8bb1d00b437caa0034e44353001c,1598893200
4638,outfit.8ce5135b3dc65f9f,1598893200
4638,outfit.db5c1c953153428ca001e10600e8bb42,1598893200
1589,outfit.9d2178974e7f4cd6a556586ebb767049,1671382800
7019,outfit.d9c02686a2094291837d95d09384481b,1699203600
7019,outfit.4ca0964f8f604f42b71268c44e41db7d,1693933200
1626,outfit.a0361d1da07f4cf4929c58bd45782fae,1684170000
5972,outfit.47875ce75a2846c29607b0c39bf03327,1613322000
5972,outfit.43d27be4c064485697d6e4496f66576c,1613322000
5617,outfit.3984754756394c3e95ade4b2080508c6,1673888400
1382,outfit.0e79f46fd9f344bdb7c714ffce9e98aa,1606323600
4853,outfit.a38b3b3e20364b78bfcf0bb1eadcc0e5,1639414800
4853,outfit.99495169e3ffdfa4,1635786000
7100,outfit.3b2ed909c25f4ba28abf27a3ba98f5d0,1676566800
4723,outfit.46fd30ba34534c96b133e88f257cb7e1,1684256400
6360,outfit.9e28084ee8e94a1d8afe4abe643fa8d5,1640624400
731,outfit.4d87f217c19241cf9a4feb9d75638e1a,1615309200
6526,outfit.9f16b609a91c48e3,1707411600
1735,outfit.e96d2e7204fb4c1ea24fe71b3f967e0c,1650128400
4509,outfit.55aa098dd93644fe961d0137a79adbea,1696266000
4509,outfit.9cfd9a79329b16bd,1696266000
5695,outfit.893fa92eb13185cf,1622739600
5695,outfit.8e408fb4b2c64525966837c7789f2965,1625418000
5695,outfit.c71e9a58962a404b9d6c8df867b4b392,1628182800
2485,outfit.3a5aeafe771d488f84bc18af5db17114,1651424400
5645,outfit.9617c0965077556e,1674838800
4877,outfit.3f93a64eb5c5449096f841fe5fdc2b8a,1659546000
5224,outfit.8022397c5e3d4ab4bc8e421da9236d29,1677603600
5224,outfit.df81c6ba86ef4c3c8fd2976934eb4078,1677603600
5224,outfit.151898f52a9a4e1a9862b376db9195e9,1685552400
5224,outfit.e14ebf07096246dbb7bf4e241b4c5b32,1685552400
6051,outfit.ec43e546a9d543ee8c15c07cb70608a9,1690909200
4073,outfit.4c96620b5f444f05adcd28bcfd3861d5,1652029200
1809,outfit.124195196333488e8ba4d195b96ecbdf,1703005200
4218,outfit.abd2e79be5f941a5aa407cc34ff63105,1650906000
4218,outfit.6d6fe6b3b2514ecc8c47947292874f90,1650906000
1840,outfit.6a0ee820e93d45bb86077aa56e1c231a,1654189200
7199,outfit.84cfd784c9dd4ad6,1633366800
1248,outfit.61e4f014e9874d7e9329c11423d49bfb,1620579600
1248,outfit.c012d37926b545bf90d7c4a0c5634696,1620579600
500,outfit.6962210a388343c2a203996ee7a30eb0,1654362000
6526,outfit.99d3c1ea30367e62,1704733200
1282,outfit.b9311cecf65f795b,1697907600
996,outfit.6c4dd0c71db040ae9ac85030d4403e3e,1660496400
4769,outfit.be1e83bfcede6836,1608224400
4769,outfit.841aea73b3d4485eaf08932aa82d8c2a,1608224400
86,outfit.167c1898ccab4dbcb3d0a74591e1902f,1634662800
2766,outfit.d9c02686a2094291837d95d09384481b,1696179600
2340,outfit.aa76777d3b9d4073a342e2093e4ea1e2,1618938000
2340,outfit.55bf4bdcb79e4027987f9b8c7eafe314,1611162000
2340,outfit.a935f1495271461689278b60c8d1a25d,1613926800
2340,outfit.b2e035a8cce61dcb,1611162000
2340,outfit.b2e035a8cce61dcb,1616346000
996,outfit.9653e8c2cb5f44eeb2a9015e4b11c162,1665766800
2759,outfit.6b027f465816489f83945f85bd6f1c17,1643821200
6447,outfit.e17a0df1f70743e590827d7df93bb7f4,1675011600
6955,outfit.048fe7f87ee34a4095f2141bd51e3b80,1634662800
6955,outfit.31d5bc7c60334b9889e9ed768f05e578,1634662800
4834,outfit.40f5c15e6ca0486293b24bdf66d40393,1627578000
4834,outfit.9acd6a788f014e9b81fb32f2c97f53d8,1627578000
4834,outfit.bb72f30cdb4246d1bc47ff8b17cf4162,1627578000
1382,outfit.24e1bde79f694d5aa980e0c889fa29c4,1671037200
4696,outfit.aca18f7f7df3a642,1651856400
4696,outfit.c95b16794434474e8d02306d2f1b6a0a,1651856400
2759,outfit.0ff0d877678e4755b088d1c5d09bee11,1641142800
490,outfit.794483397da8425a813301eecf9828c6,1649696400
2576,outfit.3f9b25249293481cac7469b68f545c7b,1663866000
2576,outfit.cc03f27af19f42a483a2f03ad997279d,1666458000
6601,outfit.5405ab692b354a69a104048dda3366e7,1707066000
1447,outfit.1829ff6232b04c84b6666a8d0542eaef,1651424400
1447,outfit.c2354df57f454e33bf2ff3ae5a9c7dea,1651424400
675,outfit.89ce51a125971793,1619629200
675,outfit.92423563b1ab408ea4e1137abf9774d6,1619629200
675,outfit.2a1a34d38ac64414b5d7878a719984e9,1619629200
4998,outfit.866385e680f6475e8b2899e2bc30a1fe,1663606800
4998,outfit.38572c7dec3b4460bf36ade1d517ce20,1663606800
3924,outfit.b6596a2ff7a748f3b9a67ac54db28b96,1690477200
3924,outfit.f5e7d2d5b6524aa8afd7e9cc3a1ef67d,1690477200
4193,outfit.31879aacd520402abb57929e7b7573f1,1662656400
3265,outfit.afd208ad6e2c4771910f427504e634fe,1597942800
4258,outfit.8f4c967492cd42a6a0afec84b3500e93,1652374800
2383,outfit.10702960934e47ca8b83d90cb167b470,1649178000
1684,outfit.7cc6bd8e645a41d2837976a0d09e3ca9,1618765200
2089,outfit.9d23dc455c9c4837a3fe26931f944833,1620925200
5695,outfit.e169ea04d96140928a856fbab4821a60,1601485200
2617,outfit.b062ee4767104d919307a2d539bb2c39,1639933200
1586,outfit.c1647a6e778d4245931b540ef1505b1f,1631120400
6287,outfit.25c93e08d9064a1c85d877bf4157a626,1574874000
6287,outfit.82ec1db640c48b3f,1574874000
262,outfit.ad062450831242c091c3cfc78407df6d,1645722000
4193,outfit.2fa33a989f58419db01800a94dd76fd6,1639501200
3094,outfit.4f88de908942498980138fc606c745fb,1652461200
5100,outfit.cc03f27af19f42a483a2f03ad997279d,1645376400
5695,outfit.0dcd9f8fa95a4d81a7bb43df05668e4d,1601485200
6526,outfit.99d3c1ea30367e62,1704733200
6907,outfit.a0a96262277c45ff82220ffe62a04f65,1625072400
3192,outfit.9f7434145481442191419433bd1aa953,1652634000
7233,outfit.cdf556b326334303a52f2df9eb42dd3a,1704819600
7233,outfit.9ff74f4f2a2f4454a7a629777cff27a6,1699549200
4817,outfit.7af577a567bc490485605eab05781961,1606669200
4817,outfit.118f15046d0b45d48929bb91df474761,1606669200
4853,outfit.89dbcc1289ee49c18bcb93fc69a52c02,1626109200
2383,outfit.8f34384795bfc03e,1659718800
2846,outfit.e4da524a49fe4b5ea3eb8983e8dff52a,1641488400
2762,outfit.0d0727d0c03f453495eaa85dc17d382d,1646758800
2762,outfit.b671b224915f0b73,1649437200
2762,outfit.32bbe20e948d4839b63aa0f4b540b466,1649437200
2762,outfit.46796cfb57174c9cb04ef0489123a073,1649437200
3956,outfit.e837786453834dce89358fa547d891c2,1677949200
3846,outfit.b3d31d76ede3d815,1604422800
3846,outfit.3260a6894aef41329983b153a3c022ed,1604422800
3846,outfit.4cd9a6b549d04973a044716c3448b739,1604422800
2619,outfit.9a5d41c7a63e40a2b4a5f2aa902d768b,1690477200
2619,outfit.2fe31ac153bc422c945294c342de95a2,1690477200
7244,outfit.22c011b90cf34e56a9613321cd35514b,1636477200
356,outfit.359ce2bd2e40491686ce3ebc4a13ead6,1645376400
5800,outfit.6d042743afa04727815f717cce0b2ac0,1685811600
1517,outfit.b2e035a8cce61dcb,1629392400
1517,outfit.fc774521956e43c1b7b989272f5dca23,1629392400
1517,outfit.8023680619aa366a,1629392400
114,outfit.453a4c074a164ad0bbef87ee09a09616,1658768400
114,outfit.30c1385e9d714fa5b2000abce92e6c91,1653498000
1626,outfit.769849cd28044a7188d9fce349c06156,1665853200
1626,outfit.88a780cac1d40972,1673802000
1626,outfit.202c5658aee14e4180cd074aa81842a1,1673802000
1626,outfit.8ad1c89174094a26bd4cbcfdcad4aecc,1663261200
4731,outfit.e2811dee68144484a423a3ef017258d3,1657386000
4731,outfit.a995ea509cd69726,1665334800
4731,outfit.893fa92eb13185cf,1660064400
4731,outfit.f11efd8c7b064175b4997b1ab65b5458,1670605200
4731,outfit.c17c4a7eb8284a26b0025919877d3023,1662742800
4731,outfit.9481d2d7251be70f,1668013200
1881,outfit.dd5c21e0c1ee4428b7019e5740e3e8aa,1700931600
1559,outfit.36462b7293ae423fb6b7180022cfcb58,1690477200
1933,outfit.13341577ef954838a87bf016b1501ebb,1691773200
1933,outfit.3f10ec37bde34db685d87cbdb7ad1575,1694451600
1933,outfit.32684b5443394c4a91606c9aab8d3cdb,1694451600
1933,outfit.ab5f8f08a7379c5f,1689094800
4603,outfit.b3d31d76ede3d815,1635786000
4943,outfit.7d5887278cfb479b8c92081dc85ad698,1611075600
4943,outfit.dad7a49a6dd54b0797b841af3ffaad7f,1608224400
490,outfit.1eb6accbfe2d4edd8358e67200384784,1610557200
490,outfit.f904f5addd0f4a22863e3a689428b88b,1610557200
3267,outfit.d8909288c79b4df6b6547aa381d360f1,1616346000
3267,outfit.e89fab0bbc574d6c89242ff808d537e6,1616346000
3267,outfit.b24fc57f02ac4e4c9061761ca18d9d3c,1616346000
3267,outfit.7c3e32e564f84de28c9ab8a6f06a2e24,1616346000
4183,outfit.d89c1051a315434d90b87a3ea5aa1ea3,1673888400
1684,outfit.b49e6f1cc73f48f9a6329311214ee57f,1624208400
5736,outfit.bf59641874784125880c58615b5abbaa,1681664400
6650,outfit.80820b9138cd4205885caaa0a65dd6a4,1696093200
4638,outfit.676f2b8ab3894ff293c0fbd62398bc05,1614531600
4638,outfit.abce86c0d08341ed96a999cb4425d840,1614531600
272,outfit.4e6dbf069e764052b71b95934301f615,1655226000
5615,outfit.9617c0965077556e,1701536400
4040,outfit.eb60db20ed1d4ddeb7e2b03e05cae83c,1654880400
6591,outfit.b8d5df5f249150ce,1670518800
6591,outfit.b4e582b38a10f6bf,1670518800
6591,outfit.fabaa18896e64e6ba835286d7f1d44e3,1670518800
4674,outfit.f75f6043c5814e998e72b925ef7a21dd,1682442000
172,outfit.ea4cdef4b083408eb9410d077f9c929b,1649782800
1586,outfit.8154323d7dae46d3b98fb5e85b96a41a,1628442000
6936,outfit.f86e075166ee4aee95fbdde5444221fc,1682442000
6519,outfit.9c255f602b1e4455a79e0fe0cee938c1,1632330000
1819,outfit.5bea48bb837d43a381bec3cd63635c95,1652893200
1773,outfit.1e4a3ce9976a4d9a9061c167255f3875,1699203600
1773,outfit.fabaa18896e64e6ba835286d7f1d44e3,1701795600
3713,outfit.94487eff13dc2b77,1601485200
3713,outfit.47ffcece5f244f9a9cf888f7f6d16e29,1601485200
4170,outfit.706635d443e040d2a4ae9e6862a95961,1641834000
4170,outfit.a189dca13d2e4274afe5758a78f49000,1642093200
4170,outfit.81dcc2ec22f24b248f5499b887dd22e0,1641488400
3320,outfit.ee0dfdf3b9a349b591e78712514e2f5b,1696784400
1544,outfit.1b1e586b3bb2432f91b4a2e15dc719e1,1667062800
5754,outfit.b25f7c6a65a2459c8819de57f27a2684,1595782800
1586,outfit.9c101c6da5bfc6e1,1681578000
5318,outfit.8cab85b45b23bfec,1668618000
1770,outfit.df81c6ba86ef4c3c8fd2976934eb4078,1684256400
6354,outfit.229f2207dc1e4409af99504f061ca0e7,1666630800
6354,outfit.14727804dc6945f9baabcd76ad96a744,1666630800
2649,outfit.8feb7001275554c8,1706806800
6051,outfit.9ec98510baa9411d905131e4377e154d,1677690000
2273,outfit.46fd30ba34534c96b133e88f257cb7e1,1705510800
3041,outfit.a2883b9efb1b4eb889e269c98e09f661,1696525200
2619,outfit.3225a86ab6564f8fb0a3992446982bdb,1693155600
572,outfit.b4e582b38a10f6bf,1678554000
1980,outfit.dcf9da47ee4e4bd994d4faa2aaadb321,1628528400
3028,outfit.78392fa87e224d719c89da109d9e263f,1642352400
2022,outfit.0135459b57244e00a6b7ec6f9240c653,1667754000
1878,outfit.d1d9c6d189744cd29dbf2a778da4c399,1679850000
4725,outfit.1f8f1544736b40b99c3485150d68342b,1703696400
6592,outfit.5dbcbf03f1ec4ad280e3b90b688f0dc3,1685638800
6177,outfit.be3e7c4ec5718d36,1646067600
6177,outfit.0b721ca6ffdd489d91fa63f960ca64ec,1646067600
3123,outfit.4ca0964f8f604f42b71268c44e41db7d,1658077200
3123,outfit.771bbd515cd448c19ac2778c729e8e8a,1655485200
5531,outfit.f194f8a84147453cbd660e148942e1e6,1665075600
4258,outfit.9806850e4ad5479dbad69c1c94eb60a9,1644685200
6911,outfit.ccae6ec63d494a5eadd0d6b001597c42,1662829200
2703,outfit.05a3c99a55404dc8984fde902ccaad18,1671123600
490,outfit.1b11be15702b4c59ba76f79ed71df7ce,1683824400
825,outfit.bf6df4f0abba9e2f,1611766800
1277,outfit.6f038b817a5a4220a8dea6bbc464c4a2,1651338000
4137,outfit.cf2fa10de8ea412186fd6dd1f658e3ff,1685206800
6955,outfit.caee00d04a954a69a3cca9e02cf67440,1621443600
6955,outfit.2ead65a1ecf54c38a27bebc2bf47b9b1,1621443600
2223,outfit.9d3b8dd5711d3657,1599670800
2223,outfit.4df885933c6b4006827c3c816f27d9d7,1599670800
2223,outfit.292fc161ab8a48d59af997f56cce1cb4,1599670800
2223,outfit.80333429732852d4,1599670800
691,outfit.03a5ffb8c27947de936564061de3d046,1597597200
691,outfit.bd37bc0ed1857fb5,1597597200
691,outfit.ccf6f723db264c30b9e45b89203c4a28,1597597200
691,outfit.c95b16794434474e8d02306d2f1b6a0a,1597597200
1735,outfit.61b55a18777f451ab3d3c1a4fc2fe17b,1673888400
6046,outfit.9685cc11be684ed39ab8edac1e9a822b,1659718800
996,outfit.b8edf89f3a5949949ae1188cd3283d6f,1633626000
996,outfit.a7b55780d1764599a3ee339fff38d002,1641747600
1248,outfit.b701b51a404a44418a375258167ad442,1662915600
2519,outfit.9bf55c30dee14573ac0d46c03fce3a0e,1595782800
2519,outfit.4431d4e34e6a4c0fba43aa50395893f7,1595782800
2519,outfit.a3546e9a63f72521,1595782800
4218,outfit.4fa890c8bbf54547a3cacaa898e5b7d5,1690304400
4218,outfit.dea118f1de544188ad16cda6259ba122,1690304400
4218,outfit.bdd0a16b7008671d,1690304400
872,outfit.bc66a84c6977422daff287c7ecdb12d3,1655398800
5169,outfit.9ec98510baa9411d905131e4377e154d,1685206800
6103,outfit.44e9f273236b4ecd8185e5853fb2ef34,1701968400
1390,outfit.9a0283b3b9e34e39a0038cb7b7044c75,1650906000
7366,outfit.a84d98da9b0b4c8d95457d446a4df5fd,1658682000
1998,outfit.c0dd5faf2a294aa09fd7a39dc7a313bd,1638291600
4608,outfit.03d688ca88f84e89aeb31592d6394247,1596733200
4608,outfit.d542ee51f6a64600b5f8f1b5889ddf58,1596733200
4608,outfit.55aa098dd93644fe961d0137a79adbea,1596733200
4608,outfit.cf2fa10de8ea412186fd6dd1f658e3ff,1596733200
6798,outfit.c5ded4868d344a5bbf49e5c1a3c136f8,1671123600
1348,outfit.91d906d5cfcadc9b,1645722000
4899,outfit.4431d4e34e6a4c0fba43aa50395893f7,1600016400
4899,outfit.d3972ad336174608b061e6224cb1fad4,1600016400
4899,outfit.9c255f602b1e4455a79e0fe0cee938c1,1600016400
4899,outfit.bbd662557126462f84e4912812fc1be0,1605459600
4899,outfit.df04bf46dbd54868a63d2db542a5fa3d,1600016400
4899,outfit.ed0bda9223004815822e8eaff7b7688f,1605459600
4899,outfit.447e5486379147879a59e168c261d9e2,1600016400
6907,outfit.81e52ba208d55e4d,1691254800
1259,outfit.19b65a13d33c4f0dae36ace48aec7bc1,1691341200
1259,outfit.16c67c6789f94fb8a10de95277e1a321,1691341200
3094,outfit.a3b797e5d17543b8a0a1f6d2b5112ce6,1614531600
3094,outfit.a1b5b9335a89a082,1614531600
2812,outfit.37886c165da3410ca29761ac81f95bf9,1614618000
2812,outfit.181629c720b548f4a77a22851f1fbbce,1614618000
675,outfit.6ef37d8d2ee744229ed6350d8a94f308,1630256400
675,outfit.ada989bbc2322203,1630256400
675,outfit.9b7577b41e374c5d8debce0abc0466de,1630256400
675,outfit.c560abcbbf2b40edbacbd51dfa99bf58,1630256400
4017,outfit.23596174e2b1478385adda8f5f48416f,1688835600
6911,outfit.89fab8d7d294457fa493f087c68b6bc1,1707584400
1735,outfit.a38554cc5999458397c5f190f0f3c38d,1657990800
6526,outfit.34fb4047b75346ba9ced8912198506ff,1667926800
6526,outfit.ae922e922588454591edca7cabf0db48,1667926800
5695,outfit.d6896eaf6b734f40943d6cce5d23c1e3,1633366800
5695,outfit.f51e3b6fec2d44f59e21f3dc2334231b,1639501200
5695,outfit.338c7b24bb1140d7aa47279c9490cfe7,1639501200
5695,outfit.4c4d89bf0fcb4b32a9015ce1a7bade19,1633366800
5695,outfit.4644eb6ccd594982b873ebfa22d1fe61,1639501200
1354,outfit.ad6f853b5c31b6f5,1685984400
1354,outfit.6b1d1739830a4f3cbe5530716d9890a2,1685984400
1354,outfit.85244edf68884b9fa35758fe33b84612,1685984400
6310,outfit.76443d6db496494dbb26ac275ecbdb3b,1662483600
1922,outfit.ceb25ee97e894d46869ca3eb799d48e0,1650301200
606,outfit.142a3686d9ec47afb71932e592f45a92,1664125200
410,outfit.1260ac1718974152b1294c75e13aae88,1663002000
5459,outfit.8a458a93e4cd4214a520074f16d5b9fa,1698166800
4073,outfit.4c96620b5f444f05adcd28bcfd3861d5,1665248400
5578,outfit.5f20616059e84ab8b62eeb7f0a802e3a,1697562000
1735,outfit.8de67bc21e388b19,1638291600
5897,outfit.c8c5d18e8365419eba926afed7344dd7,1622134800
5897,outfit.5dc101d7bfbe4f49858db5913a5a7203,1622134800
5897,outfit.946ae92e21374e0d8935761e881bb94b,1624813200
5897,outfit.eb2d7f4e04d648ab98ccc7a46934c459,1624813200
5897,outfit.ae538ccb6bf14a858b0f66458e592872,1622134800
6858,outfit.671c37e96f5247e68b198e2a61dbe34e,1689354000
3028,outfit.dcf9da47ee4e4bd994d4faa2aaadb321,1642438800
785,outfit.66da7242210f4c3fa7a47285efe37504,1670346000
785,outfit.faba9b9a9f654d6a8cfeb6bbdf840806,1665075600
3259,outfit.e698a404f52e43459098b6a320af234f,1597942800
3259,outfit.15f39d4408a449febc2bd0d1afbb0f1f,1597942800
3259,outfit.854021359d3e487ca1c90e5bd126ea0c,1597942800
5236,outfit.4431d4e34e6a4c0fba43aa50395893f7,1670086800
2687,outfit.d5818e8c52bd4bb7ba4f58a76c026939,1659373200
3669,outfit.7eb16fe1e199414bbb7f88d71fe7cb56,1650733200
4218,outfit.ae3c94e801eb4aebb7c3714ec981521c,1682442000
4218,outfit.ae7389834f0c49c49b2ef43ff9cc1be9,1682442000
1700,outfit.50a8ff8407894fcb9048249c78732fc4,1684602000
3175,outfit.b09e135ba34c46daaf3a5495dcec6e83,1694106000
2687,outfit.62f13f7f9ce944ec9564d48caa6c3f48,1651424400
2687,outfit.8c4d4f54e42a4ca391913811b6d17ab0,1656694800
2475,outfit.030be8f1ab0549db86e542e2ad08a5b2,1632243600
2475,outfit.ec43e546a9d543ee8c15c07cb70608a9,1632243600
2475,outfit.82ec1db640c48b3f,1632243600
7409,outfit.b6f7358d6feb42ceaec950e6b66f4a34,1683133200
6372,outfit.6705bc03d5e649f4bec363e6367cd89a,1594141200
6372,outfit.a9cb9b79d0899e0f,1594141200
6372,outfit.4c9864b84197439ab388910160076c5d,1594141200
4481,outfit.7351b9594dfe43e68810cd2359952ee3,1692291600
3956,outfit.bb72f30cdb4246d1bc47ff8b17cf4162,1667581200
6085,outfit.7abb8ad021294be3863e5ea746538347,1638205200
6085,outfit.23596174e2b1478385adda8f5f48416f,1635958800
4130,outfit.9341a89b191cd49f,1675184400
7342,outfit.6ca970d4e98f47e085d82952693a215f,1716310800
2383,outfit.9b7577b41e374c5d8debce0abc0466de,1637514000
576,outfit.3cfe6cce6fc744489c7bf129187ea836,1661533200
576,outfit.2743a3b3f9cb44348ee6f8beedefa119,1661533200
5695,outfit.e18310c477cb4fa38cd9ba31e9997c4f,1614790800
2519,outfit.b45f71cef3bf96b3,1601485200
4336,outfit.67d14062b639450faef4ae16726d3a50,1651251600
4336,outfit.3339007e20b94181807f9570766cde62,1651251600
4336,outfit.03b18817e1894e588c3ae117a47d830c,1651251600
1840,outfit.43d5741ca13a453bb378172945b47fc8,1707411600
2892,outfit.6fa8bb1601aa44698177e99a24a52863,1622739600
2892,outfit.208d6c0a12484beaa7d86abbf736d390,1622739600
2649,outfit.5405ab692b354a69a104048dda3366e7,1688230800
2649,outfit.394609460a3549928924f3a0dc5a6e3d,1688230800
746,outfit.293f074047f34fda9bd95d96c5b9f906,1574614800
746,outfit.066124b928d44087851ad9a0fe809510,1574614800
746,outfit.eafae74f4ff24c29862f7dba09874920,1574614800
746,outfit.e172da755f4248f4af3241dd47efae12,1574614800
746,outfit.18463cd95aa04dbba9610a91b4f71be4,1574614800
3593,outfit.2fac9258e5a64ac9a7658f54bd2056a8,1638291600
2762,outfit.a8175a1b696f4b85,1638205200
2762,outfit.0dcd9f8fa95a4d81a7bb43df05668e4d,1633021200
2273,outfit.d928300162a4434c84b6a5f5c2da0506,1647536400
7060,outfit.00fa8d1fd5804fe78ac284c2e0c28b4e,1628182800
7060,outfit.8632cef7c2524f1ea8f213f5398eb754,1628182800
2383,outfit.c7be4c2774424a498f63ebe6ea4b5933,1659718800
446,outfit.b80429b20d914612960e3cdbfcc0602c,1600275600
446,outfit.774b95bb02cb4be0b92d2a232bdb8b0f,1602781200
446,outfit.656d8c9767e2417d8fad467465515b5d,1602781200
446,outfit.848ee23997d424bc,1602781200
446,outfit.abce86c0d08341ed96a999cb4425d840,1600275600
446,outfit.efbeb50344e54028b243698b3dd1b700,1600275600
446,outfit.1eb6accbfe2d4edd8358e67200384784,1600275600
1382,outfit.34bd3ce2dd644974b9e945a8d91d8bca,1645722000
675,outfit.7c3e32e564f84de28c9ab8a6f06a2e24,1648832400
675,outfit.6ef37d8d2ee744229ed6350d8a94f308,1648832400
5303,outfit.37af7c19c13949819ca971b380a9f97c,1702746000
3841,outfit.837d79eeae2a466cab88d515bd1aa409,1606755600
3841,outfit.cba1c1971fa145e2a965a51bb678d885,1606755600
266,outfit.ac365138f7722b8c,1696006800
266,outfit.5b607271e3ee467bb4188f977c0336b8,1696006800
675,outfit.bbd6ae88b44bfd29,1690909200
4725,outfit.c8c5d18e8365419eba926afed7344dd7,1682614800
1481,outfit.c09187a8a8334f118324a6c4de5f7a91,1634576400
6526,outfit.9a0283b3b9e34e39a0038cb7b7044c75,1707411600
3103,outfit.1c78096241a04da2bb89cb692f3953b0,1612198800
3103,outfit.6ac4c823524146de990ca1ad979e6388,1614618000
3103,outfit.83f7ed2dfaa11b7f,1606842000
6303,outfit.682446def1c34a79890b62c1397c7afb,1719766800
4769,outfit.aa1e25055ec79871,1613667600
356,outfit.b701b51a404a44418a375258167ad442,1621530000
356,outfit.25ff5e5ef4b541d79324a66515f1d89a,1624208400
356,outfit.98ca0677ca9b1cb2,1621530000
356,outfit.9bd220ce35b14c1b9b9d89dfc2b123c8,1624208400
356,outfit.db6e87de63f347a0af3ecbf3b7463a55,1619024400
2918,outfit.db6e87de63f347a0af3ecbf3b7463a55,1670518800
3376,outfit.37886c165da3410ca29761ac81f95bf9,1636909200
3376,outfit.875635fa72e9a84a,1636909200
3376,outfit.2cca272e852c42448c449664b8d98693,1636909200
3376,outfit.9d2ae3e74d7f4d9bbde82be334a3a21b,1636909200
7371,outfit.e5573a0b879d4a31b02ff8dfe70ea20f,1596646800
7371,outfit.8a458a93e4cd4214a520074f16d5b9fa,1596646800
6026,outfit.4e834d5f015d474e8fd547e080f750f8,1618419600
6026,outfit.c37712eb6be74a56958a7ccf2b21637c,1618419600
3094,outfit.196ad12873534afcbec5bc12e921798d,1612112400
1585,outfit.57e0110f769d47ea863ebea78235fd23,1653411600
4240,outfit.efbeb50344e54028b243698b3dd1b700,1637168400
4240,outfit.676f2b8ab3894ff293c0fbd62398bc05,1632243600
2775,outfit.14e59903e2184edb963cf2e3f1b55e0c,1669395600
4404,outfit.713570ccf2364240b906d668908737ff,1628528400
7050,outfit.7d69ae2f5dc641bca0eed4b1dfc17ac8,1641402000
5929,outfit.4cbda361e12e4d65a5fb502dfd38076a,1631638800
5929,outfit.3230795e6aed435ab96c8fcf5e56fd08,1631638800
3267,outfit.bdf0b714576b2118,1595178000
3267,outfit.82303d2b1b524d6795661a1f5426a134,1595178000
3267,outfit.b49e6f1cc73f48f9a6329311214ee57f,1595178000
3267,outfit.202c5658aee14e4180cd074aa81842a1,1595178000
3267,outfit.d61bd06b8b28429abe50d3f42eb685e0,1595178000
785,outfit.250a41fd89bf4548bb8c5db06f1cfbf1,1673024400
3259,outfit.acb94cbb42e1b894,1627923600
3259,outfit.37f5db61da1b4fb0a50472c1ddc442a4,1622998800
3259,outfit.0ac1ac7d05ed43eeb9cb12c66cae3d18,1622998800
1232,outfit.cf321774b9de4035802e1829303fd3da,1706547600
462,outfit.64a0e45c83dc4304becbf6218ac02fb8,1627232400
4723,outfit.e0f5195a15e748629ab2981e8900d008,1684256400
4723,outfit.2d059d6a6a3c4f02abe8e2f5cd7dea69,1684256400
4723,outfit.7df2526a1c3c4b10b3017e7935c30629,1684256400
1706,outfit.bdd5835c2df56005,1652806800
757,outfit.363a3d3fbf64484293b96404b1bdd504,1675789200
757,outfit.6c86cf3af9714425906495712ee3e311,1675789200
902,outfit.53cd37dc1d6345ce89fa68e62e936c58,1695315600
3684,outfit.beb7edd11cd741538175c927a81cbf89,1698598800
454,outfit.4c4d89bf0fcb4b32a9015ce1a7bade19,1714669200
7411,outfit.31879aacd520402abb57929e7b7573f1,1658163600
2762,outfit.77115f3958a24ad98cc8568e3fbe0da8,1610470800
7152,outfit.7d5887278cfb479b8c92081dc85ad698,1607533200
7152,outfit.092ee39646f34dafac13607ee3c17215,1607533200
7152,outfit.2bb91a54c63d4f72a11a6ad7a00b35cf,1607533200
6592,outfit.296da213b6db4d99817dea16407654f0,1698858000
5303,outfit.37af7c19c13949819ca971b380a9f97c,1713286800
6310,outfit.eafae74f4ff24c29862f7dba09874920,1638723600
6051,outfit.83e56eb73d8f0127,1701450000
5130,outfit.ca56ec7bf3fa49ed9f8a1a3dbba4b31c,1675789200
5130,outfit.df79806b22844eae8e38a61b63ffeee3,1678208400
5130,outfit.5f5573ff732d4b67824d71ebb7329db8,1673110800
5130,outfit.c5bee71e04014da8a068df3abe59a219,1673110800
5130,outfit.f6eec8c3af9e43228f79ed7b49dd4633,1673110800
5130,outfit.6ea93b224a3c4027861e62805e0bd3f8,1675789200
5130,outfit.a3df643414c746ac95399bcdbb1acab6,1675789200
4575,outfit.af5cb730014e66b0,1633453200
6907,outfit.4d91614bd70b4799a861fe5ea43db494,1693933200
6907,outfit.93826cc51216dcd0,1693933200
4463,outfit.1bf5c2c096dc490f8e8efd7d09e6769c,1687366800
3572,outfit.7ff8b8c0f1b447229811fee5dd7ea006,1602003600
570,outfit.7949c76d6d01458dadb4d517d86b6d3f,1701018000
4725,outfit.841f070dd5a12094,1659027600
4725,outfit.f8be16c68a624ee7bf9a5120adb0cbcc,1659027600
4725,outfit.74d1bc8ef8b3401a98e92e3f1826c0e3,1659027600
496,outfit.94fee721c94da3bd,1688922000
2833,outfit.4b20b3ccd3cd41fe98d0225f47276e2c,1656349200
2833,outfit.522c1f5a3380421e9539663185f60fbc,1656349200
2833,outfit.53c1b23f677a4816a518a2624c18e8b3,1656349200
2833,outfit.c22e4fbbfc23437a9f32d1ae2455223f,1658941200
2833,outfit.89c2a6a730c324a0,1656349200
2833,outfit.944efade730744e38b3b678dae890f98,1658941200
6284,outfit.a24ec8c88040844e,1633626000
1390,outfit.c7f8c0ab1c36417eb3a7dea515d2a0e7,1638291600
5490,outfit.0f545b5ba1274c66b2896afdcc48c5d9,1633885200
5490,outfit.e2ac14f5ba454e0eaf3e7c0f926c65ee,1631206800
5490,outfit.f60a93dd961d4856a6d40e366ef90717,1633885200
5490,outfit.a2ecd990912ca6bd,1634835600
4656,outfit.d6241a805f5e4108abfbdbc9f58fcb23,1696352400
1531,outfit.95c292eefaa5453bbb381c3117b7b152,1639414800
123,outfit.3b32e75fb8984ec9ad5d8ccb79999327,1644426000
550,outfit.39e26260f13d466b946601bafd691d36,1599670800
550,outfit.05a3c99a55404dc8984fde902ccaad18,1599670800
550,outfit.776c13028a5e48b7899f4a9057ee8e18,1599670800
1412,outfit.3037fa72ade7482e8c13863bc447c11c,1649264400
1862,outfit.388d5e71d8ca46a59067b8f07c7a0760,1639414800
1862,outfit.8f4c967492cd42a6a0afec84b3500e93,1632762000
1862,outfit.a273058ddb56de19,1639414800
1862,outfit.92101abfe02e418f8bc033846dc6d1c8,1635181200
3727,outfit.d3739869edc74a0a855e399f5b75a567,1649869200
3267,outfit.9aadfc9a1d195c33,1637514000
3267,outfit.a38b3b3e20364b78bfcf0bb1eadcc0e5,1639933200
454,outfit.bdd5835c2df56005,1646067600
454,outfit.20ae7885d88441348ab7a255bcc2173e,1675357200
6879,outfit.f557450bb9d14a10951367293b052595,1640019600
731,outfit.ab9dd6cb6757426c9d5968e731b29cb2,1620666000
731,outfit.cf321774b9de4035802e1829303fd3da,1633021200
6907,outfit.4b4a8f000a6b46d7a97df90ba4cd9874,1643648400
6907,outfit.7f12d0cbd88d440f84b259599e625b69,1643648400
6907,outfit.542f3e3ae20d42bea4c81a418f7adb7b,1643648400
1354,outfit.3b2ed909c25f4ba28abf27a3ba98f5d0,1696525200
5459,outfit.7ca0d67e06f7491f926b46e7fbdbd32c,1698166800
5459,outfit.d141393e8f8247db9c62121a790ed9be,1698166800
1735,outfit.d14ca830a51d455ca672e1f11d4554d4,1621530000
5160,outfit.c0dd5faf2a294aa09fd7a39dc7a313bd,1687626000
1497,outfit.9c60137e95ac47c4b54413f4226d4206,1650474000
4073,outfit.34bd3ce2dd644974b9e945a8d91d8bca,1673197200
3189,outfit.706635d443e040d2a4ae9e6862a95961,1663952400
3320,outfit.e0f170b8b51f4ae4a7e00047b9ea8d79,1665248400
7376,outfit.9bd9226c247f4ee8a64be90ee310fd8b,1626627600
5837,outfit.bb35c791b2bfa191,1619974800
5837,outfit.ad6f853b5c31b6f5,1619974800
