_step,_runtime,_timestamp,epoch,train/loss,train/mf_loss,train/reg_loss,test/recall@1,test/recall@5,test/recall@10,test/recall@20,test/precision@1,test/precision@5,test/precision@10,test/precision@20,test/ndcg@1,test/ndcg@5,test/ndcg@10,test/ndcg@20,test/map@1,test/map@5,test/map@10,test/map@20,test/mrr@1,test/mrr@5,test/mrr@10,test/mrr@20,test/hit_ratio@1,test/hit_ratio@5,test/hit_ratio@10,test/hit_ratio@20
0,0.61590879,1779096523.8875928,1,0.6822884678840637,0.6821163892745972,0.00017208194185514003,,,,,,,,,,,,,,,,,,,,,,,,
1,0.680126305,1779096523.952236,2,0.6811409592628479,0.6809660196304321,0.00017495849169790745,,,,,,,,,,,,,,,,,,,,,,,,
2,0.746022132,1779096524.0179615,3,0.6798954010009766,0.6797172427177429,0.00017813766316976398,,,,,,,,,,,,,,,,,,,,,,,,
3,0.811486266,1779096524.083565,4,0.6786629557609558,0.6784815788269043,0.00018136133439838886,,,,,,,,,,,,,,,,,,,,,,,,
4,0.875877094,1779096524.1479907,5,0.6773679256439209,0.6771830916404724,0.0001848292740760371,,,,,,,,,,,,,,,,,,,,,,,,
5,0.939833398,1779096524.2119856,6,0.6758624315261841,0.6756740808486938,0.0001883379154605791,,,,,,,,,,,,,,,,,,,,,,,,
6,1.008689955,1779096524.2805936,7,0.6746699810028076,0.6744779944419861,0.00019200294627808034,,,,,,,,,,,,,,,,,,,,,,,,
7,1.074156956,1779096524.3462274,8,0.6726841330528259,0.6724881529808044,0.00019599184452090412,,,,,,,,,,,,,,,,,,,,,,,,
8,1.1379060189999999,1779096524.4100623,9,0.6714357137680054,0.6712356209754944,0.00020009589206892997,,,,,,,,,,,,,,,,,,,,,,,,
9,1.202187751,1779096524.474307,10,0.6693167090415955,0.6691121459007263,0.0002045676374109462,,,,,,,,,,,,,,,,,,,,,,,,
10,1.269652526,1779096524.5416741,11,0.6675638556480408,0.6673546433448792,0.00020921429677400738,,,,,,,,,,,,,,,,,,,,,,,,
11,1.336533215,1779096524.608705,12,0.6659729480743408,0.6657588481903076,0.00021407028543762863,,,,,,,,,,,,,,,,,,,,,,,,
12,1.4025219309999999,1779096524.6746018,13,0.6637914776802063,0.6635725498199463,0.00021894191741012037,,,,,,,,,,,,,,,,,,,,,,,,
13,1.4711143500000001,1779096524.743308,14,0.6615107655525208,0.661286473274231,0.00022428545344155282,,,,,,,,,,,,,,,,,,,,,,,,
14,1.535836249,1779096524.808039,15,0.65948086977005,0.6592510938644409,0.0002297562314197421,,,,,,,,,,,,,,,,,,,,,,,,
15,1.601371507,1779096524.873531,16,0.6570099592208862,0.6567745208740234,0.000235454979701899,,,,,,,,,,,,,,,,,,,,,,,,
16,1.674758254,1779096524.9468818,17,0.6545130610466003,0.6542717218399048,0.00024133719853125513,,,,,,,,,,,,,,,,,,,,,,,,
17,1.741991376,1779096525.0140207,18,0.6517481207847595,0.6515006422996521,0.0002474640787113458,,,,,,,,,,,,,,,,,,,,,,,,
18,1.810461447,1779096525.0825086,19,0.6498697996139526,0.6496155858039856,0.000254202401265502,,,,,,,,,,,,,,,,,,,,,,,,
19,1.8776054100000001,1779096525.149738,20,0.6463390588760376,0.6460781097412109,0.00026095312205143273,,,,,,,,,,,,,,,,,,,,,,,,
20,1.942266034,1779096525.214349,21,0.6437369585037231,0.6434692144393921,0.000267715600784868,,,,,,,,,,,,,,,,,,,,,,,,
21,2.006864156,1779096525.279078,22,0.6408311128616333,0.6405562162399292,0.00027488998603075743,,,,,,,,,,,,,,,,,,,,,,,,
22,2.083964614,1779096525.356072,23,0.6378166079521179,0.637533962726593,0.0002826582931447774,,,,,,,,,,,,,,,,,,,,,,,,
23,2.151900667,1779096525.4237022,24,0.6341521143913269,0.6338618993759155,0.00029024132527410984,,,,,,,,,,,,,,,,,,,,,,,,
24,2.225348161,1779096525.4973915,25,0.630831241607666,0.6305330991744995,0.00029813620494678617,,,,,,,,,,,,,,,,,,,,,,,,
25,2.282530045,1779096525.554522,26,0.6279844045639038,0.6276772618293762,0.00030714148306287825,,,,,,,,,,,,,,,,,,,,,,,,
26,2.348634684,1779096525.6206887,27,0.6239045858383179,0.6235892176628113,0.0003153849975205958,,,,,,,,,,,,,,,,,,,,,,,,
27,2.403477247,1779096525.6755536,28,0.6206479072570801,0.6203230619430542,0.00032482793903909624,,,,,,,,,,,,,,,,,,,,,,,,
28,2.459385667,1779096525.73145,29,0.6160848736763,0.6157504320144653,0.0003344233555253595,,,,,,,,,,,,,,,,,,,,,,,,
29,2.513076077,1779096525.7852476,30,0.6115912199020386,0.611247181892395,0.00034404086181893945,,,,,,,,,,,,,,,,,,,,,,,,
30,2.568788341,1779096525.84087,31,0.6078212261199951,0.6074672937393188,0.0003539602621458471,,,,,,,,,,,,,,,,,,,,,,,,
31,2.628022189,1779096525.8999732,32,0.6033843159675598,0.6030195951461792,0.00036472169449552894,,,,,,,,,,,,,,,,,,,,,,,,
32,2.684237905,1779096525.9563208,33,0.5989298820495605,0.5985545516014099,0.00037534613511525095,,,,,,,,,,,,,,,,,,,,,,,,
33,2.738885166,1779096526.0109277,34,0.5935990810394287,0.593212902545929,0.0003861576842609793,,,,,,,,,,,,,,,,,,,,,,,,
34,2.794541291,1779096526.06656,35,0.5888380408287048,0.5884400606155396,0.0003979654284194112,,,,,,,,,,,,,,,,,,,,,,,,
35,2.850600459,1779096526.122654,36,0.5835527777671814,0.5831432938575745,0.00040949892718344927,,,,,,,,,,,,,,,,,,,,,,,,
36,2.9092366800000002,1779096526.1813192,37,0.5803888440132141,0.5799678564071655,0.0004210083279758692,,,,,,,,,,,,,,,,,,,,,,,,
37,2.9646274740000003,1779096526.2367332,38,0.5751440525054932,0.5747103691101074,0.00043366572936065495,,,,,,,,,,,,,,,,,,,,,,,,
38,3.018666386,1779096526.2907078,39,0.5685704946517944,0.5681235194206238,0.0004469837003853172,,,,,,,,,,,,,,,,,,,,,,,,
39,3.074110648,1779096526.3461812,40,0.5625930428504944,0.5621323585510254,0.00046069404925219715,,,,,,,,,,,,,,,,,,,,,,,,
40,4.655912384,1779096527.922475,40,,,,0.004370102658867836,0.012204060330986977,0.021826906129717827,0.03999119624495506,0.009041591547429562,0.0075949374586343765,0.006329111754894257,0.0064195264130830765,0.009041591547429562,0.011403432115912437,0.014695475809276104,0.021019335836172104,0.004370102658867836,0.006765763275325298,0.007927749305963516,0.009243573062121868,0.009041591547429562,0.018173599615693092,0.021348198875784874,0.025857465341687202,0.009041591547429562,0.037974681705236435,0.06329113990068436,0.1283905953168869
41,4.748326426,1779096528.0202763,41,0.5584843158721924,0.5580106973648071,0.0004735986585728824,,,,,,,,,,,,,,,,,,,,,,,,
42,4.802986977,1779096528.0750372,42,0.5517000555992126,0.5512120723724365,0.0004879914049524814,,,,,,,,,,,,,,,,,,,,,,,,
43,4.859947253,1779096528.131981,43,0.5457427501678467,0.5452405214309692,0.0005022530676797032,,,,,,,,,,,,,,,,,,,,,,,,
44,4.914348171,1779096528.1864927,44,0.539478063583374,0.5389623045921326,0.0005157724372111261,,,,,,,,,,,,,,,,,,,,,,,,
45,4.969585908,1779096528.241726,45,0.5351359248161316,0.5346043705940247,0.0005315448506735265,,,,,,,,,,,,,,,,,,,,,,,,
46,5.024546816,1779096528.2966425,46,0.5284197330474854,0.5278725624084473,0.0005471918266266584,,,,,,,,,,,,,,,,,,,,,,,,
47,5.079857391,1779096528.351934,47,0.5215667486190796,0.5210038423538208,0.0005629040533676744,,,,,,,,,,,,,,,,,,,,,,,,
48,5.13571313,1779096528.4078918,48,0.5137789249420166,0.5131999254226685,0.000578990438953042,,,,,,,,,,,,,,,,,,,,,,,,
49,5.192034345,1779096528.4641128,49,0.5078015923500061,0.5072061419487,0.000595463381614536,,,,,,,,,,,,,,,,,,,,,,,,
50,5.24649451,1779096528.5185556,50,0.5018200874328613,0.5012063980102539,0.0006137127056717873,,,,,,,,,,,,,,,,,,,,,,,,
51,5.302242982,1779096528.574343,51,0.49665915966033936,0.4960298538208008,0.0006293184706009924,,,,,,,,,,,,,,,,,,,,,,,,
52,5.359214352,1779096528.6312327,52,0.48858895897865295,0.4879412055015564,0.0006477452698163688,,,,,,,,,,,,,,,,,,,,,,,,
53,5.416698377,1779096528.6886792,53,0.48232102394104004,0.48165565729141235,0.0006653756718151271,,,,,,,,,,,,,,,,,,,,,,,,
54,5.47177126,1779096528.7438333,54,0.4771198630332947,0.47643589973449707,0.0006839546840637922,,,,,,,,,,,,,,,,,,,,,,,,
55,5.528513294,1779096528.8005915,55,0.46877405047416687,0.4680711328983307,0.0007029182161204517,,,,,,,,,,,,,,,,,,,,,,,,
56,5.6005544579999995,1779096528.8726442,56,0.4618872404098511,0.4611664414405823,0.0007207864546217024,,,,,,,,,,,,,,,,,,,,,,,,
57,5.6570282160000005,1779096528.9291081,57,0.4556953012943268,0.45495396852493286,0.000741338066291064,,,,,,,,,,,,,,,,,,,,,,,,
58,5.710800637,1779096528.9829707,58,0.44750887155532837,0.44674786925315857,0.0007610020693391562,,,,,,,,,,,,,,,,,,,,,,,,
59,5.766522003,1779096529.038623,59,0.44354408979415894,0.4427640438079834,0.0007800436578691006,,,,,,,,,,,,,,,,,,,,,,,,
60,5.820231829,1779096529.0923252,60,0.4326680302619934,0.4318660497665405,0.0008019927772693336,,,,,,,,,,,,,,,,,,,,,,,,
61,5.875255467,1779096529.147398,61,0.4252711534500122,0.42444899678230286,0.0008221591706387699,,,,,,,,,,,,,,,,,,,,,,,,
62,5.930790051,1779096529.202802,62,0.4207529127597809,0.41991081833839417,0.0008420956437475979,,,,,,,,,,,,,,,,,,,,,,,,
63,5.985951283,1779096529.2580168,63,0.41287368535995483,0.41200751066207886,0.0008661789470352232,,,,,,,,,,,,,,,,,,,,,,,,
64,6.042123958,1779096529.3141556,64,0.4056192934513092,0.40473103523254395,0.0008882493712007999,,,,,,,,,,,,,,,,,,,,,,,,
65,6.098118848,1779096529.3702078,65,0.399093359708786,0.3981846570968628,0.0009087064536288381,,,,,,,,,,,,,,,,,,,,,,,,
66,6.152799942,1779096529.424897,66,0.38917145133018494,0.38824039697647095,0.000931055168621242,,,,,,,,,,,,,,,,,,,,,,,,
67,6.207783825,1779096529.4798436,67,0.38547274470329285,0.38451912999153137,0.0009536147117614746,,,,,,,,,,,,,,,,,,,,,,,,
68,6.262436302,1779096529.5345361,68,0.3809196949005127,0.37994256615638733,0.000977122108452022,,,,,,,,,,,,,,,,,,,,,,,,
69,6.316853745,1779096529.5889428,69,0.3706357181072235,0.369636595249176,0.0009991290280595422,,,,,,,,,,,,,,,,,,,,,,,,
70,6.372616616,1779096529.644707,70,0.36236295104026794,0.3613397181034088,0.0010232203640043736,,,,,,,,,,,,,,,,,,,,,,,,
71,6.426234706,1779096529.698377,71,0.35773447155952454,0.35668784379959106,0.001046639634296298,,,,,,,,,,,,,,,,,,,,,,,,
72,6.481371459,1779096529.7535233,72,0.35273197293281555,0.3516616225242615,0.001070347847416997,,,,,,,,,,,,,,,,,,,,,,,,
73,6.534188963,1779096529.8062756,73,0.34633541107177734,0.34524112939834595,0.0010942721273750067,,,,,,,,,,,,,,,,,,,,,,,,
74,6.5880919989999995,1779096529.8601937,74,0.340833842754364,0.33971458673477173,0.0011192593956366181,,,,,,,,,,,,,,,,,,,,,,,,
75,6.643581832,1779096529.9156764,75,0.3313617408275604,0.3302192687988281,0.0011424775002524257,,,,,,,,,,,,,,,,,,,,,,,,
76,6.696661194,1779096529.968753,76,0.3275464177131653,0.3263787031173706,0.0011677158763632178,,,,,,,,,,,,,,,,,,,,,,,,
77,6.75203878,1779096530.0243764,77,0.31835129857063293,0.3171596825122833,0.0011916164075955749,,,,,,,,,,,,,,,,,,,,,,,,
78,6.834739024,1779096530.1071234,78,0.3140694797039032,0.3128487467765808,0.0012207279214635491,,,,,,,,,,,,,,,,,,,,,,,,
79,6.890171652,1779096530.1622982,79,0.3047817051410675,0.30353739857673645,0.001244319835677743,,,,,,,,,,,,,,,,,,,,,,,,
80,6.955364301,1779096530.2275143,80,0.3023453950881958,0.3010764420032501,0.00126894551794976,,,,,,,,,,,,,,,,,,,,,,,,
81,8.260415121,1779096531.5318756,80,,,,0.005274261813610792,0.013014933094382286,0.02303173393011093,0.03876196965575218,0.010849909856915474,0.0075949374586343765,0.007052438333630562,0.00669077318161726,0.010849909856915474,0.01251289714127779,0.01657496578991413,0.02233283221721649,0.005274261813610792,0.00791895855218172,0.00932858046144247,0.010459148325026035,0.010849909856915474,0.020102471113204956,0.02445104718208313,0.028819072991609573,0.010849909856915474,0.037974681705236435,0.07052440941333771,0.13381555676460266
82,8.332009401,1779096531.6040938,81,0.2968621850013733,0.2955649197101593,0.0012972515542060137,,,,,,,,,,,,,,,,,,,,,,,,
83,8.387716587,1779096531.6598175,82,0.2874341309070587,0.28611379861831665,0.001320318435318768,,,,,,,,,,,,,,,,,,,,,,,,
84,8.442704174,1779096531.7147956,83,0.28364402055740356,0.2822967767715454,0.001347248093225062,,,,,,,,,,,,,,,,,,,,,,,,
85,8.49830984,1779096531.770422,84,0.2795165777206421,0.278145432472229,0.001371130347251892,,,,,,,,,,,,,,,,,,,,,,,,
86,8.552868416,1779096531.824959,85,0.2765037715435028,0.2751072645187378,0.001396494684740901,,,,,,,,,,,,,,,,,,,,,,,,
87,8.622986291,1779096531.8952718,86,0.26797813177108765,0.2665536403656006,0.0014244852354750037,,,,,,,,,,,,,,,,,,,,,,,,
88,8.676753523,1779096531.9488544,87,0.2631482481956482,0.26170116662979126,0.0014470884343609214,,,,,,,,,,,,,,,,,,,,,,,,
89,8.732702246,1779096532.004816,88,0.26144149899482727,0.2599667012691498,0.0014748105313628912,,,,,,,,,,,,,,,,,,,,,,,,
90,8.78633097,1779096532.0584564,89,0.2558310925960541,0.2543298304080963,0.00150127406232059,,,,,,,,,,,,,,,,,,,,,,,,
91,8.84171388,1779096532.1138387,90,0.25250348448753357,0.2509779632091522,0.0015255329199135303,,,,,,,,,,,,,,,,,,,,,,,,
92,8.895573632,1779096532.1676722,91,0.24394044280052185,0.2423870861530304,0.0015533609548583627,,,,,,,,,,,,,,,,,,,,,,,,
93,8.950494779,1779096532.2226484,92,0.2389502227306366,0.23737186193466187,0.0015783620765432715,,,,,,,,,,,,,,,,,,,,,,,,
94,9.006111003,1779096532.278215,93,0.23793476819992065,0.23633073270320892,0.00160403607878834,,,,,,,,,,,,,,,,,,,,,,,,
95,9.061152204,1779096532.33332,94,0.23316463828086853,0.2315351665019989,0.0016294688684865832,,,,,,,,,,,,,,,,,,,,,,,,
96,9.116815536,1779096532.3888998,95,0.2268749177455902,0.2252221405506134,0.0016527804546058178,,,,,,,,,,,,,,,,,,,,,,,,
97,9.171286019,1779096532.4433477,96,0.22693200409412384,0.22525358200073242,0.001678425120189786,,,,,,,,,,,,,,,,,,,,,,,,
98,9.232857262,1779096532.505167,97,0.22061032056808472,0.2189020812511444,0.001708243740722537,,,,,,,,,,,,,,,,,,,,,,,,
99,9.289545401,1779096532.5617156,98,0.21695557236671448,0.21522186696529388,0.0017337013268843293,,,,,,,,,,,,,,,,,,,,,,,,
100,9.345083824,1779096532.617234,99,0.21351556479930878,0.21175894141197205,0.0017566290916875005,,,,,,,,,,,,,,,,,,,,,,,,
101,9.399225708,1779096532.6713057,100,0.2094734162092209,0.20769450068473816,0.0017789211124181747,,,,,,,,,,,,,,,,,,,,,,,,
102,9.452004784,1779096532.7240682,101,0.2059764713048935,0.20416776835918427,0.001808704691939056,,,,,,,,,,,,,,,,,,,,,,,,
103,9.506714797,1779096532.7788606,102,0.20322182774543762,0.20138980448246002,0.0018320289673283696,,,,,,,,,,,,,,,,,,,,,,,,
104,9.56082332,1779096532.832945,103,0.20043393969535828,0.19857382774353027,0.001860115211457014,,,,,,,,,,,,,,,,,,,,,,,,
105,9.613946638,1779096532.8861802,104,0.19513705372810364,0.19325290620326996,0.0018841515993699431,,,,,,,,,,,,,,,,,,,,,,,,
106,9.669291335,1779096532.9414015,105,0.19285668432712555,0.19094732403755188,0.001909363898448646,,,,,,,,,,,,,,,,,,,,,,,,
107,9.721852308,1779096532.9939694,106,0.18853887915611267,0.18660840392112732,0.0019304768647998571,,,,,,,,,,,,,,,,,,,,,,,,
108,9.775374640999999,1779096533.0475497,107,0.18916381895542145,0.18720567226409912,0.001958146458491683,,,,,,,,,,,,,,,,,,,,,,,,
109,9.830091053,1779096533.1021872,108,0.18259495496749878,0.18060988187789917,0.0019850668031722307,,,,,,,,,,,,,,,,,,,,,,,,
110,9.883507517,1779096533.1556804,109,0.17980238795280457,0.17779462039470673,0.0020077666267752647,,,,,,,,,,,,,,,,,,,,,,,,
111,9.937220312,1779096533.2093408,110,0.17995662987232208,0.1779223084449768,0.002034324686974287,,,,,,,,,,,,,,,,,,,,,,,,
112,9.993739249,1779096533.2658553,111,0.1745622158050537,0.1725054681301117,0.0020567472092807293,,,,,,,,,,,,,,,,,,,,,,,,
113,10.052207587,1779096533.3245528,112,0.16993361711502075,0.16785486042499542,0.002078758319839835,,,,,,,,,,,,,,,,,,,,,,,,
114,10.146876533,1779096533.4190953,113,0.1704440712928772,0.16833895444869995,0.002105114283040166,,,,,,,,,,,,,,,,,,,,,,,,
115,10.200487339,1779096533.4724936,114,0.16538454592227936,0.16325736045837402,0.002127182437106967,,,,,,,,,,,,,,,,,,,,,,,,
116,10.254933913,1779096533.5270872,115,0.16597841680049896,0.16382557153701782,0.0021528429351747036,,,,,,,,,,,,,,,,,,,,,,,,
117,10.309348731,1779096533.581467,116,0.16477110981941223,0.162591814994812,0.0021793018095195293,,,,,,,,,,,,,,,,,,,,,,,,
118,10.364926911,1779096533.637006,117,0.1587243527173996,0.15652188658714294,0.0022024684585630894,,,,,,,,,,,,,,,,,,,,,,,,
119,10.420438072,1779096533.692456,118,0.15290305018424988,0.15067440271377563,0.002228642115369439,,,,,,,,,,,,,,,,,,,,,,,,
120,10.475377586,1779096533.7474182,119,0.15544334053993225,0.15319368243217468,0.0022496599704027176,,,,,,,,,,,,,,,,,,,,,,,,
121,10.531468829,1779096533.8034387,120,0.1500261127948761,0.1477522850036621,0.002273829188197851,,,,,,,,,,,,,,,,,,,,,,,,
122,11.885630538000001,1779096535.1571362,120,,,,0.007444243878126144,0.017075102776288986,0.025895632803440094,0.04292325675487518,0.016274863854050636,0.00940325390547514,0.008318260312080383,0.007052436470985413,0.016274863854050636,0.01590290665626526,0.019721955060958862,0.02553817816078663,0.007444243878126144,0.010223720222711563,0.011406387202441692,0.012654229067265987,0.016274863854050636,0.02543700858950615,0.030024537816643715,0.03392968326807022,0.016274863854050636,0.04701627418398857,0.08318264037370682,0.14104881882667542
123,11.987498007,1779096535.259413,121,0.14917857944965363,0.1468820571899414,0.002296528546139598,,,,,,,,,,,,,,,,,,,,,,,,
124,12.044236008,1779096535.3162317,122,0.1465759426355362,0.14425763487815857,0.0023183103185147047,,,,,,,,,,,,,,,,,,,,,,,,
125,12.102959732,1779096535.3749201,123,0.14656241238117218,0.14422889053821564,0.002333518350496888,,,,,,,,,,,,,,,,,,,,,,,,
126,12.158130155,1779096535.4301918,124,0.14564327895641327,0.1432773470878601,0.0023659386206418276,,,,,,,,,,,,,,,,,,,,,,,,
127,12.214169247,1779096535.4862535,125,0.1423916518688202,0.14000897109508514,0.002382676349952817,,,,,,,,,,,,,,,,,,,,,,,,
128,12.269492203,1779096535.5415478,126,0.13990753889083862,0.13749781250953674,0.0024097247514873743,,,,,,,,,,,,,,,,,,,,,,,,
129,12.325176422,1779096535.5972457,127,0.13207150995731354,0.12964452803134918,0.00242698285728693,,,,,,,,,,,,,,,,,,,,,,,,
130,12.380982337,1779096535.6530504,128,0.13541853427886963,0.13296592235565186,0.0024526154156774282,,,,,,,,,,,,,,,,,,,,,,,,
131,12.436369221,1779096535.7083888,129,0.13260890543460846,0.1301279366016388,0.0024809660390019417,,,,,,,,,,,,,,,,,,,,,,,,
132,12.495783441,1779096535.7677574,130,0.1334981471300125,0.13099610805511475,0.0025020327884703875,,,,,,,,,,,,,,,,,,,,,,,,
133,12.549691832,1779096535.8217673,131,0.12774011492729187,0.1252220869064331,0.0025180347729474306,,,,,,,,,,,,,,,,,,,,,,,,
134,12.605943575,1779096535.8779948,132,0.12539459764957428,0.12285643070936203,0.0025381704326719046,,,,,,,,,,,,,,,,,,,,,,,,
135,12.659715706,1779096535.9317544,133,0.1245630756020546,0.12199863791465759,0.0025644353590905666,,,,,,,,,,,,,,,,,,,,,,,,
136,12.716022997,1779096535.9880605,134,0.12313776463270187,0.12055647373199463,0.002581294160336256,,,,,,,,,,,,,,,,,,,,,,,,
137,12.769931861,1779096536.0419965,135,0.12460798025131226,0.12200215458869934,0.0026058244984596968,,,,,,,,,,,,,,,,,,,,,,,,
138,12.825771175,1779096536.0978944,136,0.11806747317314148,0.11544767022132874,0.0026197999250143766,,,,,,,,,,,,,,,,,,,,,,,,
139,12.879832215,1779096536.1519308,137,0.11930753290653229,0.11665819585323334,0.002649336587637663,,,,,,,,,,,,,,,,,,,,,,,,
140,12.934060154,1779096536.2061772,138,0.1216050460934639,0.1189379096031189,0.0026671395171433687,,,,,,,,,,,,,,,,,,,,,,,,
141,12.992647486,1779096536.264755,139,0.113336481153965,0.11064951121807098,0.0026869720313698053,,,,,,,,,,,,,,,,,,,,,,,,
142,13.048803064,1779096536.3209052,140,0.1135781854391098,0.11086905002593994,0.0027091370429843664,,,,,,,,,,,,,,,,,,,,,,,,
143,13.102754828,1779096536.3748553,141,0.10999792069196701,0.1072632372379303,0.0027346869464963675,,,,,,,,,,,,,,,,,,,,,,,,
144,13.160230711,1779096536.4321802,142,0.1146145910024643,0.11185778677463531,0.0027568063233047724,,,,,,,,,,,,,,,,,,,,,,,,
145,13.213221283,1779096536.485326,143,0.11069512367248535,0.1079193651676178,0.0027757547795772552,,,,,,,,,,,,,,,,,,,,,,,,
146,13.267577569,1779096536.5397465,144,0.1077420562505722,0.10495385527610779,0.0027882042340934277,,,,,,,,,,,,,,,,,,,,,,,,
147,13.321903436,1779096536.5940082,145,0.1082652285695076,0.10545551776885986,0.0028097089380025864,,,,,,,,,,,,,,,,,,,,,,,,
148,13.375777419,1779096536.6478844,146,0.10809256136417389,0.105258509516716,0.00283405021764338,,,,,,,,,,,,,,,,,,,,,,,,
149,13.43154885,1779096536.7035985,147,0.10532306134700775,0.10247436910867691,0.002848695730790496,,,,,,,,,,,,,,,,,,,,,,,,
150,13.486429922,1779096536.7584538,148,0.10313774645328522,0.10026776790618896,0.0028699797112494707,,,,,,,,,,,,,,,,,,,,,,,,
151,13.541588128,1779096536.8137453,149,0.10196815431118011,0.09907771646976471,0.0028904383070766926,,,,,,,,,,,,,,,,,,,,,,,,
152,13.595796849,1779096536.8678565,150,0.09950657933950424,0.09660079330205917,0.002905788365751505,,,,,,,,,,,,,,,,,,,,,,,,
153,13.651032901,1779096536.9231834,151,0.09947266429662704,0.09653948247432709,0.0029331815894693136,,,,,,,,,,,,,,,,,,,,,,,,
154,13.706836105,1779096536.978944,152,0.09854430705308914,0.09559033811092377,0.0029539712704718113,,,,,,,,,,,,,,,,,,,,,,,,
155,13.76359831,1779096537.035585,153,0.09679591655731201,0.09382463991641998,0.0029712780378758907,,,,,,,,,,,,,,,,,,,,,,,,
156,13.818902307,1779096537.090812,154,0.09818874299526215,0.09519694745540619,0.002991794142872095,,,,,,,,,,,,,,,,,,,,,,,,
157,13.87464305,1779096537.146762,155,0.09528122842311859,0.09227058291435242,0.003010644344612956,,,,,,,,,,,,,,,,,,,,,,,,
158,13.929097303,1779096537.2012138,156,0.09419385343790054,0.09116677939891815,0.0030270731076598167,,,,,,,,,,,,,,,,,,,,,,,,
159,13.984434223000001,1779096537.2564683,157,0.09278132021427155,0.08973941206932068,0.0030419055838137865,,,,,,,,,,,,,,,,,,,,,,,,
160,14.046620314,1779096537.3189015,158,0.09478640556335449,0.09172147512435913,0.0030649290420114994,,,,,,,,,,,,,,,,,,,,,,,,
161,14.10030339,1779096537.3725505,159,0.09101863950490952,0.08793993294239044,0.0030787065625190735,,,,,,,,,,,,,,,,,,,,,,,,
162,14.154346598,1779096537.426469,160,0.08821766078472137,0.0851149931550026,0.0031026650685817003,,,,,,,,,,,,,,,,,,,,,,,,
163,15.502967253,1779096538.7743142,160,,,,0.006238698028028011,0.017954876646399498,0.026242943480610847,0.04691077768802643,0.012658228166401386,0.010126580484211445,0.008137429133057594,0.0074141002260148525,0.012658228166401386,0.016156401485204697,0.019365428015589714,0.026349622756242752,0.006238698028028011,0.009884101338684559,0.011104787699878216,0.012631457298994064,0.012658228166401386,0.024954792112112045,0.028932373970746994,0.0335751511156559,0.012658228166401386,0.050632912665605545,0.08137432485818863,0.14828209578990936
164,15.574384771,1779096538.8463976,161,0.08700763434171677,0.08388689160346985,0.0031207436695694923,,,,,,,,,,,,,,,,,,,,,,,,
165,15.630339699,1779096538.9025328,162,0.08676248788833618,0.08362191915512085,0.0031405652407556772,,,,,,,,,,,,,,,,,,,,,,,,
166,15.684836477,1779096538.9568875,163,0.08581192791461945,0.08266085386276245,0.0031510719563812017,,,,,,,,,,,,,,,,,,,,,,,,
167,15.740742369,1779096539.012753,164,0.08425368368625641,0.08107602596282959,0.0031776591204106808,,,,,,,,,,,,,,,,,,,,,,,,
168,15.796388262,1779096539.0684142,165,0.0844530239701271,0.08126034587621689,0.0031926766969263554,,,,,,,,,,,,,,,,,,,,,,,,
169,15.852013376,1779096539.1240585,166,0.08212774991989136,0.07891786098480225,0.003209889167919755,,,,,,,,,,,,,,,,,,,,,,,,
170,15.907291425,1779096539.1792974,167,0.08444269746541977,0.08121488988399506,0.0032278047874569893,,,,,,,,,,,,,,,,,,,,,,,,
171,15.964430652,1779096539.236382,168,0.08297766000032425,0.07972957193851471,0.003248089924454689,,,,,,,,,,,,,,,,,,,,,,,,
172,16.019060786,1779096539.2910597,169,0.08205578476190567,0.07879845798015594,0.003257329110056162,,,,,,,,,,,,,,,,,,,,,,,,
173,16.075792419,1779096539.3479,170,0.07657959312200546,0.07330376654863358,0.0032758277375251055,,,,,,,,,,,,,,,,,,,,,,,,
174,16.13015312,1779096539.402301,171,0.07991021126508713,0.07661090791225433,0.003299303352832794,,,,,,,,,,,,,,,,,,,,,,,,
175,16.187234867,1779096539.4592717,172,0.07959064841270447,0.07627743482589722,0.003313216380774975,,,,,,,,,,,,,,,,,,,,,,,,
176,16.241664586,1779096539.5137103,173,0.07992143929004669,0.07658901810646057,0.003332420950755477,,,,,,,,,,,,,,,,,,,,,,,,
177,16.297925133,1779096539.5701458,174,0.07917027175426483,0.07582490891218185,0.003345361677929759,,,,,,,,,,,,,,,,,,,,,,,,
178,16.352852928,1779096539.6247935,175,0.07608502358198166,0.07272006571292877,0.003364956472069025,,,,,,,,,,,,,,,,,,,,,,,,
179,16.410128639,1779096539.682086,176,0.07689953595399857,0.07351835072040558,0.003381181973963976,,,,,,,,,,,,,,,,,,,,,,,,
180,16.465258903,1779096539.7373,177,0.07616771757602692,0.07276841253042221,0.003399307606741786,,,,,,,,,,,,,,,,,,,,,,,,
181,16.525648137,1779096539.7975512,178,0.07593321800231934,0.0725163072347641,0.0034169123973697424,,,,,,,,,,,,,,,,,,,,,,,,
182,16.583205917,1779096539.8553748,179,0.07272151857614517,0.06929247081279755,0.003429049625992775,,,,,,,,,,,,,,,,,,,,,,,,
183,16.639482314,1779096539.9114954,180,0.07342318445444107,0.06997217237949371,0.0034510139375925064,,,,,,,,,,,,,,,,,,,,,,,,
184,16.694117599,1779096539.9662428,181,0.07255234569311142,0.06907758116722107,0.0034747663885354996,,,,,,,,,,,,,,,,,,,,,,,,
185,16.751180465,1779096540.0232005,182,0.07211101800203323,0.06862562894821167,0.00348538882099092,,,,,,,,,,,,,,,,,,,,,,,,
186,16.806411419,1779096540.078429,183,0.07075691223144531,0.06725484877824783,0.003502064850181341,,,,,,,,,,,,,,,,,,,,,,,,
187,16.86277086,1779096540.134838,184,0.06879694014787674,0.0652821958065033,0.0035147410817444324,,,,,,,,,,,,,,,,,,,,,,,,
188,16.91788988,1779096540.18988,185,0.06969869881868362,0.06616699695587158,0.003531699301674962,,,,,,,,,,,,,,,,,,,,,,,,
189,16.974684582,1779096540.2467096,186,0.06950691342353821,0.06596270948648453,0.0035442046355456114,,,,,,,,,,,,,,,,,,,,,,,,
190,17.029776422,1779096540.3017807,187,0.06758496910333633,0.06401999294757843,0.0035649726632982492,,,,,,,,,,,,,,,,,,,,,,,,
191,17.086128436,1779096540.3582716,188,0.06784993410110474,0.06427400559186935,0.003575927345082164,,,,,,,,,,,,,,,,,,,,,,,,
192,17.144350618,1779096540.4164467,189,0.0654117614030838,0.061821747571229935,0.00359001150354743,,,,,,,,,,,,,,,,,,,,,,,,
193,17.201251661,1779096540.4733393,190,0.06555796414613724,0.06194303184747696,0.003614934394136071,,,,,,,,,,,,,,,,,,,,,,,,
194,17.258516046,1779096540.5306199,191,0.06739050149917603,0.06375912576913834,0.0036313775926828384,,,,,,,,,,,,,,,,,,,,,,,,
195,17.314387925,1779096540.586471,192,0.06683102250099182,0.06319016218185425,0.0036408614832907915,,,,,,,,,,,,,,,,,,,,,,,,
196,17.372477945,1779096540.6446836,193,0.0636349692940712,0.05997142940759659,0.0036635405849665403,,,,,,,,,,,,,,,,,,,,,,,,
197,17.429586407,1779096540.7016768,194,0.06460531800985336,0.060931652784347534,0.0036736642941832542,,,,,,,,,,,,,,,,,,,,,,,,
198,17.483975337,1779096540.756187,195,0.06398195773363113,0.060289688408374786,0.0036922721192240715,,,,,,,,,,,,,,,,,,,,,,,,
199,17.53952275,1779096540.8116245,196,0.0626181960105896,0.058919843286275864,0.0036983501631766558,,,,,,,,,,,,,,,,,,,,,,,,
200,17.593379509000002,1779096540.8655198,197,0.06328479200601578,0.05956880748271942,0.003715982660651207,,,,,,,,,,,,,,,,,,,,,,,,
201,17.648443972,1779096540.9205556,198,0.06307318806648254,0.059340521693229675,0.00373266963288188,,,,,,,,,,,,,,,,,,,,,,,,
202,17.701382362,1779096540.9736814,199,0.060739945620298386,0.056991733610630035,0.0037482103798538446,,,,,,,,,,,,,,,,,,,,,,,,
203,17.756781675,1779096541.0287843,200,0.06322687864303589,0.05946435034275055,0.0037625266704708338,,,,,,,,,,,,,,,,,,,,,,,,
204,19.176343155,1779096542.4476128,200,,,,0.005786618683487177,0.016295041888952255,0.0284546110779047,0.048044417053461075,0.010849909856915474,0.010488243773579597,0.008860756643116474,0.007775765378028154,0.010849909856915474,0.01539261732250452,0.01952298916876316,0.02622494101524353,0.005786618683487177,0.009072890505194664,0.010750088840723038,0.012141444720327854,0.010849909856915474,0.023658830672502518,0.02808060124516487,0.03249902278184891,0.010849909856915474,0.052441228181123734,0.08860759437084198,0.1555153727531433
205,19.275325343,1779096542.547483,201,0.06081134080886841,0.05703296512365341,0.0037783742882311344,,,,,,,,,,,,,,,,,,,,,,,,
206,19.330522097,1779096542.6026073,202,0.05711934715509415,0.053320642560720444,0.0037987041287124157,,,,,,,,,,,,,,,,,,,,,,,,
207,19.388606481,1779096542.6606805,203,0.059659089893102646,0.055851757526397705,0.0038073325995355844,,,,,,,,,,,,,,,,,,,,,,,,
208,19.445998575,1779096542.7182095,204,0.059947676956653595,0.05613163858652115,0.003816039999946952,,,,,,,,,,,,,,,,,,,,,,,,
209,19.500829894,1779096542.7730525,205,0.059071194380521774,0.05522885173559189,0.003842343110591173,,,,,,,,,,,,,,,,,,,,,,,,
210,19.557190975,1779096542.8292875,206,0.059301894158124924,0.05545362830162048,0.0038482649251818657,,,,,,,,,,,,,,,,,,,,,,,,
211,19.611501317,1779096542.8835115,207,0.054063089191913605,0.05019720643758774,0.003865883918479085,,,,,,,,,,,,,,,,,,,,,,,,
212,19.668176005,1779096542.940228,208,0.05719742551445961,0.05331416055560112,0.0038832658901810646,,,,,,,,,,,,,,,,,,,,,,,,
213,19.722722686,1779096542.9948971,209,0.055230267345905304,0.051328323781490326,0.003901944262906909,,,,,,,,,,,,,,,,,,,,,,,,
214,19.779123187,1779096543.051317,210,0.05704880505800247,0.05313894897699356,0.0039098565466701984,,,,,,,,,,,,,,,,,,,,,,,,
215,19.834483536,1779096543.1066887,211,0.05568429082632065,0.05175555497407913,0.003928736317902803,,,,,,,,,,,,,,,,,,,,,,,,
216,19.891029705,1779096543.1631887,212,0.054027821868658066,0.05009102076292038,0.003936801105737686,,,,,,,,,,,,,,,,,,,,,,,,
217,19.946586949,1779096543.218601,213,0.05561884492635727,0.05166872590780258,0.003950117621570826,,,,,,,,,,,,,,,,,,,,,,,,
218,20.00336254,1779096543.2755015,214,0.05502575263381004,0.05106091499328613,0.0039648390375077724,,,,,,,,,,,,,,,,,,,,,,,,
219,20.059989419,1779096543.3319728,215,0.05511520430445671,0.051131751388311386,0.003983451519161463,,,,,,,,,,,,,,,,,,,,,,,,
220,20.114537233,1779096543.386737,216,0.053334545344114304,0.049349065870046616,0.003985480405390263,,,,,,,,,,,,,,,,,,,,,,,,
221,20.172390297,1779096543.4445422,217,0.054263174533843994,0.050265006721019745,0.003998169209808111,,,,,,,,,,,,,,,,,,,,,,,,
222,20.229123014,1779096543.5010374,218,0.053166911005973816,0.04915415495634079,0.004012754186987877,,,,,,,,,,,,,,,,,,,,,,,,
223,20.291680853,1779096543.5637639,219,0.053359221667051315,0.04932355508208275,0.004035667050629854,,,,,,,,,,,,,,,,,,,,,,,,
224,20.351530931,1779096543.6238668,220,0.05199223756790161,0.04795075207948685,0.004041485954076052,,,,,,,,,,,,,,,,,,,,,,,,
225,20.408794441,1779096543.6811259,221,0.05186614766716957,0.04779791459441185,0.004068232141435146,,,,,,,,,,,,,,,,,,,,,,,,
226,20.461816468,1779096543.733978,222,0.04958290606737137,0.04550927132368088,0.0040736328810453415,,,,,,,,,,,,,,,,,,,,,,,,
227,20.515144975,1779096543.787154,223,0.04901484400033951,0.0449223518371582,0.004092491697520018,,,,,,,,,,,,,,,,,,,,,,,,
228,20.572407274,1779096543.8444624,224,0.0496026910841465,0.0455002635717392,0.004102428909391165,,,,,,,,,,,,,,,,,,,,,,,,
229,20.628608569,1779096543.9006517,225,0.051247745752334595,0.04713735729455948,0.004110387526452541,,,,,,,,,,,,,,,,,,,,,,,,
230,20.684786867,1779096543.956967,226,0.04913606122136116,0.04499831050634384,0.004137751180678606,,,,,,,,,,,,,,,,,,,,,,,,
231,20.741008223,1779096544.0131662,227,0.047672614455223083,0.04353244602680206,0.004140168894082308,,,,,,,,,,,,,,,,,,,,,,,,
232,20.797666053,1779096544.0696683,228,0.04805370792746544,0.04389558732509613,0.004158120136708021,,,,,,,,,,,,,,,,,,,,,,,,
233,20.853549939,1779096544.1255937,229,0.04846413806080818,0.04428926482796669,0.00417487183585763,,,,,,,,,,,,,,,,,,,,,,,,
234,20.909708646,1779096544.181866,230,0.049344517290592194,0.045150868594646454,0.004193650558590889,,,,,,,,,,,,,,,,,,,,,,,,
235,20.963834786,1779096544.2359264,231,0.046306248754262924,0.04210346192121506,0.004202786833047867,,,,,,,,,,,,,,,,,,,,,,,,
236,21.023201546,1779096544.2951493,232,0.04647745192050934,0.04226900637149811,0.0042084441520273685,,,,,,,,,,,,,,,,,,,,,,,,
237,21.078944793,1779096544.3511708,233,0.046853505074977875,0.042624495923519135,0.004229008220136166,,,,,,,,,,,,,,,,,,,,,,,,
238,21.134024504,1779096544.4062152,234,0.046948470175266266,0.042724594473838806,0.004223877564072609,,,,,,,,,,,,,,,,,,,,,,,,
239,21.189791872,1779096544.4619737,235,0.0472598671913147,0.04301012307405472,0.0042497459799051285,,,,,,,,,,,,,,,,,,,,,,,,
240,21.245244103,1779096544.5173182,236,0.04734779894351959,0.04308732971549034,0.004260470625013113,,,,,,,,,,,,,,,,,,,,,,,,
241,21.300335098,1779096544.572414,237,0.0433744378387928,0.03910047560930252,0.004273961763828993,,,,,,,,,,,,,,,,,,,,,,,,
242,21.355997989,1779096544.6280117,238,0.045765019953250885,0.041477564722299576,0.0042874570935964584,,,,,,,,,,,,,,,,,,,,,,,,
243,21.41311114,1779096544.68515,239,0.043689507991075516,0.03940194845199585,0.004287560470402241,,,,,,,,,,,,,,,,,,,,,,,,
244,21.468065193,1779096544.7401092,240,0.04326586052775383,0.03896063193678856,0.004305229056626558,,,,,,,,,,,,,,,,,,,,,,,,
245,22.97510965,1779096546.2465303,240,,,,0.0030741412192583084,0.012979792430996895,0.02830391936004162,0.046526722609996796,0.005424954928457737,0.00940325390547514,0.008679923601448536,0.0075949328020215034,0.005424954928457737,0.012408921495079994,0.01775260828435421,0.02420792542397976,0.0030741412192583084,0.00675769941881299,0.008897289633750916,0.010323437862098217,0.005424954928457737,0.019349005073308945,0.02456657774746418,0.029109861701726913,0.005424954928457737,0.04701627418398857,0.08679927885532379,0.15189872682094574
246,23.043272661,1779096546.315465,241,0.044843561947345734,0.040526047348976135,0.00431751599535346,,,,,,,,,,,,,,,,,,,,,,,,
247,23.101204738,1779096546.3733754,242,0.044357780367136,0.040017418563365936,0.004340361803770065,,,,,,,,,,,,,,,,,,,,,,,,
248,23.157014965,1779096546.429077,243,0.04328472539782524,0.03894658014178276,0.004338144790381193,,,,,,,,,,,,,,,,,,,,,,,,
249,23.212720764,1779096546.484795,244,0.04273434355854988,0.038375064730644226,0.00435927789658308,,,,,,,,,,,,,,,,,,,,,,,,
250,23.269081082,1779096546.54107,245,0.04449215903878212,0.040115781128406525,0.00437637884169817,,,,,,,,,,,,,,,,,,,,,,,,
251,23.323570556,1779096546.595833,246,0.04240759462118149,0.0380278155207634,0.004379779100418091,,,,,,,,,,,,,,,,,,,,,,,,
252,23.378416729,1779096546.650537,247,0.04392695799469948,0.03952661529183388,0.004400342237204313,,,,,,,,,,,,,,,,,,,,,,,,
253,23.434303312,1779096546.7063951,248,0.04339837655425072,0.039000168442726135,0.00439820671454072,,,,,,,,,,,,,,,,,,,,,,,,
254,23.489095941,1779096546.7611756,249,0.04276898875832558,0.038348399102687836,0.004420590121299028,,,,,,,,,,,,,,,,,,,,,,,,
255,23.545510471,1779096546.8175895,250,0.04062211886048317,0.03619636595249176,0.004425751511007547,,,,,,,,,,,,,,,,,,,,,,,,
256,23.600452236,1779096546.8725486,251,0.041690435260534286,0.03725879266858101,0.004431641194969416,,,,,,,,,,,,,,,,,,,,,,,,
257,23.656530702,1779096546.9287434,252,0.041054971516132355,0.036601729691028595,0.0044532399624586105,,,,,,,,,,,,,,,,,,,,,,,,
258,23.711714442,1779096546.9837952,253,0.040473561733961105,0.03600919991731644,0.004464360885322094,,,,,,,,,,,,,,,,,,,,,,,,
259,23.766787482,1779096547.03901,254,0.03967040404677391,0.03518939018249512,0.004481015261262655,,,,,,,,,,,,,,,,,,,,,,,,
260,23.822950588,1779096547.0951595,255,0.03946196660399437,0.03497147187590599,0.004490495193749666,,,,,,,,,,,,,,,,,,,,,,,,
261,23.877182193,1779096547.1494048,256,0.04014619439840317,0.03565008193254471,0.004496114328503609,,,,,,,,,,,,,,,,,,,,,,,,
262,23.932368755,1779096547.2046037,257,0.03914831206202507,0.03464501351118088,0.004503297153860331,,,,,,,,,,,,,,,,,,,,,,,,
263,23.987555927,1779096547.2598307,258,0.03936111554503441,0.03482997417449951,0.004531141836196184,,,,,,,,,,,,,,,,,,,,,,,,
264,24.043325925,1779096547.3153977,259,0.039834678173065186,0.035301461815834045,0.0045332168228924274,,,,,,,,,,,,,,,,,,,,,,,,
265,24.099257355,1779096547.3713462,260,0.038383252918720245,0.033834706991910934,0.004548545461148024,,,,,,,,,,,,,,,,,,,,,,,,
266,24.155704424,1779096547.4277916,261,0.03818792849779129,0.03362815082073212,0.004559776745736599,,,,,,,,,,,,,,,,,,,,,,,,
267,24.211742359,1779096547.4838562,262,0.03916851431131363,0.03460371494293213,0.004564798902720213,,,,,,,,,,,,,,,,,,,,,,,,
268,24.268512833,1779096547.540518,263,0.037537477910518646,0.03295692056417465,0.0045805564150214195,,,,,,,,,,,,,,,,,,,,,,,,
269,24.32475594,1779096547.5968857,264,0.036804623901844025,0.032210610806941986,0.004594012163579464,,,,,,,,,,,,,,,,,,,,,,,,
270,24.382705059,1779096547.6548474,265,0.03794828802347183,0.03334552422165871,0.0046027651987969875,,,,,,,,,,,,,,,,,,,,,,,,
271,24.438970924,1779096547.71113,266,0.03700514882802963,0.03238227963447571,0.004622871056199074,,,,,,,,,,,,,,,,,,,,,,,,
272,24.492844553,1779096547.764957,267,0.038186296820640564,0.03355890512466431,0.0046273935586214066,,,,,,,,,,,,,,,,,,,,,,,,
273,24.547351831,1779096547.8194153,268,0.037474025040864944,0.032827235758304596,0.004646787885576487,,,,,,,,,,,,,,,,,,,,,,,,
274,24.603688115,1779096547.8758705,269,0.03714573383331299,0.032493412494659424,0.0046523213386535645,,,,,,,,,,,,,,,,,,,,,,,,
275,24.657630132,1779096547.9297204,270,0.03828814625740051,0.03363483399152756,0.004653311334550381,,,,,,,,,,,,,,,,,,,,,,,,
276,24.714657406,1779096547.9868524,271,0.03562212735414505,0.03096000850200653,0.004662119783461094,,,,,,,,,,,,,,,,,,,,,,,,
277,24.771437255,1779096548.0434878,272,0.03509604185819626,0.030409492552280426,0.004686547908931971,,,,,,,,,,,,,,,,,,,,,,,,
278,24.825860444,1779096548.097898,273,0.036569178104400635,0.031871501356363297,0.0046976786106824875,,,,,,,,,,,,,,,,,,,,,,,,
279,24.882204645,1779096548.1542587,274,0.034240733832120895,0.02952495776116848,0.004715775139629841,,,,,,,,,,,,,,,,,,,,,,,,
280,24.937502204,1779096548.209714,275,0.03567444533109665,0.03095121681690216,0.004723226651549339,,,,,,,,,,,,,,,,,,,,,,,,
281,24.996170817,1779096548.268215,276,0.034019097685813904,0.029293939471244812,0.004725159145891666,,,,,,,,,,,,,,,,,,,,,,,,
282,25.051499424,1779096548.3235407,277,0.03457527235150337,0.02983187884092331,0.0047433944419026375,,,,,,,,,,,,,,,,,,,,,,,,
283,25.107177991,1779096548.379258,278,0.03587297350168228,0.03111860901117325,0.004754365421831608,,,,,,,,,,,,,,,,,,,,,,,,
284,25.162319761,1779096548.4344041,279,0.035503122955560684,0.030751509591937065,0.004751614294946194,,,,,,,,,,,,,,,,,,,,,,,,
285,25.221475765,1779096548.4936597,280,0.033976830542087555,0.02920306846499443,0.004773762542754412,,,,,,,,,,,,,,,,,,,,,,,,
286,26.462104213,1779096549.7334583,280,,,,0.003275065217167139,0.012075632810592651,0.03167643025517464,0.04804525151848793,0.007233273237943649,0.008679927326738834,0.00958408322185278,0.00795659888535738,0.007233273237943649,0.01176442764699459,0.01881650649011135,0.02463701367378235,0.003275065217167139,0.0063275620341300964,0.008968031965196133,0.010245541110634804,0.007233273237943649,0.019017478451132774,0.02573983184993267,0.029917974025011063,0.007233273237943649,0.043399639427661896,0.09584087133407593,0.1591320037841797
287,26.530948998,1779096549.8030043,281,0.03441060334444046,0.029642127454280853,0.004768477752804756,,,,,,,,,,,,,,,,,,,,,,,,
288,26.588014588,1779096549.8600304,282,0.03508375212550163,0.0302877277135849,0.00479602487757802,,,,,,,,,,,,,,,,,,,,,,,,
289,26.643127154,1779096549.91515,283,0.03293968737125397,0.02814604714512825,0.004793641157448292,,,,,,,,,,,,,,,,,,,,,,,,
290,26.700658159,1779096549.9726958,284,0.03268842399120331,0.027886047959327698,0.004802376963198185,,,,,,,,,,,,,,,,,,,,,,,,
291,26.756620394,1779096550.0286186,285,0.033960726112127304,0.029142331331968307,0.004818393383175135,,,,,,,,,,,,,,,,,,,,,,,,
292,26.814630292,1779096550.0866027,286,0.03327060490846634,0.028447262942790985,0.004823343828320503,,,,,,,,,,,,,,,,,,,,,,,,
293,26.872131627,1779096550.144132,287,0.033212121576070786,0.02835797145962715,0.004854148719459772,,,,,,,,,,,,,,,,,,,,,,,,
294,26.928134113,1779096550.2001562,288,0.033217206597328186,0.028347661718726158,0.004869543947279453,,,,,,,,,,,,,,,,,,,,,,,,
295,26.984811906,1779096550.2568226,289,0.031692881137132645,0.02682851254940033,0.004864368122071028,,,,,,,,,,,,,,,,,,,,,,,,
296,27.041254515,1779096550.3133624,290,0.03210851550102234,0.027238547801971436,0.004869965836405754,,,,,,,,,,,,,,,,,,,,,,,,
297,27.097956866,1779096550.369976,291,0.03294448181986809,0.028055187314748764,0.004889294039458036,,,,,,,,,,,,,,,,,,,,,,,,
298,27.156206332,1779096550.4282885,292,0.033228274434804916,0.02832607366144657,0.004902200307697058,,,,,,,,,,,,,,,,,,,,,,,,
299,27.213259985,1779096550.4852905,293,0.03442632406949997,0.029529906809329987,0.004896415397524834,,,,,,,,,,,,,,,,,,,,,,,,
300,27.268471589,1779096550.540519,294,0.0328182578086853,0.02790595404803753,0.004912302363663912,,,,,,,,,,,,,,,,,,,,,,,,
301,27.325763411,1779096550.5977912,295,0.03196248784661293,0.02703908085823059,0.004923406057059765,,,,,,,,,,,,,,,,,,,,,,,,
302,27.381282988,1779096550.6533368,296,0.03156474977731705,0.026628389954566956,0.004936359357088804,,,,,,,,,,,,,,,,,,,,,,,,
303,27.438397785,1779096550.710359,297,0.030826929956674576,0.025891408324241638,0.004935520701110363,,,,,,,,,,,,,,,,,,,,,,,,
304,27.496109714,1779096550.7681298,298,0.03197639808058739,0.02701761946082115,0.004958777688443661,,,,,,,,,,,,,,,,,,,,,,,,
305,27.551226093,1779096550.823228,299,0.0316963791847229,0.026728909462690353,0.004967470653355122,,,,,,,,,,,,,,,,,,,,,,,,
306,27.608549112,1779096550.8805208,300,0.030857065692543983,0.025895943865180016,0.004961121361702681,,,,,,,,,,,,,,,,,,,,,,,,
307,27.664974864,1779096550.9369705,301,0.03060831129550934,0.02561921253800392,0.004989099223166704,,,,,,,,,,,,,,,,,,,,,,,,
308,27.7221158,1779096550.9941096,302,0.030757876113057137,0.02576030045747757,0.004997576121240854,,,,,,,,,,,,,,,,,,,,,,,,
309,27.779597323,1779096551.0515623,303,0.0312754288315773,0.026268381625413895,0.005007049068808556,,,,,,,,,,,,,,,,,,,,,,,,
310,27.834941974,1779096551.10708,304,0.031177541241049767,0.02616051770746708,0.005017023533582687,,,,,,,,,,,,,,,,,,,,,,,,
311,27.891309509,1779096551.1634135,305,0.031494561582803726,0.02647451125085354,0.00502005172893405,,,,,,,,,,,,,,,,,,,,,,,,
312,27.948416291,1779096551.2204564,306,0.030840590596199036,0.025810033082962036,0.0050305575132369995,,,,,,,,,,,,,,,,,,,,,,,,
313,28.005040759,1779096551.2770107,307,0.028911948204040527,0.02387644350528717,0.005035504698753357,,,,,,,,,,,,,,,,,,,,,,,,
314,28.062919244,1779096551.3350296,308,0.030369721353054047,0.025313831865787506,0.005055890418589115,,,,,,,,,,,,,,,,,,,,,,,,
315,28.121155192,1779096551.3932617,309,0.030812256038188934,0.02575467899441719,0.005057577975094318,,,,,,,,,,,,,,,,,,,,,,,,
316,28.176274691,1779096551.4483886,310,0.030166639015078545,0.02507900260388851,0.005087636411190033,,,,,,,,,,,,,,,,,,,,,,,,
317,28.232853085,1779096551.5048754,311,0.029699543491005898,0.024619581177830696,0.005079961847513914,,,,,,,,,,,,,,,,,,,,,,,,
318,28.286604576,1779096551.5587585,312,0.028969621285796165,0.023880355060100555,0.00508926622569561,,,,,,,,,,,,,,,,,,,,,,,,
319,28.341814266,1779096551.6139748,313,0.028949540108442307,0.023847214877605438,0.005102324765175581,,,,,,,,,,,,,,,,,,,,,,,,
320,28.395044643,1779096551.6671898,314,0.02960623987019062,0.024491222575306892,0.005115017760545015,,,,,,,,,,,,,,,,,,,,,,,,
321,28.449782667,1779096551.7218778,315,0.027865292504429817,0.022734863683581352,0.005130428355187178,,,,,,,,,,,,,,,,,,,,,,,,
322,28.505169455,1779096551.7772224,316,0.02860983833670616,0.023482125252485275,0.005127712618559599,,,,,,,,,,,,,,,,,,,,,,,,
323,28.560072002,1779096551.832166,317,0.028006622567772865,0.022866547107696533,0.005140074994415045,,,,,,,,,,,,,,,,,,,,,,,,
324,28.615702573,1779096551.8877656,318,0.029448503628373146,0.02430671639740467,0.005141787696629763,,,,,,,,,,,,,,,,,,,,,,,,
325,28.671777955,1779096551.943777,319,0.02841198816895485,0.02325877547264099,0.005153212696313858,,,,,,,,,,,,,,,,,,,,,,,,
326,28.732108834,1779096552.0040486,320,0.026970837265253067,0.021812787279486656,0.005158049054443836,,,,,,,,,,,,,,,,,,,,,,,,
327,30.185356479,1779096553.4565525,320,,,,0.003439457854256034,0.011397513560950756,0.03159528970718384,0.04554087296128273,0.009041591547429562,0.008318264037370682,0.009945746511220932,0.007775765378028154,0.009041591547429562,0.011332204565405846,0.018835054710507393,0.023781636729836464,0.003439457854256034,0.0059617361985147,0.008742024190723896,0.009870203211903572,0.009041591547429562,0.019107894971966743,0.02656792476773262,0.030157292261719704,0.009041591547429562,0.04159132018685341,0.0994575023651123,0.1555153727531433
328,30.255792759,1779096553.527716,321,0.027705123648047447,0.022526420652866364,0.005178703460842371,,,,,,,,,,,,,,,,,,,,,,,,
329,30.313943491,1779096553.58589,322,0.02780873328447342,0.022612694650888443,0.0051960390992462635,,,,,,,,,,,,,,,,,,,,,,,,
330,30.371830416,1779096553.643728,323,0.027972012758255005,0.022776439785957336,0.005195573903620243,,,,,,,,,,,,,,,,,,,,,,,,
331,30.426906982,1779096553.6990397,324,0.02727138251066208,0.022066067904233932,0.005205315072089434,,,,,,,,,,,,,,,,,,,,,,,,
332,30.484303418,1779096553.756351,325,0.02891354262828827,0.023693714290857315,0.005219828803092241,,,,,,,,,,,,,,,,,,,,,,,,
333,30.538552337,1779096553.8106108,326,0.027906252071261406,0.022684842348098755,0.005221409723162651,,,,,,,,,,,,,,,,,,,,,,,,
334,30.594527948,1779096553.866593,327,0.026863044127821922,0.021626871079206467,0.005236173514276743,,,,,,,,,,,,,,,,,,,,,,,,
335,30.646889483,1779096553.9190915,328,0.02710072509944439,0.02184797264635563,0.005252751987427473,,,,,,,,,,,,,,,,,,,,,,,,
336,30.702205241,1779096553.9742954,329,0.026849860325455666,0.02159450575709343,0.005255354102700949,,,,,,,,,,,,,,,,,,,,,,,,
337,30.756910718,1779096554.0291402,330,0.026896994560956955,0.021636366844177246,0.005260627716779709,,,,,,,,,,,,,,,,,,,,,,,,
338,30.812124396,1779096554.0842538,331,0.0274931900203228,0.02222241833806038,0.005270770750939846,,,,,,,,,,,,,,,,,,,,,,,,
339,30.869492663,1779096554.1414442,332,0.027919165790081024,0.02264084853231907,0.005278317723423243,,,,,,,,,,,,,,,,,,,,,,,,
340,30.926415841,1779096554.1984696,333,0.026891978457570076,0.021605513989925385,0.005286464001983404,,,,,,,,,,,,,,,,,,,,,,,,
341,30.981069554,1779096554.2531822,334,0.02558097615838051,0.020281191915273666,0.005299784708768129,,,,,,,,,,,,,,,,,,,,,,,,
342,31.037712191,1779096554.3098178,335,0.026767652481794357,0.021451428532600403,0.0053162239491939545,,,,,,,,,,,,,,,,,,,,,,,,
343,31.092571457,1779096554.3645568,336,0.02681054174900055,0.021500421687960625,0.00531011912971735,,,,,,,,,,,,,,,,,,,,,,,,
344,31.149498353,1779096554.4214733,337,0.02641831710934639,0.021099470555782318,0.005318847484886646,,,,,,,,,,,,,,,,,,,,,,,,
345,31.205146478,1779096554.4772277,338,0.02582431025803089,0.020495105534791946,0.005329204257577658,,,,,,,,,,,,,,,,,,,,,,,,
346,31.26250355,1779096554.5344253,339,0.026580674573779106,0.021241266280412674,0.005339407827705145,,,,,,,,,,,,,,,,,,,,,,,,
347,31.326382629,1779096554.5981622,340,0.02586294896900654,0.02052021026611328,0.0053427391685545444,,,,,,,,,,,,,,,,,,,,,,,,
348,31.384157474,1779096554.656229,341,0.025104476138949394,0.019756421446800232,0.005348054226487875,,,,,,,,,,,,,,,,,,,,,,,,
349,31.440789961,1779096554.7128642,342,0.025923851877450943,0.020568715408444405,0.005355136469006538,,,,,,,,,,,,,,,,,,,,,,,,
350,31.495488187,1779096554.7675114,343,0.026550548151135445,0.021163176745176315,0.005387371871620417,,,,,,,,,,,,,,,,,,,,,,,,
351,31.553827376,1779096554.8259008,344,0.024553529918193817,0.019176151603460312,0.005377377383410931,,,,,,,,,,,,,,,,,,,,,,,,
352,31.611516646,1779096554.883622,345,0.025303877890110016,0.01991257816553116,0.005391300190240145,,,,,,,,,,,,,,,,,,,,,,,,
353,31.666910958,1779096554.9390118,346,0.025129813700914383,0.019731763750314713,0.005398050416260958,,,,,,,,,,,,,,,,,,,,,,,,
354,31.723858618,1779096554.995811,347,0.02554735541343689,0.020138783380389214,0.005408571567386389,,,,,,,,,,,,,,,,,,,,,,,,
355,31.779470053,1779096555.0515532,348,0.024974994361400604,0.01955731399357319,0.005417679436504841,,,,,,,,,,,,,,,,,,,,,,,,
356,31.836924994,1779096555.1089497,349,0.025495754554867744,0.020076312124729156,0.005419442430138588,,,,,,,,,,,,,,,,,,,,,,,,
357,31.891947637,1779096555.163978,350,0.024599703028798103,0.019173424690961838,0.005426277872174978,,,,,,,,,,,,,,,,,,,,,,,,
358,31.948987471,1779096555.221004,351,0.02478552609682083,0.019341934472322464,0.00544359115883708,,,,,,,,,,,,,,,,,,,,,,,,
359,32.005855173,1779096555.2778256,352,0.024868536740541458,0.019403841346502304,0.0054646944627165794,,,,,,,,,,,,,,,,,,,,,,,,
360,32.06027558,1779096555.332263,353,0.02445453777909279,0.018996987491846085,0.005457551218569279,,,,,,,,,,,,,,,,,,,,,,,,
361,32.116806265,1779096555.3887947,354,0.024559173732995987,0.01909451000392437,0.005464664660394192,,,,,,,,,,,,,,,,,,,,,,,,
362,32.171593007,1779096555.4436333,355,0.02425077185034752,0.01877054199576378,0.005480229388922453,,,,,,,,,,,,,,,,,,,,,,,,
363,32.231870612,1779096555.50375,356,0.023738007992506027,0.018258437514305115,0.0054795704782009125,,,,,,,,,,,,,,,,,,,,,,,,
364,32.289511791,1779096555.5615747,357,0.024501057341694832,0.01901019923388958,0.005490857642143965,,,,,,,,,,,,,,,,,,,,,,,,
365,32.344893326,1779096555.6169982,358,0.023622244596481323,0.018126191571354866,0.0054960534907877445,,,,,,,,,,,,,,,,,,,,,,,,
366,32.404897211,1779096555.677006,359,0.02292933687567711,0.017423883080482483,0.0055054547265172005,,,,,,,,,,,,,,,,,,,,,,,,
367,32.462397482,1779096555.7345312,360,0.024266283959150314,0.018740203231573105,0.0055260807275772095,,,,,,,,,,,,,,,,,,,,,,,,
368,33.833194673,1779096557.1049469,360,,,,0.003439457854256034,0.012234155088663101,0.027616990730166435,0.047421522438526154,0.009041591547429562,0.008318264037370682,0.009041586890816689,0.008137430064380169,0.009041591547429562,0.011401056312024593,0.017338549718260765,0.024305392056703568,0.003439457854256034,0.006113995332270861,0.008304194547235966,0.009877319447696209,0.009041591547429562,0.018655816093087196,0.025307126343250275,0.030093608424067497,0.009041591547429562,0.04159132018685341,0.09041590988636017,0.16274864971637726
369,33.894500644,1779096557.1665819,361,0.02319183759391308,0.017651518806815147,0.005540318321436644,,,,,,,,,,,,,,,,,,,,,,,,
370,33.948964827,1779096557.2210243,362,0.023499734699726105,0.017964210361242294,0.00553552433848381,,,,,,,,,,,,,,,,,,,,,,,,
371,34.00580962,1779096557.2777925,363,0.023483099415898323,0.017929665744304657,0.005553433205932379,,,,,,,,,,,,,,,,,,,,,,,,
372,34.060126275,1779096557.332188,364,0.02448957785964012,0.01893022656440735,0.0055593522265553474,,,,,,,,,,,,,,,,,,,,,,,,
373,34.117261983,1779096557.3892848,365,0.023158477619290352,0.017613057047128677,0.005545420106500387,,,,,,,,,,,,,,,,,,,,,,,,
374,34.172156524,1779096557.4442167,366,0.023462608456611633,0.01790030300617218,0.005562305450439453,,,,,,,,,,,,,,,,,,,,,,,,
375,34.228906468,1779096557.5009449,367,0.02264387533068657,0.017074525356292725,0.00556934904307127,,,,,,,,,,,,,,,,,,,,,,,,
376,34.283784244,1779096557.555827,368,0.022608935832977295,0.017037199810147285,0.0055717360228300095,,,,,,,,,,,,,,,,,,,,,,,,
377,34.340032126,1779096557.6120965,369,0.022615652531385422,0.017046336084604263,0.005569317378103733,,,,,,,,,,,,,,,,,,,,,,,,
378,34.395997452,1779096557.6680584,370,0.02306414395570755,0.01747756265103817,0.00558658130466938,,,,,,,,,,,,,,,,,,,,,,,,
379,34.452102256,1779096557.7241502,371,0.022933850064873695,0.01733519695699215,0.005598653573542833,,,,,,,,,,,,,,,,,,,,,,,,
380,34.509084958,1779096557.7810876,372,0.02254464291036129,0.016935020685195923,0.005609622225165367,,,,,,,,,,,,,,,,,,,,,,,,
381,34.563906839,1779096557.8359797,373,0.023116720840334892,0.017510924488306046,0.005605795886367559,,,,,,,,,,,,,,,,,,,,,,,,
382,34.620116094,1779096557.8921814,374,0.02200537547469139,0.016388121992349625,0.005617253948003054,,,,,,,,,,,,,,,,,,,,,,,,
383,34.674320208,1779096557.9464738,375,0.02278529852628708,0.017153896391391754,0.005631403066217899,,,,,,,,,,,,,,,,,,,,,,,,
384,34.730229148,1779096558.0022655,376,0.02311021089553833,0.01747540384531021,0.005634806118905544,,,,,,,,,,,,,,,,,,,,,,,,
385,34.784528916,1779096558.0566251,377,0.022185703739523888,0.016520768404006958,0.00566493533551693,,,,,,,,,,,,,,,,,,,,,,,,
386,34.843327978,1779096558.115527,378,0.021675173193216324,0.01601598970592022,0.005659183952957392,,,,,,,,,,,,,,,,,,,,,,,,
387,34.897033947,1779096558.1691358,379,0.022005824372172356,0.016343146562576294,0.005662677809596062,,,,,,,,,,,,,,,,,,,,,,,,
388,34.951033639,1779096558.2231014,380,0.021801311522722244,0.016134163364768028,0.005667148157954216,,,,,,,,,,,,,,,,,,,,,,,,
389,35.006336411,1779096558.2783945,381,0.02142561785876751,0.015764812007546425,0.005660805385559797,,,,,,,,,,,,,,,,,,,,,,,,
390,35.061207884,1779096558.3332953,382,0.02166610024869442,0.015989990904927254,0.005676109343767166,,,,,,,,,,,,,,,,,,,,,,,,
391,35.117448883,1779096558.3894863,383,0.021438008174300194,0.015737351030111313,0.005700657609850168,,,,,,,,,,,,,,,,,,,,,,,,
392,35.173334306,1779096558.445359,384,0.022845890372991562,0.017134087160229683,0.005711803212761879,,,,,,,,,,,,,,,,,,,,,,,,
393,35.229362068,1779096558.5013874,385,0.021856490522623062,0.0161527581512928,0.005703732371330261,,,,,,,,,,,,,,,,,,,,,,,,
394,35.285148617,1779096558.557232,386,0.021678416058421135,0.015965744853019714,0.005712671671062708,,,,,,,,,,,,,,,,,,,,,,,,
395,35.340043203,1779096558.6121252,387,0.021099712699651718,0.015371052548289299,0.0057286606170237064,,,,,,,,,,,,,,,,,,,,,,,,
396,35.395752245,1779096558.6678607,388,0.022023998200893402,0.016297217458486557,0.005726780742406845,,,,,,,,,,,,,,,,,,,,,,,,
397,35.45103766,1779096558.7231045,389,0.02110452763736248,0.015349344350397587,0.005755182821303606,,,,,,,,,,,,,,,,,,,,,,,,
398,35.508100858,1779096558.7801802,390,0.021816257387399673,0.016063809394836426,0.005752447992563248,,,,,,,,,,,,,,,,,,,,,,,,
399,35.5699539,1779096558.8417697,391,0.021800056099891663,0.016041044145822525,0.005759012419730425,,,,,,,,,,,,,,,,,,,,,,,,
400,35.699252793,1779096558.9712687,392,0.021522944793105125,0.015748295933008194,0.005774649325758219,,,,,,,,,,,,,,,,,,,,,,,,
401,35.754323978,1779096559.0262878,393,0.020886583253741264,0.01512165367603302,0.005764929577708244,,,,,,,,,,,,,,,,,,,,,,,,
402,35.832447926,1779096559.1044583,394,0.020979976281523705,0.015204599127173424,0.005775377620011568,,,,,,,,,,,,,,,,,,,,,,,,
403,35.911342175,1779096559.1833582,395,0.02187635377049446,0.016088102012872696,0.0057882522232830524,,,,,,,,,,,,,,,,,,,,,,,,
404,35.992049409,1779096559.2640245,396,0.02104268968105316,0.015263103879988194,0.005779585335403681,,,,,,,,,,,,,,,,,,,,,,,,
405,36.061007174,1779096559.3329334,397,0.02190171554684639,0.01610051468014717,0.005801199935376644,,,,,,,,,,,,,,,,,,,,,,,,
406,36.135138316,1779096559.4071555,398,0.020945407450199127,0.015139702707529068,0.005805705673992634,,,,,,,,,,,,,,,,,,,,,,,,
407,36.212287923,1779096559.4843724,399,0.020839620381593704,0.015014401637017727,0.005825219675898552,,,,,,,,,,,,,,,,,,,,,,,,
408,36.276530625,1779096559.5486104,400,0.0211823508143425,0.0153663270175457,0.005816023331135511,,,,,,,,,,,,,,,,,,,,,,,,
409,37.63403375,1779096560.9055965,400,,,,0.003891537431627512,0.01313831377774477,0.02744697593152523,0.0461592860519886,0.010849909856915474,0.008318264037370682,0.009041586890816689,0.007866181433200836,0.010849909856915474,0.011893139220774174,0.01750710792839527,0.024016205221414566,0.003891537431627512,0.006473211571574211,0.008494018577039242,0.009928506799042225,0.010849909856915474,0.01955997571349144,0.026057003065943718,0.030466929078102112,0.010849909856915474,0.04159132018685341,0.09041590988636017,0.1573236882686615
410,37.725503728,1779096560.9975095,401,0.020552858710289,0.014731639996170998,0.005821217782795429,,,,,,,,,,,,,,,,,,,,,,,,
411,37.781722969,1779096561.0537767,402,0.020393751561641693,0.014558149501681328,0.005835601128637791,,,,,,,,,,,,,,,,,,,,,,,,
412,37.837505012,1779096561.1095607,403,0.01945134811103344,0.013611778616905212,0.00583956902846694,,,,,,,,,,,,,,,,,,,,,,,,
413,37.893920933,1779096561.166321,404,0.020184094086289406,0.014332849532365799,0.005851245019584894,,,,,,,,,,,,,,,,,,,,,,,,
414,37.952052104,1779096561.2243922,405,0.01997169479727745,0.014120731502771378,0.005850963294506073,,,,,,,,,,,,,,,,,,,,,,,,
415,38.01234982,1779096561.2844799,406,0.020482761785387993,0.014620518311858177,0.005862243473529816,,,,,,,,,,,,,,,,,,,,,,,,
416,38.06932843,1779096561.34146,407,0.02136731892824173,0.01549434196203947,0.005872977431863546,,,,,,,,,,,,,,,,,,,,,,,,
417,38.125288362,1779096561.3974478,408,0.02006656304001808,0.014184925705194473,0.005881636869162321,,,,,,,,,,,,,,,,,,,,,,,,
418,38.182726913,1779096561.4548874,409,0.021207623183727264,0.015308501198887825,0.005899121053516865,,,,,,,,,,,,,,,,,,,,,,,,
419,38.237896336,1779096561.5101166,410,0.019627785310149193,0.013737877830862999,0.0058899070136249065,,,,,,,,,,,,,,,,,,,,,,,,
420,38.29391929,1779096561.5660217,411,0.019172871485352516,0.013292479328811169,0.00588039169088006,,,,,,,,,,,,,,,,,,,,,,,,
421,38.34988349,1779096561.6220133,412,0.019156236201524734,0.013254238292574883,0.005901997443288565,,,,,,,,,,,,,,,,,,,,,,,,
422,38.406079037,1779096561.678229,413,0.01956574060022831,0.01366021391004324,0.005905527155846357,,,,,,,,,,,,,,,,,,,,,,,,
423,38.462325447,1779096561.73437,414,0.019751589745283127,0.013836711645126343,0.005914877634495497,,,,,,,,,,,,,,,,,,,,,,,,
424,38.517517475,1779096561.7897382,415,0.020665423944592476,0.014732396230101585,0.005933027248829603,,,,,,,,,,,,,,,,,,,,,,,,
425,38.576697991,1779096561.8487844,416,0.019381066784262657,0.013453259132802486,0.0059278071857988834,,,,,,,,,,,,,,,,,,,,,,,,
426,38.632159914,1779096561.9043956,417,0.01979679800570011,0.013856767676770687,0.005940030328929424,,,,,,,,,,,,,,,,,,,,,,,,
427,38.687402439,1779096561.9596689,418,0.020016908645629883,0.01406021136790514,0.00595669774338603,,,,,,,,,,,,,,,,,,,,,,,,
428,38.744710285,1779096562.0170043,419,0.02092534303665161,0.014961491338908672,0.005963852629065514,,,,,,,,,,,,,,,,,,,,,,,,
429,38.799571374,1779096562.0718145,420,0.018993191421031952,0.013028305023908615,0.0059648859314620495,,,,,,,,,,,,,,,,,,,,,,,,
430,38.854843282,1779096562.1271222,421,0.02052493579685688,0.014563973061740398,0.005960962735116482,,,,,,,,,,,,,,,,,,,,,,,,
431,38.90814578,1779096562.1803908,422,0.019312527030706406,0.01333586499094963,0.0059766629710793495,,,,,,,,,,,,,,,,,,,,,,,,
432,38.962825731,1779096562.235073,423,0.01842324808239937,0.012459950521588326,0.005963298492133617,,,,,,,,,,,,,,,,,,,,,,,,
433,39.021701455,1779096562.2939522,424,0.02008742466568947,0.014100780710577965,0.005986643489450216,,,,,,,,,,,,,,,,,,,,,,,,
434,39.076982718,1779096562.3492339,425,0.01923418790102005,0.013231836259365082,0.006002352107316256,,,,,,,,,,,,,,,,,,,,,,,,
435,39.131928287,1779096562.4041855,426,0.019055571407079697,0.013049039989709854,0.0060065314173698425,,,,,,,,,,,,,,,,,,,,,,,,
436,39.187864315,1779096562.4601672,427,0.018796734511852264,0.012783614918589592,0.006013118661940098,,,,,,,,,,,,,,,,,,,,,,,,
437,39.242327134,1779096562.5146327,428,0.01921764574944973,0.01320035383105278,0.006017292384058237,,,,,,,,,,,,,,,,,,,,,,,,
438,39.296802111,1779096562.5691211,429,0.01887800358235836,0.012855291366577148,0.0060227117501199245,,,,,,,,,,,,,,,,,,,,,,,,
439,39.351734815,1779096562.6240041,430,0.019004343077540398,0.012951532378792763,0.006052810233086348,,,,,,,,,,,,,,,,,,,,,,,,
440,39.409471672,1779096562.681726,431,0.01934206672012806,0.013326090760529041,0.006015976425260305,,,,,,,,,,,,,,,,,,,,,,,,
441,39.464635862,1779096562.736819,432,0.018624726682901382,0.012571603059768677,0.00605312455445528,,,,,,,,,,,,,,,,,,,,,,,,
442,39.52373205,1779096562.7959752,433,0.019573533907532692,0.013525709509849548,0.006047824863344431,,,,,,,,,,,,,,,,,,,,,,,,
443,39.579887609,1779096562.8521078,434,0.019420547410845757,0.013371147215366364,0.006049400195479393,,,,,,,,,,,,,,,,,,,,,,,,
444,39.6350502,1779096562.907279,435,0.018664302304387093,0.012586267665028572,0.006078034173697233,,,,,,,,,,,,,,,,,,,,,,,,
445,39.691705255,1779096562.963983,436,0.01862679421901703,0.012563932687044144,0.0060628606006503105,,,,,,,,,,,,,,,,,,,,,,,,
446,39.748934782,1779096563.0212088,437,0.01914936676621437,0.01305384375154972,0.00609552301466465,,,,,,,,,,,,,,,,,,,,,,,,
447,39.805640777,1779096563.0778942,438,0.0186392180621624,0.012554306536912918,0.006084910593926907,,,,,,,,,,,,,,,,,,,,,,,,
448,39.86034737,1779096563.132622,439,0.01897076703608036,0.012879330664873123,0.0060914368368685246,,,,,,,,,,,,,,,,,,,,,,,,
449,39.916203947,1779096563.188423,440,0.018869036808609962,0.012773538008332253,0.006095498334616423,,,,,,,,,,,,,,,,,,,,,,,,
450,41.552473364,1779096564.8238304,440,,,,0.003891537431627512,0.013219455257058144,0.0255168117582798,0.046450626105070114,0.010849909856915474,0.008318264037370682,0.008318260312080383,0.007956597954034805,0.010849909856915474,0.011941729113459587,0.016622260212898254,0.023969454690814018,0.003891537431627512,0.006553616840392351,0.008175762370228767,0.009802078828215599,0.010849909856915474,0.01965039223432541,0.02519662119448185,0.03025936521589756,0.010849909856915474,0.04159132018685341,0.08318264037370682,0.1591320037841797
451,41.62355896,1779096564.8956857,441,0.0187993161380291,0.012692549265921116,0.006106766872107983,,,,,,,,,,,,,,,,,,,,,,,,
452,41.680670688,1779096564.9527538,442,0.018331345170736313,0.012238156981766224,0.006093189120292664,,,,,,,,,,,,,,,,,,,,,,,,
453,41.735742482,1779096565.0078042,443,0.019086599349975586,0.012971045449376106,0.006115554831922054,,,,,,,,,,,,,,,,,,,,,,,,
454,41.79328679,1779096565.0653317,444,0.018518254160881042,0.012397016398608685,0.006121236830949783,,,,,,,,,,,,,,,,,,,,,,,,
455,41.85192527,1779096565.1238203,445,0.01830342225730419,0.01218133419752121,0.0061220875941216946,,,,,,,,,,,,,,,,,,,,,,,,
456,41.906887027,1779096565.1790116,446,0.01857796683907509,0.01244643796235323,0.006131529808044434,,,,,,,,,,,,,,,,,,,,,,,,
457,41.964311843,1779096565.2363455,447,0.01778986118733883,0.011664419434964657,0.0061254422180354595,,,,,,,,,,,,,,,,,,,,,,,,
458,42.021055528,1779096565.2930138,448,0.018073584884405136,0.01192689873278141,0.006146686151623726,,,,,,,,,,,,,,,,,,,,,,,,
459,42.077526554,1779096565.3496103,449,0.01839612051844597,0.012255067005753517,0.0061410535126924515,,,,,,,,,,,,,,,,,,,,,,,,
460,42.134829613,1779096565.4067523,450,0.01796913333237171,0.011815590783953667,0.006153542548418045,,,,,,,,,,,,,,,,,,,,,,,,
461,42.190175194,1779096565.4622173,451,0.01776684634387493,0.011612705886363983,0.006154140457510948,,,,,,,,,,,,,,,,,,,,,,,,
462,42.24678379,1779096565.5188332,452,0.01847930997610092,0.012311283499002457,0.00616802740842104,,,,,,,,,,,,,,,,,,,,,,,,
463,42.303712213,1779096565.5756853,453,0.017651010304689407,0.011489998549222946,0.0061610122211277485,,,,,,,,,,,,,,,,,,,,,,,,
464,42.359865487,1779096565.6318736,454,0.018152261152863503,0.011973006650805473,0.006179254036396742,,,,,,,,,,,,,,,,,,,,,,,,
465,42.416483928,1779096565.6885304,455,0.018800735473632812,0.012607529759407043,0.006193205714225769,,,,,,,,,,,,,,,,,,,,,,,,
466,42.471292599,1779096565.7433887,456,0.018657585605978966,0.01243944838643074,0.006218137219548225,,,,,,,,,,,,,,,,,,,,,,,,
467,42.528527268,1779096565.8007042,457,0.017244992777705193,0.011043357662856579,0.006201634649187326,,,,,,,,,,,,,,,,,,,,,,,,
468,42.585081293,1779096565.857079,458,0.018604980781674385,0.012401603162288666,0.006203378085047007,,,,,,,,,,,,,,,,,,,,,,,,
469,42.642587774,1779096565.9145675,459,0.018209686502814293,0.011993089690804482,0.006216597277671099,,,,,,,,,,,,,,,,,,,,,,,,
470,42.700838173,1779096565.9728446,460,0.018042419105768204,0.0118272565305233,0.006215162109583616,,,,,,,,,,,,,,,,,,,,,,,,
471,42.759260924,1779096566.0312238,461,0.01717992126941681,0.010962683707475662,0.006217238027602434,,,,,,,,,,,,,,,,,,,,,,,,
472,42.814894353,1779096566.0869274,462,0.01776454783976078,0.011531478725373745,0.006233069580048323,,,,,,,,,,,,,,,,,,,,,,,,
473,42.872879117,1779096566.14489,463,0.017762484028935432,0.011523711495101452,0.006238772999495268,,,,,,,,,,,,,,,,,,,,,,,,
474,42.933034068,1779096566.204894,464,0.017711758613586426,0.011460119858384132,0.006251639686524868,,,,,,,,,,,,,,,,,,,,,,,,
475,42.989446794,1779096566.2615385,465,0.01765424944460392,0.011416221037507057,0.00623802887275815,,,,,,,,,,,,,,,,,,,,,,,,
476,43.047008431,1779096566.3190465,466,0.018236292526125908,0.011982640251517296,0.006253652740269899,,,,,,,,,,,,,,,,,,,,,,,,
477,43.104859347,1779096566.376881,467,0.017100714147090912,0.010826844722032547,0.006273869890719652,,,,,,,,,,,,,,,,,,,,,,,,
478,43.161850226,1779096566.4338963,468,0.01733316294848919,0.011053751222789288,0.006279411725699902,,,,,,,,,,,,,,,,,,,,,,,,
479,43.217772625,1779096566.4898329,469,0.01683380827307701,0.010564551688730717,0.00626925565302372,,,,,,,,,,,,,,,,,,,,,,,,
480,43.274971372,1779096566.5469744,470,0.017388150095939636,0.01111569907516241,0.006272450555115938,,,,,,,,,,,,,,,,,,,,,,,,
481,43.329891161,1779096566.6019893,471,0.018029920756816864,0.01174098253250122,0.006288937292993069,,,,,,,,,,,,,,,,,,,,,,,,
482,43.387751457,1779096566.6599264,472,0.016879118978977203,0.010584952309727669,0.006294166669249535,,,,,,,,,,,,,,,,,,,,,,,,
483,43.443376009,1779096566.7155716,473,0.01628834940493107,0.010006226599216461,0.00628212234005332,,,,,,,,,,,,,,,,,,,,,,,,
484,43.498528105,1779096566.7707608,474,0.017474357038736343,0.011165304109454155,0.006309053860604763,,,,,,,,,,,,,,,,,,,,,,,,
485,43.554448301,1779096566.8266528,475,0.016430489718914032,0.010127290152013302,0.00630319956690073,,,,,,,,,,,,,,,,,,,,,,,,
486,43.610133714,1779096566.8823147,476,0.01697121188044548,0.010665476322174072,0.006305736489593983,,,,,,,,,,,,,,,,,,,,,,,,
487,43.665144768,1779096566.9373293,477,0.017150655388832092,0.0108201764523983,0.006330479402095079,,,,,,,,,,,,,,,,,,,,,,,,
488,43.721163827,1779096566.9934201,478,0.01689768023788929,0.01056603342294693,0.006331647280603647,,,,,,,,,,,,,,,,,,,,,,,,
489,43.7765289,1779096567.0486226,479,0.016920240595936775,0.01059158705174923,0.006328654009848833,,,,,,,,,,,,,,,,,,,,,,,,
490,43.831932062999996,1779096567.1041775,480,0.01732953079044819,0.010990219190716743,0.006339312065392733,,,,,,,,,,,,,,,,,,,,,,,,
491,45.221563952,1779096568.4928281,480,,,,0.003439457854256034,0.012857791967689991,0.024986371397972107,0.04343676194548607,0.009041591547429562,0.00795660074800253,0.008318260312080383,0.0076853493228554726,0.009041591547429562,0.011524563655257225,0.01618623360991478,0.02278728596866131,0.003439457854256034,0.006310247350484133,0.007865097373723984,0.009295911528170109,0.009041591547429562,0.018655814230442047,0.024331210181117058,0.02908477932214737,0.009041591547429562,0.03978300094604492,0.08318264037370682,0.15370705723762512
492,45.294402891,1779096568.5663726,481,0.01720464415848255,0.010864238254725933,0.006340406369417906,,,,,,,,,,,,,,,,,,,,,,,,
493,45.351918046,1779096568.6239011,482,0.01766771823167801,0.011313497088849545,0.006354222074151039,,,,,,,,,,,,,,,,,,,,,,,,
494,45.409892637,1779096568.6817505,483,0.016468288376927376,0.010117895901203156,0.006350392010062933,,,,,,,,,,,,,,,,,,,,,,,,
495,45.468879357,1779096568.7409024,484,0.016960812732577324,0.010598286986351013,0.006362526211887598,,,,,,,,,,,,,,,,,,,,,,,,
496,45.526607074,1779096568.7985706,485,0.016105366870760918,0.009743232280015945,0.0063621350564062595,,,,,,,,,,,,,,,,,,,,,,,,
497,45.582371172,1779096568.854386,486,0.016812335699796677,0.010442006401717663,0.0063703288324177265,,,,,,,,,,,,,,,,,,,,,,,,
498,45.642960062,1779096568.915062,487,0.01671544462442398,0.010345788672566414,0.006369656417518854,,,,,,,,,,,,,,,,,,,,,,,,
499,45.697853967,1779096568.969952,488,0.016644559800624847,0.010253050364553928,0.006391509901732206,,,,,,,,,,,,,,,,,,,,,,,,
500,45.752538039,1779096569.0246344,489,0.016867948696017265,0.010456867516040802,0.006411081645637751,,,,,,,,,,,,,,,,,,,,,,,,
501,45.807880818,1779096569.0799778,490,0.016335243359208107,0.009937837719917297,0.00639740563929081,,,,,,,,,,,,,,,,,,,,,,,,
502,45.860669086,1779096569.1327868,491,0.015964629128575325,0.009551851078867912,0.0064127785153687,,,,,,,,,,,,,,,,,,,,,,,,
503,45.915383678,1779096569.1874702,492,0.016531364992260933,0.010140635073184967,0.006390729453414679,,,,,,,,,,,,,,,,,,,,,,,,
504,46.010705457,1779096569.2826943,493,0.016619859263300896,0.01023647841066122,0.006383380386978388,,,,,,,,,,,,,,,,,,,,,,,,
505,46.101329793,1779096569.3733284,494,0.016283944249153137,0.009879572317004204,0.006404372863471508,,,,,,,,,,,,,,,,,,,,,,,,
506,46.156753865,1779096569.4287932,495,0.0164100993424654,0.009970244951546192,0.0064398543909192085,,,,,,,,,,,,,,,,,,,,,,,,
507,46.213175397,1779096569.4852123,496,0.015995236113667488,0.009566796943545341,0.006428439170122147,,,,,,,,,,,,,,,,,,,,,,,,
508,46.269135428,1779096569.541197,497,0.017397893592715263,0.010952088981866837,0.006445805076509714,,,,,,,,,,,,,,,,,,,,,,,,
509,46.325339278,1779096569.5973666,498,0.01614837348461151,0.00971913617104292,0.006429237313568592,,,,,,,,,,,,,,,,,,,,,,,,
510,46.382108033,1779096569.6540759,499,0.015766970813274384,0.009331817738711834,0.00643515307456255,,,,,,,,,,,,,,,,,,,,,,,,
511,46.436013916,1779096569.7080786,500,0.01688864268362522,0.010436641052365303,0.006452001165598631,,,,,,,,,,,,,,,,,,,,,,,,
512,46.493308371,1779096569.7653437,501,0.01691463403403759,0.010456952266395092,0.006457681767642498,,,,,,,,,,,,,,,,,,,,,,,,
513,46.549275732,1779096569.8213527,502,0.0166200939565897,0.010156995616853237,0.006463098805397749,,,,,,,,,,,,,,,,,,,,,,,,
514,46.607470867,1779096569.8794456,503,0.016261450946331024,0.009776227176189423,0.006485224701464176,,,,,,,,,,,,,,,,,,,,,,,,
515,46.665317281,1779096569.9373791,504,0.016908762976527214,0.010429102927446365,0.006479660049080849,,,,,,,,,,,,,,,,,,,,,,,,
516,46.720489319,1779096569.9924624,505,0.016534851863980293,0.01005050353705883,0.00648434879258275,,,,,,,,,,,,,,,,,,,,,,,,
517,46.781922223,1779096570.0539298,506,0.015892991796135902,0.009421097114682198,0.006471894681453705,,,,,,,,,,,,,,,,,,,,,,,,
518,46.839118001,1779096570.1111224,507,0.01605122536420822,0.00956182461231947,0.006489400286227465,,,,,,,,,,,,,,,,,,,,,,,,
519,46.897408318,1779096570.1693857,508,0.015730630606412888,0.009243601933121681,0.006487028207629919,,,,,,,,,,,,,,,,,,,,,,,,
520,46.953668144,1779096570.2256966,509,0.016442041844129562,0.00994883943349123,0.006493203341960907,,,,,,,,,,,,,,,,,,,,,,,,
521,47.011881662,1779096570.2838814,510,0.01605454459786415,0.009575076401233673,0.0064794691279530525,,,,,,,,,,,,,,,,,,,,,,,,
522,47.070599167,1779096570.3426056,511,0.016421597450971603,0.00990928616374731,0.006512312218546867,,,,,,,,,,,,,,,,,,,,,,,,
523,47.127273076,1779096570.3993316,512,0.016256369650363922,0.009743236005306244,0.006513134576380253,,,,,,,,,,,,,,,,,,,,,,,,
524,47.183399958,1779096570.4554036,513,0.015551803633570671,0.009041383862495422,0.006510420236736536,,,,,,,,,,,,,,,,,,,,,,,,
525,47.240739933,1779096570.5127664,514,0.016918890178203583,0.010395841673016548,0.006523048039525747,,,,,,,,,,,,,,,,,,,,,,,,
526,47.295654886,1779096570.5676935,515,0.015941638499498367,0.009416702203452587,0.006524937227368355,,,,,,,,,,,,,,,,,,,,,,,,
527,47.352935944,1779096570.6250274,516,0.014880618080496788,0.008346996270120144,0.006533621810376644,,,,,,,,,,,,,,,,,,,,,,,,
528,47.409609911,1779096570.6815813,517,0.015635497868061066,0.009113372303545475,0.006522126030176878,,,,,,,,,,,,,,,,,,,,,,,,
529,47.466078304,1779096570.738093,518,0.01660299487411976,0.010071462951600552,0.006531531922519207,,,,,,,,,,,,,,,,,,,,,,,,
530,47.522661635,1779096570.7946968,519,0.015973718836903572,0.009416933171451092,0.006556785199791193,,,,,,,,,,,,,,,,,,,,,,,,
531,47.577788548,1779096570.8498394,520,0.01623687893152237,0.009681012481451035,0.0065558673813939095,,,,,,,,,,,,,,,,,,,,,,,,
532,48.963086132,1779096572.234716,520,,,,0.003439457854256034,0.014209724962711334,0.02361365221440792,0.04223121702671051,0.009041591547429562,0.009041590616106987,0.007775765378028154,0.007504516746848822,0.009041591547429562,0.01244365330785513,0.015662122517824173,0.022424496710300446,0.003439457854256034,0.0065844012424349785,0.007805780973285437,0.009238327853381634,0.009041591547429562,0.019801083952188492,0.024009013548493385,0.028990181162953377,0.009041591547429562,0.045207954943180084,0.07775768637657166,0.15009041130542755
533,49.030147304,1779096572.3022375,521,0.016451871022582054,0.009884152561426163,0.006567718926817179,,,,,,,,,,,,,,,,,,,,,,,,
534,49.085234973,1779096572.35733,522,0.016265355050563812,0.009705184027552605,0.00656017055734992,,,,,,,,,,,,,,,,,,,,,,,,
535,49.140109569,1779096572.4121897,523,0.01549912802875042,0.008925549685955048,0.006573577877134085,,,,,,,,,,,,,,,,,,,,,,,,
536,49.196908504,1779096572.4690747,524,0.01601625792682171,0.00944090262055397,0.006575355306267738,,,,,,,,,,,,,,,,,,,,,,,,
537,49.251315605,1779096572.5235083,525,0.015415174886584282,0.008817214518785477,0.006597959902137518,,,,,,,,,,,,,,,,,,,,,,,,
538,49.310978095,1779096572.5829313,526,0.015732483938336372,0.009123865514993668,0.006608618889003992,,,,,,,,,,,,,,,,,,,,,,,,
539,49.366381949,1779096572.638452,527,0.015321625396609306,0.00872108992189169,0.006600535474717617,,,,,,,,,,,,,,,,,,,,,,,,
540,49.421695677,1779096572.6938343,528,0.01519972924143076,0.00860484316945076,0.0065948860719799995,,,,,,,,,,,,,,,,,,,,,,,,
541,49.47762312,1779096572.7497313,529,0.015181845054030418,0.008569988422095776,0.006611856631934643,,,,,,,,,,,,,,,,,,,,,,,,
542,49.533577098,1779096572.8057897,530,0.015462759882211685,0.008854635059833527,0.006608125288039446,,,,,,,,,,,,,,,,,,,,,,,,
543,49.589519148,1779096572.8616114,531,0.015476569533348083,0.008857088163495064,0.006619480904191732,,,,,,,,,,,,,,,,,,,,,,,,
544,49.643744157,1779096572.9158072,532,0.01545889675617218,0.008847285062074661,0.006611611694097519,,,,,,,,,,,,,,,,,,,,,,,,
545,49.699326005,1779096572.9715374,533,0.015248237177729607,0.008617912419140339,0.006630325224250555,,,,,,,,,,,,,,,,,,,,,,,,
546,49.756009495,1779096573.0282376,534,0.015715545043349266,0.009076638147234917,0.006638906896114349,,,,,,,,,,,,,,,,,,,,,,,,
547,49.813924233,1779096573.0861666,535,0.015379389747977257,0.008753125555813313,0.006626264192163944,,,,,,,,,,,,,,,,,,,,,,,,
548,49.869585944,1779096573.1418302,536,0.015532402321696281,0.008898411877453327,0.006633990444242954,,,,,,,,,,,,,,,,,,,,,,,,
549,49.926604374,1779096573.1988223,537,0.014937538653612137,0.008310742676258087,0.00662679597735405,,,,,,,,,,,,,,,,,,,,,,,,
550,49.983513109,1779096573.2557418,538,0.015345064923167229,0.008694833144545555,0.006650231778621674,,,,,,,,,,,,,,,,,,,,,,,,
551,50.039346097,1779096573.311527,539,0.01578005589544773,0.009102758020162582,0.006677298340946436,,,,,,,,,,,,,,,,,,,,,,,,
552,50.097639804,1779096573.3696678,540,0.015366718173027039,0.008711963891983032,0.006654753815382719,,,,,,,,,,,,,,,,,,,,,,,,
553,50.161572489,1779096573.4336443,541,0.015739107504487038,0.009080244228243828,0.006658863741904497,,,,,,,,,,,,,,,,,,,,,,,,
554,50.218753715,1779096573.4907959,542,0.015543155372142792,0.008878701366484165,0.006664453539997339,,,,,,,,,,,,,,,,,,,,,,,,
555,50.276683416,1779096573.5487394,543,0.014965441077947617,0.008314523845911026,0.006650917697697878,,,,,,,,,,,,,,,,,,,,,,,,
556,50.334538253,1779096573.6065578,544,0.015463396906852722,0.008777113631367683,0.0066862828098237514,,,,,,,,,,,,,,,,,,,,,,,,
557,50.392147497,1779096573.6641889,545,0.015070588327944279,0.008401503786444664,0.006669084541499615,,,,,,,,,,,,,,,,,,,,,,,,
558,50.449026504,1779096573.7210698,546,0.014372718520462513,0.007666640914976597,0.006706077605485916,,,,,,,,,,,,,,,,,,,,,,,,
559,50.503553942,1779096573.7756207,547,0.014943880960345268,0.008263414725661278,0.0066804662346839905,,,,,,,,,,,,,,,,,,,,,,,,
560,50.559806714,1779096573.8318863,548,0.01455653551965952,0.007856007665395737,0.0067005278542637825,,,,,,,,,,,,,,,,,,,,,,,,
561,50.614389193,1779096573.8864846,549,0.01550253015011549,0.008810310624539852,0.006692219525575638,,,,,,,,,,,,,,,,,,,,,,,,
562,50.670969151,1779096573.9430728,550,0.015211053192615509,0.008493833243846893,0.006717219948768616,,,,,,,,,,,,,,,,,,,,,,,,
563,50.726235369,1779096573.9983356,551,0.014963578432798386,0.008259501308202744,0.006704077124595642,,,,,,,,,,,,,,,,,,,,,,,,
564,50.790302575,1779096574.0616705,552,0.015156829729676247,0.008436992764472961,0.006719836965203285,,,,,,,,,,,,,,,,,,,,,,,,
565,50.924412369,1779096574.1965215,553,0.014915164560079575,0.008186791092157364,0.006728373467922211,,,,,,,,,,,,,,,,,,,,,,,,
566,50.979778135,1779096574.251786,554,0.015373021364212036,0.008642943575978279,0.00673007732257247,,,,,,,,,,,,,,,,,,,,,,,,
567,51.037169006,1779096574.3092918,555,0.014788879081606865,0.008059684187173843,0.006729195360094309,,,,,,,,,,,,,,,,,,,,,,,,
568,51.091244108,1779096574.36338,556,0.014831775799393654,0.00809590332210064,0.0067358724772930145,,,,,,,,,,,,,,,,,,,,,,,,
569,51.14738603,1779096574.4194949,557,0.014490121975541115,0.00774830486625433,0.006741817109286785,,,,,,,,,,,,,,,,,,,,,,,,
570,51.202117239,1779096574.4741418,558,0.015701774507761,0.008957715705037117,0.006744058802723885,,,,,,,,,,,,,,,,,,,,,,,,
571,51.25834403,1779096574.5303843,559,0.015445122495293617,0.008681206032633781,0.006763916462659836,,,,,,,,,,,,,,,,,,,,,,,,
572,51.314999266,1779096574.5870125,560,0.015379314310848713,0.00862172618508339,0.006757588125765324,,,,,,,,,,,,,,,,,,,,,,,,
573,52.683819333,1779096575.9551857,560,,,,0.003439457854256034,0.014209724962711334,0.02361365221440792,0.04184242710471153,0.009041591547429562,0.009041590616106987,0.007775765378028154,0.007504516746848822,0.009041591547429562,0.012391002848744392,0.015636827796697617,0.02226874604821205,0.003439457854256034,0.006573926657438278,0.007817791774868965,0.009202277287840843,0.009041591547429562,0.019710669293999672,0.02393079549074173,0.028811365365982056,0.009041591547429562,0.045207954943180084,0.07775768637657166,0.15009041130542755
574,52.755051867,1779096576.027093,561,0.014526542276144028,0.007784723304212093,0.006741818971931934,,,,,,,,,,,,,,,,,,,,,,,,
575,52.811695494,1779096576.0838027,562,0.014695018529891968,0.007917411625385284,0.006777606904506683,,,,,,,,,,,,,,,,,,,,,,,,
576,52.866845919,1779096576.138917,563,0.014608029276132584,0.007828952744603157,0.006779076065868139,,,,,,,,,,,,,,,,,,,,,,,,
577,52.923652961,1779096576.1957736,564,0.014575421810150146,0.007792985066771507,0.006782436277717352,,,,,,,,,,,,,,,,,,,,,,,,
578,52.986433735,1779096576.2584999,565,0.014985397458076477,0.00822180975228548,0.0067635877057909966,,,,,,,,,,,,,,,,,,,,,,,,
579,53.050792755,1779096576.322848,566,0.01566547155380249,0.008901302702724934,0.006764169316738844,,,,,,,,,,,,,,,,,,,,,,,,
580,53.109281325,1779096576.3815515,567,0.015085631981492043,0.008294908329844475,0.006790724117308855,,,,,,,,,,,,,,,,,,,,,,,,
581,53.167771913,1779096576.440171,568,0.013973210006952286,0.0071961525827646255,0.00677705742418766,,,,,,,,,,,,,,,,,,,,,,,,
582,53.228638937,1779096576.5008898,569,0.015093735419213772,0.008287325501441956,0.006806409917771816,,,,,,,,,,,,,,,,,,,,,,,,
583,53.29851779,1779096576.570574,570,0.01467120461165905,0.007878115400671959,0.006793089210987091,,,,,,,,,,,,,,,,,,,,,,,,
584,53.363747249,1779096576.6357746,571,0.014847427606582642,0.008037641644477844,0.006809785962104797,,,,,,,,,,,,,,,,,,,,,,,,
585,53.428713665,1779096576.700765,572,0.014920182526111603,0.008102071471512318,0.006818111054599285,,,,,,,,,,,,,,,,,,,,,,,,
586,53.494576576,1779096576.7665913,573,0.015279857441782951,0.008460929617285728,0.00681892829015851,,,,,,,,,,,,,,,,,,,,,,,,
587,53.558523502,1779096576.8305678,574,0.014281215146183968,0.007466266397386789,0.006814948748797178,,,,,,,,,,,,,,,,,,,,,,,,
588,53.62184029,1779096576.8938918,575,0.01465480774641037,0.007827511057257652,0.00682729622349143,,,,,,,,,,,,,,,,,,,,,,,,
589,53.68631423,1779096576.9583893,576,0.014478251338005066,0.0076592108234763145,0.006819040514528751,,,,,,,,,,,,,,,,,,,,,,,,
590,53.749862313,1779096577.0219407,577,0.01468874141573906,0.00784288253635168,0.006845858413726091,,,,,,,,,,,,,,,,,,,,,,,,
591,53.81269576,1779096577.0847936,578,0.01530657708644867,0.00845649465918541,0.00685008242726326,,,,,,,,,,,,,,,,,,,,,,,,
592,53.875843237,1779096577.1479335,579,0.015070700086653233,0.008232063613831997,0.006838636472821236,,,,,,,,,,,,,,,,,,,,,,,,
593,53.952855408,1779096577.225077,580,0.014731355011463165,0.007887396030128002,0.00684395944699645,,,,,,,,,,,,,,,,,,,,,,,,
594,54.014429247,1779096577.286677,581,0.014702007174491882,0.00787363201379776,0.006828375160694122,,,,,,,,,,,,,,,,,,,,,,,,
595,54.078156581,1779096577.3503277,582,0.01442224532365799,0.007570987567305565,0.006851257290691137,,,,,,,,,,,,,,,,,,,,,,,,
596,54.144940997,1779096577.4171195,583,0.01409992203116417,0.007253007497638464,0.006846914533525705,,,,,,,,,,,,,,,,,,,,,,,,
597,54.210454465,1779096577.4824698,584,0.014575493521988392,0.007702182978391647,0.0068733105435967445,,,,,,,,,,,,,,,,,,,,,,,,
598,54.27579352,1779096577.547993,585,0.014213742688298225,0.007354564964771271,0.006859178189188242,,,,,,,,,,,,,,,,,,,,,,,,
599,54.341244613,1779096577.6134322,586,0.014391882345080376,0.00751272588968277,0.006879156921058893,,,,,,,,,,,,,,,,,,,,,,,,
600,54.406417372,1779096577.6785824,587,0.014642778784036636,0.007765371352434158,0.006877407431602478,,,,,,,,,,,,,,,,,,,,,,,,
601,54.471297052,1779096577.743472,588,0.014294659718871117,0.007403631694614887,0.006891027558594942,,,,,,,,,,,,,,,,,,,,,,,,
602,54.53841774,1779096577.8104675,589,0.013441265560686588,0.006545702926814556,0.006895562633872032,,,,,,,,,,,,,,,,,,,,,,,,
603,54.605494997,1779096577.8774695,590,0.014444918371737003,0.00752725824713707,0.006917660124599934,,,,,,,,,,,,,,,,,,,,,,,,
604,54.680451924,1779096577.9525006,591,0.014021648094058037,0.007141373120248318,0.006880275439471006,,,,,,,,,,,,,,,,,,,,,,,,
605,54.75224836,1779096578.0242493,592,0.01416670624166727,0.007283922750502825,0.006882783491164446,,,,,,,,,,,,,,,,,,,,,,,,
606,54.813501845,1779096578.0856857,593,0.014264286495745182,0.007338915951550007,0.006925370544195175,,,,,,,,,,,,,,,,,,,,,,,,
607,54.867551874,1779096578.1395836,594,0.01486233714967966,0.007951490581035614,0.006910846568644047,,,,,,,,,,,,,,,,,,,,,,,,
608,54.941939191,1779096578.2138221,595,0.01391538791358471,0.006993392948061228,0.006921995431184769,,,,,,,,,,,,,,,,,,,,,,,,
609,55.009907776,1779096578.281914,596,0.013596998527646065,0.006684889085590839,0.006912109907716513,,,,,,,,,,,,,,,,,,,,,,,,
610,55.102757535,1779096578.374761,597,0.01395480427891016,0.007039131596684456,0.006915672682225704,,,,,,,,,,,,,,,,,,,,,,,,
611,55.173046564,1779096578.4450264,598,0.014229778200387955,0.0072977496311068535,0.006932028569281101,,,,,,,,,,,,,,,,,,,,,,,,
612,55.243712814,1779096578.5157437,599,0.01397355180233717,0.0070425523445010185,0.006930999457836151,,,,,,,,,,,,,,,,,,,,,,,,
613,55.307190959,1779096578.5791545,600,0.014286234974861145,0.007346477825194597,0.0069397566840052605,,,,,,,,,,,,,,,,,,,,,,,,
614,56.696067682,1779096579.967511,600,,,,0.003439457854256034,0.013597680255770683,0.023814577609300613,0.040636878460645676,0.009041591547429562,0.008679927326738834,0.00795659702271223,0.007323684170842171,0.009041591547429562,0.012137540616095066,0.01585804857313633,0.021938256919384003,0.003439457854256034,0.006631990894675255,0.007960283197462559,0.009235315956175327,0.009041591547429562,0.01989149861037731,0.024561554193496704,0.028998669236898422,0.009041591547429562,0.043399639427661896,0.07956600189208984,0.14647378027439117
615,56.792239181,1779096580.064364,601,0.013596873730421066,0.006689094938337803,0.006907778792083263,,,,,,,,,,,,,,,,,,,,,,,,
616,56.849266444,1779096580.1212945,602,0.013734759762883186,0.006791396997869015,0.006943363230675459,,,,,,,,,,,,,,,,,,,,,,,,
617,56.905956057,1779096580.1780992,603,0.014481710270047188,0.007526514120399952,0.006955196149647236,,,,,,,,,,,,,,,,,,,,,,,,
618,56.961533634,1779096580.2337298,604,0.014325961470603943,0.007373756263405085,0.006952204741537571,,,,,,,,,,,,,,,,,,,,,,,,
619,57.017722124,1779096580.289832,605,0.014853152446448803,0.007885865867137909,0.006967286579310894,,,,,,,,,,,,,,,,,,,,,,,,
620,57.082464695,1779096580.3546169,606,0.014722906053066254,0.0077432915568351746,0.006979614961892366,,,,,,,,,,,,,,,,,,,,,,,,
621,57.140696441,1779096580.4128244,607,0.01406149659305811,0.007081827614456415,0.006979668978601694,,,,,,,,,,,,,,,,,,,,,,,,
622,57.194974207,1779096580.467077,608,0.01390352938324213,0.006947163492441177,0.006956365890800953,,,,,,,,,,,,,,,,,,,,,,,,
623,57.251011304,1779096580.5232077,609,0.014249861240386963,0.007269055116921663,0.006980805657804012,,,,,,,,,,,,,,,,,,,,,,,,
624,57.305222995,1779096580.5773091,610,0.013627871870994568,0.006644153036177158,0.006983719300478697,,,,,,,,,,,,,,,,,,,,,,,,
625,57.361529632,1779096580.633667,611,0.013637613505125046,0.006646002642810345,0.006991610396653414,,,,,,,,,,,,,,,,,,,,,,,,
626,57.416731788,1779096580.6887655,612,0.013841681182384491,0.006881609559059143,0.006960072088986635,,,,,,,,,,,,,,,,,,,,,,,,
627,57.473424456,1779096580.745449,613,0.013585162349045277,0.006596122868359089,0.006989039480686188,,,,,,,,,,,,,,,,,,,,,,,,
628,57.528128283,1779096580.800318,614,0.01340796984732151,0.006420224439352751,0.006987744942307472,,,,,,,,,,,,,,,,,,,,,,,,
629,57.584582618,1779096580.8567553,615,0.013478802517056465,0.006485786288976669,0.0069930157624185085,,,,,,,,,,,,,,,,,,,,,,,,
630,57.649835973,1779096580.9218848,616,0.014485673978924751,0.007493150420486927,0.006992523558437824,,,,,,,,,,,,,,,,,,,,,,,,
631,57.71168244,1779096580.9837961,617,0.013959011994302273,0.006936788558959961,0.007022223435342312,,,,,,,,,,,,,,,,,,,,,,,,
632,57.767116521,1779096581.0391521,618,0.013205107301473618,0.006191398948431015,0.0070137083530426025,,,,,,,,,,,,,,,,,,,,,,,,
633,57.821663861,1779096581.0937383,619,0.01348733901977539,0.006478357128798962,0.007008981890976429,,,,,,,,,,,,,,,,,,,,,,,,
634,57.878349185,1779096581.1504593,620,0.013658121228218079,0.006627395749092102,0.007030725013464689,,,,,,,,,,,,,,,,,,,,,,,,
635,57.934165766,1779096581.2062123,621,0.013720141723752022,0.0066807265393435955,0.007039414718747139,,,,,,,,,,,,,,,,,,,,,,,,
636,57.990412416,1779096581.2625103,622,0.014075799845159054,0.007029186934232712,0.007046612910926342,,,,,,,,,,,,,,,,,,,,,,,,
637,58.04681544,1779096581.3188891,623,0.01403768453747034,0.006992390379309654,0.0070452941581606865,,,,,,,,,,,,,,,,,,,,,,,,
638,58.101530181,1779096581.3735874,624,0.013761710375547409,0.006733107380568981,0.007028602529317141,,,,,,,,,,,,,,,,,,,,,,,,
639,58.157850344,1779096581.4299347,625,0.013195998966693878,0.00617072731256485,0.007025272119790316,,,,,,,,,,,,,,,,,,,,,,,,
640,58.213104871,1779096581.4851787,626,0.013976987451314926,0.006932547781616449,0.007044440135359764,,,,,,,,,,,,,,,,,,,,,,,,
641,58.279012313,1779096581.5510356,627,0.013792422600090504,0.0067463526502251625,0.007046069949865341,,,,,,,,,,,,,,,,,,,,,,,,
642,58.336487604,1779096581.6086125,628,0.013791102916002274,0.006749266292899847,0.007041837088763714,,,,,,,,,,,,,,,,,,,,,,,,
643,58.390630211,1779096581.6626496,629,0.01328610721975565,0.006221157498657703,0.007064949721097946,,,,,,,,,,,,,,,,,,,,,,,,
644,58.445846294,1779096581.7178848,630,0.013590561226010323,0.006531296297907829,0.007059264928102493,,,,,,,,,,,,,,,,,,,,,,,,
645,58.504936276,1779096581.7769415,631,0.013346586376428604,0.006292860023677349,0.007053726818412542,,,,,,,,,,,,,,,,,,,,,,,,
646,58.562633959,1779096581.8347044,632,0.013683516532182693,0.0066270846873521805,0.0070564323104918,,,,,,,,,,,,,,,,,,,,,,,,
647,58.619176357,1779096581.8912053,633,0.013650964014232159,0.006578236352652311,0.007072727661579847,,,,,,,,,,,,,,,,,,,,,,,,
648,58.676412672,1779096581.9484458,634,0.013500151224434376,0.0064120301976799965,0.007088121026754379,,,,,,,,,,,,,,,,,,,,,,,,
649,58.732803836,1779096582.0048459,635,0.013785501942038536,0.006697606295347214,0.007087895646691322,,,,,,,,,,,,,,,,,,,,,,,,
650,58.789257509,1779096582.0613852,636,0.01377001404762268,0.006671705283224583,0.007098308298736811,,,,,,,,,,,,,,,,,,,,,,,,
651,58.855243177,1779096582.1274672,637,0.013538850471377373,0.006442523095756769,0.007096327841281891,,,,,,,,,,,,,,,,,,,,,,,,
652,58.911374533,1779096582.1836464,638,0.013262169435620308,0.0061698053032159805,0.007092364132404327,,,,,,,,,,,,,,,,,,,,,,,,
653,58.966236341,1779096582.2382874,639,0.013599084690213203,0.006501081399619579,0.007098003756254911,,,,,,,,,,,,,,,,,,,,,,,,
654,59.021188192,1779096582.2932367,640,0.01436135545372963,0.007255721837282181,0.007105633150786161,,,,,,,,,,,,,,,,,,,,,,,,
655,60.366174586,1779096583.6367793,640,,,,0.003439457854256034,0.011789361946284771,0.02434779889881611,0.03973272070288658,0.009041591547429562,0.008318264037370682,0.00795659702271223,0.007142852991819382,0.009041591547429562,0.011539093218743801,0.015993362292647362,0.021598389372229576,0.003439457854256034,0.006267097778618336,0.00794157013297081,0.009123224765062332,0.009041591547429562,0.01998191513121128,0.024953357875347137,0.029225140810012817,0.009041591547429562,0.04159132018685341,0.07956600189208984,0.1428571492433548
656,60.452308429,1779096583.724203,641,0.01317017525434494,0.006060503423213959,0.0071096718311309814,,,,,,,,,,,,,,,,,,,,,,,,
657,60.530937245,1779096583.802402,642,0.013159953989088535,0.006040194071829319,0.007119759917259216,,,,,,,,,,,,,,,,,,,,,,,,
658,60.595442704,1779096583.8674147,643,0.013498865067958832,0.0063736033625900745,0.0071252621710300446,,,,,,,,,,,,,,,,,,,,,,,,
659,60.659001832,1779096583.9310255,644,0.013291408307850361,0.006168229505419731,0.00712317880243063,,,,,,,,,,,,,,,,,,,,,,,,
660,60.723219004,1779096583.9949903,645,0.013189197517931461,0.0060526542365550995,0.007136543281376362,,,,,,,,,,,,,,,,,,,,,,,,
661,60.781228236,1779096584.0532956,646,0.013957484625279903,0.006819748319685459,0.007137736305594444,,,,,,,,,,,,,,,,,,,,,,,,
662,60.834806997,1779096584.1068604,647,0.013358724303543568,0.006229439750313759,0.007129284553229809,,,,,,,,,,,,,,,,,,,,,,,,
663,60.89091369,1779096584.1623523,648,0.013738611713051796,0.006614496000111103,0.00712411617860198,,,,,,,,,,,,,,,,,,,,,,,,
664,60.945801022,1779096584.2178874,649,0.013764241710305214,0.006636542268097401,0.007127698976546526,,,,,,,,,,,,,,,,,,,,,,,,
665,61.002285463,1779096584.2743452,650,0.013995690271258354,0.006855725776404142,0.007139964960515499,,,,,,,,,,,,,,,,,,,,,,,,
666,61.058182466,1779096584.3301399,651,0.013425333425402641,0.0062858350574970245,0.007139498833566904,,,,,,,,,,,,,,,,,,,,,,,,
667,61.117595633,1779096584.3895462,652,0.0132679408416152,0.0061117312870919704,0.00715620955452323,,,,,,,,,,,,,,,,,,,,,,,,
668,61.175273254,1779096584.447283,653,0.013485717587172985,0.006350761279463768,0.007134956307709217,,,,,,,,,,,,,,,,,,,,,,,,
669,61.230610848,1779096584.5026884,654,0.013650912791490555,0.006517798639833927,0.007133114617317915,,,,,,,,,,,,,,,,,,,,,,,,
670,61.286478877,1779096584.5585375,655,0.013545839115977287,0.006376960314810276,0.007168878801167011,,,,,,,,,,,,,,,,,,,,,,,,
671,61.340081148,1779096584.6121676,656,0.013640375807881355,0.00648863147944212,0.007151743862777948,,,,,,,,,,,,,,,,,,,,,,,,
672,61.395459978,1779096584.6675527,657,0.013200351968407631,0.006045415066182613,0.007154937367886305,,,,,,,,,,,,,,,,,,,,,,,,
673,61.450559853,1779096584.7226205,658,0.01307995617389679,0.005914267152547836,0.0071656894870102406,,,,,,,,,,,,,,,,,,,,,,,,
674,61.505682472,1779096584.7777936,659,0.013319035992026329,0.00614888034760952,0.007170155178755522,,,,,,,,,,,,,,,,,,,,,,,,
675,61.559148752,1779096584.8312235,660,0.012434301897883415,0.005265205632895231,0.007169096264988184,,,,,,,,,,,,,,,,,,,,,,,,
676,61.612977463,1779096584.8850682,661,0.013529435731470585,0.0063648768700659275,0.007164558861404657,,,,,,,,,,,,,,,,,,,,,,,,
677,61.670129645,1779096584.9421923,662,0.012799575924873352,0.0056316908448934555,0.007167885545641184,,,,,,,,,,,,,,,,,,,,,,,,
678,61.723568225,1779096584.9957187,663,0.013255750760436058,0.006060454994440079,0.007195295765995979,,,,,,,,,,,,,,,,,,,,,,,,
679,61.779715744,1779096585.0518062,664,0.013767324388027191,0.006562957540154457,0.007204366847872734,,,,,,,,,,,,,,,,,,,,,,,,
680,61.835455185,1779096585.1074007,665,0.012849612161517143,0.005660760682076216,0.007188851945102215,,,,,,,,,,,,,,,,,,,,,,,,
681,61.892778556,1779096585.1648324,666,0.012752282433211803,0.005557280033826828,0.007195002399384975,,,,,,,,,,,,,,,,,,,,,,,,
682,61.962017342,1779096585.233941,667,0.012973912060260773,0.00577585119754076,0.007198060397058725,,,,,,,,,,,,,,,,,,,,,,,,
683,62.03812706,1779096585.310089,668,0.013498503714799881,0.006303885951638222,0.0071946182288229465,,,,,,,,,,,,,,,,,,,,,,,,
684,62.103675954,1779096585.3757117,669,0.012943565845489502,0.005752727389335632,0.00719083845615387,,,,,,,,,,,,,,,,,,,,,,,,
685,62.167426766,1779096585.4394832,670,0.012648980133235455,0.0054227733053267,0.007226206827908754,,,,,,,,,,,,,,,,,,,,,,,,
686,62.232461825,1779096585.5044773,671,0.013316318392753601,0.006105894688516855,0.0072104232385754585,,,,,,,,,,,,,,,,,,,,,,,,
687,62.299744328,1779096585.571646,672,0.012778598815202713,0.0055796438828110695,0.007198955398052931,,,,,,,,,,,,,,,,,,,,,,,,
688,62.365824026,1779096585.6378047,673,0.013484694063663483,0.006266512908041477,0.007218180689960718,,,,,,,,,,,,,,,,,,,,,,,,
689,62.429518637,1779096585.7015316,674,0.013328779488801956,0.006098119542002678,0.007230659481137991,,,,,,,,,,,,,,,,,,,,,,,,
690,62.494817458,1779096585.766767,675,0.01354936696588993,0.006313641555607319,0.007235725875943899,,,,,,,,,,,,,,,,,,,,,,,,
691,62.559383591,1779096585.8314936,676,0.012876336462795734,0.005635319277644157,0.007241017185151577,,,,,,,,,,,,,,,,,,,,,,,,
692,62.624462208,1779096585.8964489,677,0.013120591640472412,0.005875198170542717,0.007245393004268408,,,,,,,,,,,,,,,,,,,,,,,,
693,62.688901045,1779096585.9609208,678,0.013296535238623619,0.006054077763110399,0.007242457941174507,,,,,,,,,,,,,,,,,,,,,,,,
694,62.753811955,1779096586.0257773,679,0.01299174502491951,0.00575556606054306,0.00723617896437645,,,,,,,,,,,,,,,,,,,,,,,,
695,62.819852122,1779096586.091807,680,0.013824701309204102,0.0065857707522809505,0.007238931022584438,,,,,,,,,,,,,,,,,,,,,,,,
696,64.391364495,1779096587.6626186,680,,,,0.003439457854256034,0.011789361946284771,0.02434779889881611,0.04018479958176613,0.009041591547429562,0.008318264037370682,0.00795659702271223,0.007233268115669489,0.009041591547429562,0.01160848792642355,0.016104741021990776,0.021852202713489532,0.003439457854256034,0.00630401773378253,0.008015344850718975,0.009202778339385986,0.009041591547429562,0.020223025232553482,0.025332963094115257,0.029634710401296616,0.009041591547429562,0.04159132018685341,0.07956600189208984,0.14466546475887299
697,64.529242211,1779096587.8010833,681,0.012784518301486969,0.005529519636183977,0.007254998665302992,,,,,,,,,,,,,,,,,,,,,,,,
698,64.587561136,1779096587.8596275,682,0.012697611004114151,0.005471065640449524,0.007226545363664627,,,,,,,,,,,,,,,,,,,,,,,,
699,64.645435157,1779096587.9174833,683,0.012887991964817047,0.00565116573125124,0.007236826233565807,,,,,,,,,,,,,,,,,,,,,,,,
700,64.701250053,1779096587.9732676,684,0.012565232813358307,0.005299012642353773,0.007266220636665821,,,,,,,,,,,,,,,,,,,,,,,,
701,64.761462077,1779096588.0333388,685,0.013152454048395157,0.005895406007766724,0.007257048040628433,,,,,,,,,,,,,,,,,,,,,,,,
702,64.818402109,1779096588.0904653,686,0.012891598045825958,0.0056299734860658646,0.007261624094098806,,,,,,,,,,,,,,,,,,,,,,,,
703,64.873082865,1779096588.145097,687,0.012447219341993332,0.005201262421905994,0.0072459569200873375,,,,,,,,,,,,,,,,,,,,,,,,
704,64.930200071,1779096588.2021866,688,0.012532990425825119,0.005266232416033745,0.0072667584754526615,,,,,,,,,,,,,,,,,,,,,,,,
705,64.984311069,1779096588.256416,689,0.013135166838765144,0.005842752289026976,0.007292414549738169,,,,,,,,,,,,,,,,,,,,,,,,
706,65.042132072,1779096588.3140686,690,0.013165336102247238,0.005879802163690329,0.0072855339385569096,,,,,,,,,,,,,,,,,,,,,,,,
707,65.098042492,1779096588.3699598,691,0.012889647856354713,0.0055938647128641605,0.007295783143490553,,,,,,,,,,,,,,,,,,,,,,,,
708,65.153912568,1779096588.4259508,692,0.013249533250927925,0.005928553640842438,0.0073209791444242,,,,,,,,,,,,,,,,,,,,,,,,
709,65.209512478,1779096588.4815466,693,0.012480045668780804,0.00517692556604743,0.007303120102733374,,,,,,,,,,,,,,,,,,,,,,,,
710,65.265138242,1779096588.537146,694,0.012759052217006683,0.005476826801896095,0.007282224949449301,,,,,,,,,,,,,,,,,,,,,,,,
711,65.320253867,1779096588.5922892,695,0.012598665431141853,0.00528806634247303,0.007310598623007536,,,,,,,,,,,,,,,,,,,,,,,,
712,65.375835189,1779096588.6478894,696,0.012855378910899162,0.005536594893783331,0.007318783551454544,,,,,,,,,,,,,,,,,,,,,,,,
713,65.432127206,1779096588.7041943,697,0.013329332694411278,0.006032424978911877,0.007296908181160688,,,,,,,,,,,,,,,,,,,,,,,,
714,65.486788513,1779096588.7588556,698,0.01297612302005291,0.0056664543226361275,0.00730966916307807,,,,,,,,,,,,,,,,,,,,,,,,
715,65.545213223,1779096588.8171585,699,0.013395393267273903,0.006091251038014889,0.0073041426949203014,,,,,,,,,,,,,,,,,,,,,,,,
716,65.599271717,1779096588.8713312,700,0.012578328140079975,0.00525651453062892,0.0073218136094510555,,,,,,,,,,,,,,,,,,,,,,,,
717,65.655722952,1779096588.92781,701,0.01247735507786274,0.00514890905469656,0.00732844602316618,,,,,,,,,,,,,,,,,,,,,,,,
718,65.710067858,1779096588.9820993,702,0.012933487072587013,0.00562258018180728,0.007310906890779734,,,,,,,,,,,,,,,,,,,,,,,,
719,65.766532147,1779096589.0386324,703,0.012725834734737873,0.005400344263762236,0.0073254904709756374,,,,,,,,,,,,,,,,,,,,,,,,
720,65.822576727,1779096589.0945945,704,0.012761309742927551,0.005413922481238842,0.007347387727349997,,,,,,,,,,,,,,,,,,,,,,,,
721,65.879186605,1779096589.1512337,705,0.012953449040651321,0.00560720544308424,0.007346243131905794,,,,,,,,,,,,,,,,,,,,,,,,
722,65.933461408,1779096589.2054975,706,0.012910078279674053,0.005552250891923904,0.007357827387750149,,,,,,,,,,,,,,,,,,,,,,,,
723,65.990184164,1779096589.262101,707,0.01333320140838623,0.006002084817737341,0.007331116124987602,,,,,,,,,,,,,,,,,,,,,,,,
724,66.04461571,1779096589.3166697,708,0.013295816257596016,0.005946803372353315,0.007349013350903988,,,,,,,,,,,,,,,,,,,,,,,,
725,66.102319403,1779096589.3742905,709,0.013182369992136955,0.0058198124170303345,0.007362557575106621,,,,,,,,,,,,,,,,,,,,,,,,
726,66.158518113,1779096589.4305708,710,0.012829726561903954,0.0054733725264668465,0.00735635356977582,,,,,,,,,,,,,,,,,,,,,,,,
727,66.215608791,1779096589.4875782,711,0.012910294346511364,0.00554552860558033,0.007364765740931034,,,,,,,,,,,,,,,,,,,,,,,,
728,66.27310414,1779096589.5450537,712,0.012960651889443398,0.00561575498431921,0.0073448964394629,,,,,,,,,,,,,,,,,,,,,,,,
729,66.327015749,1779096589.5990586,713,0.013039696961641312,0.005684355273842812,0.0073553416877985,,,,,,,,,,,,,,,,,,,,,,,,
730,66.383082636,1779096589.6551375,714,0.012602115049958229,0.005228790454566479,0.00737332459539175,,,,,,,,,,,,,,,,,,,,,,,,
731,66.4389989,1779096589.7109528,715,0.012378156185150146,0.005018068477511406,0.007360087241977453,,,,,,,,,,,,,,,,,,,,,,,,
732,66.495585351,1779096589.7676852,716,0.012985320761799812,0.005621226504445076,0.007364094257354736,,,,,,,,,,,,,,,,,,,,,,,,
733,66.549407358,1779096589.8213992,717,0.01286294311285019,0.005491100251674652,0.007371842861175537,,,,,,,,,,,,,,,,,,,,,,,,
734,66.606408005,1779096589.8784165,718,0.012840526178479195,0.005447861738502979,0.007392664905637503,,,,,,,,,,,,,,,,,,,,,,,,
735,66.665297764,1779096589.93752,719,0.012740422040224075,0.005356236826628447,0.007384184747934341,,,,,,,,,,,,,,,,,,,,,,,,
736,66.785409312,1779096590.057233,720,0.0123152956366539,0.004949650727212429,0.007365645375102758,,,,,,,,,,,,,,,,,,,,,,,,
737,67.986460979,1779096591.2577913,720,,,,0.003439457854256034,0.011789361946284771,0.024649186059832573,0.039431337267160416,0.009041591547429562,0.008318264037370682,0.008137429133057594,0.0070524369366467,0.009041591547429562,0.01160848792642355,0.01623683050274849,0.021531829610466957,0.003439457854256034,0.0062211365438997746,0.007956143468618393,0.00906832329928875,0.009041591547429562,0.020223025232553482,0.02552599273622036,0.02947588637471199,0.009041591547429562,0.04159132018685341,0.08137432485818863,0.14104881882667542
738,68.056236592,1779096591.3282342,721,0.01237683929502964,0.005003377329558134,0.007373462431132793,,,,,,,,,,,,,,,,,,,,,,,,
739,68.11237543,1779096591.3844,722,0.012790543958544731,0.005388867110013962,0.007401676848530769,,,,,,,,,,,,,,,,,,,,,,,,
740,68.169186767,1779096591.4412396,723,0.01239935215562582,0.005002603866159916,0.007396748289465904,,,,,,,,,,,,,,,,,,,,,,,,
741,68.224060722,1779096591.4960918,724,0.012320516631007195,0.004918891936540604,0.007401624228805304,,,,,,,,,,,,,,,,,,,,,,,,
742,68.2809634,1779096591.5529573,725,0.012722259387373924,0.005306483246386051,0.00741577660664916,,,,,,,,,,,,,,,,,,,,,,,,
743,68.335964736,1779096591.607966,726,0.012846472673118114,0.005434342194348574,0.007412130478769541,,,,,,,,,,,,,,,,,,,,,,,,
744,68.394019561,1779096591.6659694,727,0.012655495665967464,0.005233200266957283,0.007422295399010181,,,,,,,,,,,,,,,,,,,,,,,,
745,68.464598554,1779096591.7365968,728,0.01242661103606224,0.005026454571634531,0.007400156930088997,,,,,,,,,,,,,,,,,,,,,,,,
746,68.523687062,1779096591.795618,729,0.012533837929368019,0.00513688987120986,0.007396948058158159,,,,,,,,,,,,,,,,,,,,,,,,
747,68.578648269,1779096591.8507285,730,0.012417618185281754,0.005001917947083712,0.007415699772536755,,,,,,,,,,,,,,,,,,,,,,,,
748,68.63440794,1779096591.9065306,731,0.012161776423454285,0.004747556522488594,0.007414220366626978,,,,,,,,,,,,,,,,,,,,,,,,
749,68.690465348,1779096591.9626217,732,0.013266882859170437,0.005817272234708071,0.007449610624462366,,,,,,,,,,,,,,,,,,,,,,,,
750,68.74910767,1779096592.0212417,733,0.012546990066766739,0.005119519308209419,0.007427470292896032,,,,,,,,,,,,,,,,,,,,,,,,
751,68.808013607,1779096592.0800567,734,0.013451125472784042,0.0059899864718317986,0.0074611385352909565,,,,,,,,,,,,,,,,,,,,,,,,
752,68.865983653,1779096592.1380005,735,0.01234213262796402,0.004907555878162384,0.0074345762841403484,,,,,,,,,,,,,,,,,,,,,,,,
753,68.922568294,1779096592.194565,736,0.012897510081529617,0.005449090152978897,0.0074484203942120075,,,,,,,,,,,,,,,,,,,,,,,,
754,68.981819788,1779096592.2542045,737,0.012479405850172043,0.005019232630729675,0.007460173685103655,,,,,,,,,,,,,,,,,,,,,,,,
755,69.039794825,1779096592.3121963,738,0.012717901729047298,0.005287877283990383,0.007430024445056915,,,,,,,,,,,,,,,,,,,,,,,,
756,69.093545872,1779096592.365646,739,0.012621941044926643,0.005186880938708782,0.007435060106217861,,,,,,,,,,,,,,,,,,,,,,,,
757,69.14999974,1779096592.4221115,740,0.012348949909210205,0.004902401007711887,0.007446548901498318,,,,,,,,,,,,,,,,,,,,,,,,
758,69.210306147,1779096592.4824803,741,0.012227935716509819,0.004771082662045956,0.007456852588802576,,,,,,,,,,,,,,,,,,,,,,,,
759,69.270226411,1779096592.542391,742,0.01269199326634407,0.005237459205091,0.007454534526914358,,,,,,,,,,,,,,,,,,,,,,,,
760,69.326987506,1779096592.5992122,743,0.01227524783462286,0.004818358458578587,0.007456889376044273,,,,,,,,,,,,,,,,,,,,,,,,
761,69.381092932,1779096592.653251,744,0.012726953253149986,0.005238989368081093,0.007487963885068893,,,,,,,,,,,,,,,,,,,,,,,,
762,69.436688989,1779096592.708739,745,0.013014674186706543,0.005549664609134197,0.007465009111911058,,,,,,,,,,,,,,,,,,,,,,,,
763,69.492931624,1779096592.7649865,746,0.012764625251293182,0.005291570443660021,0.007473054341971874,,,,,,,,,,,,,,,,,,,,,,,,
764,69.551710458,1779096592.8237352,747,0.012779352255165577,0.005287976935505867,0.00749137531965971,,,,,,,,,,,,,,,,,,,,,,,,
765,69.60680314,1779096592.8790185,748,0.012217400595545769,0.004739030729979277,0.007478370331227779,,,,,,,,,,,,,,,,,,,,,,,,
766,69.663948261,1779096592.9360294,749,0.01195842307060957,0.004493994638323784,0.007464428432285786,,,,,,,,,,,,,,,,,,,,,,,,
767,69.720636515,1779096592.992856,750,0.012572037056088448,0.00509236566722393,0.0074796718545258045,,,,,,,,,,,,,,,,,,,,,,,,
768,69.776816883,1779096593.048863,751,0.012463055551052094,0.004981581121683121,0.00748147489503026,,,,,,,,,,,,,,,,,,,,,,,,
769,69.833344529,1779096593.1054494,752,0.01254304125905037,0.0050535425543785095,0.00748949870467186,,,,,,,,,,,,,,,,,,,,,,,,
770,69.890630717,1779096593.1626048,753,0.012311788275837898,0.004808585159480572,0.007503203582018614,,,,,,,,,,,,,,,,,,,,,,,,
771,69.948517548,1779096593.220734,754,0.012478046119213104,0.005019967909902334,0.007458078674972057,,,,,,,,,,,,,,,,,,,,,,,,
772,70.008806813,1779096593.2807853,755,0.012826012447476387,0.005326392594724894,0.0074996198527514935,,,,,,,,,,,,,,,,,,,,,,,,
773,70.065588806,1779096593.3376603,756,0.012290146201848984,0.004808755591511726,0.00748139014467597,,,,,,,,,,,,,,,,,,,,,,,,
774,70.120363686,1779096593.3925915,757,0.012570833787322044,0.00507674366235733,0.007494090124964714,,,,,,,,,,,,,,,,,,,,,,,,
775,70.179277896,1779096593.4515011,758,0.012960709631443024,0.005485408008098602,0.007475302089005709,,,,,,,,,,,,,,,,,,,,,,,,
776,70.236815221,1779096593.5089254,759,0.012074651196599007,0.004588392563164234,0.00748625909909606,,,,,,,,,,,,,,,,,,,,,,,,
777,70.291737324,1779096593.5638819,760,0.012425035238265991,0.004930941853672266,0.007494092918932438,,,,,,,,,,,,,,,,,,,,,,,,
778,71.673465113,1779096594.9454048,760,,,,0.003439457854256034,0.011789361946284771,0.024649186059832573,0.03935900330543518,0.009041591547429562,0.008318264037370682,0.008137429133057594,0.006962021347135305,0.009041591547429562,0.011711141094565392,0.01631755381822586,0.021560287103056908,0.003439457854256034,0.006311552133411169,0.00803458783775568,0.009138274006545544,0.009041591547429562,0.020373718813061714,0.025615692138671875,0.029511870816349983,0.009041591547429562,0.04159132018685341,0.08137432485818863,0.13924050331115723
779,71.73263641,1779096595.0046146,761,0.012588847428560257,0.0051142191514372826,0.007474628277122974,,,,,,,,,,,,,,,,,,,,,,,,
780,71.78831007,1779096595.0603325,762,0.012518206611275673,0.005003967322409153,0.00751423928886652,,,,,,,,,,,,,,,,,,,,,,,,
781,71.845273969,1779096595.1173003,763,0.012180768884718418,0.00465140026062727,0.007529368624091148,,,,,,,,,,,,,,,,,,,,,,,,
782,71.90601426,1779096595.1781282,764,0.012387879192829132,0.0048652696423232555,0.0075226095505058765,,,,,,,,,,,,,,,,,,,,,,,,
783,71.965064658,1779096595.2370646,765,0.01276148110628128,0.005262430757284164,0.007499049883335829,,,,,,,,,,,,,,,,,,,,,,,,
784,72.023393791,1779096595.295529,766,0.012322568334639072,0.004810540936887264,0.007512027397751808,,,,,,,,,,,,,,,,,,,,,,,,
785,72.081532123,1779096595.3536634,767,0.012624550610780716,0.0051082223653793335,0.0075163282454013824,,,,,,,,,,,,,,,,,,,,,,,,
786,72.14710898,1779096595.4188054,768,0.012659761123359203,0.005126115866005421,0.007533645257353783,,,,,,,,,,,,,,,,,,,,,,,,
787,72.278630794,1779096595.5508041,769,0.012371024116873741,0.004832022823393345,0.007539001293480396,,,,,,,,,,,,,,,,,,,,,,,,
788,72.344433793,1779096595.6162276,770,0.011836005374789238,0.00430074380710721,0.007535261567682028,,,,,,,,,,,,,,,,,,,,,,,,
789,72.401064399,1779096595.673048,771,0.012075161561369896,0.004558800254017115,0.007516360841691494,,,,,,,,,,,,,,,,,,,,,,,,
790,72.45925775,1779096595.7312837,772,0.011954769492149353,0.004421363119035959,0.0075334059074521065,,,,,,,,,,,,,,,,,,,,,,,,
791,72.515913802,1779096595.787955,773,0.012155355885624886,0.004630272276699543,0.007525083143264055,,,,,,,,,,,,,,,,,,,,,,,,
792,72.571040511,1779096595.843093,774,0.012118070386350155,0.0045835766941308975,0.007534493692219257,,,,,,,,,,,,,,,,,,,,,,,,
793,72.627968825,1779096595.9000058,775,0.012538248673081398,0.004996086936444044,0.007542161270976067,,,,,,,,,,,,,,,,,,,,,,,,
794,72.683760056,1779096595.9557812,776,0.012483406811952591,0.004936037119477987,0.007547369226813316,,,,,,,,,,,,,,,,,,,,,,,,
795,72.742658775,1779096596.0146494,777,0.012333185411989689,0.004765693098306656,0.007567492313683033,,,,,,,,,,,,,,,,,,,,,,,,
796,72.799974054,1779096596.0719512,778,0.01237102784216404,0.004775612615048885,0.007595414761453867,,,,,,,,,,,,,,,,,,,,,,,,
797,72.855369813,1779096596.1273792,779,0.01201624609529972,0.004449374042451382,0.007566871587187052,,,,,,,,,,,,,,,,,,,,,,,,
798,72.912867797,1779096596.1849015,780,0.012089778669178486,0.0045286063104867935,0.007561172358691692,,,,,,,,,,,,,,,,,,,,,,,,
799,72.969574484,1779096596.2416003,781,0.012510398402810097,0.004935692995786667,0.007574705872684717,,,,,,,,,,,,,,,,,,,,,,,,
800,73.025084547,1779096596.2970684,782,0.012072259560227394,0.004501154646277428,0.007571104448288679,,,,,,,,,,,,,,,,,,,,,,,,
801,73.082266815,1779096596.3542778,783,0.012033471837639809,0.00447471160441637,0.007558759767562151,,,,,,,,,,,,,,,,,,,,,,,,
802,73.13766416,1779096596.4097128,784,0.012388085946440697,0.00480673648416996,0.007581349927932024,,,,,,,,,,,,,,,,,,,,,,,,
803,73.196404039,1779096596.4683976,785,0.011781921610236168,0.004181745462119579,0.007600176148116589,,,,,,,,,,,,,,,,,,,,,,,,
804,73.254580651,1779096596.5265298,786,0.012257782742381096,0.004687338136136532,0.007570444140583277,,,,,,,,,,,,,,,,,,,,,,,,
805,73.309803947,1779096596.5818436,787,0.011930711567401886,0.004361627157777548,0.007569083943963051,,,,,,,,,,,,,,,,,,,,,,,,
806,73.367613911,1779096596.6396139,788,0.011975128203630447,0.004415474832057953,0.0075596533715724945,,,,,,,,,,,,,,,,,,,,,,,,
807,73.424695505,1779096596.6967387,789,0.012333649210631847,0.004751804284751415,0.007581844925880432,,,,,,,,,,,,,,,,,,,,,,,,
808,73.480155242,1779096596.752149,790,0.012196892872452736,0.004594124853610992,0.007602768484503031,,,,,,,,,,,,,,,,,,,,,,,,
809,73.538098312,1779096596.810012,791,0.012019009329378605,0.004420140758156776,0.0075988685712218285,,,,,,,,,,,,,,,,,,,,,,,,
810,73.597651147,1779096596.8696423,792,0.012011883780360222,0.004400370642542839,0.0076115126721560955,,,,,,,,,,,,,,,,,,,,,,,,
811,73.653148283,1779096596.9251795,793,0.011994414031505585,0.004408653825521469,0.007585760205984116,,,,,,,,,,,,,,,,,,,,,,,,
812,73.711208834,1779096596.983228,794,0.01191701553761959,0.00431927852332592,0.007597737479954958,,,,,,,,,,,,,,,,,,,,,,,,
813,73.769664299,1779096597.0417202,795,0.01210048608481884,0.004483147524297237,0.00761733902618289,,,,,,,,,,,,,,,,,,,,,,,,
814,73.826634097,1779096597.098639,796,0.011954369023442268,0.004372321534901857,0.007582047954201698,,,,,,,,,,,,,,,,,,,,,,,,
815,73.882321772,1779096597.154314,797,0.012372702360153198,0.004764562472701073,0.007608140353113413,,,,,,,,,,,,,,,,,,,,,,,,
816,73.939523122,1779096597.2115707,798,0.011846337467432022,0.004250159487128258,0.007596178445965052,,,,,,,,,,,,,,,,,,,,,,,,
817,73.996651749,1779096597.268568,799,0.012160109356045723,0.004557185340672731,0.0076029240153729916,,,,,,,,,,,,,,,,,,,,,,,,
818,74.054228309,1779096597.32624,800,0.012521058320999146,0.004892636090517044,0.007628421764820814,,,,,,,,,,,,,,,,,,,,,,,,
819,75.423274424,1779096598.694635,800,,,,0.003891537431627512,0.011427697725594044,0.024046413600444794,0.03963720425963402,0.010849909856915474,0.00795660074800253,0.00795659702271223,0.007142852526158094,0.010849909856915474,0.011680664494633675,0.01626780442893505,0.021897142753005028,0.003891537431627512,0.006341691128909588,0.008127156645059586,0.009299587458372116,0.010849909856915474,0.020735381171107292,0.026110824197530746,0.030325349420309067,0.010849909856915474,0.03978300094604492,0.07956600189208984,0.1428571492433548
820,75.513762156,1779096598.7857766,801,0.012089071795344353,0.004476343281567097,0.007612728513777256,,,,,,,,,,,,,,,,,,,,,,,,
821,75.565926235,1779096598.8380477,802,0.012314533814787865,0.0047078682109713554,0.007606665603816509,,,,,,,,,,,,,,,,,,,,,,,,
822,75.61783376,1779096598.889893,803,0.012360606342554092,0.0047261472791433334,0.007634458597749472,,,,,,,,,,,,,,,,,,,,,,,,
823,75.67323324,1779096598.945569,804,0.011894702911376953,0.004263896960765123,0.007630806416273117,,,,,,,,,,,,,,,,,,,,,,,,
824,75.728320892,1779096599.0004678,805,0.011863483116030693,0.004233986139297485,0.007629497442394495,,,,,,,,,,,,,,,,,,,,,,,,
825,75.783194206,1779096599.0552819,806,0.012542802840471268,0.004903005436062813,0.007639796938747168,,,,,,,,,,,,,,,,,,,,,,,,
826,75.837323114,1779096599.1094697,807,0.01244131289422512,0.004775704815983772,0.007665608078241348,,,,,,,,,,,,,,,,,,,,,,,,
827,75.892354924,1779096599.164407,808,0.01184709370136261,0.004209167789667845,0.007637925446033478,,,,,,,,,,,,,,,,,,,,,,,,
828,75.944666642,1779096599.2167337,809,0.011680373921990395,0.0040722317062318325,0.007608142681419849,,,,,,,,,,,,,,,,,,,,,,,,
829,75.997289441,1779096599.2693703,810,0.011712557636201382,0.004079725593328476,0.007632832042872906,,,,,,,,,,,,,,,,,,,,,,,,
830,76.050055683,1779096599.3221326,811,0.011609322391450405,0.003987941425293684,0.007621380966156721,,,,,,,,,,,,,,,,,,,,,,,,
831,76.103826749,1779096599.3760157,812,0.011748179793357849,0.004097127355635166,0.007651051972061396,,,,,,,,,,,,,,,,,,,,,,,,
832,76.160280737,1779096599.4323237,813,0.011802759021520615,0.004143844358623028,0.0076589141972362995,,,,,,,,,,,,,,,,,,,,,,,,
833,76.21341334,1779096599.485504,814,0.012432962656021118,0.004778707399964333,0.007654254790395498,,,,,,,,,,,,,,,,,,,,,,,,
834,76.265986033,1779096599.5379572,815,0.012000884860754013,0.004332414828240871,0.007668470032513142,,,,,,,,,,,,,,,,,,,,,,,,
835,76.31930053,1779096599.5912976,816,0.01211201399564743,0.004471618682146072,0.007640395313501358,,,,,,,,,,,,,,,,,,,,,,,,
836,76.372460759,1779096599.644429,817,0.012221471406519413,0.004569278098642826,0.007652193307876587,,,,,,,,,,,,,,,,,,,,,,,,
837,76.425600584,1779096599.6976063,818,0.012241074815392494,0.00457864860072732,0.007662425749003887,,,,,,,,,,,,,,,,,,,,,,,,
838,76.478272294,1779096599.7502294,819,0.011831656098365784,0.004154238849878311,0.00767741771414876,,,,,,,,,,,,,,,,,,,,,,,,
839,76.531860625,1779096599.8038979,820,0.012328041717410088,0.004660504870116711,0.007667536847293377,,,,,,,,,,,,,,,,,,,,,,,,
840,76.58629905,1779096599.8581896,821,0.012201756238937378,0.004514219239354134,0.007687536999583244,,,,,,,,,,,,,,,,,,,,,,,,
841,76.638735456,1779096599.9108217,822,0.012105828151106834,0.0044553447514772415,0.007650483399629593,,,,,,,,,,,,,,,,,,,,,,,,
842,76.691265339,1779096599.963327,823,0.011977563612163067,0.004306908696889877,0.0076706549152731895,,,,,,,,,,,,,,,,,,,,,,,,
843,76.743225276,1779096600.0152915,824,0.011866386979818344,0.004215158522129059,0.007651227992027998,,,,,,,,,,,,,,,,,,,,,,,,
844,76.794727929,1779096600.0668306,825,0.01162075437605381,0.003919892944395542,0.007700860965996981,,,,,,,,,,,,,,,,,,,,,,,,
845,76.846132512,1779096600.1182878,826,0.011859492398798466,0.00416820403188467,0.0076912883669137955,,,,,,,,,,,,,,,,,,,,,,,,
846,76.896913737,1779096600.1690366,827,0.012465085834264755,0.0047702486626803875,0.007694837637245655,,,,,,,,,,,,,,,,,,,,,,,,
847,76.947996332,1779096600.2201717,828,0.011957991868257523,0.004249240271747112,0.00770875159651041,,,,,,,,,,,,,,,,,,,,,,,,
848,76.999724717,1779096600.2718344,829,0.011661558412015438,0.003970490302890539,0.007691068109124899,,,,,,,,,,,,,,,,,,,,,,,,
849,77.052013134,1779096600.3241172,830,0.012083933688700199,0.004398864693939686,0.007685068994760513,,,,,,,,,,,,,,,,,,,,,,,,
850,77.104254852,1779096600.3762746,831,0.012022024020552635,0.004306661896407604,0.007715362124145031,,,,,,,,,,,,,,,,,,,,,,,,
851,77.156321265,1779096600.4283872,832,0.011916163377463818,0.004216505214571953,0.007699658162891865,,,,,,,,,,,,,,,,,,,,,,,,
852,77.208455655,1779096600.480513,833,0.012114878743886948,0.004422664642333984,0.007692214101552963,,,,,,,,,,,,,,,,,,,,,,,,
853,77.260114791,1779096600.5321994,834,0.01229837629944086,0.004585575312376022,0.007712800987064838,,,,,,,,,,,,,,,,,,,,,,,,
854,77.312244701,1779096600.5843062,835,0.012016484513878822,0.004294916987419128,0.007721567992120981,,,,,,,,,,,,,,,,,,,,,,,,
855,77.364162983,1779096600.6362166,836,0.011824353598058224,0.004109135363250971,0.007715218234807253,,,,,,,,,,,,,,,,,,,,,,,,
856,77.416416311,1779096600.6884446,837,0.011909263208508492,0.004197484347969294,0.007711778860539198,,,,,,,,,,,,,,,,,,,,,,,,
857,77.468400463,1779096600.7403448,838,0.01182640716433525,0.004127971827983856,0.007698435802012682,,,,,,,,,,,,,,,,,,,,,,,,
858,77.521489709,1779096600.7934804,839,0.011898377910256386,0.004177261609584093,0.007721116300672293,,,,,,,,,,,,,,,,,,,,,,,,
859,77.57469247,1779096600.846745,840,0.011485965922474861,0.0037766490131616592,0.007709316909313202,,,,,,,,,,,,,,,,,,,,,,,,
860,78.973206741,1779096602.244511,840,,,,0.003891537431627512,0.011427697725594044,0.024046413600444794,0.038860104978084564,0.010849909856915474,0.00795660074800253,0.00795659702271223,0.006962021347135305,0.010849909856915474,0.011707541532814503,0.016285650432109833,0.021624593064188957,0.003891537431627512,0.006356759928166866,0.008128771558403969,0.009252375923097134,0.010849909856915474,0.02082579769194126,0.026233531534671783,0.030238881707191467,0.010849909856915474,0.03978300094604492,0.07956600189208984,0.13924050331115723
861,79.041574987,1779096602.313701,841,0.011649252846837044,0.003926678095012903,0.007722575217485428,,,,,,,,,,,,,,,,,,,,,,,,
862,79.097861848,1779096602.3699603,842,0.011925974860787392,0.004195681307464838,0.007730293087661266,,,,,,,,,,,,,,,,,,,,,,,,
863,79.150902164,1779096602.422997,843,0.01143852062523365,0.003710025455802679,0.007728494703769684,,,,,,,,,,,,,,,,,,,,,,,,
864,79.207727691,1779096602.4797885,844,0.01198035478591919,0.004232885781675577,0.007747468538582325,,,,,,,,,,,,,,,,,,,,,,,,
865,79.262754249,1779096602.5349123,845,0.01165863499045372,0.0039253258146345615,0.007733309641480446,,,,,,,,,,,,,,,,,,,,,,,,
866,79.318155267,1779096602.59027,846,0.011625237762928009,0.0038844114169478416,0.007740826345980167,,,,,,,,,,,,,,,,,,,,,,,,
867,79.374473046,1779096602.6464262,847,0.01203103456646204,0.004289174452424049,0.007741860114037991,,,,,,,,,,,,,,,,,,,,,,,,
868,79.430335497,1779096602.7024212,848,0.012020720168948174,0.004243478178977966,0.007777241989970207,,,,,,,,,,,,,,,,,,,,,,,,
869,79.484286731,1779096602.7563863,849,0.011595061048865318,0.00387257500551641,0.007722485810518265,,,,,,,,,,,,,,,,,,,,,,,,
870,79.539126926,1779096602.8112483,850,0.011913006193935871,0.004178448114544153,0.007734558079391718,,,,,,,,,,,,,,,,,,,,,,,,
871,79.597324961,1779096602.8693435,851,0.012230202555656433,0.004470306448638439,0.007759896107017994,,,,,,,,,,,,,,,,,,,,,,,,
872,79.676069185,1779096602.9480512,852,0.012177273631095886,0.004411293193697929,0.007765980903059244,,,,,,,,,,,,,,,,,,,,,,,,
873,79.733271598,1779096603.0053465,853,0.011783885769546032,0.0040276022627949715,0.0077562835067510605,,,,,,,,,,,,,,,,,,,,,,,,
874,79.789750863,1779096603.0618942,854,0.012097103521227837,0.0043355501256883144,0.007761552929878235,,,,,,,,,,,,,,,,,,,,,,,,
875,79.849587552,1779096603.1216402,855,0.011881593614816666,0.004090221598744392,0.007791371550410986,,,,,,,,,,,,,,,,,,,,,,,,
876,79.9064555,1779096603.1785007,856,0.01184765063226223,0.004065651912242174,0.007781999185681343,,,,,,,,,,,,,,,,,,,,,,,,
877,79.96164925,1779096603.2337,857,0.011849167756736279,0.004056231118738651,0.007792936637997627,,,,,,,,,,,,,,,,,,,,,,,,
878,80.018086972,1779096603.2901552,858,0.011794550344347954,0.0040366025641560555,0.007757948245853186,,,,,,,,,,,,,,,,,,,,,,,,
879,80.073744397,1779096603.3458166,859,0.01182277500629425,0.004048299044370651,0.007774475496262312,,,,,,,,,,,,,,,,,,,,,,,,
880,80.127696806,1779096603.3998003,860,0.012344032526016235,0.0045825159177184105,0.007761517073959112,,,,,,,,,,,,,,,,,,,,,,,,
881,80.18198296,1779096603.4540389,861,0.011657414957880974,0.0038903774693608284,0.007767037954181433,,,,,,,,,,,,,,,,,,,,,,,,
882,80.238480984,1779096603.5105689,862,0.011772463098168373,0.003973764833062887,0.007798698265105486,,,,,,,,,,,,,,,,,,,,,,,,
883,80.293557449,1779096603.5656374,863,0.011809689924120903,0.004023287445306778,0.007786402013152838,,,,,,,,,,,,,,,,,,,,,,,,
884,80.350606278,1779096603.6225832,864,0.011710194870829582,0.003931946121156216,0.007778249215334654,,,,,,,,,,,,,,,,,,,,,,,,
885,80.408293966,1779096603.6804519,865,0.011916093528270721,0.004140130709856749,0.00777596328407526,,,,,,,,,,,,,,,,,,,,,,,,
886,80.462306464,1779096603.7342958,866,0.011483491398394108,0.0037137148901820183,0.0077697765082120895,,,,,,,,,,,,,,,,,,,,,,,,
887,80.518427766,1779096603.7904918,867,0.011605300009250641,0.003823403734713793,0.007781896740198135,,,,,,,,,,,,,,,,,,,,,,,,
888,80.57383846,1779096603.845985,868,0.011878583580255508,0.004076690413057804,0.007801892701536417,,,,,,,,,,,,,,,,,,,,,,,,
889,80.629436126,1779096603.9015284,869,0.011714624240994453,0.003941516391932964,0.007773107849061489,,,,,,,,,,,,,,,,,,,,,,,,
890,80.683722319,1779096603.955743,870,0.011945351958274841,0.004167967010289431,0.007777385413646698,,,,,,,,,,,,,,,,,,,,,,,,
891,80.739920113,1779096604.0120673,871,0.01203949935734272,0.004236492328345776,0.007803007494658232,,,,,,,,,,,,,,,,,,,,,,,,
892,80.794870375,1779096604.0669236,872,0.011555731296539307,0.003761758329346776,0.007793972734361887,,,,,,,,,,,,,,,,,,,,,,,,
893,80.851926878,1779096604.1239603,873,0.011768331751227379,0.003959099296480417,0.007809232920408249,,,,,,,,,,,,,,,,,,,,,,,,
894,80.906668502,1779096604.1788213,874,0.011734159663319588,0.003933916799724102,0.007800243329256773,,,,,,,,,,,,,,,,,,,,,,,,
895,80.962711817,1779096604.2348106,875,0.011292180977761745,0.0035047687124460936,0.007787412032485008,,,,,,,,,,,,,,,,,,,,,,,,
896,81.017618884,1779096604.289771,876,0.011852385476231575,0.004042717628180981,0.007809667848050594,,,,,,,,,,,,,,,,,,,,,,,,
897,81.07367773,1779096604.3457406,877,0.01189613901078701,0.004064858425408602,0.007831281051039696,,,,,,,,,,,,,,,,,,,,,,,,
898,81.128468597,1779096604.4004953,878,0.011511236429214478,0.003715281607583165,0.007795954588800669,,,,,,,,,,,,,,,,,,,,,,,,
899,81.184418314,1779096604.4564428,879,0.011768225580453873,0.0039373235777020454,0.007830902002751827,,,,,,,,,,,,,,,,,,,,,,,,
900,81.238830061,1779096604.5108767,880,0.011912464164197445,0.004092177376151085,0.00782028678804636,,,,,,,,,,,,,,,,,,,,,,,,
901,82.526070022,1779096605.797493,880,,,,0.003891537431627512,0.011427697725594044,0.024605346843600273,0.0392519049346447,0.010849909856915474,0.00795660074800253,0.008137429133057594,0.006962020881474018,0.010849909856915474,0.011676604859530926,0.016505487263202667,0.021682193502783775,0.003891537431627512,0.006334156729280949,0.008155004121363163,0.009198077954351902,0.010849909856915474,0.020735381171107292,0.02635624073445797,0.030216606333851814,0.010849909856915474,0.03978300094604492,0.08137432485818863,0.13924050331115723
902,82.597807176,1779096605.8699107,881,0.011571464128792286,0.003750331699848175,0.007821132428944111,,,,,,,,,,,,,,,,,,,,,,,,
903,82.65271338,1779096605.924847,882,0.011704597622156143,0.003894102293998003,0.007810494862496853,,,,,,,,,,,,,,,,,,,,,,,,
904,82.711701272,1779096605.9836555,883,0.011849949136376381,0.004025625064969063,0.007824324071407318,,,,,,,,,,,,,,,,,,,,,,,,
905,82.769021145,1779096606.041088,884,0.011501403525471687,0.0036767730489373207,0.007824630476534367,,,,,,,,,,,,,,,,,,,,,,,,
906,82.823549448,1779096606.0955772,885,0.011748142540454865,0.0039058576803654432,0.007842284627258778,,,,,,,,,,,,,,,,,,,,,,,,
907,82.880551417,1779096606.1525745,886,0.011706714518368244,0.003869476495310664,0.007837237790226936,,,,,,,,,,,,,,,,,,,,,,,,
908,82.93493453,1779096606.2070136,887,0.011459307745099068,0.003620756324380636,0.007838550955057144,,,,,,,,,,,,,,,,,,,,,,,,
909,82.991149982,1779096606.2632878,888,0.011478908360004425,0.0036473325453698635,0.007831575348973274,,,,,,,,,,,,,,,,,,,,,,,,
910,83.046066953,1779096606.318233,889,0.012083664536476135,0.004249159246683121,0.007834505289793015,,,,,,,,,,,,,,,,,,,,,,,,
911,83.102345345,1779096606.3743758,890,0.011393550783395767,0.0035666469484567642,0.007826903834939003,,,,,,,,,,,,,,,,,,,,,,,,
912,83.156945754,1779096606.4289901,891,0.011823831126093864,0.003986254334449768,0.007837576791644096,,,,,,,,,,,,,,,,,,,,,,,,
913,83.213282416,1779096606.4853544,892,0.012037541717290878,0.004159393720328808,0.00787814799696207,,,,,,,,,,,,,,,,,,,,,,,,
914,83.267486058,1779096606.5395257,893,0.011673128232359886,0.0038365956861525774,0.007836532779037952,,,,,,,,,,,,,,,,,,,,,,,,
915,83.324475108,1779096606.5965452,894,0.011386876925826073,0.003539080498740077,0.007847796194255352,,,,,,,,,,,,,,,,,,,,,,,,
916,83.378780206,1779096606.65083,895,0.011435164138674736,0.003590503241866827,0.007844660431146622,,,,,,,,,,,,,,,,,,,,,,,,
917,83.435403124,1779096606.7074032,896,0.011896299198269844,0.004050859250128269,0.007845439948141575,,,,,,,,,,,,,,,,,,,,,,,,
918,83.489395872,1779096606.7614882,897,0.011718997731804848,0.003883532015606761,0.007835465483367443,,,,,,,,,,,,,,,,,,,,,,,,
919,83.549449591,1779096606.819642,898,0.011648858897387981,0.003810015507042408,0.007838843390345573,,,,,,,,,,,,,,,,,,,,,,,,
920,83.616804099,1779096606.8887956,899,0.01161455363035202,0.0037645180709660053,0.007850036025047302,,,,,,,,,,,,,,,,,,,,,,,,
921,83.672221315,1779096606.9442897,900,0.011944153346121311,0.004073921591043472,0.007870231755077839,,,,,,,,,,,,,,,,,,,,,,,,
922,83.728530481,1779096607.0006106,901,0.011765513569116592,0.003913055174052715,0.007852458395063877,,,,,,,,,,,,,,,,,,,,,,,,
923,83.782647232,1779096607.0548363,902,0.011729681864380836,0.0038556158542633057,0.00787406601011753,,,,,,,,,,,,,,,,,,,,,,,,
924,83.838442678,1779096607.1104891,903,0.011282598599791527,0.0034193862229585648,0.007863212376832962,,,,,,,,,,,,,,,,,,,,,,,,
925,83.893574997,1779096607.1656222,904,0.011363405734300613,0.003489839378744364,0.007873565889894962,,,,,,,,,,,,,,,,,,,,,,,,
926,83.949234387,1779096607.2213206,905,0.011443963274359703,0.003546464955434203,0.007897498086094856,,,,,,,,,,,,,,,,,,,,,,,,
927,84.003484409,1779096607.27559,906,0.011805057525634766,0.003934471867978573,0.007870585657656193,,,,,,,,,,,,,,,,,,,,,,,,
928,84.059229821,1779096607.331341,907,0.01170250866562128,0.0038152700290083885,0.007887238636612892,,,,,,,,,,,,,,,,,,,,,,,,
929,84.115108515,1779096607.387494,908,0.012592615559697151,0.00475112022832036,0.007841495797038078,,,,,,,,,,,,,,,,,,,,,,,,
930,84.171877739,1779096607.4442942,909,0.011633142828941345,0.0037490329705178738,0.007884109392762184,,,,,,,,,,,,,,,,,,,,,,,,
931,84.226684028,1779096607.4988441,910,0.01143728755414486,0.0035558189265429974,0.007881468161940575,,,,,,,,,,,,,,,,,,,,,,,,
932,84.281708955,1779096607.5538917,911,0.011451995931565762,0.0035599565599113703,0.007892039604485035,,,,,,,,,,,,,,,,,,,,,,,,
933,84.336491645,1779096607.6085367,912,0.011746317148208618,0.0038728560321033,0.00787346065044403,,,,,,,,,,,,,,,,,,,,,,,,
934,84.394291512,1779096607.6663184,913,0.011559280566871166,0.0036726705729961395,0.007886609993875027,,,,,,,,,,,,,,,,,,,,,,,,
935,84.450826857,1779096607.7228205,914,0.011694233864545822,0.003788504283875227,0.007905730046331882,,,,,,,,,,,,,,,,,,,,,,,,
936,84.50855854,1779096607.7806456,915,0.011505236849188805,0.003617060137912631,0.00788817647844553,,,,,,,,,,,,,,,,,,,,,,,,
937,84.564539489,1779096607.8367589,916,0.011430768296122551,0.003571296576410532,0.007859471254050732,,,,,,,,,,,,,,,,,,,,,,,,
938,84.619341397,1779096607.8915284,917,0.011831004172563553,0.0039352006278932095,0.00789580401033163,,,,,,,,,,,,,,,,,,,,,,,,
939,84.675804487,1779096607.9478695,918,0.011504784226417542,0.00361951463855803,0.007885269820690155,,,,,,,,,,,,,,,,,,,,,,,,
940,84.729100808,1779096608.0013292,919,0.01155787892639637,0.0036575051490217447,0.007900374010205269,,,,,,,,,,,,,,,,,,,,,,,,
941,84.784960374,1779096608.0571935,920,0.011589894071221352,0.0036635505966842175,0.007926343940198421,,,,,,,,,,,,,,,,,,,,,,,,
942,86.263637915,1779096609.5349894,920,,,,0.003977647982537746,0.011789361946284771,0.024936873465776443,0.03917354345321655,0.012658228166401386,0.008318264037370682,0.008137429133057594,0.007052436470985413,0.012658228166401386,0.012171155773103237,0.01681273989379406,0.0218803808093071,0.003977647982537746,0.0064721484668552876,0.008274703286588192,0.009284528903663158,0.012658228166401386,0.022091621533036232,0.027497204020619392,0.031462207436561584,0.012658228166401386,0.04159132018685341,0.08137432485818863,0.14104881882667542
943,86.334704057,1779096609.6068892,921,0.011694628745317459,0.0037929676473140717,0.007901661098003387,,,,,,,,,,,,,,,,,,,,,,,,
944,86.389933529,1779096609.6622648,922,0.011564075946807861,0.003666787873953581,0.007897287607192993,,,,,,,,,,,,,,,,,,,,,,,,
945,86.443947838,1779096609.7161882,923,0.01129213348031044,0.003374106716364622,0.00791802629828453,,,,,,,,,,,,,,,,,,,,,,,,
946,86.502081797,1779096609.774168,924,0.011757662519812584,0.0038272258825600147,0.007930436171591282,,,,,,,,,,,,,,,,,,,,,,,,
947,86.556080444,1779096609.828335,925,0.011627385392785072,0.003710066666826606,0.007917318493127823,,,,,,,,,,,,,,,,,,,,,,,,
948,86.610343966,1779096609.8825684,926,0.011974704451858997,0.004066631197929382,0.007908073253929615,,,,,,,,,,,,,,,,,,,,,,,,
949,86.665931666,1779096609.9382534,927,0.011775817722082138,0.0038600903935730457,0.007915726862847805,,,,,,,,,,,,,,,,,,,,,,,,
950,86.723160395,1779096609.9954486,928,0.011459996923804283,0.0035048825666308403,0.007955114357173443,,,,,,,,,,,,,,,,,,,,,,,,
951,86.776949745,1779096610.0491962,929,0.011609687469899654,0.003671458922326565,0.00793822854757309,,,,,,,,,,,,,,,,,,,,,,,,
952,86.832247353,1779096610.1043441,930,0.011504556983709335,0.0036057541146874428,0.007898802869021893,,,,,,,,,,,,,,,,,,,,,,,,
953,86.887150103,1779096610.1593375,931,0.011413615196943283,0.003504730062559247,0.00790888536721468,,,,,,,,,,,,,,,,,,,,,,,,
954,86.945894644,1779096610.217976,932,0.011508950963616371,0.0035622711293399334,0.00794667936861515,,,,,,,,,,,,,,,,,,,,,,,,
955,87.002488059,1779096610.2746835,933,0.01158713735640049,0.003651565872132778,0.007935571484267712,,,,,,,,,,,,,,,,,,,,,,,,
956,87.061063538,1779096610.3332546,934,0.01150510087609291,0.0035914420150220394,0.007913658395409584,,,,,,,,,,,,,,,,,,,,,,,,
957,87.118415191,1779096610.3905978,935,0.011378663592040539,0.0034600263461470604,0.007918637245893478,,,,,,,,,,,,,,,,,,,,,,,,
958,87.174236768,1779096610.4463809,936,0.01135852187871933,0.003418726846575737,0.007939795032143593,,,,,,,,,,,,,,,,,,,,,,,,
959,87.257612166,1779096610.5296006,937,0.011347053572535515,0.0034130853600800037,0.007933968678116798,,,,,,,,,,,,,,,,,,,,,,,,
960,87.320848909,1779096610.5931425,938,0.011233565397560596,0.0033129220828413963,0.0079206433147192,,,,,,,,,,,,,,,,,,,,,,,,
961,87.37696540499999,1779096610.6492362,939,0.011463364586234093,0.0035361857153475285,0.007927178405225277,,,,,,,,,,,,,,,,,,,,,,,,
962,87.437765598,1779096610.7096436,940,0.01108078844845295,0.003124895039945841,0.007955893874168396,,,,,,,,,,,,,,,,,,,,,,,,
963,87.510518233,1779096610.782436,941,0.011348828673362732,0.003396959975361824,0.007951868698000908,,,,,,,,,,,,,,,,,,,,,,,,
964,87.56984687,1779096610.8417761,942,0.011360571719706059,0.0034493105486035347,0.007911261171102524,,,,,,,,,,,,,,,,,,,,,,,,
965,87.626077148,1779096610.8981202,943,0.011741755530238152,0.0037876046262681484,0.00795415136963129,,,,,,,,,,,,,,,,,,,,,,,,
966,87.683631729,1779096610.9557817,944,0.011481290683150291,0.0035270489752292633,0.007954241707921028,,,,,,,,,,,,,,,,,,,,,,,,
967,87.757891194,1779096611.029862,945,0.011434394866228104,0.003492965828627348,0.007941428571939468,,,,,,,,,,,,,,,,,,,,,,,,
968,87.815244511,1779096611.0872793,946,0.011499879881739616,0.003563770093023777,0.00793610978871584,,,,,,,,,,,,,,,,,,,,,,,,
969,87.872114315,1779096611.1441567,947,0.011257300153374672,0.0033069767523556948,0.00795032363384962,,,,,,,,,,,,,,,,,,,,,,,,
970,87.927070386,1779096611.1991193,948,0.011505655013024807,0.0035613570362329483,0.007944297976791859,,,,,,,,,,,,,,,,,,,,,,,,
971,87.983633363,1779096611.2556753,949,0.011731300503015518,0.003760159946978092,0.007971140556037426,,,,,,,,,,,,,,,,,,,,,,,,
972,88.039107418,1779096611.3111405,950,0.011341841891407967,0.0033790282905101776,0.007962813600897789,,,,,,,,,,,,,,,,,,,,,,,,
973,88.096348653,1779096611.3683705,951,0.011170074343681335,0.003201918676495552,0.007968155667185783,,,,,,,,,,,,,,,,,,,,,,,,
974,88.152521074,1779096611.4246118,952,0.011675473302602768,0.003693734761327505,0.007981738075613976,,,,,,,,,,,,,,,,,,,,,,,,
975,88.209340359,1779096611.481385,953,0.011587945744395256,0.0036185416392982006,0.007969404570758343,,,,,,,,,,,,,,,,,,,,,,,,
976,88.267152833,1779096611.5391283,954,0.011278126388788223,0.0032881242223083973,0.007990001700818539,,,,,,,,,,,,,,,,,,,,,,,,
977,88.323010754,1779096611.595013,955,0.011387642472982407,0.003383276518434286,0.008004366420209408,,,,,,,,,,,,,,,,,,,,,,,,
978,88.3844015,1779096611.656283,956,0.011197401210665703,0.003218206111341715,0.0079791946336627,,,,,,,,,,,,,,,,,,,,,,,,
979,88.442015579,1779096611.7140179,957,0.011194713413715363,0.003232650924474001,0.007962062023580074,,,,,,,,,,,,,,,,,,,,,,,,
980,88.49911368,1779096611.7711482,958,0.011260359548032284,0.0032863037195056677,0.007974055595695972,,,,,,,,,,,,,,,,,,,,,,,,
981,88.55470407,1779096611.8266957,959,0.011380736716091633,0.0033924663439393044,0.007988270372152328,,,,,,,,,,,,,,,,,,,,,,,,
982,88.613354064,1779096611.885385,960,0.01135208923369646,0.003354437416419387,0.00799765158444643,,,,,,,,,,,,,,,,,,,,,,,,
983,90.196886632,1779096613.468246,960,,,,0.003977647982537746,0.011789361946284771,0.02553103305399418,0.04051819443702698,0.012658228166401386,0.008318264037370682,0.008318260312080383,0.007142852526158094,0.012658228166401386,0.012148047797381878,0.017001109197735786,0.022141804918646812,0.003977647982537746,0.006432967726141214,0.008276054635643959,0.009302542544901371,0.012658228166401386,0.02212175913155079,0.02760268934071064,0.031536366790533066,0.012658228166401386,0.04159132018685341,0.08318264037370682,0.1428571492433548
984,90.26952056,1779096613.5413518,961,0.01145143061876297,0.003457773709669709,0.007993657141923904,,,,,,,,,,,,,,,,,,,,,,,,
985,90.32658785,1779096613.5986197,962,0.011594988405704498,0.0036269952543079853,0.007967992685735226,,,,,,,,,,,,,,,,,,,,,,,,
986,90.381771934,1779096613.6538496,963,0.01136324368417263,0.003366101300343871,0.007997142150998116,,,,,,,,,,,,,,,,,,,,,,,,
987,90.438951709,1779096613.7111397,964,0.011290904134511948,0.00330788129940629,0.007983023300766945,,,,,,,,,,,,,,,,,,,,,,,,
988,90.495874045,1779096613.767975,965,0.011663971468806267,0.0036514108069241047,0.00801256112754345,,,,,,,,,,,,,,,,,,,,,,,,
989,90.550707149,1779096613.822858,966,0.011403053998947144,0.003405052237212658,0.007998001761734486,,,,,,,,,,,,,,,,,,,,,,,,
990,90.606353062,1779096613.8782966,967,0.011582928709685802,0.003608408384025097,0.007974520325660706,,,,,,,,,,,,,,,,,,,,,,,,
991,90.66183184,1779096613.9338875,968,0.011595455929636955,0.0036047804169356823,0.007990675047039986,,,,,,,,,,,,,,,,,,,,,,,,
992,90.71846184,1779096613.9905038,969,0.011701607145369053,0.0036943836603313684,0.008007223717868328,,,,,,,,,,,,,,,,,,,,,,,,
993,90.774129116,1779096614.0461898,970,0.011719651520252228,0.0037177030462771654,0.008001948706805706,,,,,,,,,,,,,,,,,,,,,,,,
994,90.829833879,1779096614.1018858,971,0.011187820695340633,0.003190053626894951,0.007997767068445683,,,,,,,,,,,,,,,,,,,,,,,,
995,90.88585213,1779096614.1579242,972,0.011072264052927494,0.003079058835282922,0.007993205450475216,,,,,,,,,,,,,,,,,,,,,,,,
996,90.940076324,1779096614.2121718,973,0.01142018660902977,0.003433540929108858,0.007986645214259624,,,,,,,,,,,,,,,,,,,,,,,,
997,90.995091652,1779096614.2671115,974,0.011479510925710201,0.0034949397668242455,0.007984571158885956,,,,,,,,,,,,,,,,,,,,,,,,
998,91.05123008,1779096614.3234153,975,0.011095656082034111,0.003112019272521138,0.007983637042343616,,,,,,,,,,,,,,,,,,,,,,,,
999,91.10957426,1779096614.3817708,976,0.011043769307434559,0.0030389316380023956,0.008004837669432163,,,,,,,,,,,,,,,,,,,,,,,,
1000,91.164685692,1779096614.4368181,977,0.011338483542203903,0.003342679236084223,0.007995803840458393,,,,,,,,,,,,,,,,,,,,,,,,
1001,91.222571807,1779096614.4945114,978,0.011423226445913315,0.003371969796717167,0.008051256649196148,,,,,,,,,,,,,,,,,,,,,,,,
1002,91.279344976,1779096614.5513647,979,0.01161100622266531,0.00357298762537539,0.008038018830120564,,,,,,,,,,,,,,,,,,,,,,,,
1003,91.335517863,1779096614.6077013,980,0.011124911718070507,0.00308927521109581,0.008035636506974697,,,,,,,,,,,,,,,,,,,,,,,,
1004,91.391642553,1779096614.6638575,981,0.011380122043192387,0.0033649515826255083,0.008015170693397522,,,,,,,,,,,,,,,,,,,,,,,,
1005,91.446711382,1779096614.718925,982,0.01122182048857212,0.003207275876775384,0.00801454484462738,,,,,,,,,,,,,,,,,,,,,,,,
1006,91.50225719,1779096614.7742136,983,0.011427636258304119,0.0034263161942362785,0.00800132006406784,,,,,,,,,,,,,,,,,,,,,,,,
1007,91.560265724,1779096614.832298,984,0.011401979252696037,0.003351933788508177,0.008050045929849148,,,,,,,,,,,,,,,,,,,,,,,,
1008,91.614145541,1779096614.8862677,985,0.011416688561439514,0.0033907659817487,0.008025922812521458,,,,,,,,,,,,,,,,,,,,,,,,
1009,91.667359476,1779096614.9393551,986,0.011375476606190205,0.003316350281238556,0.008059126324951649,,,,,,,,,,,,,,,,,,,,,,,,
1010,91.720927824,1779096614.9930146,987,0.011207126080989838,0.0031588133424520493,0.008048312738537788,,,,,,,,,,,,,,,,,,,,,,,,
1011,91.774412336,1779096615.046509,988,0.011355191469192505,0.0033325415570288897,0.008022650144994259,,,,,,,,,,,,,,,,,,,,,,,,
1012,91.82854341,1779096615.100696,989,0.01110483892261982,0.0030821887776255608,0.008022650144994259,,,,,,,,,,,,,,,,,,,,,,,,
1013,91.881317574,1779096615.1533694,990,0.011260980740189552,0.003207060508430004,0.008053920231759548,,,,,,,,,,,,,,,,,,,,,,,,
1014,91.935046226,1779096615.2071352,991,0.011389169842004776,0.003352672327309847,0.008036497980356216,,,,,,,,,,,,,,,,,,,,,,,,
1015,91.988413937,1779096615.2605429,992,0.011450124904513359,0.0034188430290669203,0.008031281642615795,,,,,,,,,,,,,,,,,,,,,,,,
1016,92.043496925,1779096615.3155525,993,0.011483808048069477,0.003429896431043744,0.008053911849856377,,,,,,,,,,,,,,,,,,,,,,,,
1017,92.096527165,1779096615.368696,994,0.011534341610968113,0.0034959614276885986,0.008038380183279514,,,,,,,,,,,,,,,,,,,,,,,,
1018,92.150287551,1779096615.4223375,995,0.011327069252729416,0.003269114065915346,0.008057954721152782,,,,,,,,,,,,,,,,,,,,,,,,
1019,92.202213566,1779096615.4742873,996,0.011200837790966034,0.0031406437046825886,0.008060194551944733,,,,,,,,,,,,,,,,,,,,,,,,
1020,92.254453695,1779096615.526684,997,0.011291335336863995,0.0032369988039135933,0.008054336532950401,,,,,,,,,,,,,,,,,,,,,,,,
1021,92.306343978,1779096615.5786018,998,0.011016011238098145,0.002967893611639738,0.00804811716079712,,,,,,,,,,,,,,,,,,,,,,,,
1022,92.35716521,1779096615.6294124,999,0.011244790628552437,0.003199941711500287,0.008044849149882793,,,,,,,,,,,,,,,,,,,,,,,,
1023,92.429618108,1779096615.7017524,1000,0.01119145192205906,0.0031449662055820227,0.008046485483646393,,,,,,,,,,,,,,,,,,,,,,,,
1024,93.766505457,1779096617.037895,1000,,,,0.003891537431627512,0.011789361946284771,0.024988537654280663,0.04112096503376961,0.010849909856915474,0.008318264037370682,0.008318260312080383,0.007233268115669489,0.010849909856915474,0.011933274567127228,0.016702134162187576,0.022208699956536293,0.003891537431627512,0.006397447548806667,0.008173161186277866,0.009270510636270046,0.010849909856915474,0.021277878433465958,0.026706421747803688,0.030683834105730057,0.010849909856915474,0.04159132018685341,0.08318264037370682,0.14466546475887299
