picture.id;outfit.id;displayOrder;file_name
picture.0000cdba64314d84a49ed1c266589cc0;outfit.794483397da8425a813301eecf9828c6;0;0000cdba64314d84a49ed1c266589cc0.jpg
picture.0010c2e161154d6893734981d5455e76;outfit.9387d05b47f906c5;0;0010c2e161154d6893734981d5455e76.jpg
picture.0013342f663843d4b7397b4b88b98e6d;outfit.b24fc57f02ac4e4c9061761ca18d9d3c;0;0013342f663843d4b7397b4b88b98e6d.jpg
picture.001a58ea68da426384567b8cccc0c8a6;outfit.e989b8cb4a814d97b642e1cb326f47e6;0;001a58ea68da426384567b8cccc0c8a6.jpg
picture.0021a36dd3b04f7ebff9430b7801d44d;outfit.070bc7bd72154b5a805f52f086fb72ed;0;0021a36dd3b04f7ebff9430b7801d44d.jpg
picture.00233d4e599044cbad9e83e45f164dd6;outfit.706635d443e040d2a4ae9e6862a95961;0;00233d4e599044cbad9e83e45f164dd6.jpg
picture.002b67904ca6413ab6e568478209bc60;outfit.4222d99ee6974151a01942b79f1054f7;0;002b67904ca6413ab6e568478209bc60.jpg
picture.002b96def40245f2a1c2add4e1923ebb;outfit.6705bc03d5e649f4bec363e6367cd89a;0;002b96def40245f2a1c2add4e1923ebb.jpg
picture.0030e387bcef47258d87c65083593078;outfit.3198fe26341b4c90a66c073221c08323;0;0030e387bcef47258d87c65083593078.jpg
picture.003d3d0e271e474ab6620398263c6134;outfit.a6b9c3792d6a4ad4;0;003d3d0e271e474ab6620398263c6134.jpg
picture.003f4b27bdd9449e9ee92bd187ea13bb;outfit.250a41fd89bf4548bb8c5db06f1cfbf1;0;003f4b27bdd9449e9ee92bd187ea13bb.jpg
picture.003feb3897c4453aa38164c2e501aac9;outfit.c196ec5cc8e1441fb57f8a082a9caafe;0;003feb3897c4453aa38164c2e501aac9.jpg
picture.00514c7e8a40468497d953925889f829;outfit.1a05c2e6ba8c4de28923f683bef9c1ae;0;00514c7e8a40468497d953925889f829.jpg
picture.005414f04bab4782a4d9823b26f36975;outfit.60a1072927ca4f13ae03d6f876c42cb3;0;005414f04bab4782a4d9823b26f36975.jpg
picture.005c909142be48afba16c8fb85977f85;outfit.1af9826548074bb894ddfd86db27c9d9;0;005c909142be48afba16c8fb85977f85.jpg
picture.005eea598313421e9f0a471250dc8fe2;outfit.cba1c1971fa145e2a965a51bb678d885;0;005eea598313421e9f0a471250dc8fe2.jpg
picture.0065323a60b14522acd37ee3dee43cfd;outfit.a03256f024a5452cb9208a8e2475c506;0;0065323a60b14522acd37ee3dee43cfd.jpg
picture.006d4c3178c14725903f4bbaa267ba7d;outfit.02b7dbe5f5f94207ba29423997168b74;0;006d4c3178c14725903f4bbaa267ba7d.jpg
picture.0072cc7d58704fa0a5edb27e3ab145ea;outfit.ce7d171c13174b21b05e2764491dc73d;0;0072cc7d58704fa0a5edb27e3ab145ea.jpg
picture.0073f7d419fb45c692486775f0409b68;outfit.abe970f711444589b6ce9e81bf35615d;0;0073f7d419fb45c692486775f0409b68.jpg
picture.007becafad81473aac6d026b4a15f7cc;outfit.9a5d41c7a63e40a2b4a5f2aa902d768b;0;007becafad81473aac6d026b4a15f7cc.jpg
picture.007e2fff09364a218062fc723c26d0b6;outfit.81c2ee9d12b442ecbad61d22061364f3;0;007e2fff09364a218062fc723c26d0b6.jpg
picture.0094fd63264b4a6ebe0d0baddea9e05c;outfit.a8e7915eda974714aa57df8f38a87546;0;0094fd63264b4a6ebe0d0baddea9e05c.jpg
picture.009537a3b90f462caa7eb8694c295f46;outfit.ce331a7cc22d4aaf82548e873c59e6cd;0;009537a3b90f462caa7eb8694c295f46.jpg
picture.0095aa34c8aa49a89bd7f471b5f9ddb3;outfit.0d1682558d8e43fa830ad2846c3e9f46;0;0095aa34c8aa49a89bd7f471b5f9ddb3.jpg
picture.009637e51d2a443f8a519f05caa4d2f1;outfit.9aef6d3e2683447f8bfcfa826a24a23f;0;009637e51d2a443f8a519f05caa4d2f1.jpg
picture.00a34a587f874c9eb30c7989e3a99a9e;outfit.a7b55780d1764599a3ee339fff38d002;0;00a34a587f874c9eb30c7989e3a99a9e.jpg
picture.00ad5af32238442a9f4cf62c292f48ac;outfit.2cca272e852c42448c449664b8d98693;0;00ad5af32238442a9f4cf62c292f48ac.jpg
picture.00b42347ae774a79ab18158ad8315181;outfit.a499a6d7e2dd41c48075234f5713c3d4;0;00b42347ae774a79ab18158ad8315181.jpg
picture.00b95b422f6d4a15aaf216005869c607;outfit.4c6dedbe036e4a83b4847951a9bf03e1;0;00b95b422f6d4a15aaf216005869c607.jpg
picture.00bfc4eae7a8456c996fe5787a78604b;outfit.919597b8f29948649a76fc93cf95abdb;0;00bfc4eae7a8456c996fe5787a78604b.jpg
picture.00cd423aac2044e9a524998ab5ca4f32;outfit.ca56ec7bf3fa49ed9f8a1a3dbba4b31c;0;00cd423aac2044e9a524998ab5ca4f32.jpg
picture.00cec91e9d4c4735a21cbbe269eb53de;outfit.92423563b1ab408ea4e1137abf9774d6;0;00cec91e9d4c4735a21cbbe269eb53de.jpg
picture.00d3ec74de1b45ccb35b200b7dad6cef;outfit.b2cb4b87e0f8fce5;0;00d3ec74de1b45ccb35b200b7dad6cef.jpg
picture.00d4e3ab8809436bb178ce9e7590e0f2;outfit.2f5079f4f8384977a9ac6bb4b465c23c;0;00d4e3ab8809436bb178ce9e7590e0f2.jpg
picture.00d5c4eb0c744836a3d4702e5ae8d22a;outfit.9c0480eeb92a1d29;0;00d5c4eb0c744836a3d4702e5ae8d22a.jpg
picture.00d894a460694e0cb835ffad2efc0d50;outfit.1d7da339dc6b48e68c801f5862573aad;0;00d894a460694e0cb835ffad2efc0d50.jpg
picture.00e994b51be04b64a42b566ace731de6;outfit.9ebd102e2b3b4b7484f86af242efad85;0;00e994b51be04b64a42b566ace731de6.jpg
picture.00f146bed3b349488f114f934c26a5bf;outfit.9d9a208f27af4ef5b822e26affe1549a;0;00f146bed3b349488f114f934c26a5bf.jpg
picture.00f406c125654bc3ac779ca304f03cdc;outfit.79d8ad807b5a4fbc86d21e759e3c7342;0;00f406c125654bc3ac779ca304f03cdc.jpg
picture.00f5a6b98e524bf8b6d33f974e663bdc;outfit.f4336a1909704b3fb0843ec7496c2884;0;00f5a6b98e524bf8b6d33f974e663bdc.jpg
picture.010f4528139a4a679f4cd717f68c5e74;outfit.e18310c477cb4fa38cd9ba31e9997c4f;0;010f4528139a4a679f4cd717f68c5e74.jpg
picture.01164706d1e74108b7d5b9ebf44e77bb;outfit.388d5e71d8ca46a59067b8f07c7a0760;0;01164706d1e74108b7d5b9ebf44e77bb.jpg
picture.01219d5cf2b941e8a6d23603f6a19ec1;outfit.de9c4f2245104d7b807e819b9ea7a4e8;0;01219d5cf2b941e8a6d23603f6a19ec1.jpg
picture.01294776f06a4457aeea94384384fabd;outfit.fcd37df89e7341dfb75d074f0d092396;0;01294776f06a4457aeea94384384fabd.jpg
picture.0129ed6d1c3149269b6501fbd760b731;outfit.19f4932d209d4886bfe838d5677f09ed;0;0129ed6d1c3149269b6501fbd760b731.jpg
picture.0133d41202864312bda1faf28964bf02;outfit.a027f5f9d1e8159c;0;0133d41202864312bda1faf28964bf02.jpg
picture.01380e79434a47b7a69f2b8cca75d261;outfit.e11253de97ba42eb819cf53373fcbe8d;0;01380e79434a47b7a69f2b8cca75d261.jpg
picture.014a411a3c79454e9eab04fa7b807890;outfit.83b1e08b46bf0031;0;014a411a3c79454e9eab04fa7b807890.jpg
picture.014b0f1305f94ed9975553ecf241dcd1;outfit.30a3ca6bb1c44394be44eff0548ed968;0;014b0f1305f94ed9975553ecf241dcd1.jpg
picture.014bde5184814c099684a002fab6ea64;outfit.9cfd3798e4b27f4c;0;014bde5184814c099684a002fab6ea64.jpg
picture.014f04a5634c4d02984b19ca5ee1de12;outfit.379ed2da3cb6428c9c9402855dfd61f8;0;014f04a5634c4d02984b19ca5ee1de12.jpg
picture.014f80124a8441a7a3d78d90fd359819;outfit.3b49ff8bbdf2444a83abcdc0fbb45f01;0;014f80124a8441a7a3d78d90fd359819.jpg
picture.015da39bf5b04fa6ba9d8b601275900d;outfit.a92d76f887cc44bd855fd1192a72ef23;0;015da39bf5b04fa6ba9d8b601275900d.jpg
picture.0161784ab5aa4cad943e1dfe0625ff00;outfit.e0758c1aad1d4207a476a4186dddad11;0;0161784ab5aa4cad943e1dfe0625ff00.jpg
picture.01651ae4488e41a4a1de0e8d7e6eddb5;outfit.462ca91031c54d7593a2e3d1da41aba9;0;01651ae4488e41a4a1de0e8d7e6eddb5.jpg
picture.01696179a2054ce789fafd378f4d15df;outfit.0f545b5ba1274c66b2896afdcc48c5d9;0;01696179a2054ce789fafd378f4d15df.jpg
picture.016be13c65914fdc832e55714495d9be;outfit.32e640b3fc894710a096ec7ad3f7a976;0;016be13c65914fdc832e55714495d9be.jpg
picture.0177e495c54345f49d8f96e1b97897af;outfit.b5efe9b9e6104f0796fe1adc5650e75d;0;0177e495c54345f49d8f96e1b97897af.jpg
picture.0180fa1cc7e548b4b6ad5f2dec272826;outfit.b8311b5c70cc4a46927bae03a650edcf;0;0180fa1cc7e548b4b6ad5f2dec272826.jpg
picture.018afd3d1dcb4b638aaba241fb1f22b6;outfit.2fe31ac153bc422c945294c342de95a2;0;018afd3d1dcb4b638aaba241fb1f22b6.jpg
picture.018d84b97a264af39658159c59aa5633;outfit.871f15bc73153001;0;018d84b97a264af39658159c59aa5633.jpg
picture.018f73964c66416eb9a8de283a9e7c52;outfit.5eca705d63054d639d39074a939b25a4;0;018f73964c66416eb9a8de283a9e7c52.jpg
picture.0192c547866e4712abb01f90b397165f;outfit.173befabe7a14130b0e646ca4152150c;0;0192c547866e4712abb01f90b397165f.jpg
picture.01959e012ef7486d8317d10249bee101;outfit.9e90f563acb38233;0;01959e012ef7486d8317d10249bee101.jpg
picture.019b05f047654cdcb4e45a2ff3ab6ac2;outfit.e6376f0d5b444635948d42911466dc8f;0;019b05f047654cdcb4e45a2ff3ab6ac2.jpg
picture.019cac99f9c64841aceda4ba0238c9cb;outfit.01601322d21a422fbc2db49c7866e264;0;019cac99f9c64841aceda4ba0238c9cb.jpg
picture.01a275ca7c9e43bdabb76487c3502108;outfit.3b32be97a62d43eebed1287be7cf5988;0;01a275ca7c9e43bdabb76487c3502108.jpg
picture.01a6c45cb8f14134a040e2a88ebc30e1;outfit.439ff276a34d4993ad9cf68d06c67d96;0;01a6c45cb8f14134a040e2a88ebc30e1.jpg
picture.01a85374302046de98b60f69bdb0dfcb;outfit.a824c0030f59545a;0;01a85374302046de98b60f69bdb0dfcb.jpg
picture.01aabce3fe5a48a2a69065bb22c0c024;outfit.b37b7ee0ee994bdaa199cba1c831b31d;0;01aabce3fe5a48a2a69065bb22c0c024.jpg
picture.01b4821843cf4b71b390d0f7bb5f9b22;outfit.39d30bdd02814cfbae737840b8e01321;0;01b4821843cf4b71b390d0f7bb5f9b22.jpg
picture.01bccb056ce742d497290622a7235d4a;outfit.e169ea04d96140928a856fbab4821a60;0;01bccb056ce742d497290622a7235d4a.jpg
picture.01bde68b765e44b5810f4457a10ea68b;outfit.2684b038d1e64fa1814b56b51b834047;0;01bde68b765e44b5810f4457a10ea68b.jpg
picture.01c8e6d36ca144cc9f9c7342b3408e7e;outfit.dce1b27e6e5944c08b7253d1ebae5a60;0;01c8e6d36ca144cc9f9c7342b3408e7e.jpg
picture.01cd8061281c4d32b83dc240a347d4ff;outfit.841fdd28d3f644c0bb8efd874e818027;0;01cd8061281c4d32b83dc240a347d4ff.jpg
picture.01d08dfb33854a1396d6cb7c31337cf7;outfit.9f7434145481442191419433bd1aa953;0;01d08dfb33854a1396d6cb7c31337cf7.jpg
picture.01debbba1c6e467cbdce75f0ad3b69b9;outfit.2121de17fb604c6ea87a3f9b6d0030db;0;01debbba1c6e467cbdce75f0ad3b69b9.jpg
picture.01e30f4e9adc4ee8997a925cd0f71de6;outfit.c8ed845f66e440a2aa938d05c647916f;0;01e30f4e9adc4ee8997a925cd0f71de6.jpg
picture.01f2c93a30a04989ae829ebf0ad0d78c;outfit.6fca7e059a914e899fc6d816ef943972;0;01f2c93a30a04989ae829ebf0ad0d78c.jpg
picture.01f6f0d4ee744826b3c6be7609129a72;outfit.b222a31335f7533c;0;01f6f0d4ee744826b3c6be7609129a72.jpg
picture.01f8edcbab7d433cae6f9cb880ccdd10;outfit.b2194a655acd4fc683da0607aed980aa;0;01f8edcbab7d433cae6f9cb880ccdd10.jpg
picture.02050a7c718f486aa0d726148d83d804;outfit.d81ef5af6f7b43358348ff1113aeb904;0;02050a7c718f486aa0d726148d83d804.jpg
picture.0207a37a22f1426080404aa0c5db44ff;outfit.c5ded4868d344a5bbf49e5c1a3c136f8;0;0207a37a22f1426080404aa0c5db44ff.jpg
picture.0215d442b1ea4a05bed251c8646f7a24;outfit.aa79d60774804d869aef12b033762513;0;0215d442b1ea4a05bed251c8646f7a24.jpg
picture.021686511e164b4b9c06fe49b21ae839;outfit.1072872925cb416299b831528deb0b33;0;021686511e164b4b9c06fe49b21ae839.jpg
picture.0218f8c61a8e49c1a5469da5d6a242aa;outfit.e6bbfedb420c40059c5a6515c0f94dfd;0;0218f8c61a8e49c1a5469da5d6a242aa.jpg
picture.021a3a3d063342c981f8583e7a59eb65;outfit.7b28d52de2cb4e4f8b00b14dd8512644;0;021a3a3d063342c981f8583e7a59eb65.jpg
picture.021df44773a548b488f90c96db12715f;outfit.5dbcbf03f1ec4ad280e3b90b688f0dc3;0;021df44773a548b488f90c96db12715f.jpg
picture.021f3396c7ee49f1802750332837d1a6;outfit.be167b5f608a44b9851b13123a4d705c;0;021f3396c7ee49f1802750332837d1a6.jpg
picture.02240c1eb77d46fb8372561e3ad9767e;outfit.c2d33a741bd14b39b33c7fbae31d3c31;0;02240c1eb77d46fb8372561e3ad9767e.jpg
picture.022cd2f6957f4b43b4ef866b2bdf2a7c;outfit.31edccd419de4fc5ae6aeb7eed4327ab;0;022cd2f6957f4b43b4ef866b2bdf2a7c.jpg
picture.023750000b674149a5465bfb83eec6e7;outfit.ed8d6c31b0e44519a7a4aa30bb643b05;0;023750000b674149a5465bfb83eec6e7.jpg
picture.023ab1bd3594401fa2a8918f0df5f7eb;outfit.229f2207dc1e4409af99504f061ca0e7;0;023ab1bd3594401fa2a8918f0df5f7eb.jpg
picture.023cdefa29f84de8abe79c0e03f7fba2;outfit.5c6bcfee583b4d7aa6fa807279637d59;0;023cdefa29f84de8abe79c0e03f7fba2.jpg
picture.0245285ae1d043afa2c324dcbfada75e;outfit.4024086987064c41b6bd30c6871358ac;0;0245285ae1d043afa2c324dcbfada75e.jpg
picture.024bc0ab868748ec935987302788530f;outfit.8f107798337996b7;0;024bc0ab868748ec935987302788530f.jpg
picture.024fa89b74a04ee7922435205ddad266;outfit.7f44b4762bda4246a1aa7cd533047141;0;024fa89b74a04ee7922435205ddad266.jpg
picture.02545bf3ab5b4d3486ee6166d89420d1;outfit.6ee6ff4c35ca4e099c7272e8466af23d;0;02545bf3ab5b4d3486ee6166d89420d1.jpg
picture.025e37233bea49678c8867203b065e92;outfit.656dc77e8bd948e6bc85d9284c79af19;0;025e37233bea49678c8867203b065e92.jpg
picture.025f98f4cfdc46388ae115cf4da71bc3;outfit.a6c2cc1cde584657b1748339cee96a5a;0;025f98f4cfdc46388ae115cf4da71bc3.jpg
picture.02625f292433446eb3502c859daba83c;outfit.14e59903e2184edb963cf2e3f1b55e0c;0;02625f292433446eb3502c859daba83c.jpg
picture.02678e598dc042469b2ae803db496c33;outfit.b401ac00dd8e441c8e698a5eaad7a645;0;02678e598dc042469b2ae803db496c33.jpg
picture.02698f9de4b74644bd05376ec7d708e9;outfit.fbb003446d3c40a3879b475502a7e104;0;02698f9de4b74644bd05376ec7d708e9.jpg
picture.0275d8dfd0d74e5bad244c6140412840;outfit.a1efdc0d88774773957da6e703852211;0;0275d8dfd0d74e5bad244c6140412840.jpg
picture.0278e2f2090f40fba7b16279231a3c15;outfit.3b32e75fb8984ec9ad5d8ccb79999327;0;0278e2f2090f40fba7b16279231a3c15.jpg
picture.0282c92b93c54f4286c7b92d7814a209;outfit.447e5486379147879a59e168c261d9e2;0;0282c92b93c54f4286c7b92d7814a209.jpg
picture.0288ecd0a82449edb2774a85a8809fc3;outfit.b8b6253b118140448c36fb7b55fdce90;0;0288ecd0a82449edb2774a85a8809fc3.jpg
picture.028ac4a4bca349d8aac7212986d77e2d;outfit.b8dc734193a541e28856ad6b60c524e5;0;028ac4a4bca349d8aac7212986d77e2d.jpg
picture.028b1f4645c8473e941957d449f85e64;outfit.8b19ab819889dc0a;0;028b1f4645c8473e941957d449f85e64.jpg
picture.02ad129aa750459f8b3a081e8bd2b9f6;outfit.dd5c21e0c1ee4428b7019e5740e3e8aa;0;02ad129aa750459f8b3a081e8bd2b9f6.jpg
picture.02bd3d06af2a49cc8ed9ebc4709673a6;outfit.c0dd5faf2a294aa09fd7a39dc7a313bd;0;02bd3d06af2a49cc8ed9ebc4709673a6.jpg
picture.02ce76df4b1c42c1b860385b269fdae2;outfit.326753f766be46ea82c771b041c4dd32;0;02ce76df4b1c42c1b860385b269fdae2.jpg
picture.02d0ee48ee1d4e0aad572d7daf32860d;outfit.a8770590533c28ad;0;02d0ee48ee1d4e0aad572d7daf32860d.jpg
picture.02dc1d127fca44fe82dfd47451a2b09a;outfit.8ba3b5b410c6466180b8bbecba6c7013;0;02dc1d127fca44fe82dfd47451a2b09a.jpg
picture.02e09411a9264c239c8c3f26cd7aa548;outfit.9d09514916e0a13c;0;02e09411a9264c239c8c3f26cd7aa548.jpg
picture.02e5013fed2045dcaac6c7fc4f91d800;outfit.d655fb3f59544532baf264b2c74cc571;0;02e5013fed2045dcaac6c7fc4f91d800.jpg
picture.02f889d9208a4341ba2839d62151b455;outfit.4d87f217c19241cf9a4feb9d75638e1a;0;02f889d9208a4341ba2839d62151b455.jpg
picture.02fe36c5fedd476e9c7a8d5962c38596;outfit.756079160a3e402d87df01062ec3b941;0;02fe36c5fedd476e9c7a8d5962c38596.jpg
picture.02ffe35cdce14972b9695ed161b2a14b;outfit.e89fab0bbc574d6c89242ff808d537e6;0;02ffe35cdce14972b9695ed161b2a14b.jpg
picture.03003e35b21645dc99c92e540ffede62;outfit.b00287a1864d4493a72b295b43caf3f1;0;03003e35b21645dc99c92e540ffede62.jpg
picture.030096d16b3e46b6874eac1a37a02b37;outfit.5060efd6a52d4f1bb2bf676285260b1a;0;030096d16b3e46b6874eac1a37a02b37.jpg
picture.030a5163a50b4136891b34ff8444cfc6;outfit.9a0feb1d3ddde6f2;0;030a5163a50b4136891b34ff8444cfc6.jpg
picture.0311f5da875d4a25b27e1c50d2ad92f9;outfit.7e42814501954a3ca6c89f717ff2bfd7;0;0311f5da875d4a25b27e1c50d2ad92f9.jpg
picture.031d4e51351645a69c23de071ce26414;outfit.c2354df57f454e33bf2ff3ae5a9c7dea;0;031d4e51351645a69c23de071ce26414.jpg
picture.031db0e8607b4fa19c5db32f51fe17a5;outfit.af7384d7b857af65;0;031db0e8607b4fa19c5db32f51fe17a5.jpg
picture.0328227156db465381996d94ffa4b471;outfit.296da213b6db4d99817dea16407654f0;0;0328227156db465381996d94ffa4b471.jpg
picture.0329d673be984312baf39cff5a5304cd;outfit.be54589074780d08;0;0329d673be984312baf39cff5a5304cd.jpg
picture.032f381a80344e5ba52b245391eaf68d;outfit.24e1bde79f694d5aa980e0c889fa29c4;0;032f381a80344e5ba52b245391eaf68d.jpg
picture.033a14e0214347df8930aa6a198aa503;outfit.478c7aaed8f8413d9618e508ddd7d59b;0;033a14e0214347df8930aa6a198aa503.jpg
picture.033b5f177c454b32b89ae71e7536d2fb;outfit.17753fa2c9914d659fe5432c2a06f1fa;0;033b5f177c454b32b89ae71e7536d2fb.jpg
picture.033eab45cea84cbb9fd6048984b973c2;outfit.49373f388eda466080c3464a0d8cdc44;0;033eab45cea84cbb9fd6048984b973c2.jpg
picture.035b0bea0d564a1484ab6fadb39a60c8;outfit.99cc91aeda7eb778;0;035b0bea0d564a1484ab6fadb39a60c8.jpg
picture.03653e8dc83f45268d868eda5048da21;outfit.915d00f05ea74ed9872f00dbf6367ac4;0;03653e8dc83f45268d868eda5048da21.jpg
picture.036e586977cb4c97931d552bd45e88b6;outfit.4b2a9c705f844b229cb293ba66c8ddf5;0;036e586977cb4c97931d552bd45e88b6.jpg
picture.03701d87a8e64563a7be50b9927a1111;outfit.39e26260f13d466b946601bafd691d36;0;03701d87a8e64563a7be50b9927a1111.jpg
picture.037221f627af4008a14da9945f79ec2d;outfit.ea6e2ed1ee964a7aa263a287d6d5663b;0;037221f627af4008a14da9945f79ec2d.jpg
picture.03754309074948f99e4e2277eaa9644d;outfit.ba1d7e7d9f4746388a8628d6c57812b3;0;03754309074948f99e4e2277eaa9644d.jpg
picture.038203d271064f1ebb1bdc612d9f7264;outfit.d0570fc4a5d740cc94871d73471a5043;0;038203d271064f1ebb1bdc612d9f7264.jpg
picture.0385d9d488eb4e5cbb65373d871c9a65;outfit.722b9f354d8f4b2c80c5e60d35cfc833;0;0385d9d488eb4e5cbb65373d871c9a65.jpg
picture.038f13a11ff948d185cf5b8096460057;outfit.b355a35d4bbe46fd8665c041839d6235;0;038f13a11ff948d185cf5b8096460057.jpg
picture.03939358dd054f8e9ab14cf046b1cdb7;outfit.7599372461da4ca08c94fc2e6d9fa4e4;0;03939358dd054f8e9ab14cf046b1cdb7.jpg
picture.039a84417a0b4fde90daab1d03576ca6;outfit.9ff74f4f2a2f4454a7a629777cff27a6;0;039a84417a0b4fde90daab1d03576ca6.jpg
picture.03b591fc97424b7bb17339ceb7106354;outfit.35040533aa374146acdf6819785d4b85;0;03b591fc97424b7bb17339ceb7106354.jpg
picture.03b65eca34ae411fb545770cee79faa9;outfit.bfdc262fa6ea40458a3ff1a4353e71f9;0;03b65eca34ae411fb545770cee79faa9.jpg
picture.03bf239c16da44f88009e19829825d65;outfit.20ae7885d88441348ab7a255bcc2173e;0;03bf239c16da44f88009e19829825d65.jpg
picture.03c4821fcda54fdbb6fd86959d783d39;outfit.951c39634b6a4626;0;03c4821fcda54fdbb6fd86959d783d39.jpg
picture.03ce4dc7c36f41f4a915298a3d7a2ff8;outfit.db03133911df4812b48f31358089632c;0;03ce4dc7c36f41f4a915298a3d7a2ff8.jpg
picture.03d537ea5f9e44509f40524e6e965554;outfit.e5573a0b879d4a31b02ff8dfe70ea20f;0;03d537ea5f9e44509f40524e6e965554.jpg
picture.03d5404bf6cf457f9140a5b2c0a070a9;outfit.3f495adddb5143f8a5123973e907b1f2;0;03d5404bf6cf457f9140a5b2c0a070a9.jpg
picture.03dc6b7aca6146bb9d098131daffb2c6;outfit.506146e24b7042b1a1b3d0c829f446a4;0;03dc6b7aca6146bb9d098131daffb2c6.jpg
picture.03eea4416c1045c190c4f20d612e0301;outfit.9b7e2e060c874d3287c4cee69860679a;0;03eea4416c1045c190c4f20d612e0301.jpg
picture.03efd7eed4214d31820366824d6f5095;outfit.8d6bd94d09354d22a77928a01bac9d25;0;03efd7eed4214d31820366824d6f5095.jpg
picture.03f7348a73374922a40af6203f6f17ce;outfit.b4e7c58304d74b64b8b2ddf13ba93c6d;0;03f7348a73374922a40af6203f6f17ce.jpg
picture.04023eecea4d4c8382162ae2fe809dea;outfit.06464642967c4d9fa0f8267dfd3d80c0;0;04023eecea4d4c8382162ae2fe809dea.jpg
picture.040252963ed343108f5b8c6d3f6b0f6c;outfit.9b4637003c444b1d9c75e5eb5487d669;0;040252963ed343108f5b8c6d3f6b0f6c.jpg
picture.04044c542ade4dd39b0944759d076a91;outfit.92101abfe02e418f8bc033846dc6d1c8;0;04044c542ade4dd39b0944759d076a91.jpg
picture.0410c5126ad346c19f57404740269d7c;outfit.c38212ead8334e87ad9103b67932eaf5;0;0410c5126ad346c19f57404740269d7c.jpg
picture.041bd36e6c3543c7a5f6b680b831a629;outfit.7d5e7df1d7e44528bca8d9859759042d;0;041bd36e6c3543c7a5f6b680b831a629.jpg
picture.0429ef1c155945f1857df04b8126898d;outfit.e4eb7dca201f42c9b8fae01f44b42c91;0;0429ef1c155945f1857df04b8126898d.jpg
picture.042a0a69b1f14d6ab3b326c3cfd5135f;outfit.0f9681d7171142aa84399d37dc7b4ed3;0;042a0a69b1f14d6ab3b326c3cfd5135f.jpg
picture.042a45a96c644cf39627b578306a1139;outfit.d3f2083ec04f4429bae5660f2a3db238;0;042a45a96c644cf39627b578306a1139.jpg
picture.042ce24dd83e4ee29f2dad61d67d1158;outfit.3a08f6654ee4454bb0b5ba8dbbf765b0;0;042ce24dd83e4ee29f2dad61d67d1158.jpg
picture.044faf48377b42a594c3781260083a7b;outfit.ccae6ec63d494a5eadd0d6b001597c42;0;044faf48377b42a594c3781260083a7b.jpg
picture.0451039611144ed7bf081115db6a0947;outfit.b33b5cbbea204ab79a1060c3a17546b3;0;0451039611144ed7bf081115db6a0947.jpg
picture.046030c0a1784311818d86435d727864;outfit.9c0b47f4d629c3f3;0;046030c0a1784311818d86435d727864.jpg
picture.046a3a18ff1f491ca3421f338d6ef337;outfit.9fe63b9753004f98b972bea88546901f;0;046a3a18ff1f491ca3421f338d6ef337.jpg
picture.046e86e812d94fd39af328927a991a23;outfit.bbd6ae88b44bfd29;0;046e86e812d94fd39af328927a991a23.jpg
picture.04730acb67814068815b7110e6191da6;outfit.a38b3b3e20364b78bfcf0bb1eadcc0e5;0;04730acb67814068815b7110e6191da6.jpg
picture.047621562e844e0f828d57f2abb65c66;outfit.25ff5e5ef4b541d79324a66515f1d89a;0;047621562e844e0f828d57f2abb65c66.jpg
picture.047aecd5093345a1b6a874c1f0fd7161;outfit.5b219e65b35544769ae32989b15ff364;0;047aecd5093345a1b6a874c1f0fd7161.jpg
picture.047b195f838f4b4f80659232ba45f03b;outfit.145c644d683b4ccfa07d073d8c4efa6a;0;047b195f838f4b4f80659232ba45f03b.jpg
picture.047c8b60bb57485598e5dd70a6a117a3;outfit.713570ccf2364240b906d668908737ff;0;047c8b60bb57485598e5dd70a6a117a3.jpg
picture.048da846cfbf4013bae4556c4ffd37ee;outfit.53c1b23f677a4816a518a2624c18e8b3;0;048da846cfbf4013bae4556c4ffd37ee.jpg
picture.0492896cccbc45c3874aa31211bd2dfd;outfit.9cfd9a79329b16bd;0;0492896cccbc45c3874aa31211bd2dfd.jpg
picture.049ddde5aec44182b994374567a7fe66;outfit.fc591bc905fd4943a8d1022f6576efe1;0;049ddde5aec44182b994374567a7fe66.jpg
picture.049e1b95b1864b6897538a559c873f13;outfit.2d7a170f85b04d2bb2ab4eb41d795d0f;0;049e1b95b1864b6897538a559c873f13.jpg
picture.04a63820aff24eff81bd9bb6a647c5b2;outfit.57729471dc4a42fc8ebf94a2741b54ac;0;04a63820aff24eff81bd9bb6a647c5b2.jpg
picture.04aefd6ed57545fa8159f6f7912a3ad5;outfit.6962210a388343c2a203996ee7a30eb0;0;04aefd6ed57545fa8159f6f7912a3ad5.jpg
picture.04b2d9be0a394b61a01a0e5a1db6fbaa;outfit.7949c76d6d01458dadb4d517d86b6d3f;0;04b2d9be0a394b61a01a0e5a1db6fbaa.jpg
picture.04ba3ce62ed349798828db8bb667e4d9;outfit.e963fb24badd417282a3db209349346c;0;04ba3ce62ed349798828db8bb667e4d9.jpg
picture.04bd6dfe6b544b1f9aad175d90cc6c45;outfit.2ac58ac5808446649bf9adbb74a55dab;0;04bd6dfe6b544b1f9aad175d90cc6c45.jpg
picture.04be527416354ac18efc99f7246743e5;outfit.f194f8a84147453cbd660e148942e1e6;0;04be527416354ac18efc99f7246743e5.jpg
picture.04bf57eb78504a10a82e0a5e39e81ddc;outfit.c0ee509f45ad41d9b345426e194b9218;0;04bf57eb78504a10a82e0a5e39e81ddc.jpg
picture.04cc7608a03943dd928c8a38c60f5d27;outfit.8bbdbf9681842027;0;04cc7608a03943dd928c8a38c60f5d27.jpg
picture.04ce1f85e5bc463fae0d9a3328a37749;outfit.5b607271e3ee467bb4188f977c0336b8;0;04ce1f85e5bc463fae0d9a3328a37749.jpg
picture.04d00b70e9ef4591b3095d146686c27b;outfit.7f6d08bebe2348729948104efde5179e;0;04d00b70e9ef4591b3095d146686c27b.jpg
picture.04d384c3a1d44bd696518f637e33dfb3;outfit.9739950a93f6aa90;0;04d384c3a1d44bd696518f637e33dfb3.jpg
picture.04d4ee63c6d74b9bac9d1fce64ef2731;outfit.b1a8ed1f5b6d4a2f86fb528cc029006e;0;04d4ee63c6d74b9bac9d1fce64ef2731.jpg
picture.04d92a77111d4d1084f2dc6a6abfd2ba;outfit.d7e3f493b73c45c785ac6887d20f4069;0;04d92a77111d4d1084f2dc6a6abfd2ba.jpg
picture.04dde76e384c49e39f6827aeb9fc169a;outfit.8046647faecd43129ae560e955ebc8e5;0;04dde76e384c49e39f6827aeb9fc169a.jpg
picture.04e8bc6b7da94965a3117170a969599c;outfit.4688b412bce3457a9c1727fd38ab4a06;0;04e8bc6b7da94965a3117170a969599c.jpg
picture.04ed6a3de4b54bb6bb91c2bdcb641e5b;outfit.6b027f465816489f83945f85bd6f1c17;0;04ed6a3de4b54bb6bb91c2bdcb641e5b.jpg
picture.04f1ad0e5fca477eb8a581002d17b4ee;outfit.9bb1d6f57be44f24;0;04f1ad0e5fca477eb8a581002d17b4ee.jpg
picture.04f25683c77845acbf05ab4bbf4d8f33;outfit.65489efb22d947a8865099ddde5b790d;0;04f25683c77845acbf05ab4bbf4d8f33.jpg
picture.04f619988e6d41cd8e4c2532545e562e;outfit.0654b5aaef694f20ace802009972a59e;0;04f619988e6d41cd8e4c2532545e562e.jpg
picture.051a2f3769a444d391572bfb90bf84aa;outfit.4a91172bb576444ea3169667a1e6955e;0;051a2f3769a444d391572bfb90bf84aa.jpg
picture.051e12305e83449fa72ac0907aa3093f;outfit.860daab99091d08f;0;051e12305e83449fa72ac0907aa3093f.jpg
picture.0522ddb2b23c4fa0b5f4a5edb932c0ce;outfit.466afa76adb144b7ad004be6382cfc54;0;0522ddb2b23c4fa0b5f4a5edb932c0ce.jpg
picture.0532135381974daebd41972792928f65;outfit.03254ea7a2b0485e91a77f415f1d4741;0;0532135381974daebd41972792928f65.jpg
picture.053dfdf507404073bf67c2f4b2dc5473;outfit.48cf5d6579da4369b03b1f04719b322a;0;053dfdf507404073bf67c2f4b2dc5473.jpg
picture.053f7b4790a54211857e7b5c8ad1e33e;outfit.67251d32508649cf8e2cb7d79817796e;0;053f7b4790a54211857e7b5c8ad1e33e.jpg
picture.053fb6d56c5b4d62ac8a91d6645cf864;outfit.0ca44af5dc0d4bfb8cb409023716c0a5;0;053fb6d56c5b4d62ac8a91d6645cf864.jpg
picture.053ffb3a19444f918b5772e1975348c1;outfit.68d7e3b9e8be4f07b3b200682d7dc456;0;053ffb3a19444f918b5772e1975348c1.jpg
picture.054c54e5dd484845acaedd193ed237d3;outfit.55d914792ebf4d18808eb0bd3ec70bb3;0;054c54e5dd484845acaedd193ed237d3.jpg
picture.054d5665d9ec4ed4aa2ca6b81ff64543;outfit.9ec98510baa9411d905131e4377e154d;0;054d5665d9ec4ed4aa2ca6b81ff64543.jpg
picture.054e4be4990c443e802806a0f2c36fac;outfit.6f038b817a5a4220a8dea6bbc464c4a2;0;054e4be4990c443e802806a0f2c36fac.jpg
picture.0552167b207a44238718c6c5d5cfd044;outfit.2d872cbfe6434c0c9ec15ebfa518a6e7;0;0552167b207a44238718c6c5d5cfd044.jpg
picture.0552d7e33cff4142b93ea22a275fb569;outfit.b75d871f45424868baa650472e43193a;0;0552d7e33cff4142b93ea22a275fb569.jpg
picture.05627def4cb5464a9a5d1f953784ed19;outfit.bf0bc59908734a2a9c7a47a1442bf744;0;05627def4cb5464a9a5d1f953784ed19.jpg
picture.05676c5b939a45f5934c260884b90670;outfit.4e050e31c96240e18d8da53b205dcfa8;0;05676c5b939a45f5934c260884b90670.jpg
picture.057016abf56c48669da75a476a6a03fc;outfit.cb29aca3f7be4551b07a9d1b02957e02;0;057016abf56c48669da75a476a6a03fc.jpg
picture.0577221bbcfb4949aa08d6ba163a2d54;outfit.5d4e6c9d85904c9da88c386a60db9473;0;0577221bbcfb4949aa08d6ba163a2d54.jpg
picture.057b8510c6ac46aba34763a9d69a0760;outfit.a94fbc2c00c0d099;0;057b8510c6ac46aba34763a9d69a0760.jpg
picture.057ce0e8167245b3bf28661b6d4b1c2f;outfit.9dc1abebc456d310;0;057ce0e8167245b3bf28661b6d4b1c2f.jpg
picture.057e16fa53f94f1a85a01391523223fb;outfit.b68b720dbd521460;0;057e16fa53f94f1a85a01391523223fb.jpg
picture.0584da4e988a4c03bd13982ef10407db;outfit.4e834d5f015d474e8fd547e080f750f8;0;0584da4e988a4c03bd13982ef10407db.jpg
picture.0586b0082ac447b58bf41d16b51eab37;outfit.8de67bc21e388b19;0;0586b0082ac447b58bf41d16b51eab37.jpg
picture.05886cc599f2489ea1b096b25763f4a6;outfit.93d7a4479c7f446b80995278ada5874b;0;05886cc599f2489ea1b096b25763f4a6.jpg
picture.058d50e4dafb4d328fe98d8acbf86256;outfit.16f24c4eb69a48f1a34117fc6c0a691f;0;058d50e4dafb4d328fe98d8acbf86256.jpg
picture.059287ee8df24e3fa49fdc7e2fd2988c;outfit.f1ed4ff2e21a436997e35b1c918c304b;0;059287ee8df24e3fa49fdc7e2fd2988c.jpg
picture.05931ea15ed5454c85f1c324533f4c66;outfit.760587419305432581b1c2dd2d29e27f;0;05931ea15ed5454c85f1c324533f4c66.jpg
picture.0594c06942514bfea76a4ece05951708;outfit.8459e55ea3800598;0;0594c06942514bfea76a4ece05951708.jpg
picture.0596ec253ba940a2a9833c0fdaad5b36;outfit.b5db150f4740b356;0;0596ec253ba940a2a9833c0fdaad5b36.jpg
picture.0596f458e2e54ccd9a895652e47bbfd3;outfit.b0816b262fa40eac;0;0596f458e2e54ccd9a895652e47bbfd3.jpg
picture.0598e578e7de43b6bd940933b63c3284;outfit.42a71b8c872f470c8350ac507497071e;0;0598e578e7de43b6bd940933b63c3284.jpg
picture.05b30971e7934f9092126f33e2e200ee;outfit.0ef30f9dcee4484eb104977918be6b1c;0;05b30971e7934f9092126f33e2e200ee.jpg
picture.05b421acf9a94c41976bf63c45f09537;outfit.b3d31d76ede3d815;0;05b421acf9a94c41976bf63c45f09537.jpg
picture.05baca64b45f401caf76672a35f06746;outfit.a8fae88d2b7640e2b28161d301fc5e08;0;05baca64b45f401caf76672a35f06746.jpg
picture.05ca196171c54adc913c4a450e641ed5;outfit.a8cbaf4636a74bf7ab5f86d15121ea2b;0;05ca196171c54adc913c4a450e641ed5.jpg
picture.05cb7ff53b97446ebda5afe67a666c92;outfit.5428d0d3aee6420bb208a0796eb40ded;0;05cb7ff53b97446ebda5afe67a666c92.jpg
picture.05cd3e71954f46a5a864a520e385c4c4;outfit.fabaa18896e64e6ba835286d7f1d44e3;0;05cd3e71954f46a5a864a520e385c4c4.jpg
picture.05cdb56bf17b4f91a94c126ed0fcd47e;outfit.02de6177cfea418b8530f218f554f369;0;05cdb56bf17b4f91a94c126ed0fcd47e.jpg
picture.05d360249dfd4a83b3395793ff087b34;outfit.39be0294d5cf4e26b4faaa07e7750686;0;05d360249dfd4a83b3395793ff087b34.jpg
picture.05d5504e6e8d49b3932f3296dc9c9378;outfit.8a1cf5ac88bb4b80930feda22d5dcc49;0;05d5504e6e8d49b3932f3296dc9c9378.jpg
picture.05de7bcadd3d40b8b85e71363152ff6b;outfit.b3f1440da3494c0280c45a7ae215fe49;0;05de7bcadd3d40b8b85e71363152ff6b.jpg
picture.05e0e250d8954d32bacfce50ccc603ef;outfit.b2453a30bd0746559282b2f06564d9af;0;05e0e250d8954d32bacfce50ccc603ef.jpg
picture.05e304bc371840898edd963a2d22d7ef;outfit.ba1df248f1cd432a8bb58292b7b31e7b;0;05e304bc371840898edd963a2d22d7ef.jpg
picture.05ee3effaa14485e83ff6920415c7f64;outfit.c8855506fa9d47308b87aa0fe5efe3ca;0;05ee3effaa14485e83ff6920415c7f64.jpg
picture.05f3739d8a3748ccae3296701a34167e;outfit.6c86cf3af9714425906495712ee3e311;0;05f3739d8a3748ccae3296701a34167e.jpg
picture.05f72d7e3159495aa11f17572220221f;outfit.f4a912d387fc4198a3f4a1d91701a595;0;05f72d7e3159495aa11f17572220221f.jpg
picture.05fc54d38dbf443ca07ed55ec969d921;outfit.ae922e922588454591edca7cabf0db48;0;05fc54d38dbf443ca07ed55ec969d921.jpg
picture.060a04d1fc9f477cbb0cde5284d0e73e;outfit.d61bd06b8b28429abe50d3f42eb685e0;0;060a04d1fc9f477cbb0cde5284d0e73e.jpg
picture.060a4bf11a564661bb5504ce8fa72ee7;outfit.e6abf593ad3949cd8a2b345ed4249ff6;0;060a4bf11a564661bb5504ce8fa72ee7.jpg
picture.0614df78c8724068800f86e8178c68c2;outfit.dac42acd25b1410aacbf75c85cc6cb7f;0;0614df78c8724068800f86e8178c68c2.jpg
picture.061dbd0fd96446bebeba448b327766bc;outfit.67c7e051a163432eadc34be683ea3d44;0;061dbd0fd96446bebeba448b327766bc.jpg
picture.06247af4a76746988c59f41ef3dd58c6;outfit.060cbfa6f9024404bd6a4ed96b7bd41b;0;06247af4a76746988c59f41ef3dd58c6.jpg
picture.062c5869e84344a8a74c4ae3311ac0fd;outfit.bd029e8ff7cc4341bf48b2afaa0d9946;0;062c5869e84344a8a74c4ae3311ac0fd.jpg
picture.06337d18828642ed92c1ee24d70f0158;outfit.09a274c103524f30bd8e3fcc3cbab7c1;0;06337d18828642ed92c1ee24d70f0158.jpg
picture.0646dd9d92014585963bfbee1f26dd82;outfit.8d9f00f7e6494b03beae69bfed8e6c58;0;0646dd9d92014585963bfbee1f26dd82.jpg
picture.06509e6b1c60497081b471d68da8ca64;outfit.adeaa758e4b292c5;0;06509e6b1c60497081b471d68da8ca64.jpg
picture.06635abfd85644b387507cb5501ea77a;outfit.346aca2ad2134d0e95967b333990925c;0;06635abfd85644b387507cb5501ea77a.jpg
picture.06654ea83727438db4aca09a4f57afd7;outfit.c3c971b949c64fd2851ad357ad06cc89;0;06654ea83727438db4aca09a4f57afd7.jpg
picture.066dd83e31c6415dab2b6e149bff403e;outfit.9faa5a6b345a4ee791996380c91d4eac;0;066dd83e31c6415dab2b6e149bff403e.jpg
picture.066f12edd7fe4c73a3f6c86372f7cb9c;outfit.4cd9a6b549d04973a044716c3448b739;0;066f12edd7fe4c73a3f6c86372f7cb9c.jpg
picture.0676aefd4f3e4aed88333b3659ac1c91;outfit.b62a06fd0f523bac;0;0676aefd4f3e4aed88333b3659ac1c91.jpg
picture.068028f934b2472690d33d448201dc56;outfit.1ff1200dca844ecd8ac042bd3363b7c5;0;068028f934b2472690d33d448201dc56.jpg
picture.0681d7d5f9894791a60c6714564ca048;outfit.f853a75ce5624944895a17b2f615d138;0;0681d7d5f9894791a60c6714564ca048.jpg
picture.0689c75fe43f476db5b7bed24cb09f85;outfit.fbc31b2005504087aa980bf59e078b7e;0;0689c75fe43f476db5b7bed24cb09f85.jpg
picture.068e7f22891040f88ba9aa51315a367e;outfit.b42337853cae4f66a2e7640b6845d2e5;0;068e7f22891040f88ba9aa51315a367e.jpg
picture.0691159193404f709c47dcf99b4816f5;outfit.89954cb83fe420c2;0;0691159193404f709c47dcf99b4816f5.jpg
picture.0695e0712b164817bf729489b01442f2;outfit.505dbed58d2a45bc9bd72774be4f5c47;0;0695e0712b164817bf729489b01442f2.jpg
picture.06a1f8220ce04ef8a7ae4ab90b4aebb7;outfit.80d81410fa5f0ae4;0;06a1f8220ce04ef8a7ae4ab90b4aebb7.jpg
picture.06c2ca00b23d411b9fc5b8fb8f671872;outfit.84f782be1a41490f9223e753c8f180f3;0;06c2ca00b23d411b9fc5b8fb8f671872.jpg
picture.06c3072c87414fc8a739dfb4982bf001;outfit.f102748bf7fe46a2a9a3eb170410b6bb;0;06c3072c87414fc8a739dfb4982bf001.jpg
picture.06dccd221464434281c5c2ddfc6a1728;outfit.e011693fdb0a434b825e510e6e8fd9c2;0;06dccd221464434281c5c2ddfc6a1728.jpg
picture.06de7eec4248491b80c6bd933c2a7e4c;outfit.2846db8e50bc49a7a1b5f37be769f364;0;06de7eec4248491b80c6bd933c2a7e4c.jpg
picture.06ea9fad7c0b4727a39486889f100fb7;outfit.99449d4e1681465fa507c7e091ada568;0;06ea9fad7c0b4727a39486889f100fb7.jpg
picture.06f1945665744a52b4cd0361fa1a8772;outfit.95075e1ddb3d49a9a3fc51653c1e0421;0;06f1945665744a52b4cd0361fa1a8772.jpg
picture.06f69fbdc5dd4a6a88cd7a93609501de;outfit.1a265d0988ad4e86966114062e4ca547;0;06f69fbdc5dd4a6a88cd7a93609501de.jpg
picture.06fb87e6768c46b1b83ec05fe93cf104;outfit.ceda10a556b24c7c9ceeb2cc1601429a;0;06fb87e6768c46b1b83ec05fe93cf104.jpg
picture.0713c182f50646489335e0619c3b411d;outfit.0aff63d7a5bf451ca706cfa53ced453a;0;0713c182f50646489335e0619c3b411d.jpg
picture.0728d93cd6f147db9fe84071a5cf2600;outfit.374273ffb79943b7be144ceb14529592;0;0728d93cd6f147db9fe84071a5cf2600.jpg
picture.0729a40aea034141ba19f6936c987de9;outfit.beb7edd11cd741538175c927a81cbf89;0;0729a40aea034141ba19f6936c987de9.jpg
picture.07373661202a4814a5c8cf635a0529de;outfit.1e4a3ce9976a4d9a9061c167255f3875;0;07373661202a4814a5c8cf635a0529de.jpg
picture.075988ce0e44405d855fa37ded0302a6;outfit.37d643c47053474a96acb8ca1069368b;0;075988ce0e44405d855fa37ded0302a6.jpg
picture.076452f474e5498997560702d5aaf1ce;outfit.cd734667a90745b3a826957b1dc343ac;0;076452f474e5498997560702d5aaf1ce.jpg
picture.07728315ea7d415f938cf3e161f3ec1c;outfit.e970ed3f6ffc48a1805fc82d98ef7981;0;07728315ea7d415f938cf3e161f3ec1c.jpg
picture.0793936a908b449b9c3685f1f74115ae;outfit.150dfea353754793b615998907ebffc6;0;0793936a908b449b9c3685f1f74115ae.jpg
picture.0794387fd5a048f8a94185accd84ef3a;outfit.93fb65b596dc4d628b4812d30178a4dc;0;0794387fd5a048f8a94185accd84ef3a.jpg
picture.079858d75775473cbdf0d295bd93ac62;outfit.978b0bd3e4cb9afa;0;079858d75775473cbdf0d295bd93ac62.jpg
picture.079d8c57a9df49e699f1abbf8d3ea767;outfit.f1e688d410884ee0940d861fb2f620ac;0;079d8c57a9df49e699f1abbf8d3ea767.jpg
picture.07a72fe0a32443a691121ab800c591c7;outfit.4ca0964f8f604f42b71268c44e41db7d;0;07a72fe0a32443a691121ab800c591c7.jpg
picture.07b108c68d7647abbe0fbd769fd8bb0c;outfit.cb167c53fdca444b9b21df883ca7682d;0;07b108c68d7647abbe0fbd769fd8bb0c.jpg
picture.07b826f985a1491dad0ad8650ce10d30;outfit.cf2fa10de8ea412186fd6dd1f658e3ff;0;07b826f985a1491dad0ad8650ce10d30.jpg
picture.07c86883808c45e49c535a7812df2ec2;outfit.203f5d33e7324d65a1d8175b3b910416;0;07c86883808c45e49c535a7812df2ec2.jpg
picture.07d759e8d58844b6af6efc311a35aa96;outfit.519b363c010c4157a561e58cf3cd8c07;0;07d759e8d58844b6af6efc311a35aa96.jpg
picture.07ef75a7aa584e149fe01a919c49ac6f;outfit.c8899e358d4846b5b5973cc0f9342aed;0;07ef75a7aa584e149fe01a919c49ac6f.jpg
picture.07f594daa0214f538913b6a770aa67f8;outfit.a3df643414c746ac95399bcdbb1acab6;0;07f594daa0214f538913b6a770aa67f8.jpg
picture.07f6828b97f4448e8787f78609b86ac0;outfit.ed5a5a066ca647b6a9aaeb1ec8e7ee87;0;07f6828b97f4448e8787f78609b86ac0.jpg
picture.08079d829a5248e191d1c6af316bb01d;outfit.a3b4b48a9ca2414cadf862281cc384d8;0;08079d829a5248e191d1c6af316bb01d.jpg
picture.0807f161bdae4fb7a9f0d37a835954e7;outfit.c38df3caf6f046aab92f3a0af51068ec;0;0807f161bdae4fb7a9f0d37a835954e7.jpg
picture.080876a70a6848d1a1845ca7baf5487f;outfit.90f7caee60bf4dbf8f731e83d2560155;0;080876a70a6848d1a1845ca7baf5487f.jpg
picture.0808d7ee4c0d46a79803124a7bf6eac9;outfit.fd816aa2311d45c78fd0ab2d663a177a;0;0808d7ee4c0d46a79803124a7bf6eac9.jpg
picture.0818eb88868542fda03856b7b152a968;outfit.394609460a3549928924f3a0dc5a6e3d;0;0818eb88868542fda03856b7b152a968.jpg
picture.081c6d06007647ff8032d9c94e20aa68;outfit.2ea36f84cb12427686eed685f97f2a8f;0;081c6d06007647ff8032d9c94e20aa68.jpg
picture.082c60af546a444ca9f2fd3ac0debec8;outfit.f8ec4121473f4e418d2f999fd0745d44;0;082c60af546a444ca9f2fd3ac0debec8.jpg
picture.082dda8a736f40e2b7b07dd4a89fa1d3;outfit.2a4ac5ffa2a44630a5295e135713963f;0;082dda8a736f40e2b7b07dd4a89fa1d3.jpg
picture.083dc3cc91ec473fb2bae83b3d97315f;outfit.8f4c967492cd42a6a0afec84b3500e93;0;083dc3cc91ec473fb2bae83b3d97315f.jpg
picture.08479698f53c49c2add1db35f667584e;outfit.767ecbf6b9bb4969ad78de1a78dbf039;0;08479698f53c49c2add1db35f667584e.jpg
picture.084e39babe824526959d38b0d1181e89;outfit.0fdacd78ea72476d9688afaa61fc5c42;0;084e39babe824526959d38b0d1181e89.jpg
picture.0868a5db317b488681c94dd1207fb0b9;outfit.ebfe6bcdfcb7442686f24eecaba39c1c;0;0868a5db317b488681c94dd1207fb0b9.jpg
picture.086dac137cb5448f97bb6de8d0234be5;outfit.94487eff13dc2b77;0;086dac137cb5448f97bb6de8d0234be5.jpg
picture.086f05c2f1d8400f830ad7398e20455d;outfit.6f6ace195ce44ccdbafbb72c1b4cde13;0;086f05c2f1d8400f830ad7398e20455d.jpg
picture.087096b26d404dd9af64427d87d7a444;outfit.da552355bfd04649a987a3881b99d09c;0;087096b26d404dd9af64427d87d7a444.jpg
picture.0870d8099d3e47d8ae86dbcda0482853;outfit.ee1e33a91882430d990d259a1852430e;0;0870d8099d3e47d8ae86dbcda0482853.jpg
picture.0885ba8485a34eb8ac4a9c08d5ccb159;outfit.f376dd31f0194adead88365684ce1e14;0;0885ba8485a34eb8ac4a9c08d5ccb159.jpg
picture.08880da0b5464c8a871e732d66e01431;outfit.8a130c68d99c4023ad5d0551e483cec9;0;08880da0b5464c8a871e732d66e01431.jpg
picture.0889a60488a0447892fbe5664dba524c;outfit.8540f9229614257a;0;0889a60488a0447892fbe5664dba524c.jpg
picture.0889f63996e249e7a1429614072fb8c3;outfit.d7bff1b799a34575a47ce0f531791c9f;0;0889f63996e249e7a1429614072fb8c3.jpg
picture.0899e6c9084141c388c8787a98b0d999;outfit.81e2654ac69b478bbeecd08e8348c6da;0;0899e6c9084141c388c8787a98b0d999.jpg
picture.089d8dd235fe4e64bf97b614bbcdfdf8;outfit.2d4ed8658aa045b29663902f1e0ce84a;0;089d8dd235fe4e64bf97b614bbcdfdf8.jpg
picture.08a1634cf30a4f94adc2aa8a7d508f7b;outfit.0a28be020a644e7d9ef9858b3adc29c4;0;08a1634cf30a4f94adc2aa8a7d508f7b.jpg
picture.08a57d90117e440f8ad01edf218b7e12;outfit.9481d2d7251be70f;0;08a57d90117e440f8ad01edf218b7e12.jpg
picture.08af3e75250d4cfa81228575d5d1a37b;outfit.931ef0d0cada4965a8ea693f7a520b64;0;08af3e75250d4cfa81228575d5d1a37b.jpg
picture.08b0b6474e45460c8e8fc2774aa75373;outfit.a7b57360602144b4838b5384b7fde769;0;08b0b6474e45460c8e8fc2774aa75373.jpg
picture.08b7b2ca95bf44beb5992e2a8a978e9e;outfit.151898f52a9a4e1a9862b376db9195e9;0;08b7b2ca95bf44beb5992e2a8a978e9e.jpg
picture.08bce36adb8749dc9f81939b6a6dd6c4;outfit.422bc3cc7f6a429086cf8c49273ecd90;0;08bce36adb8749dc9f81939b6a6dd6c4.jpg
picture.08cbad4f309b4e75b641824c7f24b3b7;outfit.9bc6939e74234024b9f6d34218418dfe;0;08cbad4f309b4e75b641824c7f24b3b7.jpg
picture.08d2b274adfc484b83ecb3e8e99b2019;outfit.853997984302460e92bb9f8335ca5a0b;0;08d2b274adfc484b83ecb3e8e99b2019.jpg
picture.08d3f97604cc47249bf95650bd0ed78f;outfit.5b99177128de4ffbbdf6b5255d411f15;0;08d3f97604cc47249bf95650bd0ed78f.jpg
picture.08e6787187204122ab00a52218d76ef3;outfit.4f39670d27b14b41994aa1f388d86260;0;08e6787187204122ab00a52218d76ef3.jpg
picture.08f9ee3a744f4b1ea6e55e4f45a79c9d;outfit.84cfd784c9dd4ad6;0;08f9ee3a744f4b1ea6e55e4f45a79c9d.jpg
picture.08fa452586ed48c9a9aca30df1d9ad50;outfit.c5fa2da94b8a48ce893b4a3722f02cba;0;08fa452586ed48c9a9aca30df1d9ad50.jpg
picture.09037e762ea34fe895d1c567f1baafb0;outfit.e6d04857b6e54eecbd905c7e8093c960;0;09037e762ea34fe895d1c567f1baafb0.jpg
picture.090fcf61df8a440bab127e3faf385487;outfit.2fb54603691a49b498bb904a3b6bb28e;0;090fcf61df8a440bab127e3faf385487.jpg
picture.0915f56fa1714ceca83ee823c3553ada;outfit.6df9fd60925949a5acdd17de4dd4e7a1;0;0915f56fa1714ceca83ee823c3553ada.jpg
picture.0923b98fd9f74aebbf58b886a620a18e;outfit.f8e95f5fd1b641a4823ea3c6010e19cb;0;0923b98fd9f74aebbf58b886a620a18e.jpg
picture.092728f90e3046b7901be11c89d536e2;outfit.e4bb08fb4a5f4f11843632fa2a227421;0;092728f90e3046b7901be11c89d536e2.jpg
picture.092dc6f550864cd1b89ce362f0f96de8;outfit.b2dc9f23d8d34e6fa62981cf887be220;0;092dc6f550864cd1b89ce362f0f96de8.jpg
picture.09326e8ed84b4a1fae03a7911a2ca901;outfit.c929e1bd6aa940f7a34c16471389c460;0;09326e8ed84b4a1fae03a7911a2ca901.jpg
picture.093562aba5b34f5c84ec934ba38e8a3a;outfit.924f4c42857340e68e7e874fcd5c6775;0;093562aba5b34f5c84ec934ba38e8a3a.jpg
picture.0938f063a186424d81d6705ce6cc09e7;outfit.1b4027c5a27d4ac293ccb2377c38d408;0;0938f063a186424d81d6705ce6cc09e7.jpg
picture.094de4838db8440185de34580f51ba96;outfit.8b6aab2ad8a64211b84b7d5eedea15d1;0;094de4838db8440185de34580f51ba96.jpg
picture.095c0efe331748cd92068a0ca46cac4a;outfit.50db4782a8974ff281b43ea28f455d88;0;095c0efe331748cd92068a0ca46cac4a.jpg
picture.095ca2d490cc4447a6b140de274b0846;outfit.11395b1173644fedbcfc219469f27b84;0;095ca2d490cc4447a6b140de274b0846.jpg
picture.096025c7df4346108d2ed60dae83a638;outfit.0533ed8c59ce4cf29172f502a3a93a91;0;096025c7df4346108d2ed60dae83a638.jpg
picture.0965f63bbc2f4ceaa0e3cae9aa21e0b0;outfit.a6275beb200f40c7a6b422d5c8b3d4b7;0;0965f63bbc2f4ceaa0e3cae9aa21e0b0.jpg
picture.0969819746ad4b9f91028245f21d0357;outfit.23bf2c58e916407987746990096b204e;0;0969819746ad4b9f91028245f21d0357.jpg
picture.097076c7ac8f4e1bb37d82557ab80e49;outfit.93d1f684375e6e8c;0;097076c7ac8f4e1bb37d82557ab80e49.jpg
picture.0987a209c2854bd2bd34fa998dcb2672;outfit.3261b5e6c4574ee9aacde7740fde9f7c;0;0987a209c2854bd2bd34fa998dcb2672.jpg
picture.0993066f3d99437bb6b1533dcc780d63;outfit.6ea93b224a3c4027861e62805e0bd3f8;0;0993066f3d99437bb6b1533dcc780d63.jpg
picture.099749e85d7e40669d4cd288b672ee81;outfit.9acd6a788f014e9b81fb32f2c97f53d8;0;099749e85d7e40669d4cd288b672ee81.jpg
picture.099d8143fe2942aa89fdf7eb8f650751;outfit.092ee39646f34dafac13607ee3c17215;0;099d8143fe2942aa89fdf7eb8f650751.jpg
picture.09a15a456b3d46deb5740a9c73644923;outfit.8e0381dffb04d62e;0;09a15a456b3d46deb5740a9c73644923.jpg
picture.09a3d8bf0bda48a6ab127a5b2bab39e7;outfit.d6896eaf6b734f40943d6cce5d23c1e3;0;09a3d8bf0bda48a6ab127a5b2bab39e7.jpg
picture.09a44bebca164ec3b9607c02aec0d32b;outfit.118f15046d0b45d48929bb91df474761;0;09a44bebca164ec3b9607c02aec0d32b.jpg
picture.09a4e1d96f8f40edb55bece63edcc33d;outfit.b45f71cef3bf96b3;0;09a4e1d96f8f40edb55bece63edcc33d.jpg
picture.09a588412c06424bb041f9591de2cb39;outfit.b25f7c6a65a2459c8819de57f27a2684;0;09a588412c06424bb041f9591de2cb39.jpg
picture.09a78b1be55c4fbf9d8832a5c47fd916;outfit.4a44a22cc7a8483aa15e978e0139b863;0;09a78b1be55c4fbf9d8832a5c47fd916.jpg
picture.09b037f48d7343b1a5ff1d3193f749af;outfit.fc14b8a036fa4ac196b9160b9b1fe0d2;0;09b037f48d7343b1a5ff1d3193f749af.jpg
picture.09b49ca2d087415da19d9ebaadcc6e3e;outfit.b6596a2ff7a748f3b9a67ac54db28b96;0;09b49ca2d087415da19d9ebaadcc6e3e.jpg
picture.09c665607a82469eb0f40cac10c709d5;outfit.57e0110f769d47ea863ebea78235fd23;0;09c665607a82469eb0f40cac10c709d5.jpg
picture.09cace9c23164f1fac403708a08febeb;outfit.3156bec4c44640bea10e7356936109ff;0;09cace9c23164f1fac403708a08febeb.jpg
picture.09da970a03094c10ba3f20c3a7fed77d;outfit.16e87e3968054dc8824ba7ff56aed7f4;0;09da970a03094c10ba3f20c3a7fed77d.jpg
picture.0a05ca2cba1f45559cca95035eec2593;outfit.82ec1db640c48b3f;0;0a05ca2cba1f45559cca95035eec2593.jpg
picture.0a07427fbaee49048f8088ae44cabab9;outfit.908c317a79634a2f9f14d86283135c0b;0;0a07427fbaee49048f8088ae44cabab9.jpg
picture.0a08447e1e53408da6028244db39aa25;outfit.8cddb9b88c984068a92d14c539dd24e6;0;0a08447e1e53408da6028244db39aa25.jpg
picture.0a19025d41734e98821f0725064ed243;outfit.96520672b1fc4ebdb9bd3b431609192c;0;0a19025d41734e98821f0725064ed243.jpg
picture.0a1f5260b7414713a7318f522ac9fa19;outfit.ade5433e25b54fbbb66a54f8fe113132;0;0a1f5260b7414713a7318f522ac9fa19.jpg
picture.0a2d39dfc16e444796260a7006b79ea6;outfit.0c3cac26eb674e35a4602a369b146592;0;0a2d39dfc16e444796260a7006b79ea6.jpg
picture.0a2d3bb397ef4128b55820adcf4368bd;outfit.98eebea274f23dd6;0;0a2d3bb397ef4128b55820adcf4368bd.jpg
picture.0a315cbed08e457b867df1bf4eb83deb;outfit.0b544c65a87645459ce9844f749e178f;0;0a315cbed08e457b867df1bf4eb83deb.jpg
picture.0a351923e4f44e8db826e52fa7a9fe5a;outfit.d4a659e844e64b399669fe54284c3595;0;0a351923e4f44e8db826e52fa7a9fe5a.jpg
picture.0a39d255826745008d15f72e0abd44a4;outfit.a84d98da9b0b4c8d95457d446a4df5fd;0;0a39d255826745008d15f72e0abd44a4.jpg
picture.0a4b98c97ee142c1be87bc3d34be5541;outfit.5e1b9778e36d475699772148e5d4e27b;0;0a4b98c97ee142c1be87bc3d34be5541.jpg
picture.0a4d0fc0904c4cbb90340a8b1d847ded;outfit.b6f4e6d64e3144d2b528b6bf75e5ddcd;0;0a4d0fc0904c4cbb90340a8b1d847ded.jpg
picture.0a57c903a20a4ea5a2abdc0e5792ea1f;outfit.ae0a1acc06c81eaf;0;0a57c903a20a4ea5a2abdc0e5792ea1f.jpg
picture.0a6d2e5052924da4ba3fffa3b0c7ef4c;outfit.6b0e9219365c474194b0d0a0652e7a59;0;0a6d2e5052924da4ba3fffa3b0c7ef4c.jpg
picture.0a70453a1d0a49f5a2436af81e38ae37;outfit.b6f7358d6feb42ceaec950e6b66f4a34;0;0a70453a1d0a49f5a2436af81e38ae37.jpg
picture.0a71482f88dd414381a0be53c3bd410f;outfit.80603a3d95e4beb7;0;0a71482f88dd414381a0be53c3bd410f.jpg
picture.0a72404bdaba4508bca3ff9dbe3c75b5;outfit.3fb6cd2d1f454b85937d1540dcf212f0;0;0a72404bdaba4508bca3ff9dbe3c75b5.jpg
picture.0a7349f70bf04d04b42398f572df5963;outfit.aeab8a7eca6601f1;0;0a7349f70bf04d04b42398f572df5963.jpg
picture.0a749569ac5a4fbea3127aa802de8e1d;outfit.4559b1568f5e436a85bf9c65ae525888;0;0a749569ac5a4fbea3127aa802de8e1d.jpg
picture.0a857595c95f486c87fe2711a72ee526;outfit.760624a41d5f48e5a2f749acd6f4568b;0;0a857595c95f486c87fe2711a72ee526.jpg
picture.0a9f902a3a66455fab45844292247faf;outfit.08dbb547a168423fa28b156f63acf8c4;0;0a9f902a3a66455fab45844292247faf.jpg
picture.0aa13bc300674ef4aeb81a5d24eef833;outfit.dbe73a98b209457299a8c8591381e1e8;0;0aa13bc300674ef4aeb81a5d24eef833.jpg
picture.0aa1cb2a39fa482a8ece829848b77fea;outfit.2b4d4715fb6d4d7282a048e2a94cb802;0;0aa1cb2a39fa482a8ece829848b77fea.jpg
picture.0aa476fd9dee4fc28d5fc18ba2b46e3f;outfit.03162ec177a444ba847e97fe64db5ff9;0;0aa476fd9dee4fc28d5fc18ba2b46e3f.jpg
picture.0abbdecba90349c9831506cc1234ee9a;outfit.b80429b20d914612960e3cdbfcc0602c;0;0abbdecba90349c9831506cc1234ee9a.jpg
picture.0ac8ff53708a442d89b8f1b110d6f0a2;outfit.73ca4657bd9c4ce5b0e697f570323479;0;0ac8ff53708a442d89b8f1b110d6f0a2.jpg
picture.0ad7799426a744a2b7bc64dafacfac4c;outfit.be1953ddbefacff3;0;0ad7799426a744a2b7bc64dafacfac4c.jpg
picture.0adde309c50b4e19bca8db2b6cff528c;outfit.6345f9fdf4f340bdb2781ee8fd68deb6;0;0adde309c50b4e19bca8db2b6cff528c.jpg
picture.0af4ad08d9124a80992898fc508b5ba5;outfit.a1c4999e99962415;0;0af4ad08d9124a80992898fc508b5ba5.jpg
picture.0afdfb24f1fd4b6f9ba81fd879b6daf9;outfit.b7e42c6a4cc546d3936a1fc797a1b4ef;0;0afdfb24f1fd4b6f9ba81fd879b6daf9.jpg
picture.0b074bebbf4143ac8651a8af904bcd9e;outfit.880e57b54f5e4f44b0b2e6ced12e8905;0;0b074bebbf4143ac8651a8af904bcd9e.jpg
picture.0b0c069fbef34918a93895a9d1498480;outfit.82395c2a3c6732b6;0;0b0c069fbef34918a93895a9d1498480.jpg
picture.0b0eb82a35a143fdbe26eed67c495d61;outfit.e7180235b62040eb9afeab19f74c5a73;0;0b0eb82a35a143fdbe26eed67c495d61.jpg
picture.0b128533a20941d3b4483ec55b94f3c8;outfit.7ee7542297f944ecb49f4fe5b44728f7;0;0b128533a20941d3b4483ec55b94f3c8.jpg
picture.0b1287c2454b46a1bde47207a7239921;outfit.d071fd1e083f4a08966866c856a0c5e8;0;0b1287c2454b46a1bde47207a7239921.jpg
picture.0b1a9b1a8ccd4ff8bd8e510ae2cd40f1;outfit.0fd1ffa75a364aba8427034859879e25;0;0b1a9b1a8ccd4ff8bd8e510ae2cd40f1.jpg
picture.0b1aadc498f54fe3860c7777d570aa77;outfit.07dcb037d0ed4eea9bf29230e6f2abec;0;0b1aadc498f54fe3860c7777d570aa77.jpg
picture.0b1e5152d27c4b74bd2eb4906d315ebd;outfit.2a06aba4942f46359361633e8c1e9e59;0;0b1e5152d27c4b74bd2eb4906d315ebd.jpg
picture.0b2429df578447d5b61bb4dd407561da;outfit.3ccefaac1825408c82d9980a3ea5964a;0;0b2429df578447d5b61bb4dd407561da.jpg
picture.0b25e276be25474c84a08f7c437f5847;outfit.eb3fd90e14dd49d2844a6dfc41d36f40;0;0b25e276be25474c84a08f7c437f5847.jpg
picture.0b27fa1e8f5c4bfd9d7ad9b565015712;outfit.5c282a76e71b4edd81ab7579454a9de3;0;0b27fa1e8f5c4bfd9d7ad9b565015712.jpg
picture.0b28099b709b4cb6aaf40b990ba2db57;outfit.9ce064a4d8b5b825;0;0b28099b709b4cb6aaf40b990ba2db57.jpg
picture.0b280bb2eb6945b488a8cf42e16affd4;outfit.91d7bcbd88004c9e939fb7877dc4a1f7;0;0b280bb2eb6945b488a8cf42e16affd4.jpg
picture.0b32513ed5a54b19a9a0dee7690ac9df;outfit.14a83a236b9a474c8cac31b4288065bf;0;0b32513ed5a54b19a9a0dee7690ac9df.jpg
picture.0b4bfd0e02a34d2fb8a7135e6bc721bc;outfit.983bcd4ecb43a6f7;0;0b4bfd0e02a34d2fb8a7135e6bc721bc.jpg
picture.0b529c80f2c24149bf4c72473cbae8c3;outfit.a7c0fa89d00d0d5d;0;0b529c80f2c24149bf4c72473cbae8c3.jpg
picture.0b580a57535a48c7b6f69c1a41cc6545;outfit.298b9f94af66454b9f07ebed997e9f9a;0;0b580a57535a48c7b6f69c1a41cc6545.jpg
picture.0b59473186a94624a2b9879dd1525e58;outfit.84258d84646b3955;0;0b59473186a94624a2b9879dd1525e58.jpg
picture.0b64e36a29524ad88244cda3227a890b;outfit.61c6e404ee8847fb9e1d95143f9d590c;0;0b64e36a29524ad88244cda3227a890b.jpg
picture.0b696f3a0397466a99a3aa9f7a91f6fd;outfit.235240be067b4381b6441e39d0023721;0;0b696f3a0397466a99a3aa9f7a91f6fd.jpg
picture.0b6f6e8ea8af4dc0922d5076771e6fa7;outfit.89b7c4936135cfb5;0;0b6f6e8ea8af4dc0922d5076771e6fa7.jpg
picture.0b72324b109c4765a0d01b9fc77926d1;outfit.bbd662557126462f84e4912812fc1be0;0;0b72324b109c4765a0d01b9fc77926d1.jpg
picture.0b7369738c194a60a4fb903c9da5b339;outfit.bdc81580030648a48acd9e91046c3d44;0;0b7369738c194a60a4fb903c9da5b339.jpg
picture.0b8a57b3cdb64e308d2632d274143780;outfit.b2924603fbe14557b4e7175a3bbe4d5e;0;0b8a57b3cdb64e308d2632d274143780.jpg
picture.0b97fee434b141d799c441853cda87b7;outfit.f60a93dd961d4856a6d40e366ef90717;0;0b97fee434b141d799c441853cda87b7.jpg
picture.0b980204e09640cb88c4a5fcb772b17f;outfit.77441845458641bcb87eb64f10b76c12;0;0b980204e09640cb88c4a5fcb772b17f.jpg
picture.0b98aa8dbb9a4fb1ad4e9254520fce18;outfit.c51bd8f0c3464297b89ffa73328c3275;0;0b98aa8dbb9a4fb1ad4e9254520fce18.jpg
picture.0b98d883b41d4db88f4638e439d704f9;outfit.0135459b57244e00a6b7ec6f9240c653;0;0b98d883b41d4db88f4638e439d704f9.jpg
picture.0b9b9862916d486baa197577df677035;outfit.0ac1ac7d05ed43eeb9cb12c66cae3d18;0;0b9b9862916d486baa197577df677035.jpg
picture.0ba067abfcd842e0a29461f8125bbe04;outfit.491310236c1447b58e87a3631f969b02;0;0ba067abfcd842e0a29461f8125bbe04.jpg
picture.0ba81d597519461f8975d8307198c9a9;outfit.155567585a3c417fa6043924c2867d0e;0;0ba81d597519461f8975d8307198c9a9.jpg
picture.0bc99a774993410b8fe05ccee170f4e5;outfit.8bbfae6c08924fb2aafcf709665906a9;0;0bc99a774993410b8fe05ccee170f4e5.jpg
picture.0beea376df7c471bb15d3efc9632b9ed;outfit.b0d4e86a8a76490790dd993b32a5ea8b;0;0beea376df7c471bb15d3efc9632b9ed.jpg
picture.0bffb1f6d2e44ee4b5e64eeb1c7e8e2b;outfit.5241f5b777a147bbb786de5bd171be85;0;0bffb1f6d2e44ee4b5e64eeb1c7e8e2b.jpg
picture.0c20818b2bba4e77a5e92aa29130f8d3;outfit.e5f491fc4e7e44709b03e381648231be;0;0c20818b2bba4e77a5e92aa29130f8d3.jpg
picture.0c334246f71941949bdea7c7532db3ad;outfit.aa1b06f3dfd54e28891be222f496c377;0;0c334246f71941949bdea7c7532db3ad.jpg
picture.0c351335073e48fdb68ade2ea5e3fd2f;outfit.c4c75ed0869147faa31911d6b9919b7a;0;0c351335073e48fdb68ade2ea5e3fd2f.jpg
picture.0c3ea4ac08934f3b9559a32abd6cad7d;outfit.b46fdffcec7c6364;0;0c3ea4ac08934f3b9559a32abd6cad7d.jpg
picture.0c5dfa24e76649b5bb0a2b8dc1ca9939;outfit.4644eb6ccd594982b873ebfa22d1fe61;0;0c5dfa24e76649b5bb0a2b8dc1ca9939.jpg
picture.0c63cee2f8334684bb5e0ca439eba0c0;outfit.5d29c975554e432eacf5e7d49c5342e3;0;0c63cee2f8334684bb5e0ca439eba0c0.jpg
picture.0c71902525c54cc79925ccffc2ce5cc2;outfit.ec471fe2ed734d1fa37ce1b2b0088619;0;0c71902525c54cc79925ccffc2ce5cc2.jpg
picture.0c735b7e68d845d2b4a463369a4278c8;outfit.becc5bd9847a7c10;0;0c735b7e68d845d2b4a463369a4278c8.jpg
picture.0c86056d90f34ff9bd7895a60bf24dc0;outfit.05ea7abce4864a959f73627ba67cdb93;0;0c86056d90f34ff9bd7895a60bf24dc0.jpg
picture.0ca13cdf56144d6e9666787495092910;outfit.0777834f7f1a4762a8c1ba09f2f4881d;0;0ca13cdf56144d6e9666787495092910.jpg
picture.0cae9fd46eaf4fadb7410bb2d88d25df;outfit.9d3b8dd5711d3657;0;0cae9fd46eaf4fadb7410bb2d88d25df.jpg
picture.0caef0df07f54ec0916f7219ad8cc234;outfit.b40a8b62f26f47cea8ece55873794e76;0;0caef0df07f54ec0916f7219ad8cc234.jpg
picture.0cb044e44dce41ca91b4b1ecf82eb765;outfit.f4a2cebc0a544c9abc6305e9bd33b9c6;0;0cb044e44dce41ca91b4b1ecf82eb765.jpg
picture.0cbc0a02a1834f39b450becd1afc1acd;outfit.342ecd6e76d54f2b8e2cf31ece991f48;0;0cbc0a02a1834f39b450becd1afc1acd.jpg
picture.0cd930b8a93a4d11ab1d3fd182ab8fe3;outfit.60dced53fd414aec99d569404f19c4ee;0;0cd930b8a93a4d11ab1d3fd182ab8fe3.jpg
picture.0ce40d1d734c4cc0971b6896dbeb40ef;outfit.25c93e08d9064a1c85d877bf4157a626;0;0ce40d1d734c4cc0971b6896dbeb40ef.jpg
picture.0ce60c3cf0de437c996fb782daa1c470;outfit.1dd897589a5148198aea6c403d613063;0;0ce60c3cf0de437c996fb782daa1c470.jpg
picture.0ce96c75c15e4fc6b9ed0c8aeab0337b;outfit.140ebf984d2f4e80b9e23431c24fe75c;0;0ce96c75c15e4fc6b9ed0c8aeab0337b.jpg
picture.0cfb62f3ef8840a9a6eb7d2d73e124e0;outfit.5be908ebbb1a448e9b2655a0d7a78a2e;0;0cfb62f3ef8840a9a6eb7d2d73e124e0.jpg
picture.0cfc4118c3424e078fdbe762cadef5bf;outfit.690dcda28d044c5f8f134ffcb66cc02b;0;0cfc4118c3424e078fdbe762cadef5bf.jpg
picture.0cfc6193941040b98305c0dcad1cdc34;outfit.6a8a9e4b00374d0e953550820b496573;0;0cfc6193941040b98305c0dcad1cdc34.jpg
picture.0cfe547b0f7f46dea3507aea346910e8;outfit.8e408fb4b2c64525966837c7789f2965;0;0cfe547b0f7f46dea3507aea346910e8.jpg
picture.0d0d078c9aa2470ba2368e7828e0b268;outfit.3984754756394c3e95ade4b2080508c6;0;0d0d078c9aa2470ba2368e7828e0b268.jpg
picture.0d14579576be41b6bc2778be46357cf3;outfit.be42b519d7d245248c41491532ef50b0;0;0d14579576be41b6bc2778be46357cf3.jpg
picture.0d165d08c2674434b9f3d6478d2ca6ce;outfit.bcfda2c04c124f0084c43aa7169c640c;0;0d165d08c2674434b9f3d6478d2ca6ce.jpg
picture.0d18625df7124cd787d865b3e91c155a;outfit.40f5c15e6ca0486293b24bdf66d40393;0;0d18625df7124cd787d865b3e91c155a.jpg
picture.0d2d7cdc55a748c7adbac6e093023aab;outfit.79408facac1b4c5f8dc158b26dc1fffb;0;0d2d7cdc55a748c7adbac6e093023aab.jpg
picture.0d3da3eae8af413ebbfb86be0f0cb969;outfit.d628edcdb5d743e09c72d3482c5df99c;0;0d3da3eae8af413ebbfb86be0f0cb969.jpg
picture.0d4b7bf469c24554af4b866eb687947d;outfit.1da2e77fd6594cb7bf3e7f4dd0e187b3;0;0d4b7bf469c24554af4b866eb687947d.jpg
picture.0d4d328f9aad4bde95ca3dadd2ca7139;outfit.090bd507e982425ab2a610ccdc3942d8;0;0d4d328f9aad4bde95ca3dadd2ca7139.jpg
picture.0d4fe8d98a044e1eb64373ed7eff19ac;outfit.af4113e2a23f4c9ebc3315589f5ea182;0;0d4fe8d98a044e1eb64373ed7eff19ac.jpg
picture.0d555a4b6b68435cbef1103ef8d034f0;outfit.acb94cbb42e1b894;0;0d555a4b6b68435cbef1103ef8d034f0.jpg
picture.0d56f85e57704ffa97ee66e7a09b643b;outfit.b58b4d9011806e34;0;0d56f85e57704ffa97ee66e7a09b643b.jpg
picture.0d575c97257847a199608a1e2a3b47aa;outfit.98296ce41570cae0;0;0d575c97257847a199608a1e2a3b47aa.jpg
picture.0d5b7dd6ecb349b5a95b1baa143ecf39;outfit.d04fbe1240ef405c867fb813b5aa8779;0;0d5b7dd6ecb349b5a95b1baa143ecf39.jpg
picture.0d62746dc6ad41f5ba6e2ee4169fe01b;outfit.9e28084ee8e94a1d8afe4abe643fa8d5;0;0d62746dc6ad41f5ba6e2ee4169fe01b.jpg
picture.0d7a485cabf4424a968bb66b6e7749a1;outfit.a647aca5ce17d71e;0;0d7a485cabf4424a968bb66b6e7749a1.jpg
picture.0d859fed124d49e79cb48dac83f11ef2;outfit.b59ff04becb14446b4785b12e9ddf16f;0;0d859fed124d49e79cb48dac83f11ef2.jpg
picture.0d8626c8e07a4678b618081d3f374a8c;outfit.7f7033499dca4282b0608e106de787c0;0;0d8626c8e07a4678b618081d3f374a8c.jpg
picture.0d88ac6e085744839d99661127527e0f;outfit.d0faaa3486494e7d8ee3298104bc8adb;0;0d88ac6e085744839d99661127527e0f.jpg
picture.0d8cba0a73604f22a99a5993897b3c25;outfit.033340bee3db475eac488884328ec9e1;0;0d8cba0a73604f22a99a5993897b3c25.jpg
picture.0d93a97fc933481d8c0e89a25b03b07e;outfit.af0ed14f93f042fa8c43dc0ff2da97e6;0;0d93a97fc933481d8c0e89a25b03b07e.jpg
picture.0d9416c208ab47769f6939fbaa964a3c;outfit.64524dbb801942fb9b9b0b5853183177;0;0d9416c208ab47769f6939fbaa964a3c.jpg
picture.0d950b802abd4dd98cd739668e54ebec;outfit.142a3686d9ec47afb71932e592f45a92;0;0d950b802abd4dd98cd739668e54ebec.jpg
picture.0d95cf75370b4b3f8ec74c9dbd3b307c;outfit.a44036e74abd5cb1;0;0d95cf75370b4b3f8ec74c9dbd3b307c.jpg
picture.0d982fc0255149009160c8cab69200b3;outfit.31d5bc7c60334b9889e9ed768f05e578;0;0d982fc0255149009160c8cab69200b3.jpg
picture.0da3a08f86ae4164b79aaa508f8698bb;outfit.3f10ec37bde34db685d87cbdb7ad1575;0;0da3a08f86ae4164b79aaa508f8698bb.jpg
picture.0da5d314906d4ae9988adfd9ecae0bb0;outfit.3bf44cf3a9d8493eb057521c2f3e88e2;0;0da5d314906d4ae9988adfd9ecae0bb0.jpg
picture.0da616f238334178977db9132b471d8b;outfit.6626fef47af741b4b78767f044751453;0;0da616f238334178977db9132b471d8b.jpg
picture.0da95db1ed044eb7ad23a522b92fb565;outfit.a3c8e9b42ef07a32;0;0da95db1ed044eb7ad23a522b92fb565.jpg
picture.0db3bb870f924b7f9466220a17538b07;outfit.6e50879668384d469557b1c93bc1d7a6;0;0db3bb870f924b7f9466220a17538b07.jpg
picture.0ddb3d61b2c24cf48e922e1d0143d4d3;outfit.7f0c68b095a14d7fa001117bc2c75827;0;0ddb3d61b2c24cf48e922e1d0143d4d3.jpg
picture.0de1ca96755f40ecb865ed97be291d1d;outfit.5235ff1f43e94601b30e4f25d6abcb39;0;0de1ca96755f40ecb865ed97be291d1d.jpg
picture.0dec4df0e1634c8e8ff7605bd544e45a;outfit.bfad6e38299544e991b1c5f0d92073f6;0;0dec4df0e1634c8e8ff7605bd544e45a.jpg
picture.0dec5f2fc7514776aaf863cd2547a7c5;outfit.97acaefe61dad4d4;0;0dec5f2fc7514776aaf863cd2547a7c5.jpg
picture.0df1260e38334d01b3bb0c6152c92920;outfit.c7a033c410694587805e5ba1ec63c1f6;0;0df1260e38334d01b3bb0c6152c92920.jpg
picture.0df4d580996546a297fa60dc917d9ba0;outfit.c663f1c85a344f039eacb889398b6b91;0;0df4d580996546a297fa60dc917d9ba0.jpg
picture.0df9a5f67fe74d5abbb89ec3ed20b9f9;outfit.ad515b47cf3fb1a2;0;0df9a5f67fe74d5abbb89ec3ed20b9f9.jpg
picture.0e096fed19f6446ebcb6827c9418a4e3;outfit.26cdd2ae3a854c73a9d207dc298e3367;0;0e096fed19f6446ebcb6827c9418a4e3.jpg
picture.0e0f7c856dbd4b20b5d4a0400cac53c5;outfit.a2883b9efb1b4eb889e269c98e09f661;0;0e0f7c856dbd4b20b5d4a0400cac53c5.jpg
picture.0e1f5a63d6dc4c12b7ec1d6dcc376167;outfit.31c45f9a261b4631b76a98158841b8ff;0;0e1f5a63d6dc4c12b7ec1d6dcc376167.jpg
picture.0e2791fb36e64e7a9046e4f01eafeb2b;outfit.b232dfc2ba4bd49f;0;0e2791fb36e64e7a9046e4f01eafeb2b.jpg
picture.0e3156e6abd84f9b841c46fb0b80da62;outfit.76e513e7ba654a648bf90044a81b3926;0;0e3156e6abd84f9b841c46fb0b80da62.jpg
picture.0e36ba3b8a6b4e98b73f8d0438154ab1;outfit.cdcd1bdbc00e4a1cb9b80f7f5bbddd49;0;0e36ba3b8a6b4e98b73f8d0438154ab1.jpg
picture.0e3b5ef4e115422b9d10f50095053179;outfit.ae451567693540fbb1bb66c05d3f8951;0;0e3b5ef4e115422b9d10f50095053179.jpg
picture.0e3dba5c41d34df2adec5c7c924ae92e;outfit.467c000be2f9488a9a84e61bc6a6e3bb;0;0e3dba5c41d34df2adec5c7c924ae92e.jpg
picture.0e4ed03513044205bc67c73fa125bf37;outfit.0aa7e8933ae54c58b47cfe56e2143424;0;0e4ed03513044205bc67c73fa125bf37.jpg
picture.0e5f2c1465f74ee0828b6090c7e086c8;outfit.793b193b39194ef19a052aac02bf6c2b;0;0e5f2c1465f74ee0828b6090c7e086c8.jpg
picture.0e60aa268eeb4917b74675233cb4a94e;outfit.1f495bf827154439abaeefcbd92449bc;0;0e60aa268eeb4917b74675233cb4a94e.jpg
picture.0e648665d4544ed49495956b308aa8cb;outfit.69000b1e14de4f0fa3ab832be40c6f04;0;0e648665d4544ed49495956b308aa8cb.jpg
picture.0e73e2860c78436d820a96c91f06d21a;outfit.2fac9258e5a64ac9a7658f54bd2056a8;0;0e73e2860c78436d820a96c91f06d21a.jpg
picture.0e82ef70045b405e93c11ade10031bd8;outfit.aef36c5a5f6fd4dc;0;0e82ef70045b405e93c11ade10031bd8.jpg
picture.0e8b8a94f0d246bc8941cc835e25c464;outfit.c31bb29beac44217b5a6d572ca147130;0;0e8b8a94f0d246bc8941cc835e25c464.jpg
picture.0e8f47c59bd44e12956ecd34b42a7b20;outfit.d542ee51f6a64600b5f8f1b5889ddf58;0;0e8f47c59bd44e12956ecd34b42a7b20.jpg
picture.0e9998be83c64ac0846ed9c77e235850;outfit.906fccaad75a644c;0;0e9998be83c64ac0846ed9c77e235850.jpg
picture.0e9df12a0c4244d8ad470942d084b1d4;outfit.338c7b24bb1140d7aa47279c9490cfe7;0;0e9df12a0c4244d8ad470942d084b1d4.jpg
picture.0eb2b6dd634c4d73988389b394f8c06d;outfit.d21f3628771b4dcebc478c94a456d999;0;0eb2b6dd634c4d73988389b394f8c06d.jpg
picture.0eb62b57ec1640a7bbe0878ebfd0ed3a;outfit.d9c02686a2094291837d95d09384481b;0;0eb62b57ec1640a7bbe0878ebfd0ed3a.jpg
picture.0ebda6e5650e4b1b94b56d67ebfd81b2;outfit.13e5c6482ae340a696f30c156512408b;0;0ebda6e5650e4b1b94b56d67ebfd81b2.jpg
picture.0ebfcfad46854f7c975c85094d65be86;outfit.7d29eb8d2f0341b2a1c2eeb8c76416f4;0;0ebfcfad46854f7c975c85094d65be86.jpg
picture.0ec5b5f865ec4da8bcf6be7963c95c56;outfit.f89a59931cff4d4b8e63dd23cecd0e2d;0;0ec5b5f865ec4da8bcf6be7963c95c56.jpg
picture.0ec8dfe680c7406892e94f14dfa3000a;outfit.8a6d7780e2644bbfaa7695900a8266dd;0;0ec8dfe680c7406892e94f14dfa3000a.jpg
picture.0ecac301de2043a4a3dd123bf57fe9e6;outfit.f7826f04ea8643d3b68964a5ab27b0a2;0;0ecac301de2043a4a3dd123bf57fe9e6.jpg
picture.0ecdf09a78f545b68eee1af6f531c816;outfit.ccb9ff4f288f418d883547a0c1341f1c;0;0ecdf09a78f545b68eee1af6f531c816.jpg
picture.0ed2bffa6ea34ea89ba1c907e0302f1d;outfit.43d5741ca13a453bb378172945b47fc8;0;0ed2bffa6ea34ea89ba1c907e0302f1d.jpg
picture.0ef416f2d0914c4ea0988915ca2dedf8;outfit.f75f6043c5814e998e72b925ef7a21dd;0;0ef416f2d0914c4ea0988915ca2dedf8.jpg
picture.0ef98931538c4fd3ae248dc9dae4020e;outfit.92db973be0926d3f;0;0ef98931538c4fd3ae248dc9dae4020e.jpg
picture.0eff79d2ac6c4f8ca17b02b2997f17c3;outfit.d5818e8c52bd4bb7ba4f58a76c026939;0;0eff79d2ac6c4f8ca17b02b2997f17c3.jpg
picture.0f094ec7e8b940a5914033c2fa9c6d73;outfit.bdd5835c2df56005;0;0f094ec7e8b940a5914033c2fa9c6d73.jpg
picture.0f0b35023d5c4aba8eedb304636a091d;outfit.16d9e051fdd341a281cf63cac78a51a2;0;0f0b35023d5c4aba8eedb304636a091d.jpg
picture.0f12187a9dfc417082baa1b3058e90da;outfit.9aadfc9a1d195c33;0;0f12187a9dfc417082baa1b3058e90da.jpg
picture.0f167a8c90dc4f89950a19d2b6679ff4;outfit.3eae986d05314414abe4ab66b1f1d94c;0;0f167a8c90dc4f89950a19d2b6679ff4.jpg
picture.0f1b9fdd7b75443cbd10f20bfb9e2d6c;outfit.ef9f1336091444cfb75dc29538ecbec9;0;0f1b9fdd7b75443cbd10f20bfb9e2d6c.jpg
picture.0f1de8a095e944caa0ce76723944470c;outfit.3e2f71bc50a94158b8a7280408951627;0;0f1de8a095e944caa0ce76723944470c.jpg
picture.0f1e9ee1bd9e4cf2ad6ded3563e3a5da;outfit.b664277c6745400cacfd4ea7b2fb4ef9;0;0f1e9ee1bd9e4cf2ad6ded3563e3a5da.jpg
picture.0f2843202a5e47dfa867862edb29a9d6;outfit.a02f335a26704f80a01232079d662ff4;0;0f2843202a5e47dfa867862edb29a9d6.jpg
picture.0f2a1401f6c04bcbae74bcdaec118c21;outfit.32722b47b465460e91c775e73609e78b;0;0f2a1401f6c04bcbae74bcdaec118c21.jpg
picture.0f33709584b04da680d90fd319e4ac7e;outfit.d3970e5f36ce440fb7ad9d7b74cc7f48;0;0f33709584b04da680d90fd319e4ac7e.jpg
picture.0f36b4ed62b1482aa42ed76a15e49e8c;outfit.b22fef4426ce72f9;0;0f36b4ed62b1482aa42ed76a15e49e8c.jpg
picture.0f38594e25b34d8b83512bc3648f79ce;outfit.b28a4882faf73d65;0;0f38594e25b34d8b83512bc3648f79ce.jpg
picture.0f395db6e73144d4a24f56b8c850bb63;outfit.a4ab5eefc7b4446cae48a64e14d95262;0;0f395db6e73144d4a24f56b8c850bb63.jpg
picture.0f3e1f97108e4f17bfaccebc174a0de6;outfit.2463040b4a624400a85cd400d0ae0e7e;0;0f3e1f97108e4f17bfaccebc174a0de6.jpg
picture.0f4197902b364485be38cfdbe8970f4f;outfit.ab5cd68b34421ba3;0;0f4197902b364485be38cfdbe8970f4f.jpg
picture.0f42752034ef41eda34c02e360914193;outfit.9806850e4ad5479dbad69c1c94eb60a9;0;0f42752034ef41eda34c02e360914193.jpg
picture.0f464f3dd6d14e56ae269454985732d6;outfit.302a96af11cd4c54b7cc0215f48103b0;0;0f464f3dd6d14e56ae269454985732d6.jpg
picture.0f46c10f3cb34c2d825d68897b053180;outfit.0a769485844446769b0609c505933bab;0;0f46c10f3cb34c2d825d68897b053180.jpg
picture.0f709d9f3ea948e0af6f446720e43fd8;outfit.9b1b854fc8a535ae;0;0f709d9f3ea948e0af6f446720e43fd8.jpg
picture.0f85cb086fce4592bd5efd9f0e8cc762;outfit.4ee818d5bdbb409397fa9157da2e96b1;0;0f85cb086fce4592bd5efd9f0e8cc762.jpg
picture.0f8993f33a4140e18d113495c008b941;outfit.1939ac235e8f48398419c34020295399;0;0f8993f33a4140e18d113495c008b941.jpg
picture.0f9048cbbb814b6c9f6aad21698f524a;outfit.6ca970d4e98f47e085d82952693a215f;0;0f9048cbbb814b6c9f6aad21698f524a.jpg
picture.0f9c7363990a4d6d8b76cbeaecb3c34a;outfit.76182a281e89442eb859adbeed75c451;0;0f9c7363990a4d6d8b76cbeaecb3c34a.jpg
picture.0fd162d7e6fa4fe58f01f3032eade821;outfit.40b60bd4c9e44c8d9375ef879e7d5f1a;0;0fd162d7e6fa4fe58f01f3032eade821.jpg
picture.0fd4477c4d094c0a8f77596ece6ecff8;outfit.2084ead8ec3c42fa83eb74b5e36d330f;0;0fd4477c4d094c0a8f77596ece6ecff8.jpg
picture.0fdce686677641d2aac500c8b362e630;outfit.a9e47a4cd09329dc;0;0fdce686677641d2aac500c8b362e630.jpg
picture.0fdf2777f59b42b3b2256f338ebbb38f;outfit.41aa40088a25428985b642adaf4e7d84;0;0fdf2777f59b42b3b2256f338ebbb38f.jpg
picture.0fe687fcd926473090d004a36f3fc579;outfit.828280fdcb0431d8;0;0fe687fcd926473090d004a36f3fc579.jpg
picture.0ffbf71227c14e00abe962d7ebae5e26;outfit.11c67729744647cea4955a4e21881e05;0;0ffbf71227c14e00abe962d7ebae5e26.jpg
picture.10136126d3344c6f913cecee09271509;outfit.ed0bda9223004815822e8eaff7b7688f;0;10136126d3344c6f913cecee09271509.jpg
picture.1016e38a34e64f5a8f5a48fe3ace0b65;outfit.b701b51a404a44418a375258167ad442;0;1016e38a34e64f5a8f5a48fe3ace0b65.jpg
picture.10317397d55e47d397277d311084f283;outfit.b6fe67d2c969451f8f1ffc1de395b9d1;0;10317397d55e47d397277d311084f283.jpg
picture.1037615b57ed4fb8a9afdeb0256a21f8;outfit.35e53b748ea043f79cd9a2caca3a995b;0;1037615b57ed4fb8a9afdeb0256a21f8.jpg
picture.103b0492b5a441a598a20785f9f6bda2;outfit.b02888637a450867;0;103b0492b5a441a598a20785f9f6bda2.jpg
picture.103d34bebd0445879e03d627e2b68aa8;outfit.5eaea43d8e34424a95efef2f14b54092;0;103d34bebd0445879e03d627e2b68aa8.jpg
picture.104676a732744e82b92e8b3655cf299d;outfit.bb9941f03f84490bb44a844ee73753ad;0;104676a732744e82b92e8b3655cf299d.jpg
picture.10582f2fd3d747f19897e31ed191ea1d;outfit.914397611c9823ad;0;10582f2fd3d747f19897e31ed191ea1d.jpg
picture.106bcbcfc93f4bd79bbdcfd946f13222;outfit.05a3c99a55404dc8984fde902ccaad18;0;106bcbcfc93f4bd79bbdcfd946f13222.jpg
picture.10704efe588d4835af4882a669c54992;outfit.3230795e6aed435ab96c8fcf5e56fd08;0;10704efe588d4835af4882a669c54992.jpg
picture.107167d703004dc5b3f439fa10793307;outfit.cc5b53a2d9f44413afdd86c5d0dfd1c1;0;107167d703004dc5b3f439fa10793307.jpg
picture.10771bb02a4d42ba8aa35ae4b2a7cd90;outfit.2aec918a8506401aae5b24cc89b53bf0;0;10771bb02a4d42ba8aa35ae4b2a7cd90.jpg
picture.10817ab929554d1aa4fc69a6a640991a;outfit.ee5f9c358ba84da3be552135a8185673;0;10817ab929554d1aa4fc69a6a640991a.jpg
picture.1086495016ee44d5885c35168e06cac3;outfit.8dd600ca3673694c;0;1086495016ee44d5885c35168e06cac3.jpg
picture.108dd2ceeb184fcc987bbb6fadf80a80;outfit.ae9518aba2aff33b;0;108dd2ceeb184fcc987bbb6fadf80a80.jpg
picture.10932461af0b440fa7a418d8c5050fc6;outfit.524627d9e5544cb8ab8c738c64a440c4;0;10932461af0b440fa7a418d8c5050fc6.jpg
picture.1095c1383cf0484583701b89d2214377;outfit.8154323d7dae46d3b98fb5e85b96a41a;0;1095c1383cf0484583701b89d2214377.jpg
picture.109a1ee222834088a796c5eeac50759d;outfit.820179fa25670e17;0;109a1ee222834088a796c5eeac50759d.jpg
picture.109c07f9d83747d192d6e341a7d18e21;outfit.9d682fe8b6fd44d3b71d209a18b2b7e1;0;109c07f9d83747d192d6e341a7d18e21.jpg
picture.10a70bb49b2d498a9a088955bf750631;outfit.60c345cbd0924fe7800ac38922a74cb1;0;10a70bb49b2d498a9a088955bf750631.jpg
picture.10abb21e9b3442d7bc0e2f943a999efb;outfit.257570a5166f43fba7f231ab1e0e2d11;0;10abb21e9b3442d7bc0e2f943a999efb.jpg
picture.10b4f206c0794e509f161514bdbe55c1;outfit.cea86926af844ee3b8855186595be918;0;10b4f206c0794e509f161514bdbe55c1.jpg
picture.10b74326dd0d4b52a0d795bc230ab480;outfit.8163acb883b84e0182dff9eff43290ab;0;10b74326dd0d4b52a0d795bc230ab480.jpg
picture.10dc747b549e488193cac9378ef262d6;outfit.8b14ea3bf7bc40ee;0;10dc747b549e488193cac9378ef262d6.jpg
picture.10de4acda04d4fbfa346889a33b2d527;outfit.b70defa54d04468fa8318bbece5d3933;0;10de4acda04d4fbfa346889a33b2d527.jpg
picture.10e89245a96b41ef8a4a6e83d5fd5f30;outfit.4b4220f875c140e1b2e455317cf84184;0;10e89245a96b41ef8a4a6e83d5fd5f30.jpg
picture.1102f85ebded49b0a212b8302eabde4e;outfit.3cfe6cce6fc744489c7bf129187ea836;0;1102f85ebded49b0a212b8302eabde4e.jpg
picture.1114fbb3b3414b01b0d161815e367206;outfit.44c8e590e1df4f6ab23cf81b9ed39374;0;1114fbb3b3414b01b0d161815e367206.jpg
picture.1119773012054e3d83b7a29c21e054fd;outfit.15f39d4408a449febc2bd0d1afbb0f1f;0;1119773012054e3d83b7a29c21e054fd.jpg
picture.111aa11ebca04f78900bdcc73fbac6fc;outfit.8e330b28328c4558a9523168b34d4d86;0;111aa11ebca04f78900bdcc73fbac6fc.jpg
picture.111c541789154c56be2e5155caf0365d;outfit.944ba4bd2e6441f39a9e45ef42121224;0;111c541789154c56be2e5155caf0365d.jpg
picture.11290711496e484db2b85fbe905e89fd;outfit.f311d710c5e84c58ba695897a2d8afa0;0;11290711496e484db2b85fbe905e89fd.jpg
picture.11411a471b9d4655ad3f1af4c06f6435;outfit.061cf3fb3952410baeb8b3c61cc23415;0;11411a471b9d4655ad3f1af4c06f6435.jpg
picture.114af0642adc4713aca115bb9588cce0;outfit.293b6f34465a4a28abffbfc87ad78849;0;114af0642adc4713aca115bb9588cce0.jpg
picture.114fbca97c644d52b07ea166a17ccee9;outfit.eb4191b3e52b4a949d26b54262bd6c04;0;114fbca97c644d52b07ea166a17ccee9.jpg
picture.11568366c3294e85bb3a77babc0d4ffd;outfit.ad859eefb9c84ef29b7fb8bfb046ba48;0;11568366c3294e85bb3a77babc0d4ffd.jpg
picture.115a4da1140b4940a9f1565d0713531f;outfit.5112f70e9eeb4eeaa914446e421cdfb3;0;115a4da1140b4940a9f1565d0713531f.jpg
picture.116201d25dea4e308407aebf1676ac9f;outfit.24f7bb6f025640bb9f3d5df253dbefb5;0;116201d25dea4e308407aebf1676ac9f.jpg
picture.1162e1e386fb4a049e9b4bdf0b0b8227;outfit.9bd220ce35b14c1b9b9d89dfc2b123c8;0;1162e1e386fb4a049e9b4bdf0b0b8227.jpg
picture.116c0be7cf0c46469983c665c232c4fc;outfit.947023ca62c57b96;0;116c0be7cf0c46469983c665c232c4fc.jpg
picture.11786f95b4444dacb639baf798e37b69;outfit.256b152a25b44f3386d247011bacca56;0;11786f95b4444dacb639baf798e37b69.jpg
picture.118d7f4273634012b434a3009f5a0356;outfit.bc3fd0ccde3142df8d22eaf0508699a6;0;118d7f4273634012b434a3009f5a0356.jpg
picture.1190f2b7644a440098ff18e9b6d7a9d8;outfit.f78250a23a6d4a97ba23c8194eb9c5cb;0;1190f2b7644a440098ff18e9b6d7a9d8.jpg
picture.119a6eebba474364b45c50370a710156;outfit.14b7969c5bef4051848ecc977eef38a2;0;119a6eebba474364b45c50370a710156.jpg
picture.11a54c6025af45dfb51158ec5dbd7fdd;outfit.8632cef7c2524f1ea8f213f5398eb754;0;11a54c6025af45dfb51158ec5dbd7fdd.jpg
picture.11a92437825e407985f3d2b520cd474b;outfit.39ea3a4ef54640bc97a8ebd89ebe5294;0;11a92437825e407985f3d2b520cd474b.jpg
picture.11c04ad279e841eea4f8fc19a8e1f749;outfit.6b1d1739830a4f3cbe5530716d9890a2;0;11c04ad279e841eea4f8fc19a8e1f749.jpg
picture.11e538d55fde451e9aed6e102573667a;outfit.e965f8f929a345ecab825313cd4b3f24;0;11e538d55fde451e9aed6e102573667a.jpg
picture.11ea5c8bbb55405b8decaa6301b1200d;outfit.fe22592cd6a64c32b7c573b5e25f9141;0;11ea5c8bbb55405b8decaa6301b1200d.jpg
picture.11f3aa284bc74817bfc068be30b62521;outfit.0a5a3a2e1ff34f1792e1f2dad95cbc2b;0;11f3aa284bc74817bfc068be30b62521.jpg
picture.12058f47ed584b7e8ebd74b0b01e07b7;outfit.69510e71049843628dabe5ef896f1b04;0;12058f47ed584b7e8ebd74b0b01e07b7.jpg
picture.1206a9575dfa44d9aa8bada2dba87563;outfit.1b9ab78223b843e08e1daeb660783adf;0;1206a9575dfa44d9aa8bada2dba87563.jpg
picture.12087331503f46f8bb1a0bb2ae717b08;outfit.e2811dee68144484a423a3ef017258d3;0;12087331503f46f8bb1a0bb2ae717b08.jpg
picture.120e0508f1e04c1eaeec69af1859ee3d;outfit.945c07b5abe74714bf79b94a7b9a9383;0;120e0508f1e04c1eaeec69af1859ee3d.jpg
picture.121627c9d07c4e33a9f55c18ff9dc41b;outfit.ef5fdc0209e74d39a8a24fcd05cbdce6;0;121627c9d07c4e33a9f55c18ff9dc41b.jpg
picture.12241864584443aab322b0a5d2db515a;outfit.e98a6e485b1941d98e43c0e74cc6885b;0;12241864584443aab322b0a5d2db515a.jpg
picture.12256b626d614ca6a49ded0fb45ff10d;outfit.5603265d26874d16a34565f9929cd60a;0;12256b626d614ca6a49ded0fb45ff10d.jpg
picture.12270df357964bc5abe7f60a615e3f07;outfit.e4da524a49fe4b5ea3eb8983e8dff52a;0;12270df357964bc5abe7f60a615e3f07.jpg
picture.122817a0023f4d53a618af7749b42438;outfit.b04f116bc3224f22a8f17d62934fe2cd;0;122817a0023f4d53a618af7749b42438.jpg
picture.1241928f8c774f1da0d681e85317135a;outfit.ada989bbc2322203;0;1241928f8c774f1da0d681e85317135a.jpg
picture.1252c30fb8e04c0abcaed2d66697757e;outfit.9c24784c042d5fba;0;1252c30fb8e04c0abcaed2d66697757e.jpg
picture.125b29370bae434996cfbc027df0809e;outfit.72a813e5d07b4d99ac1859cc998b415e;0;125b29370bae434996cfbc027df0809e.jpg
picture.125b618c552e402fabbe2ad76dd890a8;outfit.6c68130ccc5b41a79388037d5bd3004f;0;125b618c552e402fabbe2ad76dd890a8.jpg
picture.1277cacfb8364c14935fbe3ba4a89df8;outfit.1cb90c4ef4cd4941913e9ab5a095b0d8;0;1277cacfb8364c14935fbe3ba4a89df8.jpg
picture.127c7934ed8a44b6afbc5f6652029129;outfit.e5f6db0c4d7f4e4cb4d754f1d8ff21f7;0;127c7934ed8a44b6afbc5f6652029129.jpg
picture.128627321710425eab431859768b08f1;outfit.9ed854d660862b8f;0;128627321710425eab431859768b08f1.jpg
picture.1286892db7b947c2b72fa6a6972ef234;outfit.98c77b103c834bec95a332ea8b683db1;0;1286892db7b947c2b72fa6a6972ef234.jpg
picture.128e4e0ae62b4258ac7a885c1542f278;outfit.f4b3b0445dbd4466b2f5cc17cb14ae2f;0;128e4e0ae62b4258ac7a885c1542f278.jpg
picture.12a701dc4e2d4232ab087073270d0ae8;outfit.4e6dbf069e764052b71b95934301f615;0;12a701dc4e2d4232ab087073270d0ae8.jpg
picture.12dbcca8a7d64e8f878cc47c7a16924c;outfit.c7b2894a9f3c4c568f982ca6c89ea6d8;0;12dbcca8a7d64e8f878cc47c7a16924c.jpg
picture.12fd844814994218ac7bbf5725a55334;outfit.8caf3408b63342d889fe6f8afb90fe0a;0;12fd844814994218ac7bbf5725a55334.jpg
picture.131082df15444617a7ed3b960827b15c;outfit.b768912b0eaf45f19918f8ef07d1bd1b;0;131082df15444617a7ed3b960827b15c.jpg
picture.131818b2d0324d4484e6ef04f49710e5;outfit.a452d1cacc3645b79755282595a5887d;0;131818b2d0324d4484e6ef04f49710e5.jpg
picture.131bbeeb83004d2bb948ca98ee5ccb0c;outfit.a38554cc5999458397c5f190f0f3c38d;0;131bbeeb83004d2bb948ca98ee5ccb0c.jpg
picture.131c957ca12845059f55a5cddf1b25e4;outfit.f3c849f608834dc0ba962f2a2aa39c9e;0;131c957ca12845059f55a5cddf1b25e4.jpg
picture.13433a9bbb29475d930610f6a0c3dd40;outfit.a5f369e8f0504905bd14d3a58f8dc8cb;0;13433a9bbb29475d930610f6a0c3dd40.jpg
picture.134fe76e6ce64dafb5632b8357953030;outfit.c93e99cc15dc4420994f40954bf9d8a8;0;134fe76e6ce64dafb5632b8357953030.jpg
picture.13572e2e791f4e2a9c7ae12ebd88af1a;outfit.53a31f7360074b1cb7eb8b9c6367986d;0;13572e2e791f4e2a9c7ae12ebd88af1a.jpg
picture.135d455f90484879b989a516ff2a2040;outfit.a95a05ea858446c38ffd5535ab65a392;0;135d455f90484879b989a516ff2a2040.jpg
picture.1367d1514bb8405195a99b89fa920800;outfit.9f16b609a91c48e3;0;1367d1514bb8405195a99b89fa920800.jpg
picture.1375eef56380494f82829f65232dc13c;outfit.94466aa2cd2e46019ad5a362477e5a66;0;1375eef56380494f82829f65232dc13c.jpg
picture.1384273de1fa4a86ab5032ecaaeb4815;outfit.ca45a9e1634c4664a5f9688d3eaf261e;0;1384273de1fa4a86ab5032ecaaeb4815.jpg
picture.13885be4ccea4fac9c0664cb84e28c29;outfit.7d257832e2ef4cf7b78976d119a251e7;0;13885be4ccea4fac9c0664cb84e28c29.jpg
picture.138a21e8ad56430189061bf19f752162;outfit.a759980bd9c72584;0;138a21e8ad56430189061bf19f752162.jpg
picture.138d699277bf48ab952f3c3099f6cbee;outfit.dad7a49a6dd54b0797b841af3ffaad7f;0;138d699277bf48ab952f3c3099f6cbee.jpg
picture.139ebf5f8cb946ffb0aa53dbe600b030;outfit.1f534d95ccf6415a8af3b5799dd959e7;0;139ebf5f8cb946ffb0aa53dbe600b030.jpg
picture.13a077e4ec8b41568e269031ccac8833;outfit.67d14062b639450faef4ae16726d3a50;0;13a077e4ec8b41568e269031ccac8833.jpg
picture.13a0e4771c4b432c8b02c95b939c0669;outfit.4431d4e34e6a4c0fba43aa50395893f7;0;13a0e4771c4b432c8b02c95b939c0669.jpg
picture.13b6a991ab114b1d9caa63af2f493c49;outfit.181629c720b548f4a77a22851f1fbbce;0;13b6a991ab114b1d9caa63af2f493c49.jpg
picture.13b9cfdc0c61486d92d8355e89a25555;outfit.2327c16896b343989de61510ab6f3c40;0;13b9cfdc0c61486d92d8355e89a25555.jpg
picture.13bb4f72856d4bc1a8437f15c8fdfa1b;outfit.0f8c445a9a334c6984277bd96513a37f;0;13bb4f72856d4bc1a8437f15c8fdfa1b.jpg
picture.13c19b641177463a8e10725e079b4512;outfit.457190ce39254dbe8508daf06eca2570;0;13c19b641177463a8e10725e079b4512.jpg
picture.13ce3177a6e84ea6b78b7f53fb864d20;outfit.e042570478134b1bb5b4be84c6a87e97;0;13ce3177a6e84ea6b78b7f53fb864d20.jpg
picture.13dda34badb94cb8a440a602eff79939;outfit.b9bbc6e2b165450c9d23bd2236684cd3;0;13dda34badb94cb8a440a602eff79939.jpg
picture.13e5d9b3f9984612933ff38fc7e7d6fc;outfit.9fde090f117fb9d9;0;13e5d9b3f9984612933ff38fc7e7d6fc.jpg
picture.13ebf75ee54f4d5899a4b02904f6eac0;outfit.7b3050921c08481b93e761760834c5f7;0;13ebf75ee54f4d5899a4b02904f6eac0.jpg
picture.13ff1ac1ca724256a361b28de231bf22;outfit.f2eb7517a30f4a00843b499d81bab69c;0;13ff1ac1ca724256a361b28de231bf22.jpg
picture.140014c182844f10b34468a55b579531;outfit.aa76777d3b9d4073a342e2093e4ea1e2;0;140014c182844f10b34468a55b579531.jpg
picture.1400b575fdf14fd1910c57bc6e03b109;outfit.226376c162234c77ac8d2df07b262caa;0;1400b575fdf14fd1910c57bc6e03b109.jpg
picture.14052b5861e64ea48fde2d14359da4a4;outfit.64096b7f0ef1430d9871e92fc198f693;0;14052b5861e64ea48fde2d14359da4a4.jpg
picture.1409d44c30ab4ff8849f8d21147a9496;outfit.6e5ff70fac6443cfa4cb2de5077ed77d;0;1409d44c30ab4ff8849f8d21147a9496.jpg
picture.1410ebd37f974ca082d710e770dab6c4;outfit.41d1dc80e9a746f88f9942cc1723645e;0;1410ebd37f974ca082d710e770dab6c4.jpg
picture.1413b3c6d94640f3a3fb8a5b0407f27a;outfit.3f93a64eb5c5449096f841fe5fdc2b8a;0;1413b3c6d94640f3a3fb8a5b0407f27a.jpg
picture.1414f4bc2cac4838a7e74db711dd26a4;outfit.29d4c138b56e4579898dbb7f47f6cafc;0;1414f4bc2cac4838a7e74db711dd26a4.jpg
picture.142de0935a1f4595b987b9c6d7c63b82;outfit.ab1e952330087c99;0;142de0935a1f4595b987b9c6d7c63b82.jpg
picture.143111772ce2482680a10ea3fb39d4dc;outfit.841aea73b3d4485eaf08932aa82d8c2a;0;143111772ce2482680a10ea3fb39d4dc.jpg
picture.143202aae8d241c686365c9cddc0c497;outfit.f4a5306ea45d4ab9b40340f016bab653;0;143202aae8d241c686365c9cddc0c497.jpg
picture.1450a97f5d7945f48bfdfe3cfb762e74;outfit.8da5362b4130a623;0;1450a97f5d7945f48bfdfe3cfb762e74.jpg
picture.1459da1f6cb2432e8228c0f6f6de7891;outfit.578a20ace62b4299a88b0ce610123797;0;1459da1f6cb2432e8228c0f6f6de7891.jpg
picture.145dc8fced614e91af01f4d126bdbb04;outfit.9edf55f5369fd779;0;145dc8fced614e91af01f4d126bdbb04.jpg
picture.145e571e15424767b8cb7143e1bbc011;outfit.662df044b9174634a35cc35c39bd1d16;0;145e571e15424767b8cb7143e1bbc011.jpg
picture.145f2b5ba1a6489ea6fa2e187148ffcd;outfit.0dcd9f8fa95a4d81a7bb43df05668e4d;0;145f2b5ba1a6489ea6fa2e187148ffcd.jpg
picture.14722f082fdd4b56b9b17d0ae1999197;outfit.3f4efea108664d0fbdd0ebe5d724e275;0;14722f082fdd4b56b9b17d0ae1999197.jpg
picture.1477bcc613774cb5af02e554ffc52740;outfit.1ba9e80c87c84ac98d59fd5fbecf6f32;0;1477bcc613774cb5af02e554ffc52740.jpg
picture.147a9b85fd3146f2999b0bc6ec8d91d6;outfit.dea118f1de544188ad16cda6259ba122;0;147a9b85fd3146f2999b0bc6ec8d91d6.jpg
picture.147d9e17736d481abd43ca9e908b377f;outfit.77198ec009ad4cc98e710f5bcd1a6ab2;0;147d9e17736d481abd43ca9e908b377f.jpg
picture.147e7fcab4c14d5c9a4cd39c4e545fe2;outfit.501f59ab11f94aa1a28a566911f8a8be;0;147e7fcab4c14d5c9a4cd39c4e545fe2.jpg
picture.1480ee5bfa80441290b8e914ebd094b9;outfit.148d0c63aeb74b1dad9e35521cd12c03;0;1480ee5bfa80441290b8e914ebd094b9.jpg
picture.1485a06ac9a442f4be7d0fe0f155ff79;outfit.2ab1a79e73cd419fb4479cea44e12c84;0;1485a06ac9a442f4be7d0fe0f155ff79.jpg
picture.1486bf027f964fbf90e4932e342eb41f;outfit.a7e848f47d2643d988bbaf47dae4a136;0;1486bf027f964fbf90e4932e342eb41f.jpg
picture.148b6d1efcac4467854c46de4c6c196a;outfit.15cfb487c7524654901872cba89af2bc;0;148b6d1efcac4467854c46de4c6c196a.jpg
picture.149a30418ac6442597aba46ca63c7821;outfit.8453b72506b144b2;0;149a30418ac6442597aba46ca63c7821.jpg
picture.14a92209cf09437b9f0b3a4665617fd4;outfit.2a307327642c41fda6f4f1b9d8a8080a;0;14a92209cf09437b9f0b3a4665617fd4.jpg
picture.14b1004ef38047cf978abd4386c140a8;outfit.9d15759d591e8fe7;0;14b1004ef38047cf978abd4386c140a8.jpg
picture.14b8aa26aa804b47870fc4fbf0b8e3ce;outfit.91605620213544c0b998da7831a483be;0;14b8aa26aa804b47870fc4fbf0b8e3ce.jpg
picture.14bc4c66d7154956b632b9b26beb51b3;outfit.5510ad19307f4fa88c6212271f573aa2;0;14bc4c66d7154956b632b9b26beb51b3.jpg
picture.14c4f12a35a34af995948dcfe8822942;outfit.0dba9d16e2e54e58ad650f0ecc2b3ea5;0;14c4f12a35a34af995948dcfe8822942.jpg
picture.14cd6815a35a47ae84388151642efe30;outfit.5d5efe27d81245a6a504c6e66638bc14;0;14cd6815a35a47ae84388151642efe30.jpg
picture.14d2be38e4634580adb876b319629584;outfit.97d97dbf860e43f8b123511d01711aaa;0;14d2be38e4634580adb876b319629584.jpg
picture.14d476146d0b4b47a64d6dfa3e7fc6d6;outfit.8273c17c394043b8affdf5c04ee019ed;0;14d476146d0b4b47a64d6dfa3e7fc6d6.jpg
picture.14d744b63ed6406b8a0ca5407200ded8;outfit.1185a02614b947abbd217a5ba0b05a67;0;14d744b63ed6406b8a0ca5407200ded8.jpg
picture.14dcd1617c884b07b02487423a68dcdf;outfit.bd37bc0ed1857fb5;0;14dcd1617c884b07b02487423a68dcdf.jpg
picture.14e0c4d5ecc841098a4f9e2d71afd8c8;outfit.ea9e6f475b914f0c9a49f0fbcfffc447;0;14e0c4d5ecc841098a4f9e2d71afd8c8.jpg
picture.14ed6f7f0a9e44f2b7a5b87623daad10;outfit.85a2fe3ce0c532c8;0;14ed6f7f0a9e44f2b7a5b87623daad10.jpg
picture.14f0d406f2064da5b2c5e2234ae9dbfe;outfit.41e3a8155d734aa8a3c114e1dfbefe1b;0;14f0d406f2064da5b2c5e2234ae9dbfe.jpg
picture.14f0fc38a7574c7fab9e6480f36c3ac3;outfit.c08f7356b17643258f50b4cc3eb25fa6;0;14f0fc38a7574c7fab9e6480f36c3ac3.jpg
picture.14f31927f2d24c678a25e9e1ccb41be9;outfit.ef37915fe2f546378750595366833b79;0;14f31927f2d24c678a25e9e1ccb41be9.jpg
picture.14f53bb0a0f443f3bf7c9b01a7845053;outfit.b8cb9d24af1f4c8f8845df6be4020db8;0;14f53bb0a0f443f3bf7c9b01a7845053.jpg
picture.14f8622c5aeb4230b8b1b599896386c1;outfit.5a7e3301a60341d0957331a181335cff;0;14f8622c5aeb4230b8b1b599896386c1.jpg
picture.150bf2e44aa8484f8b29546531e6f7dd;outfit.53a0c9e1c47d442dbdcfb14c54769e08;0;150bf2e44aa8484f8b29546531e6f7dd.jpg
picture.1515c02ee0e64458aeb8c07b6c0f113f;outfit.c8c5d18e8365419eba926afed7344dd7;0;1515c02ee0e64458aeb8c07b6c0f113f.jpg
picture.15164ff3b4424d849972d85f815737f2;outfit.e3bf7fedde71456db683e017a65e9814;0;15164ff3b4424d849972d85f815737f2.jpg
picture.1518a29ce49544c6822abee7ce28f6e3;outfit.769849cd28044a7188d9fce349c06156;0;1518a29ce49544c6822abee7ce28f6e3.jpg
picture.152d2fe65f2b4b63a8a971fd5d565a9b;outfit.32a5ab2a3ec44d419b9be89ae37e0877;0;152d2fe65f2b4b63a8a971fd5d565a9b.jpg
picture.1538ed17b5714a879ac469ac7ad073e8;outfit.d77ef34608454debb3c7b18a03877004;0;1538ed17b5714a879ac469ac7ad073e8.jpg
picture.15445f7711534f2495b8f028c497a8be;outfit.61a93a8506024e779db658f842e26625;0;15445f7711534f2495b8f028c497a8be.jpg
picture.154c1e21bbf547dca54b8801143c613d;outfit.64a0e45c83dc4304becbf6218ac02fb8;0;154c1e21bbf547dca54b8801143c613d.jpg
picture.155cec993eb14f9390eb9628aaba8058;outfit.5a0e04a9018a4904990fc85f1c8cd1ce;0;155cec993eb14f9390eb9628aaba8058.jpg
picture.15646d7c0a944fd5acb258c32b83e19d;outfit.09f131a3a13141da9b70638289d27de3;0;15646d7c0a944fd5acb258c32b83e19d.jpg
picture.15650c6f4e8f4bb0a8b9019e7011b442;outfit.890012ec91261ee6;0;15650c6f4e8f4bb0a8b9019e7011b442.jpg
picture.1566b51acc6240b8ab674ee16aafc282;outfit.bc45deb17b3a3e75;0;1566b51acc6240b8ab674ee16aafc282.jpg
picture.156aa0f96f4f488cb16258c3e4705299;outfit.391478ac84d249b49a87a9d829590887;0;156aa0f96f4f488cb16258c3e4705299.jpg
picture.158904d7b47845a3a13c53fbaf5275d2;outfit.f1ec68c001974b238355b08a582e1b89;0;158904d7b47845a3a13c53fbaf5275d2.jpg
picture.159729c7fa95413eb3e7dc6faf34a5de;outfit.c52b1b61074f48729901d6f3360fbdab;0;159729c7fa95413eb3e7dc6faf34a5de.jpg
picture.15abb58809c046ddab33d25004601aea;outfit.6ef37d8d2ee744229ed6350d8a94f308;0;15abb58809c046ddab33d25004601aea.jpg
picture.15ba974058d74dae83e96496481b75e2;outfit.e5c71f9ecf564fb39b2815a07e3c7fd6;0;15ba974058d74dae83e96496481b75e2.jpg
picture.15bbdf361ef64e62aebe065994ff8ad8;outfit.b2e035a8cce61dcb;0;15bbdf361ef64e62aebe065994ff8ad8.jpg
picture.15ccfa9063e449c4a7261c3746f69775;outfit.37391d71588c40bd82003f14276d6f92;0;15ccfa9063e449c4a7261c3746f69775.jpg
picture.15d44000fbb947d5914dc30e27c99195;outfit.c1647a6e778d4245931b540ef1505b1f;0;15d44000fbb947d5914dc30e27c99195.jpg
picture.15da77caf8994d9fae4f6d2a4f7869e9;outfit.990ee8715a4320f0;0;15da77caf8994d9fae4f6d2a4f7869e9.jpg
picture.15df9549195b458cb0440c64f96ae780;outfit.545462e5cd734b21abc149863a03464a;0;15df9549195b458cb0440c64f96ae780.jpg
picture.15e2959b022e42e0aa847760a92805c0;outfit.0512cb21a4bc4326971af84ccc563495;0;15e2959b022e42e0aa847760a92805c0.jpg
picture.15f0e6d8aa734252970670c1e0ee269f;outfit.6db79c15132b4860a7e3a34cbf5c44c2;0;15f0e6d8aa734252970670c1e0ee269f.jpg
picture.15fc2b52a3c8480ea342f46af39fd819;outfit.d6f14b350b434b8e90cc530c68c4b2c6;0;15fc2b52a3c8480ea342f46af39fd819.jpg
picture.15ffe94df95a4f96bb220c4f5e121209;outfit.dc245aeac99d4052a26a3e0eb509d9ce;0;15ffe94df95a4f96bb220c4f5e121209.jpg
picture.16082cf3ce9541058e4d68617e23224c;outfit.897c161625314c1a993188bc0a5ca063;0;16082cf3ce9541058e4d68617e23224c.jpg
picture.16099b01d1ad4273b8357774eab8077f;outfit.d7f1bc7197b6469db1b9c4faf4071cb7;0;16099b01d1ad4273b8357774eab8077f.jpg
picture.161e32b1f22c49208a9f2e158df09ad2;outfit.ad848f726cd93e66;0;161e32b1f22c49208a9f2e158df09ad2.jpg
picture.162304eb37b241f88e85edcf7318a559;outfit.24d73455126347c3b71e4b1ebb1ed3fe;0;162304eb37b241f88e85edcf7318a559.jpg
picture.1626bbce72cf4be6b1ccd4b464520d46;outfit.ae7389834f0c49c49b2ef43ff9cc1be9;0;1626bbce72cf4be6b1ccd4b464520d46.jpg
picture.162ea91ac9794c37829ae246e7b1da58;outfit.3aba9737d2f445478a8ce23b2fc22da8;0;162ea91ac9794c37829ae246e7b1da58.jpg
picture.162f42e01ed24c05af51b23bac964a2e;outfit.8238ed2091e347149ddd6114aeeb2655;0;162f42e01ed24c05af51b23bac964a2e.jpg
picture.163e1162ba804230b965235c0183f996;outfit.a392c1d7863044a69bb57db560056b76;0;163e1162ba804230b965235c0183f996.jpg
picture.1644e0f1f79e4e13b9a1e79502719551;outfit.3f65ab1185ed4b06a4feab44d8fdc748;0;1644e0f1f79e4e13b9a1e79502719551.jpg
picture.164e8741bba5427eade7018c5a0e49e9;outfit.db6e87de63f347a0af3ecbf3b7463a55;0;164e8741bba5427eade7018c5a0e49e9.jpg
picture.165a3aa51ca248a198d873076018936f;outfit.ee40e812ed554b87a45637339c72cbd6;0;165a3aa51ca248a198d873076018936f.jpg
picture.167058a989f54ae1a592f30ea9881b01;outfit.e837786453834dce89358fa547d891c2;0;167058a989f54ae1a592f30ea9881b01.jpg
picture.167a026711c5495da5a05906ba0c8336;outfit.40d4710206044ca5924846d3ebd83d04;0;167a026711c5495da5a05906ba0c8336.jpg
picture.1689f7b79ecd474c9c996cb3e1cd2fa4;outfit.cf8979c845a44aa79fb194f54383b150;0;1689f7b79ecd474c9c996cb3e1cd2fa4.jpg
picture.169b2155811442a6920d49d0c0b45a67;outfit.98fa1b5287182a9d;0;169b2155811442a6920d49d0c0b45a67.jpg
picture.16a127e3be864f41bfe8cc27a220fd70;outfit.453a4c074a164ad0bbef87ee09a09616;0;16a127e3be864f41bfe8cc27a220fd70.jpg
picture.16a191fc7f5046079b48b1d61c1cbf34;outfit.4f70cab1b988484a9af2f69e488e30ce;0;16a191fc7f5046079b48b1d61c1cbf34.jpg
picture.16b37eda70644d41a17134984f93b780;outfit.8399e72f71c74d9683a7416571e032fc;0;16b37eda70644d41a17134984f93b780.jpg
picture.16d339c450c44501a7537a883abc754b;outfit.81e7d3487b0e4c3b80aa064790d9992a;0;16d339c450c44501a7537a883abc754b.jpg
picture.16d7049a5ba34f8fb3c87583d2fdad95;outfit.2eb01f9b5c004ab18987fa709ca7d9cb;0;16d7049a5ba34f8fb3c87583d2fdad95.jpg
picture.16d85d673aad47f3acd033e1292b9787;outfit.9a276668aa20ef1b;0;16d85d673aad47f3acd033e1292b9787.jpg
picture.16da1b6c4689420784ab575140d3b8c8;outfit.dd04098010f74a67ac9bf82eeb4b976c;0;16da1b6c4689420784ab575140d3b8c8.jpg
picture.16db9de6fa0a4c3c978d1d708072e67f;outfit.5d300bde08e848898bfb5e15c1269b43;0;16db9de6fa0a4c3c978d1d708072e67f.jpg
picture.16f3141f39d64318a9452e8963d1b12e;outfit.9b7577b41e374c5d8debce0abc0466de;0;16f3141f39d64318a9452e8963d1b12e.jpg
picture.1701c55e9f9447d983796201da6071a9;outfit.bb0b2a2f58aa9f0b;0;1701c55e9f9447d983796201da6071a9.jpg
picture.17082ba3591b47948b239de9b7d78d35;outfit.a867d0ea463b4d6dbd0f750bc1962f49;0;17082ba3591b47948b239de9b7d78d35.jpg
picture.170b6ca4ff0847ceae0329ab52279c7e;outfit.991252f75331465a9228cea0ae0bb890;0;170b6ca4ff0847ceae0329ab52279c7e.jpg
picture.1718b195c70d4cec946701cb570c0351;outfit.048fe7f87ee34a4095f2141bd51e3b80;0;1718b195c70d4cec946701cb570c0351.jpg
picture.172727c1bf8745dcbeab3271830600e6;outfit.db025960e5494378bd81a48377b0a1bc;0;172727c1bf8745dcbeab3271830600e6.jpg
picture.173e989fe7114e79aaf29d71db78c0c1;outfit.e3c17b42a98943bb878e77b93485e940;0;173e989fe7114e79aaf29d71db78c0c1.jpg
picture.174e9bf443e24696a5a88794aa207c9f;outfit.e2c4d90753314eddbdf3a836e28a0209;0;174e9bf443e24696a5a88794aa207c9f.jpg
picture.1752507e8b6d45528b1c3b9facd223f8;outfit.03929cbe49e34b99bdd077380cc8d731;0;1752507e8b6d45528b1c3b9facd223f8.jpg
picture.175290e80cfc499eaa91e88ed2e6580e;outfit.83126fbdb1962feb;0;175290e80cfc499eaa91e88ed2e6580e.jpg
picture.176bb458cf9d4f7f94f71bdb52d102c2;outfit.b49e6f1cc73f48f9a6329311214ee57f;0;176bb458cf9d4f7f94f71bdb52d102c2.jpg
picture.176ddba4cc234fe6983e9134fdf55baf;outfit.c22e4fbbfc23437a9f32d1ae2455223f;0;176ddba4cc234fe6983e9134fdf55baf.jpg
picture.1773678117f34328b4f9205aafa66eb1;outfit.9827e0aa5b554cd4a6c02abfd990d3fd;0;1773678117f34328b4f9205aafa66eb1.jpg
picture.177ddb4540494bf5af7d345f0a2d41b9;outfit.acec36887b892738;0;177ddb4540494bf5af7d345f0a2d41b9.jpg
picture.1780b1893db847b18bfd02ff2933d3f4;outfit.a73edcbba7424dd8aa3643bf4b7587ba;0;1780b1893db847b18bfd02ff2933d3f4.jpg
picture.1792858d282c402f9f19e9fc668901e4;outfit.1233866861b14f0bb1e9116e90d9a492;0;1792858d282c402f9f19e9fc668901e4.jpg
picture.179fc60825e3439eaf40eb6b129814ae;outfit.113c7b9e83d0435894562f0b5ef41fc9;0;179fc60825e3439eaf40eb6b129814ae.jpg
picture.17a82cb7439647fd8338e20f18c6f201;outfit.599900d12a21423ca2bb8830f498a4bd;0;17a82cb7439647fd8338e20f18c6f201.jpg
picture.17b1164cb3634c65819ecf78edf54e5e;outfit.819bf34ba04d4748b9232e1df3bf9c8e;0;17b1164cb3634c65819ecf78edf54e5e.jpg
picture.17ca59db0db54f5583856a3b3c5c4f62;outfit.1704515347d34164b1de0aa1300d063a;0;17ca59db0db54f5583856a3b3c5c4f62.jpg
picture.17e5be07116e4488bdbe3aa427fd0e8a;outfit.1ad84bc953124a988db708611153a286;0;17e5be07116e4488bdbe3aa427fd0e8a.jpg
picture.17e817dab5404537af403d528ab8b048;outfit.b26fbbc9102f42adb861b732c927826c;0;17e817dab5404537af403d528ab8b048.jpg
picture.17f0949dff404cf6863f36a4bc8cf954;outfit.8db4b3541b97c627;0;17f0949dff404cf6863f36a4bc8cf954.jpg
picture.17f386810db143149e53cd40885708a1;outfit.5a7e4814596a482f8350a95702a5b83f;0;17f386810db143149e53cd40885708a1.jpg
picture.17f8c95932194bce9eafd8cdc0213648;outfit.9186c9c2c5c44937968d8683b56c26ba;0;17f8c95932194bce9eafd8cdc0213648.jpg
picture.17fb97117f7e448c9bc3fc6b8f086f42;outfit.8e683c0cb1da5481;0;17fb97117f7e448c9bc3fc6b8f086f42.jpg
picture.1804e5ead0b742beab20dd23b7f1ffc5;outfit.72b64826af9f427e9b51b108ff3d5ba2;0;1804e5ead0b742beab20dd23b7f1ffc5.jpg
picture.1813f8fb49bb4c4782753c3273807d53;outfit.f8be16c68a624ee7bf9a5120adb0cbcc;0;1813f8fb49bb4c4782753c3273807d53.jpg
picture.181696396200410186fe1ea7f3004454;outfit.5b9e33fd71784ae7bbdac93ef7e8dbf4;0;181696396200410186fe1ea7f3004454.jpg
picture.181994de98064079b877721bcaa40402;outfit.654e48473404490fbb74d6a48db9ce9b;0;181994de98064079b877721bcaa40402.jpg
picture.181e785baecf42b0a5cadba2d19b158f;outfit.b9f26b79b0eb436fba1e05ca80196e47;0;181e785baecf42b0a5cadba2d19b158f.jpg
picture.183e82f4d15d4c82873c28cb88e6aee1;outfit.ea4cdef4b083408eb9410d077f9c929b;0;183e82f4d15d4c82873c28cb88e6aee1.jpg
picture.184007bebab446c5bfe49e072f5c1eeb;outfit.a33786c65b0f40f78b8c15ac4748d862;0;184007bebab446c5bfe49e072f5c1eeb.jpg
picture.18409221313b4f9097df40e1499feb30;outfit.171c86f3627845c08df08a82deb2241f;0;18409221313b4f9097df40e1499feb30.jpg
picture.184c83c52a0c4a6086cca17a1daf5626;outfit.b6a27dfa0198a9bb;0;184c83c52a0c4a6086cca17a1daf5626.jpg
picture.1854c475fbfa402f9867c970a71f4656;outfit.fec66293d37940b79dde2c1acd761fe3;0;1854c475fbfa402f9867c970a71f4656.jpg
picture.185e2310c3ad479aa06093261fbad8cf;outfit.d19ff6b2b8cd4521b1419e4e80cf3ac6;0;185e2310c3ad479aa06093261fbad8cf.jpg
picture.1866a567763943a59b2dd79b0690e85b;outfit.c09187a8a8334f118324a6c4de5f7a91;0;1866a567763943a59b2dd79b0690e85b.jpg
picture.18672690e7fa40d1bf962e4fdfb00fb3;outfit.853a99845bbe4b4884e0a6a1c289bd05;0;18672690e7fa40d1bf962e4fdfb00fb3.jpg
picture.18699659e6ce400e9d1bcb5f205deb5f;outfit.594f2f8f9a604c168f60b00506f0cfb6;0;18699659e6ce400e9d1bcb5f205deb5f.jpg
picture.18755dcd40884f67883cde92f6dfb319;outfit.f13af5d893714a7abcbca1ca15163fe9;0;18755dcd40884f67883cde92f6dfb319.jpg
picture.1876ba84ca484610bc092be3c56db807;outfit.804540f3384690cf;0;1876ba84ca484610bc092be3c56db807.jpg
picture.187d82c001874dfb90ad27198fae1af0;outfit.e9319dccf9234668a6951834dcaff863;0;187d82c001874dfb90ad27198fae1af0.jpg
picture.188066f626e74992821c21399775cf6f;outfit.df81c6ba86ef4c3c8fd2976934eb4078;0;188066f626e74992821c21399775cf6f.jpg
picture.1888189ef545410ebfaa713a14dc1a7b;outfit.bf5d4348f69b718f;0;1888189ef545410ebfaa713a14dc1a7b.jpg
picture.1896be3ac37e416f8fd2ac2cf9c8593c;outfit.910cdf81826055f7;0;1896be3ac37e416f8fd2ac2cf9c8593c.jpg
picture.189c73a6e1894d6c9a9c8fe8b2534425;outfit.0e6a4c4635124340b770ca2265f84377;0;189c73a6e1894d6c9a9c8fe8b2534425.jpg
picture.18a9ac81dea146618e443b73a7db1885;outfit.30e588a3fe8b4d879b3c647fde936843;0;18a9ac81dea146618e443b73a7db1885.jpg
picture.18ab553c7b674984ae7551e9ffe35ee8;outfit.268878c3e3e24d98bbc6e9770e2eb44c;0;18ab553c7b674984ae7551e9ffe35ee8.jpg
picture.18abbba2fa3a4487a64d557007a01960;outfit.24a7d36225b342cf82d965567b6052ca;0;18abbba2fa3a4487a64d557007a01960.jpg
picture.18abc0588194406aab2de250ccfb14ef;outfit.1023091eb7324562a4153373934bcb64;0;18abc0588194406aab2de250ccfb14ef.jpg
picture.18ccf56f4b6d46f6be58fb056099d95f;outfit.173163a917534a9c8dd357e7203e228f;0;18ccf56f4b6d46f6be58fb056099d95f.jpg
picture.18d180ce86324342a227d3257956f918;outfit.b6dfe60b7a8c421f9de22342860f17bc;0;18d180ce86324342a227d3257956f918.jpg
picture.18e141cd09f64eeaa947a6ebe5769fe2;outfit.648704eeb8f143c2ac81079d01853223;0;18e141cd09f64eeaa947a6ebe5769fe2.jpg
picture.18e6feccf8364eca81304954b5247b87;outfit.4ddc0d8a68be422b90e343d68361f262;0;18e6feccf8364eca81304954b5247b87.jpg
picture.18e865476e8a40b69f69a509b5a7f4e8;outfit.085fb811e8144319a18fe29c43325329;0;18e865476e8a40b69f69a509b5a7f4e8.jpg
picture.18eb31156c404f4ea533a5ff64518782;outfit.a34cdcaefffe44c89674b55f96a03950;0;18eb31156c404f4ea533a5ff64518782.jpg
picture.18efd5930db74c9aaa64c5abf4a3a69e;outfit.705792b3c7c2487ea489a85c1be84122;0;18efd5930db74c9aaa64c5abf4a3a69e.jpg
picture.18f291a6bbc84275ab446d29cb00c73b;outfit.16d88d0fdcb7455fb6a81ec2639afea9;0;18f291a6bbc84275ab446d29cb00c73b.jpg
picture.1913cb2bf74c4d10960e536da3b5c015;outfit.9e50c4cb7e564151b3494f501b7d893d;0;1913cb2bf74c4d10960e536da3b5c015.jpg
picture.191469fee49d4be9a0f628b9e5387b5f;outfit.1edb2c8f4ff048c4b2f715329ccd7a93;0;191469fee49d4be9a0f628b9e5387b5f.jpg
picture.192837a96a0b4f74b99d7a4f3d5c98c6;outfit.31879aacd520402abb57929e7b7573f1;0;192837a96a0b4f74b99d7a4f3d5c98c6.jpg
picture.1930b5441b944cb0ab57f78ad4a814d9;outfit.5f20616059e84ab8b62eeb7f0a802e3a;0;1930b5441b944cb0ab57f78ad4a814d9.jpg
picture.19399c0998024815bbf0459ea8dbcdbd;outfit.2392f0645935482bb171c7fd35384587;0;19399c0998024815bbf0459ea8dbcdbd.jpg
picture.194b7040a4b64031ab984a3a98bd0b31;outfit.978ae36482bb4c1bb32f8a6524cfdb76;0;194b7040a4b64031ab984a3a98bd0b31.jpg
picture.194ef418c22d4c4c800ca4a496aecebc;outfit.74013b892b4a4f75979af28137c31558;0;194ef418c22d4c4c800ca4a496aecebc.jpg
picture.19510678f61e4f35b0f59eec50b9e8dd;outfit.f4c975dfd4804825bea20bd68735b738;0;19510678f61e4f35b0f59eec50b9e8dd.jpg
picture.1961957e6d1844adbe1d3a2758c57d09;outfit.e145409364084e36b14d95d1978d5478;0;1961957e6d1844adbe1d3a2758c57d09.jpg
picture.197ff4d5b43448dfa682892817685933;outfit.8745fe6f294d4f41;0;197ff4d5b43448dfa682892817685933.jpg
picture.19808256825c42ca913a7b70d52d5dd7;outfit.4a42bebcc6534e8697fd6f7656839c29;0;19808256825c42ca913a7b70d52d5dd7.jpg
picture.19809d2a09e3474e9299ab95b34530fa;outfit.d3972ad336174608b061e6224cb1fad4;0;19809d2a09e3474e9299ab95b34530fa.jpg
picture.19828ea1d368425587fdb1bbdbabb7f5;outfit.b26dea94dbd147919dbe9c6378c9c52f;0;19828ea1d368425587fdb1bbdbabb7f5.jpg
picture.19942ffcc5a34a64ae1ec282d22f98f5;outfit.2c789fb5fc554dbd8dd86e423e809ff4;0;19942ffcc5a34a64ae1ec282d22f98f5.jpg
picture.19a5f7f7e77148c1b0dbd79178672c72;outfit.0ea2ed06e62c495195f67005f3057721;0;19a5f7f7e77148c1b0dbd79178672c72.jpg
picture.19ad70820099419c96c768574c41928a;outfit.9df5c2cae194400e88fa8072fe524e08;0;19ad70820099419c96c768574c41928a.jpg
picture.19b025df38304bb09d433a24e50aa7be;outfit.05b4c9d840a24bbe8656bc4bb3bce484;0;19b025df38304bb09d433a24e50aa7be.jpg
picture.19b1837c401d471baa948fe061f39ee3;outfit.2aad4629b66d435c8da4594d7a3f7eec;0;19b1837c401d471baa948fe061f39ee3.jpg
picture.19bc749de44c4db88d1c753dbdb06125;outfit.3effb4e5a788451a9d271d9a53090f01;0;19bc749de44c4db88d1c753dbdb06125.jpg
picture.19fdc25f269f4ced8ae5c8baff3d5771;outfit.66208dc33bb64be483ecda5b9a4f66fa;0;19fdc25f269f4ced8ae5c8baff3d5771.jpg
picture.1a037df3deba42848cd9e1fe0d310e5f;outfit.84a8c067a942482a8a358cfae822a3b1;0;1a037df3deba42848cd9e1fe0d310e5f.jpg
picture.1a057ea4118246348592c46dcd8c3acb;outfit.7c3e32e564f84de28c9ab8a6f06a2e24;0;1a057ea4118246348592c46dcd8c3acb.jpg
picture.1a19786c49cf423596d6130635a3ba99;outfit.b182478178d89162;0;1a19786c49cf423596d6130635a3ba99.jpg
picture.1a26b4527bb945e6aa09778977b48d4b;outfit.96fdc91671d44285;0;1a26b4527bb945e6aa09778977b48d4b.jpg
picture.1a2bad7d21b242cd8199f9c00d4f8aaa;outfit.8f3c92feb1d346a38c17825713a9cb12;0;1a2bad7d21b242cd8199f9c00d4f8aaa.jpg
picture.1a305c1f007a44ebb7c279da142f7b73;outfit.9fbe0c9462e44696a73f5ffa75215ec0;0;1a305c1f007a44ebb7c279da142f7b73.jpg
picture.1a37b72d51484979b354a396afc2b864;outfit.4fa890c8bbf54547a3cacaa898e5b7d5;0;1a37b72d51484979b354a396afc2b864.jpg
picture.1a3845b6c7eb4170bbaa97fa436faddd;outfit.c46affd5f8ee4749b1f8e7d4ff47f3ff;0;1a3845b6c7eb4170bbaa97fa436faddd.jpg
picture.1a3da8b3eed04f48b166479d49373a63;outfit.5330ecb4f53c4f7a865f99a6fdd37773;0;1a3da8b3eed04f48b166479d49373a63.jpg
picture.1a4ce39a07354096bc3ba434115ee637;outfit.c2c7871b40df44969ba85dea0f927f42;0;1a4ce39a07354096bc3ba434115ee637.jpg
picture.1a5606df41e54b66b7eb3aaec4c554dc;outfit.8a9a59a3ebbb46a8bea05ebe9599a1c0;0;1a5606df41e54b66b7eb3aaec4c554dc.jpg
picture.1a58dd1076c746a088ac9a9103e633c1;outfit.f233488767cf4bdf93f717f7d42c0cbf;0;1a58dd1076c746a088ac9a9103e633c1.jpg
picture.1a5b6d2f63244e53a2fc560486dae1d3;outfit.2c262bf74e874db8b21f0cfae430c005;0;1a5b6d2f63244e53a2fc560486dae1d3.jpg
picture.1a5c1baf1e4d43c9a0660be7e97fb8e4;outfit.10702960934e47ca8b83d90cb167b470;0;1a5c1baf1e4d43c9a0660be7e97fb8e4.jpg
picture.1a642897d26f49bca893a9bc50ac30a2;outfit.96cb494dcb47696b;0;1a642897d26f49bca893a9bc50ac30a2.jpg
picture.1a65429ea6e94e21ab8784b540bc2885;outfit.7e99984aa9604071bc49a4f148394fbc;0;1a65429ea6e94e21ab8784b540bc2885.jpg
picture.1a6df3b762594521a49d7cdf1a65a423;outfit.de1b2d84d80341d2bcc0adcd5ce60af4;0;1a6df3b762594521a49d7cdf1a65a423.jpg
picture.1a7e9945bc58463090c136ce8c35de39;outfit.7c8c2504d76d42f4a96766337d3dac03;0;1a7e9945bc58463090c136ce8c35de39.jpg
picture.1a8549ee4c7940249c0e38983148815d;outfit.8ed02140f93ffa8c;0;1a8549ee4c7940249c0e38983148815d.jpg
picture.1a8d43856d2c40aa81892a7bcfc3db19;outfit.801f1b35886e42f6907ec4709420c7e3;0;1a8d43856d2c40aa81892a7bcfc3db19.jpg
picture.1a8e3acd58374eb2b3688ea614a2ddb4;outfit.124195196333488e8ba4d195b96ecbdf;0;1a8e3acd58374eb2b3688ea614a2ddb4.jpg
picture.1a95ba7664894e199e793b6b867b7363;outfit.54324ee259f749ef9e2cb2e22446a2e6;0;1a95ba7664894e199e793b6b867b7363.jpg
picture.1aa0a0ef91c644ea8c3e34747265a182;outfit.5b87f52aec9f4c749cf6769993136db3;0;1aa0a0ef91c644ea8c3e34747265a182.jpg
picture.1aab31c27b184f67ab86a686e3f353a2;outfit.817cf154a066e6e0;0;1aab31c27b184f67ab86a686e3f353a2.jpg
picture.1ac1e8f4258a4ea293938b9a733ed595;outfit.196ad12873534afcbec5bc12e921798d;0;1ac1e8f4258a4ea293938b9a733ed595.jpg
picture.1ac47b0b7e524f0ea22e96c6bcc67892;outfit.7ca0d67e06f7491f926b46e7fbdbd32c;0;1ac47b0b7e524f0ea22e96c6bcc67892.jpg
picture.1adaeb284b764f3fb0b553e4df7067d3;outfit.ff08dd87bf144defaa332eac0bf5bd4e;0;1adaeb284b764f3fb0b553e4df7067d3.jpg
picture.1ae593cf0eac4d1397c0a6a6889a33ec;outfit.12ca1b6aaefb46af8208fe008f3eb4e3;0;1ae593cf0eac4d1397c0a6a6889a33ec.jpg
picture.1ae7960d59414e48862c46fddc228fa4;outfit.1260ac1718974152b1294c75e13aae88;0;1ae7960d59414e48862c46fddc228fa4.jpg
picture.1aed5b7ca21a40cdbf3515b246cd0fca;outfit.80820b9138cd4205885caaa0a65dd6a4;0;1aed5b7ca21a40cdbf3515b246cd0fca.jpg
picture.1b07a7b7d68f479e86ef9d3654b7baa8;outfit.f5cdd470173a4cbb913353aac985eebe;0;1b07a7b7d68f479e86ef9d3654b7baa8.jpg
picture.1b0b45808fec4471bb0127decdf4ca8b;outfit.833277128aa04f21add3747d919b55ef;0;1b0b45808fec4471bb0127decdf4ca8b.jpg
picture.1b0bfd8eee794932a82563cefde18de4;outfit.d40f6349368b4e47b521138ba35d8ebc;0;1b0bfd8eee794932a82563cefde18de4.jpg
picture.1b11cdf24d9f42519484761488bd0626;outfit.d14ca830a51d455ca672e1f11d4554d4;0;1b11cdf24d9f42519484761488bd0626.jpg
picture.1b416d161c7349df91cf1bea5cbeb8dc;outfit.79a40865291e442bb6473767b615d4d9;0;1b416d161c7349df91cf1bea5cbeb8dc.jpg
picture.1b7695b2c0824da5b46d0e2f74b6f0ed;outfit.7395b78d10084aebb906f8f83bfd89cc;0;1b7695b2c0824da5b46d0e2f74b6f0ed.jpg
picture.1b8bf3815aee476a9d5826e321821651;outfit.d928300162a4434c84b6a5f5c2da0506;0;1b8bf3815aee476a9d5826e321821651.jpg
picture.1b9bb7c3a5624062ae07f1680dbe1242;outfit.139187a6eb1540b6b2b8aef96bd12601;0;1b9bb7c3a5624062ae07f1680dbe1242.jpg
picture.1ba658eb156d49e1bb4d927cd8e86ac2;outfit.8776f5d660d948c9bf3243220d6b1f16;0;1ba658eb156d49e1bb4d927cd8e86ac2.jpg
picture.1bbde0fca06c4ae79265596d9b5c0162;outfit.a2ecd990912ca6bd;0;1bbde0fca06c4ae79265596d9b5c0162.jpg
picture.1bd314ad8c65453faf846e849f2627cc;outfit.35331fbfbbe04b9ca3dfc1535cf148fc;0;1bd314ad8c65453faf846e849f2627cc.jpg
picture.1c009c8bfaad41d4b8204c53f323321c;outfit.a495750db2b745b3b257ff60a9aacc76;0;1c009c8bfaad41d4b8204c53f323321c.jpg
picture.1c06e1ca0f0c457db601063a6830ce50;outfit.dc7abe1bb20f423a8356cb4d089c56ff;0;1c06e1ca0f0c457db601063a6830ce50.jpg
picture.1c165024064f4958a49ae4e28ada68d3;outfit.6d6fe6b3b2514ecc8c47947292874f90;0;1c165024064f4958a49ae4e28ada68d3.jpg
picture.1c1d450ab8d7492e90e274ff4ad67e6b;outfit.77accd502dd8426bb3b8772f0f33c9b9;0;1c1d450ab8d7492e90e274ff4ad67e6b.jpg
picture.1c2746edfa8f40b98edca61237778149;outfit.a2b8e80de6b525a9;0;1c2746edfa8f40b98edca61237778149.jpg
picture.1c3024d212444362870e3562b095479a;outfit.848ee23997d424bc;0;1c3024d212444362870e3562b095479a.jpg
picture.1c34aed4545b471c988ab6cb569f9bd1;outfit.78d16995b62e40d48f06a20dbf72d844;0;1c34aed4545b471c988ab6cb569f9bd1.jpg
picture.1c40fbe419464414a7409ac42e1a541c;outfit.10cdb2c115df4a9197e1471e536a0569;0;1c40fbe419464414a7409ac42e1a541c.jpg
picture.1c4e5774930d429b86c369cacbc830a8;outfit.94f142c01ddd4b179568eb535b745439;0;1c4e5774930d429b86c369cacbc830a8.jpg
picture.1c514c30fe6f4a6ab193ea60b91a5a00;outfit.efcc5df981d74216b2cc1ba8c476db79;0;1c514c30fe6f4a6ab193ea60b91a5a00.jpg
picture.1c5b6c47f0ab4e77859fc7da4bda10ad;outfit.05164954243a4c5cac4930572105ed27;0;1c5b6c47f0ab4e77859fc7da4bda10ad.jpg
picture.1c6428aa41934f3bb9cec678d4d679ad;outfit.a5650c1bada909fd;0;1c6428aa41934f3bb9cec678d4d679ad.jpg
picture.1c722aec13d74a0c99f28fbd0e36027a;outfit.6e67b1da956c4635b7d67622604d2bbb;0;1c722aec13d74a0c99f28fbd0e36027a.jpg
picture.1c8f76395c594468b6015ac02591c899;outfit.dd290f21f99a4cfd8093a69d25e11778;0;1c8f76395c594468b6015ac02591c899.jpg
picture.1c9284d551cc47008ba117edc9ce164f;outfit.427ef0e6b9c847fba4200cfcfe1abce9;0;1c9284d551cc47008ba117edc9ce164f.jpg
picture.1c9f3a994b334cd6bec0754822cd7d34;outfit.981387ce664649c08f8c79dc4e8339d0;0;1c9f3a994b334cd6bec0754822cd7d34.jpg
picture.1ca1043e43f34f45a3d2c261ba182278;outfit.92bfe824eed24b63bca70a7df494b8d4;0;1ca1043e43f34f45a3d2c261ba182278.jpg
picture.1ca42c9ca01945e7bff3f4621fbc0b70;outfit.f8b69667089d42f7aa7b03df283f125f;0;1ca42c9ca01945e7bff3f4621fbc0b70.jpg
picture.1ca905560bb84d468f84ae0f5e109a39;outfit.15d79dfee61f4e1a840f3fa2368563de;0;1ca905560bb84d468f84ae0f5e109a39.jpg
picture.1cb69716bb614b88a637f6deec0a56bb;outfit.0392ab260e644b338316a915c76e18c6;0;1cb69716bb614b88a637f6deec0a56bb.jpg
picture.1cb835975653468592079b2e4c47723e;outfit.ab9dd6cb6757426c9d5968e731b29cb2;0;1cb835975653468592079b2e4c47723e.jpg
picture.1cd0a0327a9d4211aa19f918bab630a6;outfit.222584cb9d104360af5e0faee5eb42ef;0;1cd0a0327a9d4211aa19f918bab630a6.jpg
picture.1ce30021fc1f4a6c90e0f0cef65dda30;outfit.292fc161ab8a48d59af997f56cce1cb4;0;1ce30021fc1f4a6c90e0f0cef65dda30.jpg
picture.1ce45a88e2c848d4a81459a7d8f38d2f;outfit.8f95b3473abb4a40ac2dc0956628e873;0;1ce45a88e2c848d4a81459a7d8f38d2f.jpg
picture.1d025fd024d8424784c2472ca7a2f5c5;outfit.833effd849cb1526;0;1d025fd024d8424784c2472ca7a2f5c5.jpg
picture.1d096308a5804187aade2627704a584e;outfit.02d71eaf66044b1283932f9e612cfd7b;0;1d096308a5804187aade2627704a584e.jpg
picture.1d10b5479aa843bdab541a566eccf5f0;outfit.9130f7887cff4c05bda706822ac3806b;0;1d10b5479aa843bdab541a566eccf5f0.jpg
picture.1d266a4a49e0407fbf3bbd958cee2647;outfit.483fb847ee6542288ebaf7de6888de41;0;1d266a4a49e0407fbf3bbd958cee2647.jpg
picture.1d319ba805c74172867f2253fc61e02b;outfit.a32232b1ae5445e39801fd606d444610;0;1d319ba805c74172867f2253fc61e02b.jpg
picture.1d3e9faae3e547ddaf2609a7e0663a41;outfit.ddf9204937fc40069fe13a0c546e1df9;0;1d3e9faae3e547ddaf2609a7e0663a41.jpg
picture.1d3ff34401bb4126b4f44bde8d484da0;outfit.a3d27b283d42172d;0;1d3ff34401bb4126b4f44bde8d484da0.jpg
picture.1d551141e9034353a41d6a5fd073ea9a;outfit.afd3af027be275f2;0;1d551141e9034353a41d6a5fd073ea9a.jpg
picture.1d66e0e8f3e146fc9bd27b3f0499994c;outfit.0dbb762a27a343a1b1176dbc1fa8201b;0;1d66e0e8f3e146fc9bd27b3f0499994c.jpg
picture.1d76c899d0b04783bbfdd2ae27f55f50;outfit.978a2705fa024cc6986b47b035e78ff8;0;1d76c899d0b04783bbfdd2ae27f55f50.jpg
picture.1d8ef850c140494eac05e050a4b0787a;outfit.82ee7c9d4d1e4274b0c706c82653ab79;0;1d8ef850c140494eac05e050a4b0787a.jpg
picture.1d91f9af3ab244fdb76b95ce87e1b172;outfit.3037fa72ade7482e8c13863bc447c11c;0;1d91f9af3ab244fdb76b95ce87e1b172.jpg
picture.1daca02069364208b3d88b0f33e975c1;outfit.866385e680f6475e8b2899e2bc30a1fe;0;1daca02069364208b3d88b0f33e975c1.jpg
picture.1dc229a3a5a04a46aad5dcc336f64f55;outfit.9bf55c30dee14573ac0d46c03fce3a0e;0;1dc229a3a5a04a46aad5dcc336f64f55.jpg
picture.1dc257c19ae34661bad8aea4475d4b2b;outfit.a28b2e6008184ba19240c926b1af0eff;0;1dc257c19ae34661bad8aea4475d4b2b.jpg
picture.1dc6d10248994220aa251739d7289d9c;outfit.8ad1c89174094a26bd4cbcfdcad4aecc;0;1dc6d10248994220aa251739d7289d9c.jpg
picture.1dd46f6867c54c6b94a9c0444c73bc0f;outfit.aeb4096f234e6c40;0;1dd46f6867c54c6b94a9c0444c73bc0f.jpg
picture.1dd5f15a8240475ea3dea7a11be0fb2e;outfit.9783b2f3f00040848624b655abd30cfa;0;1dd5f15a8240475ea3dea7a11be0fb2e.jpg
picture.1ddc00346be74d0f97891d90a2464d3e;outfit.36eacc2af2494660a2c914aab7474a40;0;1ddc00346be74d0f97891d90a2464d3e.jpg
picture.1dde0328a4d94ac390e1d276d7ae5eec;outfit.f465c31c406c4fc69448ba6a62d76ea6;0;1dde0328a4d94ac390e1d276d7ae5eec.jpg
picture.1de1d6a4aca9476480353843b008a1ed;outfit.138c6d460dc14dd4a223e9f2a484ad6d;0;1de1d6a4aca9476480353843b008a1ed.jpg
picture.1deb0de850e448199b65c5af2a189aa8;outfit.95c292eefaa5453bbb381c3117b7b152;0;1deb0de850e448199b65c5af2a189aa8.jpg
picture.1debe9fdc7d7420ca583b7fcbf1fba5c;outfit.22ff5d532d24420891c0292df8da84dd;0;1debe9fdc7d7420ca583b7fcbf1fba5c.jpg
picture.1dfcdae52e3f41b486121d8bac1237fc;outfit.a5c559f08448bea7;0;1dfcdae52e3f41b486121d8bac1237fc.jpg
picture.1e0431ac600f40bb87a6786390cfa5f1;outfit.ce0b5207f51545bfbb1ec5cc1b01a8b7;0;1e0431ac600f40bb87a6786390cfa5f1.jpg
picture.1e3223dbe83f4b5f9f1dc78a17f6c81d;outfit.33d5d4c82b5f4d1688a04dac513e2740;0;1e3223dbe83f4b5f9f1dc78a17f6c81d.jpg
picture.1e33234275df4e52a6532b9b9134b97a;outfit.0f8b461931a94b419de690621a0582f0;0;1e33234275df4e52a6532b9b9134b97a.jpg
picture.1e38b5773b4145f5bc042fdef6a0905b;outfit.2743a3b3f9cb44348ee6f8beedefa119;0;1e38b5773b4145f5bc042fdef6a0905b.jpg
picture.1e407e83d5a344f7b8c4434e44eace52;outfit.ceb25ee97e894d46869ca3eb799d48e0;0;1e407e83d5a344f7b8c4434e44eace52.jpg
picture.1e473484b6d94d84ae99c852f89f45ad;outfit.170d553601c744e393427a92c0cf58b3;0;1e473484b6d94d84ae99c852f89f45ad.jpg
picture.1e5fe3a70a28457dbac392b19cd32abf;outfit.677e278365724e15b4d109ecefe6483a;0;1e5fe3a70a28457dbac392b19cd32abf.jpg
picture.1e6526bc55c74b6893467635ccef2d2f;outfit.eb630f8015044d9eafee621c3996c8a0;0;1e6526bc55c74b6893467635ccef2d2f.jpg
picture.1e6fa0a41d3d467abb03c1b28db56764;outfit.f32718341e9443d8a36121a8913ff304;0;1e6fa0a41d3d467abb03c1b28db56764.jpg
picture.1e716395a11b4f4db1bb470d5b70dc7c;outfit.a0594bcbfc4f4fe2996f6a4f899d99bd;0;1e716395a11b4f4db1bb470d5b70dc7c.jpg
picture.1e86e5d9100143c4adadb63588655b51;outfit.0fce955a2b0840ff8630eb10804ccb99;0;1e86e5d9100143c4adadb63588655b51.jpg
picture.1e9bf8788bf04413bdb468e642dd50e2;outfit.735aa66e915446a5be13642ee0dff5e5;0;1e9bf8788bf04413bdb468e642dd50e2.jpg
picture.1ea2db0966824619a8a2027903f55999;outfit.8400c26ee9d435bb;0;1ea2db0966824619a8a2027903f55999.jpg
picture.1eaf64dda7394d519f763cae72e52c6c;outfit.ded9a0e26ca846ba86ae2eb4f12fe831;0;1eaf64dda7394d519f763cae72e52c6c.jpg
picture.1eb0a77591df4e19a4cc842b2902b738;outfit.c05f7a4778004af4b50ca321d248f1e9;0;1eb0a77591df4e19a4cc842b2902b738.jpg
picture.1ec43307251248f6817fac5193eb8f8b;outfit.31db3530dd7749a5b342e0650a8c8b7a;0;1ec43307251248f6817fac5193eb8f8b.jpg
picture.1ecba1d56bcd4c95a4d12ecd18ec9eca;outfit.9e3bea6a01d94e03a43bfefac24422e4;0;1ecba1d56bcd4c95a4d12ecd18ec9eca.jpg
picture.1ecbdbcb79334e5794d7b0c8f2c87164;outfit.8bfd655a8e4d2788;0;1ecbdbcb79334e5794d7b0c8f2c87164.jpg
picture.1ecca0f639364244b1c9407dac26d1dd;outfit.f21be5bf141a4847b761afaef4ecaf81;0;1ecca0f639364244b1c9407dac26d1dd.jpg
picture.1eceff8beaf44a7bb4e132b948a1d5ca;outfit.3b8b5f19d5fc4d66ab636569a6c9d030;0;1eceff8beaf44a7bb4e132b948a1d5ca.jpg
picture.1ed1af66489f49cd9627817c0de9b488;outfit.8cbb77c85f07443e9c2e6687e4131a45;0;1ed1af66489f49cd9627817c0de9b488.jpg
picture.1ed8784f9e2344218d4691f9691efc22;outfit.fc33a7e64d794702a5d4b0ba40870c69;0;1ed8784f9e2344218d4691f9691efc22.jpg
picture.1ee00ad40a524b1b8720dbf3bd7a1489;outfit.66dd95a10af54a18ae4b24b3702f869e;0;1ee00ad40a524b1b8720dbf3bd7a1489.jpg
picture.1eed8cd24a2e417981f590fbac6f9913;outfit.13db1499701e46f5b6e98d5e6d34267a;0;1eed8cd24a2e417981f590fbac6f9913.jpg
picture.1ef220cec4d64a23a39046e2c31ac374;outfit.a396d7bd18eb4fd888ca77e30adf911e;0;1ef220cec4d64a23a39046e2c31ac374.jpg
picture.1ef8f077c82d4cb8b3954f762be84979;outfit.80333429732852d4;0;1ef8f077c82d4cb8b3954f762be84979.jpg
picture.1f049af8537c49f8926c1840a04eadd5;outfit.8609dd7995e147efbdf631d515d34bed;0;1f049af8537c49f8926c1840a04eadd5.jpg
picture.1f07ac1c54a34c82a9a1f340cbbca197;outfit.62b7b6c55aa84d89a8bc7b99173f571e;0;1f07ac1c54a34c82a9a1f340cbbca197.jpg
picture.1f0b0f7bfdbb490a938e02e229d3eca6;outfit.2386f5b10f544de1a8f7a53a4b3bb92f;0;1f0b0f7bfdbb490a938e02e229d3eca6.jpg
picture.1f0d09f56c5748a493f834ab7027e290;outfit.26a6d5aa3fea4de08cb8723770250042;0;1f0d09f56c5748a493f834ab7027e290.jpg
picture.1f0d7ee3e06e40d9900e9ef685ad04f1;outfit.be670e741ed74f9597a28f8bb3e5e537;0;1f0d7ee3e06e40d9900e9ef685ad04f1.jpg
picture.1f164014ab4146e1adf7dccde47ac294;outfit.ad50bddf369641b0827aad7ce9f36022;0;1f164014ab4146e1adf7dccde47ac294.jpg
picture.1f2eb9f049bf4ad2aa2097eabe821f5c;outfit.226011180c0e4df4852d693067d02fef;0;1f2eb9f049bf4ad2aa2097eabe821f5c.jpg
picture.1f32debb183b47488f48fa1b8ffa3ce2;outfit.4b5c2be520b045e490ca17fcb9d87b90;0;1f32debb183b47488f48fa1b8ffa3ce2.jpg
picture.1f46d89233734ace8c135c3e4cd3f955;outfit.3619c49a78674b0bb3c2803ee199cd92;0;1f46d89233734ace8c135c3e4cd3f955.jpg
picture.1f49b9166cda44ba88000c96a1c4445c;outfit.4238aa017620494dbe0724f9b8f8f702;0;1f49b9166cda44ba88000c96a1c4445c.jpg
picture.1f576e881b93418187e92c0dd21912bf;outfit.ecd20396b6454329b80dd3a7f3d5c0c4;0;1f576e881b93418187e92c0dd21912bf.jpg
picture.1f5abf24bd1943e6b9123bfc71dae0f7;outfit.3c0e2b952c024f85b23f3db26403df81;0;1f5abf24bd1943e6b9123bfc71dae0f7.jpg
picture.1f5dc627169046aab842d7f3c81a7d08;outfit.6753fee0b6894243869c63032302de22;0;1f5dc627169046aab842d7f3c81a7d08.jpg
picture.1f669853a13047dc9383502ccc897cfb;outfit.0cbd53213ed74084a4ca1774dbe09e03;0;1f669853a13047dc9383502ccc897cfb.jpg
picture.1f6a4cd5b96f4196bde11ee7e146aaeb;outfit.a0358734a2b24bf6b531d86101378b7d;0;1f6a4cd5b96f4196bde11ee7e146aaeb.jpg
picture.1f7c6c5ee30e4f2fa4ff0a4013802c21;outfit.8d3343f8c69af77c;0;1f7c6c5ee30e4f2fa4ff0a4013802c21.jpg
picture.1f7e6b7049d748679a2ec3078572a39d;outfit.b3c827a7bc271120;0;1f7e6b7049d748679a2ec3078572a39d.jpg
picture.1f8ace09e5414342a7f41f04619ae600;outfit.682cad04f9644aa692e0326d850b670d;0;1f8ace09e5414342a7f41f04619ae600.jpg
picture.1f8e7d83c2784cc1a32a7d96a327cc68;outfit.a6eb0912d6a74509a16c4ff327a439c7;0;1f8e7d83c2784cc1a32a7d96a327cc68.jpg
picture.1f8eb37a26c142648e4d42e06c45ab63;outfit.ed69171af5c648529d89ac51d442646e;0;1f8eb37a26c142648e4d42e06c45ab63.jpg
picture.1f94a0d578a643c388fbc40252a6a185;outfit.bfe2d9d71aa805a8;0;1f94a0d578a643c388fbc40252a6a185.jpg
picture.1f95e579df694695ac9a90cf50b43852;outfit.837d79eeae2a466cab88d515bd1aa409;0;1f95e579df694695ac9a90cf50b43852.jpg
picture.1f9b3832ff0040eca212822bf1b1bad0;outfit.a8175a1b696f4b85;0;1f9b3832ff0040eca212822bf1b1bad0.jpg
picture.1faaa38a57874ae283bed7ce78d0c88d;outfit.4f7f49256cb04353a63a140320de900e;0;1faaa38a57874ae283bed7ce78d0c88d.jpg
picture.1fb6e091c16c4b49bc1293d50a0743a3;outfit.14727804dc6945f9baabcd76ad96a744;0;1fb6e091c16c4b49bc1293d50a0743a3.jpg
picture.1fc7de560ee84e74bc91d4a2bd2c3796;outfit.1dc2bd9dc2ae421883e8845f3e335449;0;1fc7de560ee84e74bc91d4a2bd2c3796.jpg
picture.1fd043b830de4d6e8a1f285a3715732d;outfit.e172da755f4248f4af3241dd47efae12;0;1fd043b830de4d6e8a1f285a3715732d.jpg
picture.1fd182fae7ab4bd89692bf9bb8815269;outfit.4df885933c6b4006827c3c816f27d9d7;0;1fd182fae7ab4bd89692bf9bb8815269.jpg
picture.1fd2cdf4af1e43d2a7722d9d162927e0;outfit.5e900f895ba8488db2bf88c9371a9b64;0;1fd2cdf4af1e43d2a7722d9d162927e0.jpg
picture.1fd8a91083804ca7a4a951e41f30fa96;outfit.a4a8f76f18ed4907ba632600bd676db4;0;1fd8a91083804ca7a4a951e41f30fa96.jpg
picture.1ff9bbc3edcd44cf9ed7969e147b628a;outfit.55e47b50f0dc4852a5784fffafa63488;0;1ff9bbc3edcd44cf9ed7969e147b628a.jpg
picture.2004c14ad8984dbd86b2b10dec0417dd;outfit.e44b11d043b34053ae7292d3ad3dc9a0;0;2004c14ad8984dbd86b2b10dec0417dd.jpg
picture.202abb539a2e4e0da15f09307624f650;outfit.d2affda3780840e8bab443abbd2e5478;0;202abb539a2e4e0da15f09307624f650.jpg
picture.204025de8362496eb908154dfa25880a;outfit.29c39d6085f345dfbccc23a2f8e274a6;0;204025de8362496eb908154dfa25880a.jpg
picture.204b62cfccd043e7b76f464c30262609;outfit.b7c427687b980da9;0;204b62cfccd043e7b76f464c30262609.jpg
picture.204fd87e66db4976b651a2165a948b3d;outfit.c39cd97f51b243e5855fb09a7513f94f;0;204fd87e66db4976b651a2165a948b3d.jpg
picture.2074e8d81cc5496da764e1ae60291766;outfit.9237685700e6542b;0;2074e8d81cc5496da764e1ae60291766.jpg
picture.207da50cfaa14933bbe219d00294b4b8;outfit.16d009b7c441450183dbace1c9e64dce;0;207da50cfaa14933bbe219d00294b4b8.jpg
picture.20832872f9cf486999667de5ef4f6216;outfit.684efa997862433aaf292a14289eaa4a;0;20832872f9cf486999667de5ef4f6216.jpg
picture.20904d3f27a74345887a06eb9d1205ad;outfit.9d30a5688cd84345b30246feec3e8c5f;0;20904d3f27a74345887a06eb9d1205ad.jpg
picture.209b556395a84b88a16cb08bc50eae60;outfit.7d273c5424a34a9cb3217beeed7070d4;0;209b556395a84b88a16cb08bc50eae60.jpg
picture.20b9d12a142c4b848f57728facf6f356;outfit.9be713a0af3b45aa9577949469b1e0de;0;20b9d12a142c4b848f57728facf6f356.jpg
picture.20bc39cf75824819ab6726f9aa81cbf7;outfit.d8909288c79b4df6b6547aa381d360f1;0;20bc39cf75824819ab6726f9aa81cbf7.jpg
picture.20d1418b323e4cde86f26c90f37b15dd;outfit.bf00e652d6b83df2;0;20d1418b323e4cde86f26c90f37b15dd.jpg
picture.20d863bb57d8495080cd1eb6004d3a2f;outfit.c18d614b53ad40d9ac3f3c48278fa09f;0;20d863bb57d8495080cd1eb6004d3a2f.jpg
picture.20e3c27b031342faa3fb67602f5405c5;outfit.f062df328d7842e4bc5b0c41e309393b;0;20e3c27b031342faa3fb67602f5405c5.jpg
picture.21205a9fbbfc49dd8c04a86119b26130;outfit.ea3962c74e6e4b578a4fcee30dfa2aa4;0;21205a9fbbfc49dd8c04a86119b26130.jpg
picture.2125816626374b63889d132aebb3a836;outfit.3c6978266dfb4b9793e2c730496089d1;0;2125816626374b63889d132aebb3a836.jpg
picture.212ff06424a448e1836e34e2f4681249;outfit.776c13028a5e48b7899f4a9057ee8e18;0;212ff06424a448e1836e34e2f4681249.jpg
picture.2138d06fb44442729d8aa9706c9b2228;outfit.a8cd42d443d608cc;0;2138d06fb44442729d8aa9706c9b2228.jpg
picture.21477404118547e1bb2d93e954a1f4b0;outfit.aec255abd8714065996db11cc150f061;0;21477404118547e1bb2d93e954a1f4b0.jpg
picture.214a5c0b9d1d4bf3bdb96c2c7117af32;outfit.ada6bb8993e7a05e;0;214a5c0b9d1d4bf3bdb96c2c7117af32.jpg
picture.21504686aa0d41cfbedd87c77d463772;outfit.9fa57e24a7bd4595b697f8ed050cb335;0;21504686aa0d41cfbedd87c77d463772.jpg
picture.215a70a59e054f6fb5536171ebddb28b;outfit.353d5f65327e4dc7a10203844a59c560;0;215a70a59e054f6fb5536171ebddb28b.jpg
picture.2170f87bf6614808863331346dedf0c8;outfit.849c7f2e055c46478710a291b5ffa5db;0;2170f87bf6614808863331346dedf0c8.jpg
picture.2173fe527eb6493fbeab51ccbb266966;outfit.e5503fe6f5f243fc90c526bcdb75c942;0;2173fe527eb6493fbeab51ccbb266966.jpg
picture.217dc4965f3c43a686219d6679a692fc;outfit.208d6c0a12484beaa7d86abbf736d390;0;217dc4965f3c43a686219d6679a692fc.jpg
picture.21824fc4014440c8a2e91a97dd790860;outfit.ddb15f8dac0c4e03a7c88805a98cfcc8;0;21824fc4014440c8a2e91a97dd790860.jpg
picture.219a8b907af94a5ca1dd0b90bc77bae2;outfit.3ce016303b474839a95f7375cf891639;0;219a8b907af94a5ca1dd0b90bc77bae2.jpg
picture.21c289b7323b4a27a6ac13ae1213a3bc;outfit.af4a7934c1e143efa7ff6dae227cc416;0;21c289b7323b4a27a6ac13ae1213a3bc.jpg
picture.21cd5984a8e34405b252f7ece00c48de;outfit.e22f9123cb4e4c1081a4b831ff586b32;0;21cd5984a8e34405b252f7ece00c48de.jpg
picture.21ce0f976f29434495c683e51cd2dec6;outfit.bc5aa99812bd420fae43972060ba092e;0;21ce0f976f29434495c683e51cd2dec6.jpg
picture.21d701b3818b40f3b9f060bca439c7ac;outfit.2b9a47fa00e642a1ba23dae6a67ae88c;0;21d701b3818b40f3b9f060bca439c7ac.jpg
picture.21d7374999ba4deb803517182af9f9e9;outfit.486c4a01acce4c8c84a6faa49dd33332;0;21d7374999ba4deb803517182af9f9e9.jpg
picture.21dd5404d9c04bd394c049b557874c57;outfit.148857ae81d84843ae1671986a4e145e;0;21dd5404d9c04bd394c049b557874c57.jpg
picture.21e200a74ef34046a4985d79659f6720;outfit.9c19cb240c0c06d1;0;21e200a74ef34046a4985d79659f6720.jpg
picture.21e400595c4c4344a5dd4afd7625e4e1;outfit.cb5a982c42784a9a834b5f15a47749b8;0;21e400595c4c4344a5dd4afd7625e4e1.jpg
picture.21e7f38e3619495e8755e54dbff47c40;outfit.22c011b90cf34e56a9613321cd35514b;0;21e7f38e3619495e8755e54dbff47c40.jpg
picture.21ed742f18184f39b38b8afe31eab1d2;outfit.0f8322b7e0a64bcf8a0ac8936262049c;0;21ed742f18184f39b38b8afe31eab1d2.jpg
picture.21fea6cf99d44c7cb6d497956c8127b6;outfit.b227d2e4685f4a56a13c4e43023021ec;0;21fea6cf99d44c7cb6d497956c8127b6.jpg
picture.220b770b4afc4128b688a83e6190818e;outfit.5ee6b8e1796843248c5ed0284c981f77;0;220b770b4afc4128b688a83e6190818e.jpg
picture.2216599abcf74c72a4374715ffd42b9a;outfit.49c64ac752d4452886a0f505007df0fd;0;2216599abcf74c72a4374715ffd42b9a.jpg
picture.2228c999aac6483fb6af04952c6d5791;outfit.f4608a1f01534d818dd6424ed99428cd;0;2228c999aac6483fb6af04952c6d5791.jpg
picture.223ac1eab1ec4fcfa93e03db3ad2235e;outfit.cc2a4ea6b82044d2804ee26e593fbc00;0;223ac1eab1ec4fcfa93e03db3ad2235e.jpg
picture.223d1d2a038849289a1b07f0efa6d19e;outfit.ee0dfdf3b9a349b591e78712514e2f5b;0;223d1d2a038849289a1b07f0efa6d19e.jpg
picture.2242658a90ba401babde4dcbb164fe13;outfit.893fa92eb13185cf;0;2242658a90ba401babde4dcbb164fe13.jpg
picture.2246a226c15c4aa7905e60aa0c7b8a8f;outfit.fbda7f830faf4caf9b0a085054f22e54;0;2246a226c15c4aa7905e60aa0c7b8a8f.jpg
picture.2248259c497647fca40a96afd7959bce;outfit.334b374309d442f3bd75b6e93d6f9b15;0;2248259c497647fca40a96afd7959bce.jpg
picture.224cc3997b564a6880cce7a03785e319;outfit.09d700689d8a4f6e8f20edfcfb890bc0;0;224cc3997b564a6880cce7a03785e319.jpg
picture.226a33cf14644f2889de2029523a2d75;outfit.82857c0f835c4c8b8fea971653673d20;0;226a33cf14644f2889de2029523a2d75.jpg
picture.22739b7fd28241ccb3a00cdd100b828e;outfit.7d9ffbf078f34b06af2f4a2765005db6;0;22739b7fd28241ccb3a00cdd100b828e.jpg
picture.227b4d275e2141cab40778c40fdd6bfd;outfit.dbfb7bbacf6f4fb1afa5c192c42d19ec;0;227b4d275e2141cab40778c40fdd6bfd.jpg
picture.2289073df0994d1ea78726b77460e05d;outfit.923f3fd476b5450b9582d1f525604546;0;2289073df0994d1ea78726b77460e05d.jpg
picture.228a706d6ff54e03969a114002238b60;outfit.bd9ba0c2ceae44f0a9174af5abe965de;0;228a706d6ff54e03969a114002238b60.jpg
picture.228b0736ac284aa4b18004374f6df9e0;outfit.5048c556741f4513ade4ab8607e5a46f;0;228b0736ac284aa4b18004374f6df9e0.jpg
picture.228fac13da8c4cae8afa5c62571083e8;outfit.682446def1c34a79890b62c1397c7afb;0;228fac13da8c4cae8afa5c62571083e8.jpg
picture.22af9799b3fd4355986d210d724c2f41;outfit.22d9e65ad5d54d439ce97df814e1dfbc;0;22af9799b3fd4355986d210d724c2f41.jpg
picture.22c6035012524897ab551ade05c1df87;outfit.b8ee247b1864a7c2;0;22c6035012524897ab551ade05c1df87.jpg
picture.22e213d2cb964d528ab6d6be970a4a13;outfit.be3e7c4ec5718d36;0;22e213d2cb964d528ab6d6be970a4a13.jpg
picture.230b49fa20ad4c96b5fa6b1dd383e936;outfit.e168a6a83cb445d7ac51819b190b8922;0;230b49fa20ad4c96b5fa6b1dd383e936.jpg
picture.230ce6f13f694b3ebf8075b21cc33cb7;outfit.dfcd2c8c388a4466bb0d687b08a74d6e;0;230ce6f13f694b3ebf8075b21cc33cb7.jpg
picture.230fca8bca16497d9f80a7aaed21be20;outfit.b1adfc4204c602e5;0;230fca8bca16497d9f80a7aaed21be20.jpg
picture.2315176d4cf14f5db119ce88fc143bc8;outfit.1b729a38bf964452b2683cb84a9e14c1;0;2315176d4cf14f5db119ce88fc143bc8.jpg
picture.2348d3ee3ff74dac805936bbcecf1f21;outfit.0b721ca6ffdd489d91fa63f960ca64ec;0;2348d3ee3ff74dac805936bbcecf1f21.jpg
picture.235bcc884017438c9835f7234afa70a8;outfit.95b998c29f9af2fd;0;235bcc884017438c9835f7234afa70a8.jpg
picture.238c114f008f47c4adec58ae4b6cb9f2;outfit.a1e7bca1ce3791d6;0;238c114f008f47c4adec58ae4b6cb9f2.jpg
picture.2399390d73544802b28b6eb252e05c7e;outfit.1378c78099224f24a8b3cf7007cdb4d5;0;2399390d73544802b28b6eb252e05c7e.jpg
picture.23bcb22dfa8c4bdab05d65aa76bbe276;outfit.d74a648486b04780b38eb60860b4b974;0;23bcb22dfa8c4bdab05d65aa76bbe276.jpg
picture.23c76cbe7cd54168a046784fa04c11f0;outfit.ee94b77c56794feab26ffb22c2b9e2ca;0;23c76cbe7cd54168a046784fa04c11f0.jpg
picture.23ce4c88ca3c41f1ac2cae216ed8addf;outfit.e9a6c652ea8d42dc8752d70dce0c57c6;0;23ce4c88ca3c41f1ac2cae216ed8addf.jpg
picture.23d483b5c61d421695817afe0b4df352;outfit.1be9b916bb1f44f7a9d120b4ef62c871;0;23d483b5c61d421695817afe0b4df352.jpg
picture.23e0083f3b7d41cf86dbace9a006fa30;outfit.deccde63b4274278b35780fd507c4e5a;0;23e0083f3b7d41cf86dbace9a006fa30.jpg
picture.23e1e67af6ed42979a8cec1d8fc85f1a;outfit.67309f8f5e3b4376a7007b9046c6117d;0;23e1e67af6ed42979a8cec1d8fc85f1a.jpg
picture.24038ae06ffd40a3a3302caaabb67e84;outfit.74d1bc8ef8b3401a98e92e3f1826c0e3;0;24038ae06ffd40a3a3302caaabb67e84.jpg
picture.240ccb8c87af48ef8fefb438a8efb201;outfit.67a41f76b1dc4cffb6da5e9257d5910b;0;240ccb8c87af48ef8fefb438a8efb201.jpg
picture.24193df587554d7ea3310a10b7db7cd8;outfit.0a2e52320225494eb85a5488ff0dafd7;0;24193df587554d7ea3310a10b7db7cd8.jpg
picture.24205a28da924a21b2a8ace2deac08f5;outfit.298d036f8c334821bbdc97c61fcc122d;0;24205a28da924a21b2a8ace2deac08f5.jpg
picture.243c1719a1c7442996029ef4782a6672;outfit.a488106c64f04db6bab3a40dfdc7832e;0;243c1719a1c7442996029ef4782a6672.jpg
picture.2443c0f98ac040618b052cd8f874ed2d;outfit.f51e3b6fec2d44f59e21f3dc2334231b;0;2443c0f98ac040618b052cd8f874ed2d.jpg
picture.245f6451f3c34b8ba4516eb770ce0596;outfit.a9f2bcb6885fe60a;0;245f6451f3c34b8ba4516eb770ce0596.jpg
picture.2464f19fef85424e967610a3c7e09720;outfit.abf8682bf7784e73af89ebfd6d542df0;0;2464f19fef85424e967610a3c7e09720.jpg
picture.246eb732425d4e0f9910dd4f0fd284c5;outfit.a0361d1da07f4cf4929c58bd45782fae;0;246eb732425d4e0f9910dd4f0fd284c5.jpg
picture.24847688812f4c20a46f0374034504a0;outfit.511e82e05a794357a718e90238e7fcf9;0;24847688812f4c20a46f0374034504a0.jpg
picture.24a59a24f86544bf91782b766d1b15cf;outfit.de20bfe0e31a4a33b8f0a25e9d93f97e;0;24a59a24f86544bf91782b766d1b15cf.jpg
picture.24a69bc6c64945f08af30f018a2da814;outfit.27a3cd48834e43b2ad991c05136ee880;0;24a69bc6c64945f08af30f018a2da814.jpg
picture.24a998072ad44f7b9e06e475ac586f4c;outfit.7f0e983a1e8f464a8761e005e931fc48;0;24a998072ad44f7b9e06e475ac586f4c.jpg
picture.24bd286c63354fdf9a4f4aaa255dddba;outfit.1431039944fe4be88f8890a04a346b09;0;24bd286c63354fdf9a4f4aaa255dddba.jpg
picture.24c9cd989596481aa7fcb73ba9f7c41c;outfit.2901f306ff3a4e7e8288cc48ec400f5f;0;24c9cd989596481aa7fcb73ba9f7c41c.jpg
picture.24f248a76b884e63b28aa0efefd67953;outfit.4d83cce65b46430485a24d8efc684a37;0;24f248a76b884e63b28aa0efefd67953.jpg
picture.24f4f60dc9f94ba1b3a72aded1d6cb1d;outfit.9d5c2d8415063b7e;0;24f4f60dc9f94ba1b3a72aded1d6cb1d.jpg
picture.2506160bfa5846c39766f319ac93443b;outfit.0149e9cdd92241a7a8c73a98eb397928;0;2506160bfa5846c39766f319ac93443b.jpg
picture.252afca8ec064919b13e23f13747c829;outfit.cdc50f2c7fc54079a32bdf91b2d65e78;0;252afca8ec064919b13e23f13747c829.jpg
picture.2546c0b94c1a47dfb3e13cd492d83c8e;outfit.34fb4047b75346ba9ced8912198506ff;0;2546c0b94c1a47dfb3e13cd492d83c8e.jpg
picture.256b9b929083476e88e78182b5ef76b1;outfit.e14ebf07096246dbb7bf4e241b4c5b32;0;256b9b929083476e88e78182b5ef76b1.jpg
picture.257e4207b01446df9d2ce1942900c919;outfit.ede0d0fd9315467c868825bcb20d2fe6;0;257e4207b01446df9d2ce1942900c919.jpg
picture.25815ec0151146f1b71e7709cedf9a35;outfit.22b16afebcf749d08ab2a83d88406516;0;25815ec0151146f1b71e7709cedf9a35.jpg
picture.25829a305f2c45dd9a95cd76c724af71;outfit.5f5573ff732d4b67824d71ebb7329db8;0;25829a305f2c45dd9a95cd76c724af71.jpg
picture.25a7fec828f949e694fed206203910fa;outfit.24c32dd0323c4873949167fe0d1db421;0;25a7fec828f949e694fed206203910fa.jpg
picture.25b2929cd10d497caf573d7bc96a2e1d;outfit.8f2d79606c6d4f44af3f6afd97a6ca3e;0;25b2929cd10d497caf573d7bc96a2e1d.jpg
picture.25c50ef3eac241ea94acebba784981a2;outfit.e3f24e663eb84a2b9b20cde76be3b04e;0;25c50ef3eac241ea94acebba784981a2.jpg
picture.25d657c186d64aa7955424f0c6c0b932;outfit.4a6ed2fa953e43f98d557f0c98f04f7f;0;25d657c186d64aa7955424f0c6c0b932.jpg
picture.25e85b6cacc24a0da0f8b5b4150ef082;outfit.c95b16794434474e8d02306d2f1b6a0a;0;25e85b6cacc24a0da0f8b5b4150ef082.jpg
picture.260182e3146e4ee39a64818f43cf704c;outfit.6f728ba37a6a48c79e1755dd50f191c6;0;260182e3146e4ee39a64818f43cf704c.jpg
picture.260e1a1e2afb46c0b00b6baf47a2ad14;outfit.ccf6f723db264c30b9e45b89203c4a28;0;260e1a1e2afb46c0b00b6baf47a2ad14.jpg
picture.2616d7921bd747139a29628462913bb4;outfit.9632d3d89d835c67;0;2616d7921bd747139a29628462913bb4.jpg
picture.264d488ffe984597be6c593878547b53;outfit.fdc3cdbad50644ad97fc0a903f967e15;0;264d488ffe984597be6c593878547b53.jpg
picture.2651244bb5aa435cb6346a0a43545cc2;outfit.819fe443b574445a979f4f0571a65677;0;2651244bb5aa435cb6346a0a43545cc2.jpg
picture.26533bca259947f5b149c0424241db48;outfit.359ce2bd2e40491686ce3ebc4a13ead6;0;26533bca259947f5b149c0424241db48.jpg
picture.265c383e7bdc498896acc558daa5a783;outfit.8de70e2a9b7f463eb44f6a072e14d1a2;0;265c383e7bdc498896acc558daa5a783.jpg
picture.265cb13b93454aa5853eca5daaa54d61;outfit.a0d1107baf5919d5;0;265cb13b93454aa5853eca5daaa54d61.jpg
picture.267c32dd61b34ac9b849bdb20bff7975;outfit.63fc53c3d8784dd39553a33d54ff4921;0;267c32dd61b34ac9b849bdb20bff7975.jpg
picture.26abf87fb7f74e49923ac281f8588170;outfit.69411dca4a39414a8ffc530b2388a761;0;26abf87fb7f74e49923ac281f8588170.jpg
picture.26b7c4c4732344388b36df87fc1a0ae3;outfit.d3739869edc74a0a855e399f5b75a567;0;26b7c4c4732344388b36df87fc1a0ae3.jpg
picture.26c0e27898d14b40910ca7b00348002a;outfit.021142f5924f4280bd3948268d35db64;0;26c0e27898d14b40910ca7b00348002a.jpg
picture.26cd29f3a59e4cdfac769506f763a664;outfit.2a1a34d38ac64414b5d7878a719984e9;0;26cd29f3a59e4cdfac769506f763a664.jpg
picture.26d93e35f1ba4cefbd56ef3c121386fc;outfit.db01c7586017469ea4cc561b59fa2aca;0;26d93e35f1ba4cefbd56ef3c121386fc.jpg
picture.26e6672b6f0a480f963401a1fbe1395c;outfit.6dea8453a7dd4701830624eeea14bf9b;0;26e6672b6f0a480f963401a1fbe1395c.jpg
picture.26f1b18fcae042f383aa15dd36a2299d;outfit.a068099d1b3e4019;0;26f1b18fcae042f383aa15dd36a2299d.jpg
picture.26f81f82ad714eb8a2c4e663c7f96653;outfit.9f58acfe6b554e4ca880e378aa7e8e56;0;26f81f82ad714eb8a2c4e663c7f96653.jpg
picture.2703eb7f144e4aac8783da74607f7a05;outfit.2cc1bf3b23ce4811b7cc78ec9e50c379;0;2703eb7f144e4aac8783da74607f7a05.jpg
picture.2719958f2cb94917832410a7f89b7cd5;outfit.ad6f853b5c31b6f5;0;2719958f2cb94917832410a7f89b7cd5.jpg
picture.272825cb74fb44db877f7706b5878533;outfit.cc03f27af19f42a483a2f03ad997279d;0;272825cb74fb44db877f7706b5878533.jpg
picture.2730290a37104773b00b27ce701619de;outfit.faba9b9a9f654d6a8cfeb6bbdf840806;0;2730290a37104773b00b27ce701619de.jpg
picture.2741b4564cb3459e80420320295dff7f;outfit.f22393069eb34b0e9b70e5d2501bb668;0;2741b4564cb3459e80420320295dff7f.jpg
picture.2745413be437408b943701d3b1df26ba;outfit.e8e4d130fa3e4f108127dc74fd854a75;0;2745413be437408b943701d3b1df26ba.jpg
picture.2745415ccc794928875e7e2ad2c2bf61;outfit.b657867a142340aaa12e133d9835c823;0;2745415ccc794928875e7e2ad2c2bf61.jpg
picture.2749511bebde4336adef39080c656f5e;outfit.ac5bdf39908e44dabf5536871716d1c9;0;2749511bebde4336adef39080c656f5e.jpg
picture.274e3a1d925247b69b4213e63efd6462;outfit.55135c282c3849ac8b06f82861870970;0;274e3a1d925247b69b4213e63efd6462.jpg
picture.274feee8c2674a84a98b5ff3d743b5cb;outfit.d7a7b1a15fe04fd886b31c47431ebcb6;0;274feee8c2674a84a98b5ff3d743b5cb.jpg
picture.275ef099afb94879981087d5923f3100;outfit.3b8ec1aa02f64daebc17177ba35efcd2;0;275ef099afb94879981087d5923f3100.jpg
picture.2763bc9ac36f403c825410d934997b70;outfit.8619bf33395941ca8a9e98931e1462ff;0;2763bc9ac36f403c825410d934997b70.jpg
picture.2775a70da1a84f54900c3856958decca;outfit.a1bd30435ab14461af069cf262f1e1eb;0;2775a70da1a84f54900c3856958decca.jpg
picture.277962f1fb894f31a9e0c335280ea05b;outfit.c5b61903ca9849fe830fd86f7cb4da50;0;277962f1fb894f31a9e0c335280ea05b.jpg
picture.278098ec1ad14375af4107675701f0cf;outfit.8c4d4f54e42a4ca391913811b6d17ab0;0;278098ec1ad14375af4107675701f0cf.jpg
picture.27a00e5cb9ad4c5ea953b9c9e4abf8a9;outfit.00c68b581a95458991a876f791e739ab;0;27a00e5cb9ad4c5ea953b9c9e4abf8a9.jpg
picture.27a640ff7fb246fbb29f4a10ad138d5d;outfit.e698a404f52e43459098b6a320af234f;0;27a640ff7fb246fbb29f4a10ad138d5d.jpg
picture.27abadcf32c74d658c7dc0463848e75b;outfit.74034e464b524fad81e47ac5df3f4aad;0;27abadcf32c74d658c7dc0463848e75b.jpg
picture.27ac6c59e9ea407d8fcfa022f028a88d;outfit.50c5d21a8bb0414b9b8d7ae5d0f9754f;0;27ac6c59e9ea407d8fcfa022f028a88d.jpg
picture.27b75cb502514294a5f46fa47a654dba;outfit.771bbd515cd448c19ac2778c729e8e8a;0;27b75cb502514294a5f46fa47a654dba.jpg
picture.27c1886dd6b74c1e8f6fe543bf8c7a4c;outfit.83f7ed2dfaa11b7f;0;27c1886dd6b74c1e8f6fe543bf8c7a4c.jpg
picture.27c97ed94acb4e75992b8d5a6b9fe481;outfit.38ee7fbdbe9d430992b70d4e5e1a421e;0;27c97ed94acb4e75992b8d5a6b9fe481.jpg
picture.27cc5ccc3202400cba333d4b7f38b8a2;outfit.d24b8b64d37f4ea29ccc8aeb0c1bbb2f;0;27cc5ccc3202400cba333d4b7f38b8a2.jpg
picture.27d24ad9778947d8a52ac12a10d9674a;outfit.2204df2016c84afd873a1d7e09f6ec75;0;27d24ad9778947d8a52ac12a10d9674a.jpg
picture.27d360ee1b4048358a253c08c43e3c59;outfit.4448e1b8445d4f75803151b3794492b6;0;27d360ee1b4048358a253c08c43e3c59.jpg
picture.27f2dc25bcdb40d8b5e4e25d51f65674;outfit.4898f8ea3d4942e5bb9e1b63f07d163e;0;27f2dc25bcdb40d8b5e4e25d51f65674.jpg
picture.27fd48ef79ce4edca8a31fac50bae63c;outfit.88e9a4b11d284db686be6be18502f641;0;27fd48ef79ce4edca8a31fac50bae63c.jpg
picture.2803613d51e04276938d9216ab55b939;outfit.00ec4faf65344485a80b53a650badc79;0;2803613d51e04276938d9216ab55b939.jpg
picture.2811d783a8e2452a9483f29c581c0ddb;outfit.b5f45ee9fdaaa13e;0;2811d783a8e2452a9483f29c581c0ddb.jpg
picture.2837ebd0575a4765ab5c0bfed13ed820;outfit.afcfeb5d7cda41318a080365f05c9075;0;2837ebd0575a4765ab5c0bfed13ed820.jpg
picture.283fe5522d294198aa885e641f0ed6fb;outfit.260d02e82bbd415bbe1e18918e98e0b6;0;283fe5522d294198aa885e641f0ed6fb.jpg
picture.2849ab29921c4f6e8c944bdb91b8d92f;outfit.0e35a8a758734c2b98adfc8630b4e029;0;2849ab29921c4f6e8c944bdb91b8d92f.jpg
picture.284cb49c40ca43979177a1633f26d171;outfit.790f5da62cbc479694f4df750c3a76c7;0;284cb49c40ca43979177a1633f26d171.jpg
picture.28564a3d291b4636a71f427f462b5090;outfit.892c3befd668414cabc0bda22c3f48ff;0;28564a3d291b4636a71f427f462b5090.jpg
picture.2866d3370ec54476ba6f92d27a8c953a;outfit.95736bee85ac4163ad8a60e8e6a0ddf5;0;2866d3370ec54476ba6f92d27a8c953a.jpg
picture.2866ec4d0c4d4ef7b6aec2453047e410;outfit.8fda8ef6cb62ebcc;0;2866ec4d0c4d4ef7b6aec2453047e410.jpg
picture.2873135e00664647a302c9d8395412f1;outfit.09b4eec28e5c4672ae712982a2a32bfe;0;2873135e00664647a302c9d8395412f1.jpg
picture.2879966da05541d4b450d30900c54be5;outfit.bcdb248c57283524;0;2879966da05541d4b450d30900c54be5.jpg
picture.2887ff1db2e54967859b7470eeb7aa02;outfit.966d40d94c15445a8c0e51c0931e1a9f;0;2887ff1db2e54967859b7470eeb7aa02.jpg
picture.28941d6164ae49459a4f6d19865080bb;outfit.0a2ba9ba978f485d918a5fc89a032ddb;0;28941d6164ae49459a4f6d19865080bb.jpg
picture.2895da98f2954673a15016812cbcea16;outfit.a3546e9a63f72521;0;2895da98f2954673a15016812cbcea16.jpg
picture.28bad0b77010418cab6e711fdafadad1;outfit.edf9420758794d31a58d8e563dccd496;0;28bad0b77010418cab6e711fdafadad1.jpg
picture.28bc125d16694fb2bfb5b1f5bd996b02;outfit.0eefec8c0c33471d81035d9a79d1d455;0;28bc125d16694fb2bfb5b1f5bd996b02.jpg
picture.28c8f9e0a3bd4d8eb64a706c2033755f;outfit.9d97d017a5c747ac89d59efab886369a;0;28c8f9e0a3bd4d8eb64a706c2033755f.jpg
picture.28d9002ba1384e238002bdf273a8dffd;outfit.b6f7a925d774425ba1129f197694197b;0;28d9002ba1384e238002bdf273a8dffd.jpg
picture.28e4355927384c92a5525faadc4e52a9;outfit.8e5ef2b79973d23f;0;28e4355927384c92a5525faadc4e52a9.jpg
picture.28e4cc00cf6e450e9b99aa38fd00c0e2;outfit.b9344188bba8fbcc;0;28e4cc00cf6e450e9b99aa38fd00c0e2.jpg
picture.28f2a6930de640a486ba6e03c3e4cd30;outfit.1a0f1f1c709c467e89f48bca44130450;0;28f2a6930de640a486ba6e03c3e4cd30.jpg
picture.28f9d66a4fb4443aa77cd58ac5b9e303;outfit.408993ce568a4791a30e71e38ffce749;0;28f9d66a4fb4443aa77cd58ac5b9e303.jpg
picture.28fd9cb87c4545a5881553bdda524c18;outfit.8b6cfd197842456c9460f246e3779c99;0;28fd9cb87c4545a5881553bdda524c18.jpg
picture.2908577a07ad4d96a51c9d654e27c08a;outfit.8831dbbc9ac4aecc;0;2908577a07ad4d96a51c9d654e27c08a.jpg
picture.291b447637aa4c91846524d1520480e7;outfit.4b20b3ccd3cd41fe98d0225f47276e2c;0;291b447637aa4c91846524d1520480e7.jpg
picture.2943b7315f1e4465a6681161515fb060;outfit.2bb91a54c63d4f72a11a6ad7a00b35cf;0;2943b7315f1e4465a6681161515fb060.jpg
picture.294c3f26db244c9386be9013c6ba0ea5;outfit.26a9eb230d0b4820a0fcc230f0fe8cf2;0;294c3f26db244c9386be9013c6ba0ea5.jpg
picture.29585bf1d08d412ba49a221012f981be;outfit.4a4c3e2895e2437b8cda83c27064abba;0;29585bf1d08d412ba49a221012f981be.jpg
picture.2959b8f984074e45a50fc478be50cd60;outfit.369422f2e567409b88d925e916f3a555;0;2959b8f984074e45a50fc478be50cd60.jpg
picture.295b609c004d434098f00b38f193c899;outfit.92f2e542b76f7d6d;0;295b609c004d434098f00b38f193c899.jpg
picture.29739c734ae14c73bae71a7303f2a46d;outfit.006b61bc5e404f37a41b85e6ae915723;0;29739c734ae14c73bae71a7303f2a46d.jpg
picture.297d379751914955b487e5ff6ad073cd;outfit.9e90ada207a84d58941638aa284a4827;0;297d379751914955b487e5ff6ad073cd.jpg
picture.297d4ae5a7c84fd9946fb626ac09ac1a;outfit.875635fa72e9a84a;0;297d4ae5a7c84fd9946fb626ac09ac1a.jpg
picture.298b2898594e43d19340fb290c4c5d58;outfit.bc2d17659e8b4d6b8bae2675b1c9dcd9;0;298b2898594e43d19340fb290c4c5d58.jpg
picture.298de826c25c4c58b848f76b8179fb7c;outfit.bc490bc7db204af498825badd2d59285;0;298de826c25c4c58b848f76b8179fb7c.jpg
picture.299c469add254d04a231e2487c8e19b4;outfit.398089067b414b2d8d1c862f527936e2;0;299c469add254d04a231e2487c8e19b4.jpg
picture.29b03621312948b6af022ad603a17cb7;outfit.d72f9d58cad643e9964ced2cf3bd30a3;0;29b03621312948b6af022ad603a17cb7.jpg
picture.29b7eb9e85d9441c8d7b864b314e50ee;outfit.8ad0bb9029424a069f82d58c44b0d7fa;0;29b7eb9e85d9441c8d7b864b314e50ee.jpg
picture.29f2d873014e4d17941776908a78f7c5;outfit.1515a54502e34532a658bb12f419c557;0;29f2d873014e4d17941776908a78f7c5.jpg
picture.2a0306754b3b424692439c1734129ca4;outfit.305bde2827b34ff192d1271ddb0e50bb;0;2a0306754b3b424692439c1734129ca4.jpg
picture.2a05780032754a1f926f1bb09299abe1;outfit.aa10e3ab93793dc9;0;2a05780032754a1f926f1bb09299abe1.jpg
picture.2a09cae70eca46d1bd68e9166358a445;outfit.387c78501d144475a53e61c4043f1d62;0;2a09cae70eca46d1bd68e9166358a445.jpg
picture.2a139c94094a45dcae541dba9e9e08ed;outfit.7df2526a1c3c4b10b3017e7935c30629;0;2a139c94094a45dcae541dba9e9e08ed.jpg
picture.2a14a4a0b2644467b70a768b8d61b2fa;outfit.adc57b4886354fdcafea896cdd2609b8;0;2a14a4a0b2644467b70a768b8d61b2fa.jpg
picture.2a369c1edfc2476c9edf3da0cad748de;outfit.18463cd95aa04dbba9610a91b4f71be4;0;2a369c1edfc2476c9edf3da0cad748de.jpg
picture.2a424d2e48494d7fa03b0d424f4a6a4a;outfit.56e3cc906a444a569d6b057189a361bf;0;2a424d2e48494d7fa03b0d424f4a6a4a.jpg
picture.2a565540d5b7418f9cb2b774828c5a91;outfit.e3908cb31aeb463dbd473b3e4c03c14d;0;2a565540d5b7418f9cb2b774828c5a91.jpg
picture.2a57a6599b7042cdb219189c47e74fa7;outfit.aaca17b77fdc4a90b2f1a20631dd0dd4;0;2a57a6599b7042cdb219189c47e74fa7.jpg
picture.2a71ff3719f742649c533c5a7eebc143;outfit.29a4e469a1354981b601de67474f6d66;0;2a71ff3719f742649c533c5a7eebc143.jpg
picture.2aad167dfdfb4f1da3122185def03420;outfit.2b58c1736f264448af950c49ea4b5d14;0;2aad167dfdfb4f1da3122185def03420.jpg
picture.2ab26068807d458588fbf9d17534d4eb;outfit.beb5bb1ab69c3993;0;2ab26068807d458588fbf9d17534d4eb.jpg
picture.2ac7f663a8b64f80a17ea0b345ed5fe8;outfit.0765434fe76e4502aa76dbde3720d25d;0;2ac7f663a8b64f80a17ea0b345ed5fe8.jpg
picture.2ad0e3e25abc46f7a8a08ef8b8adb708;outfit.f904f5addd0f4a22863e3a689428b88b;0;2ad0e3e25abc46f7a8a08ef8b8adb708.jpg
picture.2ad752bf988b43f2b8e4cf5cd58b3cce;outfit.df1d0f1d24dc4629b4769b6a3dc89b43;0;2ad752bf988b43f2b8e4cf5cd58b3cce.jpg
picture.2ae0a8d1c2674722bdae49f5320102f7;outfit.55aa098dd93644fe961d0137a79adbea;0;2ae0a8d1c2674722bdae49f5320102f7.jpg
picture.2ae90444c6494b449b30bf32596b714f;outfit.676f2b8ab3894ff293c0fbd62398bc05;0;2ae90444c6494b449b30bf32596b714f.jpg
picture.2af1bc1f8e164fe2953eb62ebd9b10a2;outfit.f1a50d26ea6e4b81bc647433e60958db;0;2af1bc1f8e164fe2953eb62ebd9b10a2.jpg
picture.2af44294b52b44d4ba5d4e02ea756ef8;outfit.936eb041616341df8280dfaf0198cb02;0;2af44294b52b44d4ba5d4e02ea756ef8.jpg
picture.2af89b1b91014706b1ae71c1bed9f800;outfit.e1a782a63cf54c7aa654d30392da1daa;0;2af89b1b91014706b1ae71c1bed9f800.jpg
picture.2b10845599ab4e72aee9439dbf0f258a;outfit.03b18817e1894e588c3ae117a47d830c;0;2b10845599ab4e72aee9439dbf0f258a.jpg
picture.2b245ac6e4214e45bf9039293a24c817;outfit.eb6d1ea29ec44d2e83b626e244b8d5f2;0;2b245ac6e4214e45bf9039293a24c817.jpg
picture.2b2b8ba9dfb5430cb152dfc33b6db2c6;outfit.c69fd3c4befc43c08273d51d292c74e2;0;2b2b8ba9dfb5430cb152dfc33b6db2c6.jpg
picture.2b30acde53e241e7ae3cf060c6d31d76;outfit.2174208dffe5493fa440e48d290a11bb;0;2b30acde53e241e7ae3cf060c6d31d76.jpg
picture.2b46bf0b5e3249a390510d9af4b33260;outfit.386472f39b5b4a7082e407d6171b4036;0;2b46bf0b5e3249a390510d9af4b33260.jpg
picture.2b5a9ded9cc340c3935c8c37ccef46a8;outfit.a0a96262277c45ff82220ffe62a04f65;0;2b5a9ded9cc340c3935c8c37ccef46a8.jpg
picture.2b5e417b37c140718f3dfd4b313e6d9d;outfit.b8a404e6aad069ba;0;2b5e417b37c140718f3dfd4b313e6d9d.jpg
picture.2b9aaf6cd89445a7aaf0a8a17dd1593b;outfit.50fef96d33b04473aead4117f52c1338;0;2b9aaf6cd89445a7aaf0a8a17dd1593b.jpg
picture.2ba2e50b988541a88dbd41cdf85de306;outfit.955f2239f0b38561;0;2ba2e50b988541a88dbd41cdf85de306.jpg
picture.2ba78efd00184f8ca34a6a96e2440b6f;outfit.8594e5715536955a;0;2ba78efd00184f8ca34a6a96e2440b6f.jpg
picture.2bb4fc8fa66a4b0d8411e9e870397e69;outfit.f1545647b834426291f0de8408206ced;0;2bb4fc8fa66a4b0d8411e9e870397e69.jpg
picture.2bb668b4e11c4a69a3e2feb0878ffa5f;outfit.9cd6c1a82e884a77b55b6113de55fea7;0;2bb668b4e11c4a69a3e2feb0878ffa5f.jpg
picture.2bc226a19b77461bb7d799600c17bee8;outfit.0ed1568a6b6545e4932bee98c84aa544;0;2bc226a19b77461bb7d799600c17bee8.jpg
picture.2bc3ab24e2244832bec45c040f4f009b;outfit.3c7fb52f06a2409eb3b9b1587c8f6619;0;2bc3ab24e2244832bec45c040f4f009b.jpg
picture.2bcb80f12b894e35b237e4cae1511f64;outfit.4c4c5965b02c4457a057b341d33a5c71;0;2bcb80f12b894e35b237e4cae1511f64.jpg
picture.2be9c77ef0e94a749d06c35a5de849c7;outfit.3aec93f22b9a450ab7dfc26095abc609;0;2be9c77ef0e94a749d06c35a5de849c7.jpg
picture.2bed41dae0dd4e758f2910abb298fd66;outfit.484e1d365d5b4f91adff228b6e9204b8;0;2bed41dae0dd4e758f2910abb298fd66.jpg
picture.2bf93c045a5e4b59abb32ce3ce4c26f8;outfit.2ea096cf542544bcb75743104ad4e9b0;0;2bf93c045a5e4b59abb32ce3ce4c26f8.jpg
picture.2c06acf639654562aa2d5050f2a517f4;outfit.13830724df15455ebac964c87af6997e;0;2c06acf639654562aa2d5050f2a517f4.jpg
picture.2c09c055c81e4a8eb35999497c29ae79;outfit.9e371154c9be4c08b587ea8e5da833b3;0;2c09c055c81e4a8eb35999497c29ae79.jpg
picture.2c193150d5664a85a17f8a80eab7d8cd;outfit.a7b955473f2248a8a818455cb08c9e79;0;2c193150d5664a85a17f8a80eab7d8cd.jpg
picture.2c1956bbc5d943438cbbc459977da4b4;outfit.936f3862e0395377;0;2c1956bbc5d943438cbbc459977da4b4.jpg
picture.2c19b05c664d4823901c4894bada5f16;outfit.bff1e6d642824c8387d567c03f0b1d83;0;2c19b05c664d4823901c4894bada5f16.jpg
picture.2c25c24baac24b368070deb52a420b98;outfit.6a0ee820e93d45bb86077aa56e1c231a;0;2c25c24baac24b368070deb52a420b98.jpg
picture.2c3c9fa64561488d8b38308fe2c98706;outfit.2e4ccc3463a74e7cb674e891ca098271;0;2c3c9fa64561488d8b38308fe2c98706.jpg
picture.2c431ca536cd4a43842a01a6af30fe7d;outfit.157923448c7241dba927c9d99bbeca0d;0;2c431ca536cd4a43842a01a6af30fe7d.jpg
picture.2c471caf5f2046aa8d2d695c3cf1ba4c;outfit.47875ce75a2846c29607b0c39bf03327;0;2c471caf5f2046aa8d2d695c3cf1ba4c.jpg
picture.2c4cae48c82443daad9e90b08e5026f9;outfit.5862a9386cbc4ff29e9892f49274c243;0;2c4cae48c82443daad9e90b08e5026f9.jpg
picture.2c4f1f3ca4324602ad6c937d077ee6a5;outfit.ac3e4eefb550471989769e1e4d1683d1;0;2c4f1f3ca4324602ad6c937d077ee6a5.jpg
picture.2c69fc09423d478ea3aad16b03f85b25;outfit.50968c211b5941648f6519e289b84da7;0;2c69fc09423d478ea3aad16b03f85b25.jpg
picture.2c95f3320c0a454d913bd4dfdb9b974a;outfit.03d688ca88f84e89aeb31592d6394247;0;2c95f3320c0a454d913bd4dfdb9b974a.jpg
picture.2c9c5fb2e20d499995671b6448066686;outfit.7abb8ad021294be3863e5ea746538347;0;2c9c5fb2e20d499995671b6448066686.jpg
picture.2ca4364f67bb4a43ae71e62c801e8ad1;outfit.838393c0f12c45068f90821c83acac89;0;2ca4364f67bb4a43ae71e62c801e8ad1.jpg
picture.2ca515092e0241e0906ca380ee06f300;outfit.811eea1f363f4d37;0;2ca515092e0241e0906ca380ee06f300.jpg
picture.2cd0f8f0e3704850b25e7641a094ca56;outfit.202c5658aee14e4180cd074aa81842a1;0;2cd0f8f0e3704850b25e7641a094ca56.jpg
picture.2cd4ccab6c744b70897d422ce5a84826;outfit.e608f9225d314a12a390b165d222cc28;0;2cd4ccab6c744b70897d422ce5a84826.jpg
picture.2cd8d87055e149e180bd8b014ce10707;outfit.ac93e6bc39c341dd9592de80ee57e522;0;2cd8d87055e149e180bd8b014ce10707.jpg
picture.2d05d245ab7e49248edf787ecbfdc2be;outfit.a40883a05a5d406b985e7ad5451a61b8;0;2d05d245ab7e49248edf787ecbfdc2be.jpg
picture.2d10df98fb7a4f1fa388577e53d9ae88;outfit.defda56477d1496dacd7a61e447be9c4;0;2d10df98fb7a4f1fa388577e53d9ae88.jpg
picture.2d1e0b3fd67746d198ef8791a1dfba84;outfit.4d15ca1915cf4639a9029a016640f7da;0;2d1e0b3fd67746d198ef8791a1dfba84.jpg
picture.2d230682a46845cea3c2152dad222bea;outfit.6382007b5e4e4e5ba3ddd8571427ecb6;0;2d230682a46845cea3c2152dad222bea.jpg
picture.2d42fb7c49554090a41a8aec183446cc;outfit.48dec5565f454acf903fe1ce1f41a39e;0;2d42fb7c49554090a41a8aec183446cc.jpg
picture.2d5466b106074e039f10a518eed066eb;outfit.bb35c791b2bfa191;0;2d5466b106074e039f10a518eed066eb.jpg
picture.2d686d9a148d4c0aa3a57000cf81672f;outfit.053819ce75c94bf5a0686ee4d43da4c7;0;2d686d9a148d4c0aa3a57000cf81672f.jpg
picture.2d687d0c31284c8684664578a51d83e8;outfit.3f9b25249293481cac7469b68f545c7b;0;2d687d0c31284c8684664578a51d83e8.jpg
picture.2d7bbd0b5757454da3a6f5970af54f1c;outfit.b619ba973b4b49d79c89863737097ab3;0;2d7bbd0b5757454da3a6f5970af54f1c.jpg
picture.2d82fac1e9954b7aa97b7e910504eaac;outfit.cdca688f6a2b48c598ce6c5459088301;0;2d82fac1e9954b7aa97b7e910504eaac.jpg
picture.2d843d30642543bfbb665d953325fbba;outfit.74ab95aa86ea40c484d1b833605eecc7;0;2d843d30642543bfbb665d953325fbba.jpg
picture.2d88b0225cc04a6cb309a0f49c72fd3c;outfit.d996a07dfe044baaae7e995c4e6d67a9;0;2d88b0225cc04a6cb309a0f49c72fd3c.jpg
picture.2da647460c94476ab068069df25b4fe5;outfit.113cdf3f57984c3a9cc75afd5bf45c03;0;2da647460c94476ab068069df25b4fe5.jpg
picture.2dcf20038e9145cd8de3573c2cf3ad25;outfit.65d319260c9e49369ee53b603caa89f0;0;2dcf20038e9145cd8de3573c2cf3ad25.jpg
picture.2ddf6b8f232e485e9a4eee9c66c58ffc;outfit.9d2ae3e74d7f4d9bbde82be334a3a21b;0;2ddf6b8f232e485e9a4eee9c66c58ffc.jpg
picture.2df0b15c8a79478fa04b6e65f95411f5;outfit.a0a46d933783476c9109aafdeeeb550e;0;2df0b15c8a79478fa04b6e65f95411f5.jpg
picture.2df579b596c440e580210a51eb1792a5;outfit.9c255f602b1e4455a79e0fe0cee938c1;0;2df579b596c440e580210a51eb1792a5.jpg
picture.2df6c3289c98486da5ba1c782be68c02;outfit.d363ee8631554dccb9ced5babed2ce6a;0;2df6c3289c98486da5ba1c782be68c02.jpg
picture.2dff0f26899c45a084f82f09495191b2;outfit.fc3f7855aa394fa5945bc8d90b6eee95;0;2dff0f26899c45a084f82f09495191b2.jpg
picture.2e01ada602b1462d86e11c794579c723;outfit.394d965b33b8430692c31984bf51e554;0;2e01ada602b1462d86e11c794579c723.jpg
picture.2e1ff58f95084d0f883b6de18e28ca7c;outfit.27a162bde20b4961ba8d94a8828e036b;0;2e1ff58f95084d0f883b6de18e28ca7c.jpg
picture.2e2f06a96b944d778dc02bd4b01c5f54;outfit.49e0781692bf413fb78ecfe466524e36;0;2e2f06a96b944d778dc02bd4b01c5f54.jpg
picture.2e3892ba57924be1bed4e7690962cf51;outfit.fc18564205bd40c8bdcd638e83f45ed7;0;2e3892ba57924be1bed4e7690962cf51.jpg
picture.2e45c0edb0cc4c4f819b0ce33d0aac68;outfit.2802e9d00cc84b788fd1184e5be2fe03;0;2e45c0edb0cc4c4f819b0ce33d0aac68.jpg
picture.2e4a6b2fb5be4a8aab12d5399e4ba97f;outfit.9a6b734068749450;0;2e4a6b2fb5be4a8aab12d5399e4ba97f.jpg
picture.2e4f1ce5334c489ea521dde1c4d61b72;outfit.4b74d298e876434d8b3240e784ae38b5;0;2e4f1ce5334c489ea521dde1c4d61b72.jpg
picture.2e5f75263cb74be690c65c0dcf298b67;outfit.01299c3ba3e5499d81d3bd951608de31;0;2e5f75263cb74be690c65c0dcf298b67.jpg
picture.2e607bef4fb4405aa380bbb997e935e0;outfit.aac9da3df1d5b519;0;2e607bef4fb4405aa380bbb997e935e0.jpg
picture.2e68454de7f941eea02b56084b0042ed;outfit.9a8a18eecd5649eda11bf75987a90efa;0;2e68454de7f941eea02b56084b0042ed.jpg
picture.2e7e1c0f078242538a5ce542897ed727;outfit.d601b0879a3a43b2ae6ff76706b2510d;0;2e7e1c0f078242538a5ce542897ed727.jpg
picture.2e81cea37b7d441abf66cd655cde9c3f;outfit.1642071c303e44a19ce63dfbbf8384bd;0;2e81cea37b7d441abf66cd655cde9c3f.jpg
picture.2e8bd5ac89634b3db8ded5f02536a398;outfit.cf1d104fc65c4fd987d195e2a58e588a;0;2e8bd5ac89634b3db8ded5f02536a398.jpg
picture.2e9ccda006974ff2be69c912c60af83c;outfit.b5e0008d5ea22068;0;2e9ccda006974ff2be69c912c60af83c.jpg
picture.2eaca27a4fdc41afb65d8d312ecf882f;outfit.63e5bdaff1b343328fbe6a01b518c546;0;2eaca27a4fdc41afb65d8d312ecf882f.jpg
picture.2eb0005d70b5459aa93103eb3bd6c8be;outfit.bef1cf2e05fe40709accfbc38e9a0a30;0;2eb0005d70b5459aa93103eb3bd6c8be.jpg
picture.2eb1a56e0f8a464f81bf2d15bebf70ae;outfit.bc206d94b57448cda9406458a264710d;0;2eb1a56e0f8a464f81bf2d15bebf70ae.jpg
picture.2ebe0c17a106479a9321d093e49dc456;outfit.0630ef7d996d4c489b4e54e85bd09e5a;0;2ebe0c17a106479a9321d093e49dc456.jpg
picture.2ebeaafe85864906a34ca2660df9f672;outfit.6000d807dc2b49ef94692e5f07a171f3;0;2ebeaafe85864906a34ca2660df9f672.jpg
picture.2ecaf7d158884eccb0fcf7a532ae9bfd;outfit.df04bf46dbd54868a63d2db542a5fa3d;0;2ecaf7d158884eccb0fcf7a532ae9bfd.jpg
picture.2ed807db7ff04b63b1a464626b852c0f;outfit.503dfd75a3f84d38901d135120cdf40b;0;2ed807db7ff04b63b1a464626b852c0f.jpg
picture.2ee4b6c4900b49079a8f74ddfe849c53;outfit.53bf6ed2516f473a87497e8170d4c8e1;0;2ee4b6c4900b49079a8f74ddfe849c53.jpg
picture.2eeec8e5436640e1a391b7acb092519c;outfit.b1006d213be64405940960dc44274caf;0;2eeec8e5436640e1a391b7acb092519c.jpg
picture.2ef2144880fb4b5e8498aef4c5aaedd8;outfit.9e20be28268142a1a6a917fe7ae1b237;0;2ef2144880fb4b5e8498aef4c5aaedd8.jpg
picture.2ef37ed1c1794dca8c7a2c352d51d058;outfit.da7886916bfb4f4dae18d06d28aca900;0;2ef37ed1c1794dca8c7a2c352d51d058.jpg
picture.2ef489e58af34d568429f29e2ef36fde;outfit.d0c649c31ecc49a18d0cf19d7270073c;0;2ef489e58af34d568429f29e2ef36fde.jpg
picture.2f00009ca5684920aeef83c43c01d948;outfit.3f51dbc828b74034899009dd1a0177b5;0;2f00009ca5684920aeef83c43c01d948.jpg
picture.2f00f6d999ea4b399948cd8b1221170d;outfit.7b4f2169219844b0841ffb1a8c602ee2;0;2f00f6d999ea4b399948cd8b1221170d.jpg
picture.2f13661abc0042a1b9d267a68ebb84af;outfit.9a5981fd3a144502ac388d59fcd55fd6;0;2f13661abc0042a1b9d267a68ebb84af.jpg
picture.2f17ecd512fc4647a1a29fdf8e08fa08;outfit.97228689c245bc79;0;2f17ecd512fc4647a1a29fdf8e08fa08.jpg
picture.2f1b2079f5fb476dad5ce85bc4b5a3c1;outfit.645253cbcd81420fac17364b8f66426a;0;2f1b2079f5fb476dad5ce85bc4b5a3c1.jpg
picture.2f23d85cab50475886e44b8fd3f74838;outfit.37dfcefd9016441b96537a6b3de58e29;0;2f23d85cab50475886e44b8fd3f74838.jpg
picture.2f2913b3eb4242c18869217d6898ca7d;outfit.6fd4e1ca2f474faa9366763ac28adb3c;0;2f2913b3eb4242c18869217d6898ca7d.jpg
picture.2f342e74ae114fbfbfe561e5ce7c631d;outfit.33af134887eb422baed2c7207f9cd5bc;0;2f342e74ae114fbfbfe561e5ce7c631d.jpg
picture.2f386ebc7a2e46ca86db36d29b7a944c;outfit.588d78c7613f4e10b418317946a7a186;0;2f386ebc7a2e46ca86db36d29b7a944c.jpg
picture.2f3d9eadfb8444aea20e47b5331b6ded;outfit.db13e9deae904483bed85c8358f81a8e;0;2f3d9eadfb8444aea20e47b5331b6ded.jpg
picture.2f4e5d0ed3694a84a51ba86fcc3d6ad6;outfit.9288ff153f8d405e89ce6b6cfd08171c;0;2f4e5d0ed3694a84a51ba86fcc3d6ad6.jpg
picture.2f52ec93d4034eab92e2fcbc63da8b25;outfit.c154cf7df2ef4021bb2f3725dd01ad8d;0;2f52ec93d4034eab92e2fcbc63da8b25.jpg
picture.2f5db9e8cbbc409babea24985a4c9932;outfit.9373e29ec69b488d9cbb22abfaed3b0d;0;2f5db9e8cbbc409babea24985a4c9932.jpg
picture.2f631f688fa040d2ad467b8e847aad0c;outfit.32684b5443394c4a91606c9aab8d3cdb;0;2f631f688fa040d2ad467b8e847aad0c.jpg
picture.2f652a5d762b4c96a6019e481840a1a2;outfit.af314667889c49cfab85a0e890642a31;0;2f652a5d762b4c96a6019e481840a1a2.jpg
picture.2f80adf21d7c4bd9a1d500e5df7220eb;outfit.cf7f6a83f16a490aa765d3ead2b2b82e;0;2f80adf21d7c4bd9a1d500e5df7220eb.jpg
picture.2f8a9bd6b17b48aabd812613f100128e;outfit.e457a3fb8aeb44b99d9ebae19bab9fae;0;2f8a9bd6b17b48aabd812613f100128e.jpg
picture.2f8c6ec2b67043ef96509e610e5b3234;outfit.18aab8c241324685bff0b4d2afffd4d2;0;2f8c6ec2b67043ef96509e610e5b3234.jpg
picture.2f8cb13eda70417fa4fd56eeb31addb4;outfit.fb060da6c30143fd9735e8fd364910e0;0;2f8cb13eda70417fa4fd56eeb31addb4.jpg
picture.2fa8d3390b704ecd8bddeecbeeb1bc01;outfit.7e3fe1b3b1dc45909d172224682a28f1;0;2fa8d3390b704ecd8bddeecbeeb1bc01.jpg
picture.2fbb569d4f074a7d86df76bc69201cb8;outfit.b9311cecf65f795b;0;2fbb569d4f074a7d86df76bc69201cb8.jpg
picture.2fc8c2517d1e478882092a0165718c0a;outfit.d4220f5dd22c4d409d8121e26b11dc99;0;2fc8c2517d1e478882092a0165718c0a.jpg
picture.2fe055def6224bda8fcd856f9fdb9079;outfit.b51ab929ce045cce;0;2fe055def6224bda8fcd856f9fdb9079.jpg
picture.2ff8114aec8e444aaf0bb694a421ef86;outfit.bccadadafedf47d8b394517cf1668424;0;2ff8114aec8e444aaf0bb694a421ef86.jpg
picture.300599d5d10d4f1494c5b14c8e6bcdf4;outfit.1b3e2ad0256b4c839afe49dcfcd50b40;0;300599d5d10d4f1494c5b14c8e6bcdf4.jpg
picture.3007e0e641f346779c0b931a6825d65e;outfit.ba142263ccbf4c89848b29f8eeea4651;0;3007e0e641f346779c0b931a6825d65e.jpg
picture.300976beaf644324ad4325220d4ce9ea;outfit.88a780cac1d40972;0;300976beaf644324ad4325220d4ce9ea.jpg
picture.300c67f0aecc4dc29d13fcc139b0a36c;outfit.cc4dd7a33afc445a80ad7abe86bac3b0;0;300c67f0aecc4dc29d13fcc139b0a36c.jpg
picture.3010eac856f14510a40b1cce49ef0a87;outfit.ba6583e00b16b4b4;0;3010eac856f14510a40b1cce49ef0a87.jpg
picture.301bbd29541f456a94582bf5460c1bbb;outfit.61e4f014e9874d7e9329c11423d49bfb;0;301bbd29541f456a94582bf5460c1bbb.jpg
picture.304986ff58f94d77a354a4d7657aaad2;outfit.b57192599a0d41f8ab735f40942f16c1;0;304986ff58f94d77a354a4d7657aaad2.jpg
picture.304f6cb54cf245a9b592b37c712967c1;outfit.15c97a5fde81407f8cd5be88a178efdc;0;304f6cb54cf245a9b592b37c712967c1.jpg
picture.305076dceb39448ba0761f637307ad0b;outfit.c012d37926b545bf90d7c4a0c5634696;0;305076dceb39448ba0761f637307ad0b.jpg
picture.30707f367a3849488492465eb2c78f7d;outfit.2a4decf449b64584804dad1d704f4ef1;0;30707f367a3849488492465eb2c78f7d.jpg
picture.308422f76c1643aabf09aaf74d3920a9;outfit.84490bc64ffe4c6db02a6eef76219f1e;0;308422f76c1643aabf09aaf74d3920a9.jpg
picture.309fa1ee87ef4a55aa929bf514167a42;outfit.17996f09f2a84c078a7b0bd718bcddd6;0;309fa1ee87ef4a55aa929bf514167a42.jpg
picture.30b211c190f64f569dac762a403765f8;outfit.233cc1a575934df38cc3c307901345e5;0;30b211c190f64f569dac762a403765f8.jpg
picture.30f6893f9c964d5ea7323c44d50ff272;outfit.efd56ebc3a124733bae26839f3042ede;0;30f6893f9c964d5ea7323c44d50ff272.jpg
picture.30f9bfb051c34b1ca2110d6b29ad0ed8;outfit.1c434db5b4cc42b8a656625c4d93fba4;0;30f9bfb051c34b1ca2110d6b29ad0ed8.jpg
picture.3102ed7e2c98427a992dc03aae39be29;outfit.2f5f6f70329640ac99f0d10f72543e1a;0;3102ed7e2c98427a992dc03aae39be29.jpg
picture.31099900f46748a28908d8b1ee95322b;outfit.b8d5df5f249150ce;0;31099900f46748a28908d8b1ee95322b.jpg
picture.310e8501595e4a59a4d9d07a572ce27d;outfit.f3067ef490224ffba4c9a8b16458c624;0;310e8501595e4a59a4d9d07a572ce27d.jpg
picture.3128968b96d3415db47e554fbf960848;outfit.8db90f1e88eb432e9422eaf57fc55562;0;3128968b96d3415db47e554fbf960848.jpg
picture.3146101bfd7d4a00ae131c45ad0d0625;outfit.ddd870ed06d64892af526d056b438894;0;3146101bfd7d4a00ae131c45ad0d0625.jpg
picture.314681f4d6a74acc89a247a8f5ca880d;outfit.25847fedcdc640569e0b07e0b38fef30;0;314681f4d6a74acc89a247a8f5ca880d.jpg
picture.315da92713074237ab6acd2aa5da2a02;outfit.756c7b6b56d64e75a760eefb71b200ce;0;315da92713074237ab6acd2aa5da2a02.jpg
picture.316251f4c17941ba8e05cf154682dceb;outfit.c9ba76ae33c44aa5a06b23a4e4229fb1;0;316251f4c17941ba8e05cf154682dceb.jpg
picture.3184a7dc55b54033b44f3f686d37c126;outfit.dbfedaf11d78498fb877e892e0c9a5c7;0;3184a7dc55b54033b44f3f686d37c126.jpg
picture.3185d0e3868a4882b7fb3a22c193c4a0;outfit.b671b224915f0b73;0;3185d0e3868a4882b7fb3a22c193c4a0.jpg
picture.3191d1b2ca114ca38cdb57c9c5db1d51;outfit.e7f85074d17849e8acb4fa1eaa62bcf0;0;3191d1b2ca114ca38cdb57c9c5db1d51.jpg
picture.31b509c261a74184ad54d66775abe2e6;outfit.a81022a3c0064b83a78615ebb9ffd109;0;31b509c261a74184ad54d66775abe2e6.jpg
picture.31cdedb23f3944af9cdd6cba2134b364;outfit.0e1bd47c2f09419d84217b3a6b5e265f;0;31cdedb23f3944af9cdd6cba2134b364.jpg
picture.31edee92bd574562bcca30bc80fb7f4c;outfit.8edf7dfac9374a0da611edb9dbc5a62c;0;31edee92bd574562bcca30bc80fb7f4c.jpg
picture.3203c9a2127b49ec8bb129ac6d55ffd4;outfit.b809fe3003f76644;0;3203c9a2127b49ec8bb129ac6d55ffd4.jpg
picture.321751e19796402abac60ed1b640ef49;outfit.92396971987c812b;0;321751e19796402abac60ed1b640ef49.jpg
picture.321985658468467692656b5cda8c0228;outfit.3b2ed909c25f4ba28abf27a3ba98f5d0;0;321985658468467692656b5cda8c0228.jpg
picture.3228fd932a7d43208a7f40742d92a91b;outfit.44e9f273236b4ecd8185e5853fb2ef34;0;3228fd932a7d43208a7f40742d92a91b.jpg
picture.32294e43513245d999742eb734745485;outfit.34bd3ce2dd644974b9e945a8d91d8bca;0;32294e43513245d999742eb734745485.jpg
picture.324217a0bb854063b3349b61bb146587;outfit.e653ec25eed74f058794c2aa846b8c9e;0;324217a0bb854063b3349b61bb146587.jpg
picture.32682596a006434fb5ae290b9f466cf6;outfit.af879b315e9e04fc;0;32682596a006434fb5ae290b9f466cf6.jpg
picture.3277bc08dd924a80b43053bb5e7cd3c3;outfit.2701e5369cbe4015a19e9074113cb899;0;3277bc08dd924a80b43053bb5e7cd3c3.jpg
picture.3287a25a9ab34cc192a4000d1256ec15;outfit.cdf556b326334303a52f2df9eb42dd3a;0;3287a25a9ab34cc192a4000d1256ec15.jpg
picture.32a247c7ca7549218812f86170149848;outfit.609f102d66db422da0587164e5faba1a;0;32a247c7ca7549218812f86170149848.jpg
picture.32a5d44f40e644ddb6a653490c48ef0a;outfit.9956752d78a44dea91307b82661d85aa;0;32a5d44f40e644ddb6a653490c48ef0a.jpg
picture.32c5b39ed37e4cc08a1a5a7fb4ee0422;outfit.b062ee4767104d919307a2d539bb2c39;0;32c5b39ed37e4cc08a1a5a7fb4ee0422.jpg
picture.32ca038d8ac1475cb7f2e626ce603711;outfit.24204aa044c44df084bf383e731cc535;0;32ca038d8ac1475cb7f2e626ce603711.jpg
picture.32d92a127bce4f81a619e76a5d23d145;outfit.9a5a00800acbac31;0;32d92a127bce4f81a619e76a5d23d145.jpg
picture.330fa8921f1547f2a055b059413e5e3d;outfit.b1bce95db2fd4e28befe26b0a6985c73;0;330fa8921f1547f2a055b059413e5e3d.jpg
picture.331dabddeac34458adc29d94b97da439;outfit.b2f9d48f3d4c4549b8d51fcd04979a79;0;331dabddeac34458adc29d94b97da439.jpg
picture.332426eb3de84f06b33f8398aaaf6478;outfit.c5f49a672e194b7baa081a2776a0d374;0;332426eb3de84f06b33f8398aaaf6478.jpg
picture.3351ddef622f47869f251330120d90a5;outfit.52b8cb4f39194f9c88906c99bb9d8dc3;0;3351ddef622f47869f251330120d90a5.jpg
picture.335663f51d134559a9125e70c56c647c;outfit.3a5aeafe771d488f84bc18af5db17114;0;335663f51d134559a9125e70c56c647c.jpg
picture.3392c67031ca4381b9ea4d3fdc6a0de2;outfit.e8df4af3451c46e5940238065ee6b401;0;3392c67031ca4381b9ea4d3fdc6a0de2.jpg
picture.3397db1f854a4f318d6d5c70abf3d86c;outfit.9d470d5e4955bb54;0;3397db1f854a4f318d6d5c70abf3d86c.jpg
picture.33a073cdac3b429db08bf6bee165596a;outfit.4295344ef7464599b0e1698740582792;0;33a073cdac3b429db08bf6bee165596a.jpg
picture.33a40e8f839e49eba82ef0c89a0751dc;outfit.b934e446df5c498bb47e93a83c8bbc5e;0;33a40e8f839e49eba82ef0c89a0751dc.jpg
picture.33bf5822d6d94b648eca6edaa2af7315;outfit.570e39c8d9f04224ad7f780cb584a3b1;0;33bf5822d6d94b648eca6edaa2af7315.jpg
picture.33d61fced28a4c64a4f24bcc13f8e0eb;outfit.7cff339e7950448c8485a2b44205adc0;0;33d61fced28a4c64a4f24bcc13f8e0eb.jpg
picture.33dea86e2a9c4de0b35511deaa3994a8;outfit.87fb9fcfccd243e6b5ae92991f5c9d49;0;33dea86e2a9c4de0b35511deaa3994a8.jpg
picture.33e8614182ff4bdf8c11d720892af316;outfit.cb626f52e7bc499ca0df86382ce75683;0;33e8614182ff4bdf8c11d720892af316.jpg
picture.33ecd6e22bdf4da480b9abd9c1a7c140;outfit.f117abdc31004fb78d287f00122747a5;0;33ecd6e22bdf4da480b9abd9c1a7c140.jpg
picture.33f7b0201eab4532b67c90f72c15f6bf;outfit.884baebe6e734dab8add17543073a9b7;0;33f7b0201eab4532b67c90f72c15f6bf.jpg
picture.340a0578e32e44a3b9dacf120fd3b6d1;outfit.19b65a13d33c4f0dae36ace48aec7bc1;0;340a0578e32e44a3b9dacf120fd3b6d1.jpg
picture.3423215becd24e2b982d4da36eee7222;outfit.f687126a10584fb5bb3ddcb1fc9ffae9;0;3423215becd24e2b982d4da36eee7222.jpg
picture.3450a504e5014f5d9170e81029b19e01;outfit.38ef91e51ef14bb19df9094a40bcb7f7;0;3450a504e5014f5d9170e81029b19e01.jpg
picture.345b0dbc689544e0a8d9eb30085c8a18;outfit.edf01c8ca8f64059a8afaf72b4ba5eb3;0;345b0dbc689544e0a8d9eb30085c8a18.jpg
picture.3460acf4c6c448d5bff01be35f4d236a;outfit.c52099f0269e4b6ebd66b79d3cca1d01;0;3460acf4c6c448d5bff01be35f4d236a.jpg
picture.346299f043db47d8b907579e0b1d0f62;outfit.ac8b21f80afdc025;0;346299f043db47d8b907579e0b1d0f62.jpg
picture.3495cd03a7cb46b7a3d3829f2a048d75;outfit.074a10af152c489ab0ecd8d67fa60fb9;0;3495cd03a7cb46b7a3d3829f2a048d75.jpg
picture.3496ad67705445e2a324a671fc5e3491;outfit.106726e45449496989051f9f0ff73af0;0;3496ad67705445e2a324a671fc5e3491.jpg
picture.34aef40428464b5d891df35adf1abefa;outfit.337f6a0507d640eb8561d28d58cf2f65;0;34aef40428464b5d891df35adf1abefa.jpg
picture.34dbb073a2b747c7be57fcc299155998;outfit.2d7ae0bf1f84410fa230df577c9ead8a;0;34dbb073a2b747c7be57fcc299155998.jpg
picture.34e663dbb4364976bc9bbca366639b1f;outfit.4c96620b5f444f05adcd28bcfd3861d5;0;34e663dbb4364976bc9bbca366639b1f.jpg
picture.34f3cfe9d8f3424091ce300907dd383c;outfit.086c9043a69b40659f1a510d8c47ef65;0;34f3cfe9d8f3424091ce300907dd383c.jpg
picture.3502ab0d0c8b4afb87110dc72c90a504;outfit.a9cd4913d4d043c1803b8f7dec42d143;0;3502ab0d0c8b4afb87110dc72c90a504.jpg
picture.3503c49865f5444bb7c72e573aa302bc;outfit.1f0ae1de64a54ab8ade3151460b27eb6;0;3503c49865f5444bb7c72e573aa302bc.jpg
picture.350e2276fb8d4476bcc992a9096eeddb;outfit.900dd323358401b1;0;350e2276fb8d4476bcc992a9096eeddb.jpg
picture.351f636dcf89451aaf6bce71ace4e6c7;outfit.31c50265a96d4e49aa5394db37e039f2;0;351f636dcf89451aaf6bce71ace4e6c7.jpg
picture.3528e7a017744bc295a341b584ccf85d;outfit.648dfae980884d3ab831ced525815111;0;3528e7a017744bc295a341b584ccf85d.jpg
picture.3537c55fd93443b789d4167fd30fff14;outfit.75f72fc891604734a37a5ab96b006367;0;3537c55fd93443b789d4167fd30fff14.jpg
picture.3543b95fe6084dc196e915a54d866f7f;outfit.cc30aac83a794a269779fc0b2984abba;0;3543b95fe6084dc196e915a54d866f7f.jpg
picture.3544a83d39cd41ac868831f4f78f210f;outfit.97ec221c84bcfbe3;0;3544a83d39cd41ac868831f4f78f210f.jpg
picture.3547b30a695748469de788fee19e8d61;outfit.961a17ab05934b81a815e365bfe692d4;0;3547b30a695748469de788fee19e8d61.jpg
picture.356a46abc929425795546870a7cda272;outfit.09ed7d853d264be0b707417f8ee4630d;0;356a46abc929425795546870a7cda272.jpg
picture.3586d0f6e88c49e7abb44f4287eeb959;outfit.0fb3e70ac4cd4f60bbf584d3c075e8ed;0;3586d0f6e88c49e7abb44f4287eeb959.jpg
picture.35ae75e57167419683df5c1ddf2a8aa3;outfit.02323792c3fc471186d9e7c2debd393b;0;35ae75e57167419683df5c1ddf2a8aa3.jpg
picture.35cd5e2a1f2f4fbf968870a321023d50;outfit.148764d766b94842ab69e411e8bb3e75;0;35cd5e2a1f2f4fbf968870a321023d50.jpg
picture.35fb847edce24c3ebc6fc1741806880f;outfit.9effdad18841495bbd9239449480334c;0;35fb847edce24c3ebc6fc1741806880f.jpg
picture.362db7a00d75470c8c72d15dc6ecf6af;outfit.9d23dc455c9c4837a3fe26931f944833;0;362db7a00d75470c8c72d15dc6ecf6af.jpg
picture.365865658c7d4045b4da578f42b3d2ab;outfit.d1d9c6d189744cd29dbf2a778da4c399;0;365865658c7d4045b4da578f42b3d2ab.jpg
picture.366083f594fe4494b306d6508a7d86bb;outfit.51cc1780e9ef4f33ab4f532f36dc808c;0;366083f594fe4494b306d6508a7d86bb.jpg
picture.366ec95bd9ee401abe7f54e8ee8970a4;outfit.b068cf45c37e4aeaa1cff939a86e759f;0;366ec95bd9ee401abe7f54e8ee8970a4.jpg
picture.3676efc0456148aaa585884a8b7baa59;outfit.4bd8e39e3d5442c4b76dcd9797725b38;0;3676efc0456148aaa585884a8b7baa59.jpg
picture.368276d5f50c4b9da41c35a3259fd381;outfit.84cd1706c63f4fb686232cb5d102d36c;0;368276d5f50c4b9da41c35a3259fd381.jpg
picture.368dfece870947cfbed19648d90c8310;outfit.a743bd93e1a86501;0;368dfece870947cfbed19648d90c8310.jpg
picture.36977e915c8948e791c9b48698bcb170;outfit.caee00d04a954a69a3cca9e02cf67440;0;36977e915c8948e791c9b48698bcb170.jpg
picture.36a2752ed53844b5ba8ccbecde94f6b3;outfit.57d3d071648f425f900f33b203e013c8;0;36a2752ed53844b5ba8ccbecde94f6b3.jpg
picture.36a370932a294f9bb770854b4278e08d;outfit.9b7f4ea284e640d19bb177049cd1c7af;0;36a370932a294f9bb770854b4278e08d.jpg
picture.36b2466f66214bfb9bc9f9fabb2aa171;outfit.8ce5135b3dc65f9f;0;36b2466f66214bfb9bc9f9fabb2aa171.jpg
picture.36c93468ebca4a33a940f4031618831d;outfit.0e79f46fd9f344bdb7c714ffce9e98aa;0;36c93468ebca4a33a940f4031618831d.jpg
picture.36c9a8c7f5bf4a4584984d56b285970d;outfit.99d3c1ea30367e62;0;36c9a8c7f5bf4a4584984d56b285970d.jpg
picture.36e899f21dda4a6e80eee9f386b2b7c0;outfit.127cbdac62d948a1827499f13034becf;0;36e899f21dda4a6e80eee9f386b2b7c0.jpg
picture.36fd510ed7f64cf2bbbe7d480e3d8e92;outfit.202a077f59e24515a34049036c7013ac;0;36fd510ed7f64cf2bbbe7d480e3d8e92.jpg
picture.370a08989b21404aa389e4f4fe636075;outfit.8f3fe842c52af420;0;370a08989b21404aa389e4f4fe636075.jpg
picture.37284be68ff54c44ba76501fc7ef34dd;outfit.4cbda361e12e4d65a5fb502dfd38076a;0;37284be68ff54c44ba76501fc7ef34dd.jpg
picture.373e88a649414243a9128d1796f8ab5d;outfit.6ac4c823524146de990ca1ad979e6388;0;373e88a649414243a9128d1796f8ab5d.jpg
picture.3745911e32734d75b8d9689489f54f7c;outfit.bf299b7d8eeed1e5;0;3745911e32734d75b8d9689489f54f7c.jpg
picture.3750b07917584a87ae48430aed5ee925;outfit.f6091ea8a88b4e52a4bfc6cccabe2ccb;0;3750b07917584a87ae48430aed5ee925.jpg
picture.37608667267a4caa9b5121c395246b7e;outfit.f86e075166ee4aee95fbdde5444221fc;0;37608667267a4caa9b5121c395246b7e.jpg
picture.376103f9513c4440a29824e469e330f8;outfit.fea3bb7d8ff54872ad84977465e29da4;0;376103f9513c4440a29824e469e330f8.jpg
picture.3765f1bae7dc433a9eb17a9470d97cc0;outfit.173b6b1204df4f128bcbdd843d91351e;0;3765f1bae7dc433a9eb17a9470d97cc0.jpg
picture.376739d060c7429d92057d86a6d21317;outfit.1b0e05e23cc047439c31fc35d0c34b55;0;376739d060c7429d92057d86a6d21317.jpg
picture.3775edcbaa9547858700a790ed9cf7ae;outfit.eafae74f4ff24c29862f7dba09874920;0;3775edcbaa9547858700a790ed9cf7ae.jpg
picture.377dcfd9df3a4cccabe152ba48cf1f51;outfit.c560abcbbf2b40edbacbd51dfa99bf58;0;377dcfd9df3a4cccabe152ba48cf1f51.jpg
picture.379591b0dfd445ec8f746a51bd21af4b;outfit.944efade730744e38b3b678dae890f98;0;379591b0dfd445ec8f746a51bd21af4b.jpg
picture.37c53e62fe45407db608ff038aa2e517;outfit.29e6b2a21c5946d3a22772aa398a8361;0;37c53e62fe45407db608ff038aa2e517.jpg
picture.37dd4fb1ac3e46a9ab0f80ef5c6663ab;outfit.30c41f57e4a1445ca8256fd6ccbc8356;0;37dd4fb1ac3e46a9ab0f80ef5c6663ab.jpg
picture.37f08d6f18714a7b961614551718c376;outfit.9341a89b191cd49f;0;37f08d6f18714a7b961614551718c376.jpg
picture.37ff75e7c42a4f81b4a800e522ca44be;outfit.d4498e3094f048d8808f056832637685;0;37ff75e7c42a4f81b4a800e522ca44be.jpg
picture.3813c6232a644a3db3ed3a9059c31853;outfit.3c0da42b00f94123aad9c641ff5073ad;0;3813c6232a644a3db3ed3a9059c31853.jpg
picture.383157d81c8d4b6392100a5e795e71ca;outfit.207232e414dd46e5b7352becfd9e53e5;0;383157d81c8d4b6392100a5e795e71ca.jpg
picture.3836c9a2f8fe4c3fa62ab77143045ad5;outfit.95a9732c69cb1e4c;0;3836c9a2f8fe4c3fa62ab77143045ad5.jpg
picture.3840a1ec3fc84d1d96d9250ad02d24df;outfit.40de51943eb44f01b6504c863bb5e741;0;3840a1ec3fc84d1d96d9250ad02d24df.jpg
picture.3841d3f2b21a47b0a3e9800e14002e57;outfit.5a5e28a29c694c5abf08514ba5b85937;0;3841d3f2b21a47b0a3e9800e14002e57.jpg
picture.3842a934b7b642938bbbd3203ef69522;outfit.32b52e42d8e844199bf05c4739bedf16;0;3842a934b7b642938bbbd3203ef69522.jpg
picture.3854b38fbcdc40e2b50f2e3fb3b7635c;outfit.da5b8bb1d00b437caa0034e44353001c;0;3854b38fbcdc40e2b50f2e3fb3b7635c.jpg
picture.387bcdce06af465f90fd8921c3b365a1;outfit.c7f9aeee09fc44d5b7a764ce40b3e27d;0;387bcdce06af465f90fd8921c3b365a1.jpg
picture.38929cd63d4e48fc9bf69637ff0dc52c;outfit.578e1906d41f4a07adb102e0a0235b4e;0;38929cd63d4e48fc9bf69637ff0dc52c.jpg
picture.389d40e14f0d413bb42e86ca9893e0f3;outfit.89fab8d7d294457fa493f087c68b6bc1;0;389d40e14f0d413bb42e86ca9893e0f3.jpg
picture.38a45ab4013142cf958c013653b2ae18;outfit.1eb6accbfe2d4edd8358e67200384784;0;38a45ab4013142cf958c013653b2ae18.jpg
picture.38c6086669314f339fd921c53088e67a;outfit.e5b1f8e936164ba3a527f3f2ab5a413e;0;38c6086669314f339fd921c53088e67a.jpg
picture.38d470bcbcc44f0daa4b92bfbb7dc493;outfit.ef9f4ad754194793ab95e6c30f5606ae;0;38d470bcbcc44f0daa4b92bfbb7dc493.jpg
picture.38fcf6d544554df6ade3601c09bcdece;outfit.d73105249af8497a8400a0f75a825741;0;38fcf6d544554df6ade3601c09bcdece.jpg
picture.391f016ebfef4394a283d657aac11003;outfit.3b756132543a45d4a94b9bebb0aaebfb;0;391f016ebfef4394a283d657aac11003.jpg
picture.392836ca56134ae0b6a01a3d17df8e2a;outfit.b36a2b4ce3d90e1b;0;392836ca56134ae0b6a01a3d17df8e2a.jpg
picture.3933826ead354d1cbe0dc1522478548e;outfit.dc0ccd196e79413d9c7216f3970942ec;0;3933826ead354d1cbe0dc1522478548e.jpg
picture.399be9f4e9ad4d85ab9e746d24ce5495;outfit.83f21a4b1d7c7acb;0;399be9f4e9ad4d85ab9e746d24ce5495.jpg
picture.39c8a94f249b4e36bd4158e345d669d7;outfit.5e119d066b62498491b2919f0453d803;0;39c8a94f249b4e36bd4158e345d669d7.jpg
picture.39ebd963151f4b33919b491b01c0520b;outfit.bf4012c983f1c111;0;39ebd963151f4b33919b491b01c0520b.jpg
picture.3a0ee1afd73949679965db4cecfa1d70;outfit.62f7c8d4fde443459940c727ef8176a5;0;3a0ee1afd73949679965db4cecfa1d70.jpg
picture.3a41573a613a432e8b88382fee79698f;outfit.ef7ddc016c5c46129c32f5676c077449;0;3a41573a613a432e8b88382fee79698f.jpg
picture.3a968ffde84741999279472ca2fcc32a;outfit.0d19e03cbaa04339bd57439d7c22ec6c;0;3a968ffde84741999279472ca2fcc32a.jpg
picture.3a9d3ff6cd384e068776efa93d74e5fb;outfit.d6706746bcd74c05883df24d4b775e0e;0;3a9d3ff6cd384e068776efa93d74e5fb.jpg
picture.3abe442db9c04f6d8d9ae1c65260f773;outfit.206df08f735c415bbcaca8d70e762971;0;3abe442db9c04f6d8d9ae1c65260f773.jpg
picture.3ad7c7c5b0f24608816631a023407926;outfit.8c8e4271cb4466db;0;3ad7c7c5b0f24608816631a023407926.jpg
picture.3af781e9b02949edb3fd37c24e5bd9fb;outfit.3261057a0eba46f687d41af05ddee170;0;3af781e9b02949edb3fd37c24e5bd9fb.jpg
picture.3b3fd2262b4b41ef872e52f631a7bdbc;outfit.1e7c61174cd245a19c01b630fce9d8ac;0;3b3fd2262b4b41ef872e52f631a7bdbc.jpg
picture.3b430e22762049989e4c7866ce19ca57;outfit.4b4a8f000a6b46d7a97df90ba4cd9874;0;3b430e22762049989e4c7866ce19ca57.jpg
picture.3b7362c0149642dd96b6bf61cc85f7ff;outfit.6674a2d5df7e4c01bf1a6a5914f5d067;0;3b7362c0149642dd96b6bf61cc85f7ff.jpg
picture.3b90545a935f453c81660c0bfb7c3a2e;outfit.b904e3fe74844f418cea3fce0928a5d4;0;3b90545a935f453c81660c0bfb7c3a2e.jpg
picture.3bac8407124f42cc88834bbbb74ab135;outfit.d26a681dbdd54f448ef373de80e065d6;0;3bac8407124f42cc88834bbbb74ab135.jpg
picture.3bbdb2c9b59c493b8afbce9dd54ef193;outfit.625293137dad4142a7558c88b74e3644;0;3bbdb2c9b59c493b8afbce9dd54ef193.jpg
picture.3bc1c857400a403f98e1823b7f2896f4;outfit.c56b02923f6c4bdda50d3b93b48ce291;0;3bc1c857400a403f98e1823b7f2896f4.jpg
picture.3bd7c03c1f6c4661bb98d7e2a63b839d;outfit.d5dec0c3b00d49d991202de754c91ab7;0;3bd7c03c1f6c4661bb98d7e2a63b839d.jpg
picture.3c00bca60ad842da9688476190c38f0f;outfit.5bf05f8589804ae290c997e60400cb6c;0;3c00bca60ad842da9688476190c38f0f.jpg
picture.3c09fdf245c541849b11c626891a2785;outfit.33aa579f63424034b5c78e1c12985d06;0;3c09fdf245c541849b11c626891a2785.jpg
picture.3c1352a3e42d4c9e920edf8eb969ed40;outfit.005031a3c94b4073b25088b0e19f0e99;0;3c1352a3e42d4c9e920edf8eb969ed40.jpg
picture.3c2345f81eb04c0ba5723c312e3c6145;outfit.1cac5f6638f140a3bcd41d5c1cf4bdc5;0;3c2345f81eb04c0ba5723c312e3c6145.jpg
picture.3c38f405d4de49b799fb8fb496f8212a;outfit.8302402a6e8e8e8c;0;3c38f405d4de49b799fb8fb496f8212a.jpg
picture.3c6ba295ba3043f2880704b99684eb33;outfit.82d7dcf690da4fc09bcf658816bccd3c;0;3c6ba295ba3043f2880704b99684eb33.jpg
picture.3c6fa58317a24e72b1b1e483b4af46f3;outfit.06ac471d39bf42989d65d70dc6e65967;0;3c6fa58317a24e72b1b1e483b4af46f3.jpg
picture.3ca1d9295b264d1e8ab4223fe4f879c7;outfit.bdeec1ffb345de6c;0;3ca1d9295b264d1e8ab4223fe4f879c7.jpg
picture.3cb57df6229e4c51a85e384446c437b7;outfit.5dc101d7bfbe4f49858db5913a5a7203;0;3cb57df6229e4c51a85e384446c437b7.jpg
picture.3cbc70e68e324507b81383a4815960eb;outfit.11c8bc7fcf3145f29a1b9be52483b41a;0;3cbc70e68e324507b81383a4815960eb.jpg
picture.3cc806c1665f4fa2b36bc52e0d5644e5;outfit.f6eec8c3af9e43228f79ed7b49dd4633;0;3cc806c1665f4fa2b36bc52e0d5644e5.jpg
picture.3cec15049e5e4d7a9836738fb4f3cbf2;outfit.89c2a6a730c324a0;0;3cec15049e5e4d7a9836738fb4f3cbf2.jpg
picture.3d187cc09acb4c89bc6bccfd63a621a5;outfit.ddf5ea0fe07746eb95e15f4cda0b5e4d;0;3d187cc09acb4c89bc6bccfd63a621a5.jpg
picture.3d1bd46d10de4dc2bf781b003f24871e;outfit.992bf5adcd39d953;0;3d1bd46d10de4dc2bf781b003f24871e.jpg
picture.3d3c3a01be59495288ed88d4390c0d7f;outfit.aa1e25055ec79871;0;3d3c3a01be59495288ed88d4390c0d7f.jpg
picture.3d59673149fe4fafa676ffd304c0cd77;outfit.b82c3360fbcd411683eb135b6450e7fd;0;3d59673149fe4fafa676ffd304c0cd77.jpg
picture.3d5dce4081354880a40c4f4a549754b1;outfit.522c1f5a3380421e9539663185f60fbc;0;3d5dce4081354880a40c4f4a549754b1.jpg
picture.3d7ee5d2eab0439189a893e26d6ca21a;outfit.c563800deaac4b8c93de7689b707c71c;0;3d7ee5d2eab0439189a893e26d6ca21a.jpg
picture.3d9459e886ba4717a4cb3d83a3ed743c;outfit.c17c4a7eb8284a26b0025919877d3023;0;3d9459e886ba4717a4cb3d83a3ed743c.jpg
picture.3da0e40576be4c2f9043dd7be6e04624;outfit.925c69db26f6bbae;0;3da0e40576be4c2f9043dd7be6e04624.jpg
picture.3dace33d38c443578ce800af0b0f35e4;outfit.1ef0bbcac4054678bea5622eec91880a;0;3dace33d38c443578ce800af0b0f35e4.jpg
picture.3df4af3fe7c84adbbf8d5f18970767e6;outfit.32bbe20e948d4839b63aa0f4b540b466;0;3df4af3fe7c84adbbf8d5f18970767e6.jpg
picture.3e133bc6dde34e759ca9a126a47b3bfb;outfit.8102ab9ef36547d1b50627b45fe5be95;0;3e133bc6dde34e759ca9a126a47b3bfb.jpg
picture.3e21d2f70b384db1880813598014ac70;outfit.4becdc0147e84943bd4676bd65b579e1;0;3e21d2f70b384db1880813598014ac70.jpg
picture.3e4786695fc54936a301549e60593ee3;outfit.63bcf26d934447e1aa4d53214cef7d4f;0;3e4786695fc54936a301549e60593ee3.jpg
picture.3e5018cfba4c4a0c8aa7ba0230b27fb4;outfit.7406df88036f4f16bfc1a4c03002d315;0;3e5018cfba4c4a0c8aa7ba0230b27fb4.jpg
picture.3e774737aa1b4da8a8a4a535feb26574;outfit.cd58f268e9e54fc08e5656e6f095975e;0;3e774737aa1b4da8a8a4a535feb26574.jpg
picture.3e8ef2ba3716473a9f2b5a592357d7e2;outfit.e2ac14f5ba454e0eaf3e7c0f926c65ee;0;3e8ef2ba3716473a9f2b5a592357d7e2.jpg
picture.3ea77f824fc9410391ea3b64c036ebd8;outfit.46796cfb57174c9cb04ef0489123a073;0;3ea77f824fc9410391ea3b64c036ebd8.jpg
picture.3eb1959a59e74b3e8fa8f38b97b0072a;outfit.29a0d66e916c4bc690cf393bcea980e4;0;3eb1959a59e74b3e8fa8f38b97b0072a.jpg
picture.3f279ab00e694d158833119fd1202968;outfit.ed9017ac844a486fac95996bcc5b4b84;0;3f279ab00e694d158833119fd1202968.jpg
picture.3f331e49339244fc9f4f703b41166a7b;outfit.9df47f2be7324ffa9fe6cd184656a7ed;0;3f331e49339244fc9f4f703b41166a7b.jpg
picture.3f54c35d4a6342f398806c9c5009f765;outfit.f82bfbc5af1c4997956e63f92ea51907;0;3f54c35d4a6342f398806c9c5009f765.jpg
picture.3f658f55bb2944ba84dc1e22d6507bbd;outfit.4c4d89bf0fcb4b32a9015ce1a7bade19;0;3f658f55bb2944ba84dc1e22d6507bbd.jpg
picture.3f928bb975a149078d85d5b2f7f67934;outfit.6537917dc4e440fcb5793037388b3d7f;0;3f928bb975a149078d85d5b2f7f67934.jpg
picture.3fab08d70ca94b9c98997851743ed352;outfit.1bd222290ef949289385cfdc1a02c20d;0;3fab08d70ca94b9c98997851743ed352.jpg
picture.3faf7e690d2f4bbabd2e50e0498c1e80;outfit.e43d27b277bb4ad7aff36a857ce6f766;0;3faf7e690d2f4bbabd2e50e0498c1e80.jpg
picture.3fe8eaf0195d46318af512912bb31943;outfit.81dcc2ec22f24b248f5499b887dd22e0;0;3fe8eaf0195d46318af512912bb31943.jpg
picture.3ff36b5576ae4b80a1bc857262d9f4a1;outfit.17d46595c516434486f3d219a909a855;0;3ff36b5576ae4b80a1bc857262d9f4a1.jpg
picture.401baf32ca2c41838abe633f4ace1315;outfit.bb2d50bdafd541558b88c10690b81375;0;401baf32ca2c41838abe633f4ace1315.jpg
picture.402866bb743f4106b7bf6d565372637b;outfit.8e2e2acae5583042;0;402866bb743f4106b7bf6d565372637b.jpg
picture.402f6833207746ccb061151c54f85a19;outfit.5bea48bb837d43a381bec3cd63635c95;0;402f6833207746ccb061151c54f85a19.jpg
picture.404175e34f0f47a9ac092cdd728e592b;outfit.acefb4576277494ebf8a334cf8e4c43c;0;404175e34f0f47a9ac092cdd728e592b.jpg
picture.405317eab4e24cb1b012b679624799f9;outfit.5b0022e701954e728f2735aabd8b616e;0;405317eab4e24cb1b012b679624799f9.jpg
picture.40749d0f13bb42e287862bc13206b1d3;outfit.8428c700eb194931835b34f2860d3432;0;40749d0f13bb42e287862bc13206b1d3.jpg
picture.408fa596f73041f0ba0c71149a73eeb9;outfit.d263cb821a244b41b4c47ac08fa10596;0;408fa596f73041f0ba0c71149a73eeb9.jpg
picture.4098f29e97e0459bb2250af63d14212f;outfit.6f809ac4449f4502a6eee8832eabcb60;0;4098f29e97e0459bb2250af63d14212f.jpg
picture.409c0faab76b4f73b3733721fcb9d7ec;outfit.1cb6a65c7f17496086a58779b0efb273;0;409c0faab76b4f73b3733721fcb9d7ec.jpg
picture.40aeb9c44b524b8d88af261a34102f4c;outfit.c9250e31721a4e16842c1c648df90ea0;0;40aeb9c44b524b8d88af261a34102f4c.jpg
picture.40c3d9badefd433ea84e8fbdd21a6d14;outfit.7f256b54c8ab4dbda7cb6cbc915c4ed7;0;40c3d9badefd433ea84e8fbdd21a6d14.jpg
picture.40c3fddfba9a495e9d9feb971a27ce78;outfit.066124b928d44087851ad9a0fe809510;0;40c3fddfba9a495e9d9feb971a27ce78.jpg
picture.40c71df2673d4661a7cbad0189066ae5;outfit.c9be10d661bc4a4992a6c757b6e75ca8;0;40c71df2673d4661a7cbad0189066ae5.jpg
picture.40e933a6af6f48af836f1043e0714a43;outfit.012a4c0079984d719f3f2626bb60b374;0;40e933a6af6f48af836f1043e0714a43.jpg
picture.41043a03dcbd4e47885e75f0adfcdf2e;outfit.4c9864b84197439ab388910160076c5d;0;41043a03dcbd4e47885e75f0adfcdf2e.jpg
picture.411ddac1602b4386b6748e26f62937ad;outfit.fd709e5fcf3c44569fcc59edf75d4193;0;411ddac1602b4386b6748e26f62937ad.jpg
picture.4120eee4c80b44e087d37bc43deaea55;outfit.13b4586fba46462abebff1b7b145e499;0;4120eee4c80b44e087d37bc43deaea55.jpg
picture.41584ee1a9a64b76989e6c87e0bdb520;outfit.253fb654ace04cbb9280e54d54b62ed8;0;41584ee1a9a64b76989e6c87e0bdb520.jpg
picture.4161f834ae524f65b4174eb05684641e;outfit.1a00ea6f566c40b3865a214d062a462d;0;4161f834ae524f65b4174eb05684641e.jpg
picture.416363b2e3f14b0a94ca8ce15c957034;outfit.8e0be7c7028e4b8f8a6f69a1f0192d2b;0;416363b2e3f14b0a94ca8ce15c957034.jpg
picture.41729545ed8644dd903c66e9f757a5d6;outfit.ce53377b121b4648abc0a3c97e58bff1;0;41729545ed8644dd903c66e9f757a5d6.jpg
picture.41a63a3a805141de93dea6a65e869cea;outfit.9aa24eb08db9447da1e6f285b151b357;0;41a63a3a805141de93dea6a65e869cea.jpg
picture.41b1d969c7d34a3a9348895fc2b7fb11;outfit.3e47b084ad704fb5b25b38809fae38a7;0;41b1d969c7d34a3a9348895fc2b7fb11.jpg
picture.41b790b855d24fd49a612137ee99b03a;outfit.85b4a99c5e6af89d;0;41b790b855d24fd49a612137ee99b03a.jpg
picture.41d67671e39b4d4a8b0ffa2b18be302e;outfit.81b89124e1d24dfe9196537c3d03cd7e;0;41d67671e39b4d4a8b0ffa2b18be302e.jpg
picture.41f20c0334074a6b860997df296a055d;outfit.62d7da11abfd412185d3323c4ea67939;0;41f20c0334074a6b860997df296a055d.jpg
picture.41fff23651214598ad917d398078782d;outfit.7c43cbb261ed4a91a0931c7583f32871;0;41fff23651214598ad917d398078782d.jpg
picture.424eaa1812b94a1595fab7e78cb5a4ea;outfit.d948ea24ce8a484db5bd640400d50cce;0;424eaa1812b94a1595fab7e78cb5a4ea.jpg
picture.425a216b24194d219b62def371f0aa13;outfit.37886c165da3410ca29761ac81f95bf9;0;425a216b24194d219b62def371f0aa13.jpg
picture.429cb52b25d74b869114b554d75cf8c4;outfit.b1eeff303fb44f10a6c2ac36c0136514;0;429cb52b25d74b869114b554d75cf8c4.jpg
picture.42aa5cfb764a4563827718c26ade6da1;outfit.70b441e6ee444f86a12921f85e5c2002;0;42aa5cfb764a4563827718c26ade6da1.jpg
picture.42c42d7294804f32acea8134c15f632f;outfit.26e0f5cc69634d079b4cd4a55b315809;0;42c42d7294804f32acea8134c15f632f.jpg
picture.42ce3f2925d447f1978364f72b43be39;outfit.58e553ab746b44d98763f86d0ceeac9f;0;42ce3f2925d447f1978364f72b43be39.jpg
picture.42e9f9120eec4c7086227bc7c3862e03;outfit.c7be4c2774424a498f63ebe6ea4b5933;0;42e9f9120eec4c7086227bc7c3862e03.jpg
picture.42fb3dff5bc6414ea389b5f0263c81b6;outfit.1347deaf1e0145ffb1c1fdd0451083a0;0;42fb3dff5bc6414ea389b5f0263c81b6.jpg
picture.4302734462724bf393e2a1a630563489;outfit.bf74b8813bc14a0a9ef9ad2f2234ff20;0;4302734462724bf393e2a1a630563489.jpg
picture.4337e0ebd83c4cd1adc92976f52d8c99;outfit.1bf5c2c096dc490f8e8efd7d09e6769c;0;4337e0ebd83c4cd1adc92976f52d8c99.jpg
picture.433989f0a8bd4281b3865cc371d2b0f3;outfit.38572c7dec3b4460bf36ade1d517ce20;0;433989f0a8bd4281b3865cc371d2b0f3.jpg
picture.433caeef39524b45b1737078d9ce3c07;outfit.29c4a457231a489cbffecc33717d3c5b;0;433caeef39524b45b1737078d9ce3c07.jpg
picture.43593bc7deab401b8b94322b012b13fe;outfit.4d91614bd70b4799a861fe5ea43db494;0;43593bc7deab401b8b94322b012b13fe.jpg
picture.43766f7ab8ef4da3a3b00bf8787a4f97;outfit.9fcb20cced63441fbee2002faed4ea39;0;43766f7ab8ef4da3a3b00bf8787a4f97.jpg
picture.439b6cdbcd974346afa00ca849100a24;outfit.360831efda1443f6bd7c4c5931b1d189;0;439b6cdbcd974346afa00ca849100a24.jpg
picture.43b9696d188e485fae080461fb5dab15;outfit.08b19773414e438eba84e8f55c3508da;0;43b9696d188e485fae080461fb5dab15.jpg
picture.43bdf214ee49408da0390558a2c1cbeb;outfit.bc66a84c6977422daff287c7ecdb12d3;0;43bdf214ee49408da0390558a2c1cbeb.jpg
picture.43ca08785afe4d51bf28a2e4c6f84626;outfit.bd2ab280ed364f26;0;43ca08785afe4d51bf28a2e4c6f84626.jpg
picture.43cbb8b43195457596064655e4dbc675;outfit.1ba117ad1dfc4db98e92536c9d6724fe;0;43cbb8b43195457596064655e4dbc675.jpg
picture.43cd82c3144041a291c0084d01264211;outfit.37f5db61da1b4fb0a50472c1ddc442a4;0;43cd82c3144041a291c0084d01264211.jpg
picture.43e58220484744778010f192f31259f9;outfit.d59aa8f0d8c048c68be664df7ce72bb1;0;43e58220484744778010f192f31259f9.jpg
picture.43eb39ca4bfe4805aded8863e46b9885;outfit.d71dd7d70f184d10b2bc26105f3283d2;0;43eb39ca4bfe4805aded8863e46b9885.jpg
picture.43f6c154bc844b24930a2dd27149efca;outfit.b25a6a34cd1649f2a5eb69a01e11b21b;0;43f6c154bc844b24930a2dd27149efca.jpg
picture.4402899e376e4162a11730fc2ee097e4;outfit.036fa904ea5446f6bed6470693f19128;0;4402899e376e4162a11730fc2ee097e4.jpg
picture.442129eb4f0747cd9e06d2ef69228ab4;outfit.d002aedf1e0d4058aaa82dabbbd74c52;0;442129eb4f0747cd9e06d2ef69228ab4.jpg
picture.44251ba090b64186818e5b2ad4cf9c4b;outfit.e0f5195a15e748629ab2981e8900d008;0;44251ba090b64186818e5b2ad4cf9c4b.jpg
picture.442cf2a744b449bfaa2aab715974ba23;outfit.1506b275d9894b3da75f83343e25a122;0;442cf2a744b449bfaa2aab715974ba23.jpg
picture.4440f815883d4572aa179b57fb7abc78;outfit.8cab85b45b23bfec;0;4440f815883d4572aa179b57fb7abc78.jpg
picture.4445cdb4a3dc420294aa4877c0c6b59a;outfit.9aee78d90d74477a8709a5f6baf24e74;0;4445cdb4a3dc420294aa4877c0c6b59a.jpg
picture.447fe9e03c0a455fbe9e1cf68aaa4ebe;outfit.9c2285b935d84f3b85e9678007eac190;0;447fe9e03c0a455fbe9e1cf68aaa4ebe.jpg
picture.44843db62d3e4a24aa8a8a8bcad6e753;outfit.938bce9de70bbb91;0;44843db62d3e4a24aa8a8a8bcad6e753.jpg
picture.448d5744c4164b1e92f34f45f66e517d;outfit.1b1e586b3bb2432f91b4a2e15dc719e1;0;448d5744c4164b1e92f34f45f66e517d.jpg
picture.44a16afd49624da59dcadbc89eda90eb;outfit.f02905d4e5ac4f7e8d6e47288d92c154;0;44a16afd49624da59dcadbc89eda90eb.jpg
picture.44bb6e389cc9405695070df46ef9bb2e;outfit.896f0af4aaaa4d56a26ab9e37e94ad14;0;44bb6e389cc9405695070df46ef9bb2e.jpg
picture.44d36c59bbaa4290b0211840efd798da;outfit.1e33dfb5c66847f29088ba6717b10f75;0;44d36c59bbaa4290b0211840efd798da.jpg
picture.450f425ad52b43488544e56eeaf9c438;outfit.b4e83d1d9b50a7cc;0;450f425ad52b43488544e56eeaf9c438.jpg
picture.45668b83cf624151baf00563b59b88df;outfit.dcedf030b9134a08a8d3df3f4fdb07ea;0;45668b83cf624151baf00563b59b88df.jpg
picture.4597e49fa27340508790aeeebcb265f3;outfit.bb8aa151e5f63d31;0;4597e49fa27340508790aeeebcb265f3.jpg
picture.459b46b49ed243658be9f83518479619;outfit.76720a51e7ef48d38a5240a44d56393f;0;459b46b49ed243658be9f83518479619.jpg
picture.45d01f1a3f124cefb092e52f9a7c1b18;outfit.43226226462b46ef9545ea320348ff21;0;45d01f1a3f124cefb092e52f9a7c1b18.jpg
picture.45dccb13fb864a0fa4537a96f9bc0270;outfit.eca74800caaa4895a2db653db0020607;0;45dccb13fb864a0fa4537a96f9bc0270.jpg
picture.45e13d7b09344006965b0f89c8c250e0;outfit.fabccb7729514b23b386e2f93064548c;0;45e13d7b09344006965b0f89c8c250e0.jpg
picture.45e9f0d9b346462e9bd8d9f646fa9fb6;outfit.ecd27d5311ba4d3d95b9b5c3071ed764;0;45e9f0d9b346462e9bd8d9f646fa9fb6.jpg
picture.4602b063f0d74faeba02ea5cc75e4512;outfit.a50024ea71e6453c9c09d6d65d21a5ea;0;4602b063f0d74faeba02ea5cc75e4512.jpg
picture.46087024e6be40d497f462a546831bd2;outfit.a5d5bfee852848c18596d844a3a9025e;0;46087024e6be40d497f462a546831bd2.jpg
picture.466c6faf64da4014b5a2686d8034110b;outfit.29157c382f2e40f3845d96ba8040929d;0;466c6faf64da4014b5a2686d8034110b.jpg
picture.467b035437c541b5bc71e1c2b8da4b0b;outfit.f28fdb12e7c5455daa2d0de52c9ccd8f;0;467b035437c541b5bc71e1c2b8da4b0b.jpg
picture.46cb2971885d445abbb837e4d053ae1c;outfit.8ed6ba09f55049c59f9462e07cc30bb8;0;46cb2971885d445abbb837e4d053ae1c.jpg
picture.46ecba8c94054145879397ac1dafb1d9;outfit.76afccd8218448bcb7c5348bf4b76ef1;0;46ecba8c94054145879397ac1dafb1d9.jpg
picture.46f18a9036534bd49a3b06669c08b14e;outfit.37af7c19c13949819ca971b380a9f97c;0;46f18a9036534bd49a3b06669c08b14e.jpg
picture.46fcf9982d0149ef983d8f6c3172d3aa;outfit.a9cb9b79d0899e0f;0;46fcf9982d0149ef983d8f6c3172d3aa.jpg
picture.47319cabd1874fd3a0ee609570515a1e;outfit.5c582cd4de764f77bd15e4a4abb070b4;0;47319cabd1874fd3a0ee609570515a1e.jpg
picture.4743fb7d92f241b19229be7953649ec2;outfit.8a91fcc1f1f612e6;0;4743fb7d92f241b19229be7953649ec2.jpg
picture.47551d354b7d4b2a91fc3fca95c7d87e;outfit.07602873909f41b6a572fb50dc042dbd;0;47551d354b7d4b2a91fc3fca95c7d87e.jpg
picture.47637876f4924ccba014553cf0831f2b;outfit.d52f6e55c56a4d6ea952522543d06fbf;0;47637876f4924ccba014553cf0831f2b.jpg
picture.477fbbf1f0ae4aa1a93ce64f1d40d75c;outfit.81deff5bfc08479c9c4335e194c5c4d6;0;477fbbf1f0ae4aa1a93ce64f1d40d75c.jpg
picture.479692ee7fe2417d9e3a44aa4bc6a49d;outfit.aad989fc0422b4eb;0;479692ee7fe2417d9e3a44aa4bc6a49d.jpg
picture.479d80fb98684fa395d62e9034ab86fc;outfit.a935f1495271461689278b60c8d1a25d;0;479d80fb98684fa395d62e9034ab86fc.jpg
picture.47cb5192c4b948a8a0b650930e210de4;outfit.b6bc32c8e1ead0b9;0;47cb5192c4b948a8a0b650930e210de4.jpg
picture.47eb481849a94557a05345a976e1b4a5;outfit.9f4279e99f78f984;0;47eb481849a94557a05345a976e1b4a5.jpg
picture.480716c4bf0441ceba0ec29712912c1d;outfit.d38e14c8ec254910be97725a7198f0fb;0;480716c4bf0441ceba0ec29712912c1d.jpg
picture.4816e70b86da4f99bb149da0ea772d62;outfit.fa737f8bee584d309426410002edac0e;0;4816e70b86da4f99bb149da0ea772d62.jpg
picture.483b341dcc314bb0a4baf603d7571677;outfit.c1e2e74fb2d84e07bec3185521fbea5b;0;483b341dcc314bb0a4baf603d7571677.jpg
picture.4869d235207046038c67101ca194d447;outfit.5e96c1bc9f964af2b1a6e391db346131;0;4869d235207046038c67101ca194d447.jpg
picture.486fd6629dc44ec1adc537aa0f86e4ba;outfit.2208707dcf134558b4d335f1e3534655;0;486fd6629dc44ec1adc537aa0f86e4ba.jpg
picture.48954a2e463a4ca894c35ea2e7f74de7;outfit.f11efd8c7b064175b4997b1ab65b5458;0;48954a2e463a4ca894c35ea2e7f74de7.jpg
picture.48a60d7cf3614bbeb05f28769b37da9b;outfit.b813cd40d27344839e74b8b40ead859b;0;48a60d7cf3614bbeb05f28769b37da9b.jpg
picture.48cb33fa92f044c88e96b5b50bba181d;outfit.9178d6f714280d40;0;48cb33fa92f044c88e96b5b50bba181d.jpg
picture.493250c9b72c42e7995f3db5a8b5236a;outfit.eea233ccf31b454e997d24e78c888869;0;493250c9b72c42e7995f3db5a8b5236a.jpg
picture.4933fda78135453f89161f708927a40b;outfit.b9478c83693b11a4;0;4933fda78135453f89161f708927a40b.jpg
picture.49420565d7904c6f974d7f4c15711b23;outfit.abd2e79be5f941a5aa407cc34ff63105;0;49420565d7904c6f974d7f4c15711b23.jpg
picture.494b8b8978664f0182b7ab3e19f77796;outfit.5e30d4aec4614fd686224fa12d39faee;0;494b8b8978664f0182b7ab3e19f77796.jpg
picture.4962e8d1a85b4f26959cf5bf0b818b78;outfit.8afbb76916e14187b0bc9aaabbc2bd24;0;4962e8d1a85b4f26959cf5bf0b818b78.jpg
picture.49681a59fb4c4fceb8a3682d17fefe70;outfit.9ad11de7196542feb139da2214230dca;0;49681a59fb4c4fceb8a3682d17fefe70.jpg
picture.496d49ca516646e5985755e45f6274ea;outfit.55f87279b6a34e24b72a4febad468001;0;496d49ca516646e5985755e45f6274ea.jpg
picture.49703eb7879845b0bf54100e8e3ad0e0;outfit.cac6eca6151b4f61b63157301f0cb229;0;49703eb7879845b0bf54100e8e3ad0e0.jpg
picture.4971c3dfa97a4cb5b2bf290b365e9259;outfit.8a458a93e4cd4214a520074f16d5b9fa;0;4971c3dfa97a4cb5b2bf290b365e9259.jpg
picture.49bf70405ced45b782b18619ac7611ca;outfit.f28182fcffa64738813bde8ce70db7cb;0;49bf70405ced45b782b18619ac7611ca.jpg
picture.49c8a85186c94eaa8c4f316d5f981885;outfit.6c4dd0c71db040ae9ac85030d4403e3e;0;49c8a85186c94eaa8c4f316d5f981885.jpg
picture.49ec68b2fc0f4e88b4788e5eab3a88be;outfit.ee35f79e0dc64dc6b321dcccc476d68e;0;49ec68b2fc0f4e88b4788e5eab3a88be.jpg
picture.49f9237f15164c3a9068693eaade8665;outfit.4be27307ae1c4611ad56aca101c8a6b4;0;49f9237f15164c3a9068693eaade8665.jpg
picture.4a0ca4f93c5c44ff94901171b11d9dbc;outfit.30c1385e9d714fa5b2000abce92e6c91;0;4a0ca4f93c5c44ff94901171b11d9dbc.jpg
picture.4a27005aee9140f78c29076a09dd4e7d;outfit.595a88f3986340b9b7ee163cbe32c85d;0;4a27005aee9140f78c29076a09dd4e7d.jpg
picture.4a6ef5fcb141481582bdbf2dbff2232f;outfit.39c98e12ea9942a0a2c98c6297aabfbf;0;4a6ef5fcb141481582bdbf2dbff2232f.jpg
picture.4a70a01b4245464e8fcc9957bea5158d;outfit.e23577f8c36e4693879fd07fca0d0932;0;4a70a01b4245464e8fcc9957bea5158d.jpg
picture.4aa538df0c2747e2905459669e9d3585;outfit.b1ddecd27b94476d833c0ea2c2bb6d3a;0;4aa538df0c2747e2905459669e9d3585.jpg
picture.4ac20e6d8e9a47088e4ca530d8e09cb8;outfit.1243dceca4be4ad99c5a651708f6d041;0;4ac20e6d8e9a47088e4ca530d8e09cb8.jpg
picture.4af2f7b1fd0741fe94002182a2cc5f21;outfit.b133d563a5d54747ac3e2255486154f5;0;4af2f7b1fd0741fe94002182a2cc5f21.jpg
picture.4b084300b10b40c7ba04279936fce7a2;outfit.9cb602e5b83949d49bc50bbbfa5b7d04;0;4b084300b10b40c7ba04279936fce7a2.jpg
picture.4b2819168a1540d8a92381a4144b8235;outfit.e9e6ef522291496dacaad16160c8a8f2;0;4b2819168a1540d8a92381a4144b8235.jpg
picture.4b391e3554224afb99530798da08d693;outfit.c41b5bc7cfa0435abe71b09cfccc17ea;0;4b391e3554224afb99530798da08d693.jpg
picture.4b3c7970b3954c639c87d55babae30c0;outfit.827b99b7b40a655e;0;4b3c7970b3954c639c87d55babae30c0.jpg
picture.4b4317aa00874e58994871931534cb46;outfit.cd218662a26c4c29b372ed1563cf0ced;0;4b4317aa00874e58994871931534cb46.jpg
picture.4b8bff50bba04e568933cf26f3263433;outfit.fe06ae3e05fe48d1ac80a4d182cc8cb7;0;4b8bff50bba04e568933cf26f3263433.jpg
picture.4b95716ecaf54981aab7e4487822f405;outfit.3dac69d72aed4d1ca4fc6bcff6b7cd4f;0;4b95716ecaf54981aab7e4487822f405.jpg
picture.4badef4bae48487ebd162f56d2f524fb;outfit.cefb61de6cab4200a373a7ad313001f6;0;4badef4bae48487ebd162f56d2f524fb.jpg
picture.4baec1365d9b4f17867fb4b3978ef1dd;outfit.81e52ba208d55e4d;0;4baec1365d9b4f17867fb4b3978ef1dd.jpg
picture.4bc9e067c441419c9efc9e0a6f4a622e;outfit.c5bee71e04014da8a068df3abe59a219;0;4bc9e067c441419c9efc9e0a6f4a622e.jpg
picture.4bcf712a8dda447bbe2df7d3f46ac2cc;outfit.efc9e86a0cd84fd28d55609e33bff657;0;4bcf712a8dda447bbe2df7d3f46ac2cc.jpg
picture.4bef3ed688c640b8834873857965948e;outfit.bbdd99b53f925ae3;0;4bef3ed688c640b8834873857965948e.jpg
picture.4c666860343c4af98a3693c33874832c;outfit.b09e135ba34c46daaf3a5495dcec6e83;0;4c666860343c4af98a3693c33874832c.jpg
picture.4c7f8ec0b05e445f92bc9e0934e4f98c;outfit.3ef1542d099048efa539e8c67a385732;0;4c7f8ec0b05e445f92bc9e0934e4f98c.jpg
picture.4c9d946135f440ac83ce7675615e0c84;outfit.36462b7293ae423fb6b7180022cfcb58;0;4c9d946135f440ac83ce7675615e0c84.jpg
picture.4c9fa20aa0ea4b0daf7b591d1f10358a;outfit.4c8d6c10b08440fcb06d8893d705124b;0;4c9fa20aa0ea4b0daf7b591d1f10358a.jpg
picture.4ca4449975eb445fa991d28439121a26;outfit.030be8f1ab0549db86e542e2ad08a5b2;0;4ca4449975eb445fa991d28439121a26.jpg
picture.4ca73d00cd00461c823f2db042eec7f9;outfit.04bac9c52e4f40ba95d8a044093fcbe6;0;4ca73d00cd00461c823f2db042eec7f9.jpg
picture.4cb1154545ab46fab609406fc06f68fb;outfit.75fd35081c884af28940d854e0a8c67f;0;4cb1154545ab46fab609406fc06f68fb.jpg
picture.4cb24153d538406ea087b50547b79480;outfit.9f515fbe4fef48e0bbdebca645ea96c8;0;4cb24153d538406ea087b50547b79480.jpg
picture.4cc1d82b800e4462bac2ad8e1d7f7be3;outfit.d60c7801271e488d88f0f13a0b28e6b6;0;4cc1d82b800e4462bac2ad8e1d7f7be3.jpg
picture.4ccb7ae97fbe4a7c98793921236901d5;outfit.3d6a6e8b147447cb94f5f2b8056018de;0;4ccb7ae97fbe4a7c98793921236901d5.jpg
picture.4cd77341017c484d91dd828045d89b52;outfit.9cec5087297d4c1fa1a855dd7286ebd7;0;4cd77341017c484d91dd828045d89b52.jpg
picture.4cde9751dda843249cbccc901bde9ce5;outfit.4eee4da4300c4ba384571bbf0890e482;0;4cde9751dda843249cbccc901bde9ce5.jpg
picture.4ce1c1885e694133b0b4f47af79c1a9a;outfit.8f34384795bfc03e;0;4ce1c1885e694133b0b4f47af79c1a9a.jpg
picture.4ce7b03917c445fb97154f194bdc902d;outfit.e94c092f3d694206afc44cbc7e0fb47a;0;4ce7b03917c445fb97154f194bdc902d.jpg
picture.4d093ddc976c4109b0f830efcfe8e1c0;outfit.eeee122cf40b4035b6ee0e26b194c531;0;4d093ddc976c4109b0f830efcfe8e1c0.jpg
picture.4d0a844a6cc54a4eb7172772ae1edeaf;outfit.85244edf68884b9fa35758fe33b84612;0;4d0a844a6cc54a4eb7172772ae1edeaf.jpg
picture.4d2a0f22e5a54f09a4311bbe4463b8fb;outfit.542f3e3ae20d42bea4c81a418f7adb7b;0;4d2a0f22e5a54f09a4311bbe4463b8fb.jpg
picture.4d2c348f5efc41a2bae69dce9f1b9e8a;outfit.dd62d98a9d3e40659b5438f7388d8e01;0;4d2c348f5efc41a2bae69dce9f1b9e8a.jpg
picture.4d4f114281224b64894c9f1237c18f2c;outfit.cba27389161e42689734a7912d8904a3;0;4d4f114281224b64894c9f1237c18f2c.jpg
picture.4d7ece8d9a9b4d2f898705c8f7b46cbb;outfit.b9e21535cf624b6eac04d3a9708f213b;0;4d7ece8d9a9b4d2f898705c8f7b46cbb.jpg
picture.4d8437b8d7a746eab17bb25a1efa1d5d;outfit.3a4714a8bc0e4d4682f7d592ae0758fd;0;4d8437b8d7a746eab17bb25a1efa1d5d.jpg
picture.4da59afab4be484d81b1d684ddd49ae9;outfit.816fb1b6edef8b59;0;4da59afab4be484d81b1d684ddd49ae9.jpg
picture.4de974e4298c474386e412a503a8152f;outfit.3895e85d340f4339b7fef2e143e5e390;0;4de974e4298c474386e412a503a8152f.jpg
picture.4dfbf63940f749439e8dda644cacd238;outfit.164ec220792945e99be76a1f7291a9b8;0;4dfbf63940f749439e8dda644cacd238.jpg
picture.4e1a0eedb38948598af0433d73e51358;outfit.d92a7bb56d3149b8983caa966d7868fa;0;4e1a0eedb38948598af0433d73e51358.jpg
picture.4e301d28ef394c6c8452b8b49c22edf8;outfit.940d8268582284b6;0;4e301d28ef394c6c8452b8b49c22edf8.jpg
picture.4e46e3accabf428aabba71171a41df5c;outfit.98ca0677ca9b1cb2;0;4e46e3accabf428aabba71171a41df5c.jpg
picture.4e8748a9b8614bccb400807f13c1c41e;outfit.dcd2abde0c804a88ae1169c950cfbda1;0;4e8748a9b8614bccb400807f13c1c41e.jpg
picture.4e9cf0d6afa749fc8659f478455a9eb1;outfit.2766e5ad48a2427a898f60aaacf85622;0;4e9cf0d6afa749fc8659f478455a9eb1.jpg
picture.4eae2afa8ae544dfa8a9b0f1b0b49284;outfit.dcf9da47ee4e4bd994d4faa2aaadb321;0;4eae2afa8ae544dfa8a9b0f1b0b49284.jpg
picture.4ecc8252c0974c8fba34e461d2c445a7;outfit.77afaa494e3e439384ec71a0b6634225;0;4ecc8252c0974c8fba34e461d2c445a7.jpg
picture.4eed686c7882436cb26af8371b655de8;outfit.3339007e20b94181807f9570766cde62;0;4eed686c7882436cb26af8371b655de8.jpg
picture.4f4d536b2fa24eaa83cec9f9ab6bf37b;outfit.e8f877d97bec44b49a40abd355d69d51;0;4f4d536b2fa24eaa83cec9f9ab6bf37b.jpg
picture.4f54fc84dd584e3281321f95d95012d8;outfit.bcdac85da8684442b3963150def81453;0;4f54fc84dd584e3281321f95d95012d8.jpg
picture.4f556108773f4556b9299f83f612f54c;outfit.e3beae7266754b369fb289ece8c757ba;0;4f556108773f4556b9299f83f612f54c.jpg
picture.4f94fad5b93c403eba9596352454be32;outfit.2d50ae29c3194358b9b042edb8e61949;0;4f94fad5b93c403eba9596352454be32.jpg
picture.4fd4d794a41e45cea23cccfafdf1941b;outfit.e3cc0d4d05644110922e90f815d08d04;0;4fd4d794a41e45cea23cccfafdf1941b.jpg
picture.4fdc6977a78c48989b08a563921ee294;outfit.e2b66b5d631840f2902ce6125a60b9fe;0;4fdc6977a78c48989b08a563921ee294.jpg
picture.4ff16539e8b54867b5cd41c5fe50fa27;outfit.791a43c3cf2e44168c27ff90db96f1e8;0;4ff16539e8b54867b5cd41c5fe50fa27.jpg
picture.50615c7b0efc4b4f82d8afe1aaa79ba9;outfit.e12b4be9f07a4da0937a29f9efe16965;0;50615c7b0efc4b4f82d8afe1aaa79ba9.jpg
picture.50659d4afb5a43a69f5d00da556ce2a9;outfit.a995ea509cd69726;0;50659d4afb5a43a69f5d00da556ce2a9.jpg
picture.5065f5fbbfea4e27892738a909981d34;outfit.0e978d0344f44a11accd476e3397df84;0;5065f5fbbfea4e27892738a909981d34.jpg
picture.5096db1c9e694345b98192123c98195e;outfit.28b064407198448db7149be19f0161f4;0;5096db1c9e694345b98192123c98195e.jpg
picture.50c0fec9ee6b43718579bc3306847654;outfit.bcee8c80b45d64f9;0;50c0fec9ee6b43718579bc3306847654.jpg
picture.511aad5875e34bf789f0551c8a05a689;outfit.e947dbab69e64c5a85f1fe565b5f3a49;0;511aad5875e34bf789f0551c8a05a689.jpg
picture.514dd72d6dbe4fb9aa092871cee48e07;outfit.56cc017ee10f4e77a002829e408687ba;0;514dd72d6dbe4fb9aa092871cee48e07.jpg
picture.515a7f7660b7480ba7e81f14bb61a73b;outfit.7ba3a82d83c24f4096668fa3c59b2c54;0;515a7f7660b7480ba7e81f14bb61a73b.jpg
picture.51761cb6b6ab4fbbb837d09d8da14a93;outfit.eb60db20ed1d4ddeb7e2b03e05cae83c;0;51761cb6b6ab4fbbb837d09d8da14a93.jpg
picture.51f7685620d24e81a571efb27eec694a;outfit.1096c0a926c244b39b44ff523a6ad9e0;0;51f7685620d24e81a571efb27eec694a.jpg
picture.51f95c9d5a7e49c183c99686ff15853f;outfit.6fa8bb1601aa44698177e99a24a52863;0;51f95c9d5a7e49c183c99686ff15853f.jpg
picture.5220df2655b940fc8416ac8195bab0ed;outfit.b0a5d80451942bf5;0;5220df2655b940fc8416ac8195bab0ed.jpg
picture.528b959fa4c246f2905d9b13b7f01814;outfit.afed491afd3e4eafb23afb89ec35c1fa;0;528b959fa4c246f2905d9b13b7f01814.jpg
picture.52b99a27689f469a91361707c60db8f6;outfit.8690d4d46fd2436c98f61bde4a65cc61;0;52b99a27689f469a91361707c60db8f6.jpg
picture.52cb31c7a7684d59a55a77db2c9e643e;outfit.f557450bb9d14a10951367293b052595;0;52cb31c7a7684d59a55a77db2c9e643e.jpg
picture.52d4e7b3fddb41b48787acf5c8375ced;outfit.993dfa12c54fc46f;0;52d4e7b3fddb41b48787acf5c8375ced.jpg
picture.52d50807a8f24df093db875e20209ba2;outfit.915272dd8393bc1d;0;52d50807a8f24df093db875e20209ba2.jpg
picture.52dc16e7aa514b728ee6f8fabbb5290e;outfit.53cd37dc1d6345ce89fa68e62e936c58;0;52dc16e7aa514b728ee6f8fabbb5290e.jpg
picture.52e9a037d99e454088cf02725c23b821;outfit.b21aec5d36074eb790d69c5c40b7d77c;0;52e9a037d99e454088cf02725c23b821.jpg
picture.53d55c70a73a47dbbb99addfeaa4bdfd;outfit.a022100a2a964f4d9b262749de0b15d4;0;53d55c70a73a47dbbb99addfeaa4bdfd.jpg
picture.543094d2434b4ba598347eeedd6997ee;outfit.e5fd898057d54a5f8373fd8381b33a1b;0;543094d2434b4ba598347eeedd6997ee.jpg
picture.54626d2e44f1461b9750ca47c12e9220;outfit.a3b797e5d17543b8a0a1f6d2b5112ce6;0;54626d2e44f1461b9750ca47c12e9220.jpg
picture.549739119b274ab7924186b42faf94d5;outfit.f4760ce163664a1e85ac621e41eda2f5;0;549739119b274ab7924186b42faf94d5.jpg
picture.54979d41a2994c768b468de5844ee38c;outfit.8f91b0422939117a;0;54979d41a2994c768b468de5844ee38c.jpg
picture.54e3c7e3a3ee4551bf0fe58d2def6c5a;outfit.36654cc2920c42b7a8c294cf349544fe;0;54e3c7e3a3ee4551bf0fe58d2def6c5a.jpg
picture.54e43c729f2845d482ff9011d8d29eab;outfit.a19d17a0915646ec9feaa760d03d1fe2;0;54e43c729f2845d482ff9011d8d29eab.jpg
picture.5503ad74662b47e8b185683369e9750e;outfit.2019c3e0c2ed451db8a83babc45d19af;0;5503ad74662b47e8b185683369e9750e.jpg
picture.55114cd55b554a7f8eb5ceb06db6b336;outfit.3f2ed80371424e879c455f3eb07fcaa7;0;55114cd55b554a7f8eb5ceb06db6b336.jpg
picture.555ed130f8214ba39790586a2d4746e3;outfit.a0e08ec8c3ce46a0972972e9bbd03a04;0;555ed130f8214ba39790586a2d4746e3.jpg
picture.557df9093d9041b2b38f1d0e13a07755;outfit.8c8215f7c0a7445b9b09d3da37b462c6;0;557df9093d9041b2b38f1d0e13a07755.jpg
picture.561c1aa6d70d4f099590550ec093f83e;outfit.5d2d7dca81534a789407bce8180af049;0;561c1aa6d70d4f099590550ec093f83e.jpg
picture.5621b583815b44478952c70275f96dfd;outfit.65880fd633594bf4ab0b833b9c09d29a;0;5621b583815b44478952c70275f96dfd.jpg
picture.562aca3632fd43e1a3f2761c86843e91;outfit.33deb9ecdab843c59db67aeb7a8e3d35;0;562aca3632fd43e1a3f2761c86843e91.jpg
picture.565203d240234b3c86e91608872d90f2;outfit.bf59641874784125880c58615b5abbaa;0;565203d240234b3c86e91608872d90f2.jpg
picture.5654a21ccead4b89ad36b3c70052d8ed;outfit.d933a0b2120d4102bcfe5f51886dc0e1;0;5654a21ccead4b89ad36b3c70052d8ed.jpg
picture.5658a8e32199443388790c78490e13d4;outfit.abd7e59260904f73ba0937d81996a9f2;0;5658a8e32199443388790c78490e13d4.jpg
picture.567f6ef6b84e4aa28d95436d5e9a26d7;outfit.252b5f88ee66462e9aef2ea071969700;0;567f6ef6b84e4aa28d95436d5e9a26d7.jpg
picture.56cc1afeda0b415e9560bba892c6c633;outfit.fc774521956e43c1b7b989272f5dca23;0;56cc1afeda0b415e9560bba892c6c633.jpg
picture.570f8f61070244048958a9e16a7549d7;outfit.22e47ac833dc47889bf2c9bf6baed182;0;570f8f61070244048958a9e16a7549d7.jpg
picture.573651d0ee574a958dc3d6bb70673df4;outfit.77115f3958a24ad98cc8568e3fbe0da8;0;573651d0ee574a958dc3d6bb70673df4.jpg
picture.5772a11f80e4478ea782c13802011198;outfit.d751f378f5214d2e941994a9ecc4b046;0;5772a11f80e4478ea782c13802011198.jpg
picture.577533c7cf634a1aaf72423415d857eb;outfit.549dd7bf94d4442abfd053dc32ee54cc;0;577533c7cf634a1aaf72423415d857eb.jpg
picture.57c53d588ad446f2a1b16776ccc7cb2b;outfit.deb2675432704b1e8048f6f90c102a00;0;57c53d588ad446f2a1b16776ccc7cb2b.jpg
picture.57d40e793d1d47c480c20179ad1fe11f;outfit.89a1a2941012477c83e6f9aaf2f144c8;0;57d40e793d1d47c480c20179ad1fe11f.jpg
picture.57d4799c233d476abbf9cea9191261e1;outfit.925b3a37354592ef;0;57d4799c233d476abbf9cea9191261e1.jpg
picture.5830049a33624826afde003636638e28;outfit.7cc254ca61fd49189825e315d9507a3d;0;5830049a33624826afde003636638e28.jpg
picture.58386aa5b43841a28e93e9efb4479f38;outfit.b7c4ed0668334bd1b5f8e91059b88da5;0;58386aa5b43841a28e93e9efb4479f38.jpg
picture.585cdbe735164c4c9f3ac547ae2b044e;outfit.bd061db386d78a56;0;585cdbe735164c4c9f3ac547ae2b044e.jpg
picture.588dd010d87641bb94ff0f1f7315c0da;outfit.f398680c9638415dbe02347d447dd922;0;588dd010d87641bb94ff0f1f7315c0da.jpg
picture.589b75de9d5d4b27908546820bbe40a0;outfit.db5c1c953153428ca001e10600e8bb42;0;589b75de9d5d4b27908546820bbe40a0.jpg
picture.58a28bd11675459bb829542f0ce025e6;outfit.ad0e0bb9c3ab3cb3;0;58a28bd11675459bb829542f0ce025e6.jpg
picture.58a3d30a300e4c468a921c8127a6d929;outfit.f926e8589d9147c5822d152566769240;0;58a3d30a300e4c468a921c8127a6d929.jpg
picture.58d48f53060742b5aa22c6282ccbb887;outfit.7f53199a70b045598d5cbc1c0546d248;0;58d48f53060742b5aa22c6282ccbb887.jpg
picture.58e86bcf7e234d28ae61adcf955cabc4;outfit.229cc0c550f54fb3b3b937bab2abda35;0;58e86bcf7e234d28ae61adcf955cabc4.jpg
picture.590938b06fe446dea429e8488e0f96aa;outfit.4060d4c7c61443afa5fd7dc4f18a9aec;0;590938b06fe446dea429e8488e0f96aa.jpg
picture.591fd6bd079149deb472ccf6d8907cbd;outfit.9337c57be08b48f685e77490d17da267;0;591fd6bd079149deb472ccf6d8907cbd.jpg
picture.5963b8a27b264beeb48a52e1dacd82b7;outfit.b6e876bed3cff76c;0;5963b8a27b264beeb48a52e1dacd82b7.jpg
picture.5969f5a7750d457fa35a59e95092ed06;outfit.52d1f28b96d6412b8143411eb00fa1d0;0;5969f5a7750d457fa35a59e95092ed06.jpg
picture.598338d9bdc2440999b85cba59eaa09a;outfit.f40373a3c86d43cda4155344e39334c7;0;598338d9bdc2440999b85cba59eaa09a.jpg
picture.5992c17417a4442bb8abdc4d8c2cec59;outfit.1a05e7ef43cb440c93d0ef93fd430a32;0;5992c17417a4442bb8abdc4d8c2cec59.jpg
picture.59de3e5ca6014d58b67e63bfaaebee80;outfit.774b95bb02cb4be0b92d2a232bdb8b0f;0;59de3e5ca6014d58b67e63bfaaebee80.jpg
picture.59e11fde6bf64040b8d402885fd9ca69;outfit.02885ab411b942b8b450097054217ebf;0;59e11fde6bf64040b8d402885fd9ca69.jpg
picture.59fc245f15674be894562fadb6d10cf5;outfit.83e56eb73d8f0127;0;59fc245f15674be894562fadb6d10cf5.jpg
picture.59fd360f4a4e460cb8aeb012bf4b044e;outfit.e0a3899c698544c4bf205f2a6eae496c;0;59fd360f4a4e460cb8aeb012bf4b044e.jpg
picture.5a0363b774ad4726a148d3f5b3a1f11f;outfit.9d2178974e7f4cd6a556586ebb767049;0;5a0363b774ad4726a148d3f5b3a1f11f.jpg
picture.5a0548353ab2451b81e270d59c92e921;outfit.670d3e142b2c4f9a929ee971aad295b1;0;5a0548353ab2451b81e270d59c92e921.jpg
picture.5a07a0925dc3410c978da3606d7f1003;outfit.d1404a07cbda4bf68dd8d57cb0e32207;0;5a07a0925dc3410c978da3606d7f1003.jpg
picture.5a09f6f8b1af49d584a9babf4d632e3d;outfit.d6789556754c4ce084d2fc7c354ae23d;0;5a09f6f8b1af49d584a9babf4d632e3d.jpg
picture.5a70e7f490ad4a08b3d8d7453bc008fe;outfit.91b2efcbbd50491e89267d079de15ab2;0;5a70e7f490ad4a08b3d8d7453bc008fe.jpg
picture.5a99e6ea061d497a98621ef09e4e1bec;outfit.a9d10e9af13c4e6d84c8b49d1dbd872b;0;5a99e6ea061d497a98621ef09e4e1bec.jpg
picture.5a9fca851bac4444a607793dc3139a1c;outfit.d141393e8f8247db9c62121a790ed9be;0;5a9fca851bac4444a607793dc3139a1c.jpg
picture.5adcda70b4b6451fab51ef04792d06ba;outfit.b463faabc03163c8;0;5adcda70b4b6451fab51ef04792d06ba.jpg
picture.5ae2484ba517428baacf29c6a37017fe;outfit.ccf811c5b8f847758b9d79c74514890f;0;5ae2484ba517428baacf29c6a37017fe.jpg
picture.5b0797771001488ba6e97152057fdb32;outfit.a3d25f31c9758d32;0;5b0797771001488ba6e97152057fdb32.jpg
picture.5b329b1eed5b43dfa8168eaa254fa06f;outfit.f66d734ea0fa4854b73f96714fd19ecf;0;5b329b1eed5b43dfa8168eaa254fa06f.jpg
picture.5b46c2aa64094e98a977111014d8ec70;outfit.efbeb50344e54028b243698b3dd1b700;0;5b46c2aa64094e98a977111014d8ec70.jpg
picture.5b5a725835e64bb6864a68207777d9f7;outfit.5b1de7457379489c8e57a3c22844550b;0;5b5a725835e64bb6864a68207777d9f7.jpg
picture.5b811b92bd8e44f29938eb533b55f5b7;outfit.9b8cb306a9fd4315bbda3cd2b056e36a;0;5b811b92bd8e44f29938eb533b55f5b7.jpg
picture.5bd75c18ae944eef89f1d87842f0e929;outfit.2c4583bd98d748f29b7f7fb1cf6c43c4;0;5bd75c18ae944eef89f1d87842f0e929.jpg
picture.5beac37653324b36a66e4fce281a84f0;outfit.e538cc03e9244a16910db1b27f7132db;0;5beac37653324b36a66e4fce281a84f0.jpg
picture.5bf324edea53491d9a4655fc4b5ee760;outfit.85ef135795fc4b9fb082438789d4daa9;0;5bf324edea53491d9a4655fc4b5ee760.jpg
picture.5c1937771feb4350b747b1f240a14e52;outfit.91fb3dd15c894aae8d2718882dfb927a;0;5c1937771feb4350b747b1f240a14e52.jpg
picture.5c69cbf0f6b04007a87c5f3309210b41;outfit.a8083cd1fd8b4da982f6f8b6364d96a6;0;5c69cbf0f6b04007a87c5f3309210b41.jpg
picture.5c975e6e951c41b4b8e8909a66ba7397;outfit.bb72f30cdb4246d1bc47ff8b17cf4162;0;5c975e6e951c41b4b8e8909a66ba7397.jpg
picture.5cc3121149914fceb77145e7a0032043;outfit.12c66a78a00f40a2908e64050f4ad8e9;0;5cc3121149914fceb77145e7a0032043.jpg
picture.5ccafc1f972542e695a75ce2ac40056a;outfit.e796e7141e9246b5a7a9cd70ed30fdeb;0;5ccafc1f972542e695a75ce2ac40056a.jpg
picture.5d17e4f94e334988a6c159e98147a551;outfit.cac751eeb8fe4846a26b1fc647bc5ef2;0;5d17e4f94e334988a6c159e98147a551.jpg
picture.5d2ca6bec0584c09a22bb4900754fe96;outfit.29d43c48eee84539b3e1597c9cd55194;0;5d2ca6bec0584c09a22bb4900754fe96.jpg
picture.5d2fa16ed08b4cc9b7a8fe632a0194ff;outfit.380abb0818d3434bab724eeef1f4de2a;0;5d2fa16ed08b4cc9b7a8fe632a0194ff.jpg
picture.5d46202268c846aca1f6ece8a7cc251e;outfit.6b8d0d5720af4e33af8dff7afe7b0ed3;0;5d46202268c846aca1f6ece8a7cc251e.jpg
picture.5daa513e64c749a290328d98f74c6db6;outfit.3b45aacc673049bdac58580de574f957;0;5daa513e64c749a290328d98f74c6db6.jpg
picture.5dc7793a84584c798b563336bdc03e98;outfit.03f24a5a208f481eab99f81ff4742928;0;5dc7793a84584c798b563336bdc03e98.jpg
picture.5e0aae2350354702b469caedfd6cb3df;outfit.2ff0f8356ee34f6fb2ebe48716840e5c;0;5e0aae2350354702b469caedfd6cb3df.jpg
picture.5e21bffe828c4a96be910fc10ebd4cf2;outfit.16c67c6789f94fb8a10de95277e1a321;0;5e21bffe828c4a96be910fc10ebd4cf2.jpg
picture.5e23b78b0f9a4f2396a377c4a40dc21a;outfit.372a132f8fe4463f8fdb8d7a8b3f5206;0;5e23b78b0f9a4f2396a377c4a40dc21a.jpg
picture.5e3aacda8a8644449e5780c39580184d;outfit.9653e8c2cb5f44eeb2a9015e4b11c162;0;5e3aacda8a8644449e5780c39580184d.jpg
picture.5e59b38b6ec54b8a8931f771badace10;outfit.e22e6d77ffc3457487c554f0dd91fbd0;0;5e59b38b6ec54b8a8931f771badace10.jpg
picture.5e6172cc150f4ac495caf274ce27ac29;outfit.a7179f539117b9b7;0;5e6172cc150f4ac495caf274ce27ac29.jpg
picture.5eda43c6b4b34f40a693bac39c4b8f59;outfit.3d22b9aa4bd549b09aa9d7e199d8b14a;0;5eda43c6b4b34f40a693bac39c4b8f59.jpg
picture.5edd410bd98c4dcabf86f94e359a6319;outfit.e0f170b8b51f4ae4a7e00047b9ea8d79;0;5edd410bd98c4dcabf86f94e359a6319.jpg
picture.5f01d07e343846b58d01931f73e641e3;outfit.97f20b8380c34615a30aed080071aa96;0;5f01d07e343846b58d01931f73e641e3.jpg
picture.5f09a819c841431782041b2b23945fca;outfit.5405ab692b354a69a104048dda3366e7;0;5f09a819c841431782041b2b23945fca.jpg
picture.5f4a997131f14f01b2fc1b01ed699400;outfit.d78cbfab144149069da04737d98450a1;0;5f4a997131f14f01b2fc1b01ed699400.jpg
picture.5f689b56ff9141708ae4c565ff079f59;outfit.bf9018e030564e79965fdccb02003ac8;0;5f689b56ff9141708ae4c565ff079f59.jpg
picture.5f68c8b4499f46d9af091bfe4e9c8aa3;outfit.cd92590952d54e1d8b3bec0bbecb901b;0;5f68c8b4499f46d9af091bfe4e9c8aa3.jpg
picture.5f85133310084bdb9cf95ddfa569f01e;outfit.8fbf386b8fef8664;0;5f85133310084bdb9cf95ddfa569f01e.jpg
picture.5fa819c360584fb0b1b3f5201be1cc81;outfit.5a4fb1545a1448fb970821a7bcb8c581;0;5fa819c360584fb0b1b3f5201be1cc81.jpg
picture.5fe5d0a9c6744c019e6f42d43975fe43;outfit.f5e7d2d5b6524aa8afd7e9cc3a1ef67d;0;5fe5d0a9c6744c019e6f42d43975fe43.jpg
picture.5ffa2185144b46b58899ca7097d037f8;outfit.c258add24a7a4550b115b749ea07524e;0;5ffa2185144b46b58899ca7097d037f8.jpg
picture.602c875178794323aef9f9c76da5d996;outfit.af4c1536e8d62d77;0;602c875178794323aef9f9c76da5d996.jpg
picture.602e46d246004cd585684145a1eafb7d;outfit.f58adb25909143e9aebc9e35f054988c;0;602e46d246004cd585684145a1eafb7d.jpg
picture.603d12f044a44cca960b5aec6c280618;outfit.4c41406859e04bc7b29036c62ea1b7df;0;603d12f044a44cca960b5aec6c280618.jpg
picture.608671a969424af396e01ae925dd377a;outfit.041c2a73da43488ea183556bf63a5675;0;608671a969424af396e01ae925dd377a.jpg
picture.609929186ee141e6a5a1ec03d8338239;outfit.f39f4017b82e4737b36b3674369af562;0;609929186ee141e6a5a1ec03d8338239.jpg
picture.61489f58ee2f442ca6e8b42956c2d415;outfit.8a9297abf702469b88dcdb1ce6cd35bd;0;61489f58ee2f442ca6e8b42956c2d415.jpg
picture.61955198deb54fac8ba42de12ee8375e;outfit.942fb5cf84a64da28ca55359e7dc1225;0;61955198deb54fac8ba42de12ee8375e.jpg
picture.61dd2ea769ae43aba4ab142293ca4ab9;outfit.0aab21277b674f7fbb146ca7e853eef6;0;61dd2ea769ae43aba4ab142293ca4ab9.jpg
picture.620566df64994e78b5b7a64804c8697c;outfit.dbfe1373a2f840979196fe10b912e0c5;0;620566df64994e78b5b7a64804c8697c.jpg
picture.62359052f2754219b82fea8896459e87;outfit.4158a6fc47074d23b6591ae8583673a8;0;62359052f2754219b82fea8896459e87.jpg
picture.626115d0657741819a6c4f27d98cd642;outfit.eb687dffeab64aee8d3ab9da47d77d12;0;626115d0657741819a6c4f27d98cd642.jpg
picture.62696cd9c66441f69aa0b8914413c154;outfit.8f892d2a86a7024f;0;62696cd9c66441f69aa0b8914413c154.jpg
picture.626ecf798109482e867c143372d98b29;outfit.21474001bd3e48a19da3a75c2f3819fa;0;626ecf798109482e867c143372d98b29.jpg
picture.62710c170e6f47e1a1b36a8b21428c98;outfit.9c60137e95ac47c4b54413f4226d4206;0;62710c170e6f47e1a1b36a8b21428c98.jpg
picture.62a8f41aa67b497c9b7a2016e9a47335;outfit.f566554a9cea4c0fb77e1f9a7708c398;0;62a8f41aa67b497c9b7a2016e9a47335.jpg
picture.62fa80dda43d46028af2d2fb20c2c0d1;outfit.6e2a3eeffbf4433c9d6e5085d8c083f2;0;62fa80dda43d46028af2d2fb20c2c0d1.jpg
picture.632d2e914b9a423a92ec85f8e994471d;outfit.ed26f73fdcad4071a6efa9ea84e9de3c;0;632d2e914b9a423a92ec85f8e994471d.jpg
picture.6337f4d0fcfb4ea7a1dab4975ba33236;outfit.df13ea56a17d4fad9fca92caa307b02c;0;6337f4d0fcfb4ea7a1dab4975ba33236.jpg
picture.63429dfc8a5a4314b0f4767463f2491a;outfit.75137cff95cb468ebf7d91f0b8815a50;0;63429dfc8a5a4314b0f4767463f2491a.jpg
picture.634f01a6825441a8bf159119640d68b9;outfit.43d27be4c064485697d6e4496f66576c;0;634f01a6825441a8bf159119640d68b9.jpg
picture.63b2e5c0e69e42828000f34fcd1ae6a9;outfit.30d1aee07a924c969deb23980fe0949b;0;63b2e5c0e69e42828000f34fcd1ae6a9.jpg
picture.63bb2c3e308e458bade51564920f0e8f;outfit.1e1ade9c992d4eb8b7f11cd398a928c7;0;63bb2c3e308e458bade51564920f0e8f.jpg
picture.640292f8fab047a99fba4df86516123c;outfit.33775c3acbcf408aadc5a2436d0750ec;0;640292f8fab047a99fba4df86516123c.jpg
picture.641a3a0f53b8484b94f178cb5a5aeab2;outfit.f9a2dd8439ea48859a895ea99b8ae6c4;0;641a3a0f53b8484b94f178cb5a5aeab2.jpg
picture.644124379b8f42afa66c753f9b40e0b1;outfit.9333d13d00a6460aab2f7ac3da1c96ef;0;644124379b8f42afa66c753f9b40e0b1.jpg
picture.644b43e245cc4a3c88041ddab346fdf2;outfit.2fa33a989f58419db01800a94dd76fd6;0;644b43e245cc4a3c88041ddab346fdf2.jpg
picture.6464496d6c0d48219bc0ce2ae26e570d;outfit.48082d4340244e8ca2ff66aae39dc114;0;6464496d6c0d48219bc0ce2ae26e570d.jpg
picture.6465f025ef0f4bcb9691da851e43a660;outfit.40a0759f9fee458ea303ea8d1ef61a74;0;6465f025ef0f4bcb9691da851e43a660.jpg
picture.646f14a69768441a9084cac2b9cdfe4a;outfit.e64440c76c164f76b87f4719745f3b68;0;646f14a69768441a9084cac2b9cdfe4a.jpg
picture.648760214885471e8b5dd409f8689b1d;outfit.883321945299904e;0;648760214885471e8b5dd409f8689b1d.jpg
picture.64c77332504e41f5b46841c03e92dbac;outfit.8023680619aa366a;0;64c77332504e41f5b46841c03e92dbac.jpg
picture.64e3fd1f66824da59b0f27bee6655b17;outfit.9e8dd974e09f44ef886fce0d3557d652;0;64e3fd1f66824da59b0f27bee6655b17.jpg
picture.652d706c2ed3405fa062bb9a85778475;outfit.656d8c9767e2417d8fad467465515b5d;0;652d706c2ed3405fa062bb9a85778475.jpg
picture.653544f0088a4cf68bc1d0b11d6913d9;outfit.3cd520846acc415fa68f1a7d6f1b7cee;0;653544f0088a4cf68bc1d0b11d6913d9.jpg
picture.653d25e9f98f4b478d3af8506572442f;outfit.db019075c1344988a8148ff887ce6534;0;653d25e9f98f4b478d3af8506572442f.jpg
picture.65770e8bd8934f9cb6090ce47de837d2;outfit.90913fe41f7b45abb3ec29e857df6352;0;65770e8bd8934f9cb6090ce47de837d2.jpg
picture.65ea1a92586d47989e9329a84a82361b;outfit.89dbcc1289ee49c18bcb93fc69a52c02;0;65ea1a92586d47989e9329a84a82361b.jpg
picture.663191533dd34d2fbd17a7af8e1dd117;outfit.8022397c5e3d4ab4bc8e421da9236d29;0;663191533dd34d2fbd17a7af8e1dd117.jpg
picture.663e4f461fbf40b19b23f47e39874fa7;outfit.848a85ca39d3fda6;0;663e4f461fbf40b19b23f47e39874fa7.jpg
picture.6646ca55eed7401184ed0c9ffbd77276;outfit.df79806b22844eae8e38a61b63ffeee3;0;6646ca55eed7401184ed0c9ffbd77276.jpg
picture.664a311166384483be7d3a2760d72bb2;outfit.afd208ad6e2c4771910f427504e634fe;0;664a311166384483be7d3a2760d72bb2.jpg
picture.669a37e251f345d8b93cbdd3b8c4606b;outfit.05ee1828c13a47c29f06de6d993fbafe;0;669a37e251f345d8b93cbdd3b8c4606b.jpg
picture.66bf2d5844d74e43b35f93f1dade9d6a;outfit.5cc0341855e443a192105efd1a176491;0;66bf2d5844d74e43b35f93f1dade9d6a.jpg
picture.672c713c4d4e47b39441a882ca1b21c0;outfit.71442f9043504300907b80e2385f9ae4;0;672c713c4d4e47b39441a882ca1b21c0.jpg
picture.67506bb7377f43a3801c2b34b7d39e19;outfit.8ce5277fd36a4926b5203cfcdb72fd72;0;67506bb7377f43a3801c2b34b7d39e19.jpg
picture.67c745eeb7c44098b4ad5150b67bc239;outfit.abe450dff4d74a5ba0d20c3a5d55e409;0;67c745eeb7c44098b4ad5150b67bc239.jpg
picture.6806ca9d49ca47c0b804f3e811d546f3;outfit.219dfc82879a4c95a5e46cd7e35dcef3;0;6806ca9d49ca47c0b804f3e811d546f3.jpg
picture.680ca07950bb47279bf6c22eeffba940;outfit.6d2a1e8d44094fd68c03239e1678bd44;0;680ca07950bb47279bf6c22eeffba940.jpg
picture.6815755056124ef0a50a3e8a855faf9f;outfit.d70247c33e4b42569675e32cc3727701;0;6815755056124ef0a50a3e8a855faf9f.jpg
picture.683939434c3e428dbb15813a94fc1f8c;outfit.7f12d0cbd88d440f84b259599e625b69;0;683939434c3e428dbb15813a94fc1f8c.jpg
picture.684a187e245b482e8c008dcad6a214c6;outfit.2055788ae1cb401bb3e88f887d5bd028;0;684a187e245b482e8c008dcad6a214c6.jpg
picture.6866f0f8f2984d2a8020df64d6a1986d;outfit.f5fb40c43d174f799509d01145b1ed1f;0;6866f0f8f2984d2a8020df64d6a1986d.jpg
picture.68a4aa2a800646f9b1a8f22e7fbc4cfb;outfit.57ffd059f0374d6995a1f8fd4ee0d2ed;0;68a4aa2a800646f9b1a8f22e7fbc4cfb.jpg
picture.68af289107a8437baea59d30a54b37ce;outfit.b8248f42bf864dabbf1f70840a474142;0;68af289107a8437baea59d30a54b37ce.jpg
picture.68c7a8d60bcb49bc9ddefde27f654e9e;outfit.e9f82d690d5a452ca833a578fd0f0dd0;0;68c7a8d60bcb49bc9ddefde27f654e9e.jpg
picture.68c9db0a732745f08f82d1b9f7dc033b;outfit.af3cb94171784fff803b50e9a99cd890;0;68c9db0a732745f08f82d1b9f7dc033b.jpg
picture.6915c2f2506947bba8326ac1aff33278;outfit.b4552786134645be908f6201f300cd1a;0;6915c2f2506947bba8326ac1aff33278.jpg
picture.697cd0c541b84573b538371a840a8c6e;outfit.23596174e2b1478385adda8f5f48416f;0;697cd0c541b84573b538371a840a8c6e.jpg
picture.69ada3892d5d467b9c1d1921a756893a;outfit.061edd6d908049c5856935a0372ddc64;0;69ada3892d5d467b9c1d1921a756893a.jpg
picture.69f0d24a71fd42048941ba17fe2a1485;outfit.68619657037e49be85070ff82067b940;0;69f0d24a71fd42048941ba17fe2a1485.jpg
picture.6a4fee73e4e34e73a63ba302a1c66525;outfit.ae538ccb6bf14a858b0f66458e592872;0;6a4fee73e4e34e73a63ba302a1c66525.jpg
picture.6a5dd8d9f62844dfa796f337cdcd9b35;outfit.b52ecf537c5a473391d9695d108c041c;0;6a5dd8d9f62844dfa796f337cdcd9b35.jpg
picture.6ab18ca94d1140c189f88270abd5f950;outfit.65bf9afca9c94299a8ea0b0b8fc4e03f;0;6ab18ca94d1140c189f88270abd5f950.jpg
picture.6acceaa695bc48a29fd2050d418d5e54;outfit.d4d71ae7c0194db7b38fa774db0981f4;0;6acceaa695bc48a29fd2050d418d5e54.jpg
picture.6ada28ed84614cd0876ff8f81618fd27;outfit.0248aa8a68b14491ad8dcf4067ce02cd;0;6ada28ed84614cd0876ff8f81618fd27.jpg
picture.6ae5c79c059e4d9ebdbf552489ed53f2;outfit.55bf4bdcb79e4027987f9b8c7eafe314;0;6ae5c79c059e4d9ebdbf552489ed53f2.jpg
picture.6ae7a02cf13c40beaef2eb4fc2590a26;outfit.7a9ac6aae6de40d4b1a260d95de95988;0;6ae7a02cf13c40beaef2eb4fc2590a26.jpg
picture.6b26625b6afd4f9f837f54bb7431def1;outfit.d39ea6485a024bb2a6529ce15d2739d7;0;6b26625b6afd4f9f837f54bb7431def1.jpg
picture.6b3fa0f8547b4ecb80c8e635ce9776e3;outfit.833b2280ae99434db2fb843f78d79e25;0;6b3fa0f8547b4ecb80c8e635ce9776e3.jpg
picture.6b6ad421d56543e1886d453d3235325a;outfit.1b47c924e1684b9c94c76fa971ec8115;0;6b6ad421d56543e1886d453d3235325a.jpg
picture.6b7b773d1a564c6caa683230a2982777;outfit.3dce88ceca134c02b8b9abfd791825d1;0;6b7b773d1a564c6caa683230a2982777.jpg
picture.6b7d3d6a252546adac944278c13d3cab;outfit.d64c915c766349d18cd794e642e97166;0;6b7d3d6a252546adac944278c13d3cab.jpg
picture.6ba7895e8c1d472e92801208ea6249a9;outfit.bf6df4f0abba9e2f;0;6ba7895e8c1d472e92801208ea6249a9.jpg
picture.6be13f9bcd9c41ca85ca97bd7881af92;outfit.b87b2a39d4f64871865834bdfc4cf1e6;0;6be13f9bcd9c41ca85ca97bd7881af92.jpg
picture.6be38a55b2b842308f82bc1b9a8d6c20;outfit.efabac44ce104279a8c819af8d14e5d6;0;6be38a55b2b842308f82bc1b9a8d6c20.jpg
picture.6c10286e56b5457daee460a239a1dce3;outfit.671c37e96f5247e68b198e2a61dbe34e;0;6c10286e56b5457daee460a239a1dce3.jpg
picture.6c4d22d0205146b49a637e0b6a91318e;outfit.56663aaf60aa4b5c8267bed372c72677;0;6c4d22d0205146b49a637e0b6a91318e.jpg
picture.6c612808767c4f11aec9b80b9875ae70;outfit.c26dfa3343fe4ba3823eff356e24750f;0;6c612808767c4f11aec9b80b9875ae70.jpg
picture.6c6f4e061e1d42269109c457ada585ca;outfit.7d69ae2f5dc641bca0eed4b1dfc17ac8;0;6c6f4e061e1d42269109c457ada585ca.jpg
picture.6ca487c283e841d0a1e83dcda44296ee;outfit.0cefd239bf11456ea05ab6b00f40b457;0;6ca487c283e841d0a1e83dcda44296ee.jpg
picture.6ceab0349e8a4f2ea9bd9474af03e9f9;outfit.aecdd6d2249e8bc7;0;6ceab0349e8a4f2ea9bd9474af03e9f9.jpg
picture.6d156883626a452c98f1a817cbb15b46;outfit.a5a7231c342d45cca35cf536be58d63e;0;6d156883626a452c98f1a817cbb15b46.jpg
picture.6d3329ca0e9e42edb75b1c813ec06286;outfit.a98dbc2bd6e64dfb8ec5685b61aa3102;0;6d3329ca0e9e42edb75b1c813ec06286.jpg
picture.6d84c576b78c4c98b909874394d43449;outfit.a5bbbf5301db4e5b8b1e2532cfd23a24;0;6d84c576b78c4c98b909874394d43449.jpg
picture.6d9494a5cd3a4c1cb68ff00afcc3dea3;outfit.22c917473fe54dcb9b969d99a35ee10e;0;6d9494a5cd3a4c1cb68ff00afcc3dea3.jpg
picture.6df914ecfa77443eac56b7e1da25daf6;outfit.b8edf89f3a5949949ae1188cd3283d6f;0;6df914ecfa77443eac56b7e1da25daf6.jpg
picture.6e47223cb4354630afd14ae99490fa2c;outfit.083b787389954cc09d79eab4ed0424a6;0;6e47223cb4354630afd14ae99490fa2c.jpg
picture.6f5603ad09134fedbde0c397e29229b9;outfit.6fb87aa78e6343ba811fe22dc8fe0217;0;6f5603ad09134fedbde0c397e29229b9.jpg
picture.6f9e3ec49fa7470a86bddd4827abf0d4;outfit.6587d43842ed43958181f9925d52806c;0;6f9e3ec49fa7470a86bddd4827abf0d4.jpg
picture.6fa1d3f41a234e3499b546a7937cc3eb;outfit.97071c364d1944db8c7ae6a9d768a51a;0;6fa1d3f41a234e3499b546a7937cc3eb.jpg
picture.6fde993bc0254a8381c69cf7058ea4e1;outfit.e96d2e7204fb4c1ea24fe71b3f967e0c;0;6fde993bc0254a8381c69cf7058ea4e1.jpg
picture.7002d27d3f8a41ad896e840cd40d4aaa;outfit.b619b14568c94d46ac314ae0983703bd;0;7002d27d3f8a41ad896e840cd40d4aaa.jpg
picture.704f1ea8ee6d47f19828a3dd8b3c08b1;outfit.78392fa87e224d719c89da109d9e263f;0;704f1ea8ee6d47f19828a3dd8b3c08b1.jpg
picture.7054b1196c644c7f9b87fd0ceba3fcb8;outfit.1f8f1544736b40b99c3485150d68342b;0;7054b1196c644c7f9b87fd0ceba3fcb8.jpg
picture.707318d88c1e4cbcb0b031f89d175e2d;outfit.b3b241dbfc6220b8;0;707318d88c1e4cbcb0b031f89d175e2d.jpg
picture.707e4a14c03f4bba95a4c08f94bf09ec;outfit.ae77f7b917ff4730a2300bf43f24735e;0;707e4a14c03f4bba95a4c08f94bf09ec.jpg
picture.70bae685fe96480da99c500546db72db;outfit.65eca5cdd70349c19294a6d34bf69ef1;0;70bae685fe96480da99c500546db72db.jpg
picture.70ef49eca135487f90c186169a5701aa;outfit.5c3e94100ece4badabb0d1835ab78377;0;70ef49eca135487f90c186169a5701aa.jpg
picture.7181f8905b2e4c34bc06e3f5ca6bfc81;outfit.2347aaf8e3e34c34977a3682e0b3bdbc;0;7181f8905b2e4c34bc06e3f5ca6bfc81.jpg
picture.71b4758fcbce4799997abda1015c8304;outfit.62f13f7f9ce944ec9564d48caa6c3f48;0;71b4758fcbce4799997abda1015c8304.jpg
picture.7227b930478c49a5b07e76e86b3337b1;outfit.7f13839eeae444e79acb75451f623074;0;7227b930478c49a5b07e76e86b3337b1.jpg
picture.724d682edbd14a0b9edf9245d5a2e137;outfit.007a4828b12b40ed9ed3db0c5803b813;0;724d682edbd14a0b9edf9245d5a2e137.jpg
picture.7290eb177dfd46158f67a7dbc4799cd0;outfit.caf28526c07f46a9b8e16aa22e09593c;0;7290eb177dfd46158f67a7dbc4799cd0.jpg
picture.72aceed627a5405697102438a479f7ac;outfit.499d31bd36254c7191245e1d40745824;0;72aceed627a5405697102438a479f7ac.jpg
picture.730acb5435f94f819644baa13e247e0c;outfit.1d0adb4c93e04425ae2f85e9efc54905;0;730acb5435f94f819644baa13e247e0c.jpg
picture.73a9e141514c44dba568dcafcf5eb351;outfit.9d48b49a73e3ee2b;0;73a9e141514c44dba568dcafcf5eb351.jpg
picture.73efecc1ba6a49849c8f52d28ebb57df;outfit.fa20f4d239044e7a922e27c5b5fd9f4f;0;73efecc1ba6a49849c8f52d28ebb57df.jpg
picture.7454f379fad64fd687becba8b141680c;outfit.fe07e41596d841c6943aa7819488c565;0;7454f379fad64fd687becba8b141680c.jpg
picture.745d8679522046a1b0b1e2d35c041e83;outfit.43e73eedf7134d04afd27ea87948ce03;0;745d8679522046a1b0b1e2d35c041e83.jpg
picture.74d3aaff751245a0a11fc00bf7eb78fd;outfit.a20f428f90cb4198b1864b1ea5cc54a7;0;74d3aaff751245a0a11fc00bf7eb78fd.jpg
picture.750b807f98d74bbda1f3be33923691d9;outfit.3d5afa74c29d4879876d3e74dc75e0f8;0;750b807f98d74bbda1f3be33923691d9.jpg
picture.75404894f0e141b89ecbc70c23a69ecc;outfit.8ccfe9b6e0b0473b95bc91b156139d89;0;75404894f0e141b89ecbc70c23a69ecc.jpg
picture.7589c2e42bc947fcb63ff9e6a5613fb2;outfit.bd9dca3a7c0d808c;0;7589c2e42bc947fcb63ff9e6a5613fb2.jpg
picture.7599ee41b17e426e85fd80caa99c09d0;outfit.996460ba474be5df;0;7599ee41b17e426e85fd80caa99c09d0.jpg
picture.75b510a767734645b3a5509c972be240;outfit.c2a0cedead6d432ab2277ca1cc1524a8;0;75b510a767734645b3a5509c972be240.jpg
picture.7693a6ba5a31430db8cea76575fa7a52;outfit.7eb16fe1e199414bbb7f88d71fe7cb56;0;7693a6ba5a31430db8cea76575fa7a52.jpg
picture.76f69d17b7b6466fab9c1ce4cfb67fc0;outfit.48b43358755242c4bf529574c171b675;0;76f69d17b7b6466fab9c1ce4cfb67fc0.jpg
picture.771abc503c6847a79e8e2b73dcace2cd;outfit.4aca0c3e3ac7443ea02b74ab3e06675a;0;771abc503c6847a79e8e2b73dcace2cd.jpg
picture.7745c0fcf7834a3db38d11207cd8e0dd;outfit.1b11be15702b4c59ba76f79ed71df7ce;0;7745c0fcf7834a3db38d11207cd8e0dd.jpg
picture.7782e98e09f241c38ceb0d0f7dc4c350;outfit.bee0a33c3c774ae7b6eef6d298250ae4;0;7782e98e09f241c38ceb0d0f7dc4c350.jpg
picture.77cee67d240c44679950614a726fde00;outfit.c7f8c0ab1c36417eb3a7dea515d2a0e7;0;77cee67d240c44679950614a726fde00.jpg
picture.783218662b0943f8b24defb8b2ada86c;outfit.7ae84d76f8634068b358e5f723942fa0;0;783218662b0943f8b24defb8b2ada86c.jpg
picture.788b423f555a4ae7a4e16bbeb1f5e825;outfit.4555578a3d454839a343bd1f6448f523;0;788b423f555a4ae7a4e16bbeb1f5e825.jpg
picture.792bdd7df6a04bc9b9381f1429d06f09;outfit.3b06eb48b17b4e169bb6b08b9850fd0b;0;792bdd7df6a04bc9b9381f1429d06f09.jpg
picture.79a346eabf984319bebc2fa01269afc2;outfit.ed1c7d5f505b4c17984be48f40177beb;0;79a346eabf984319bebc2fa01269afc2.jpg
picture.79b3675d6e2e426aaee2c49e217718b0;outfit.7ff8b8c0f1b447229811fee5dd7ea006;0;79b3675d6e2e426aaee2c49e217718b0.jpg
picture.79bcf6acb4494842998388423330db8c;outfit.ac5a7a176b304d17b27ebe10bb3a168b;0;79bcf6acb4494842998388423330db8c.jpg
picture.79cc2794bff94b71ab4930986d4c1f9a;outfit.34b2a2a9779a47f0a1aff663fe8d1c86;0;79cc2794bff94b71ab4930986d4c1f9a.jpg
picture.79e59e1a1fc7465d87f7a0ad54794d72;outfit.9b440739a4ab0623;0;79e59e1a1fc7465d87f7a0ad54794d72.jpg
picture.7a10423dc14b406b92cd82d0bd0501ec;outfit.648db79508724c99ab948e953e4813a7;0;7a10423dc14b406b92cd82d0bd0501ec.jpg
picture.7aaf6b3c6f2c4bc1889705b73616f658;outfit.13ed9e9168f247308641b61eb258a756;0;7aaf6b3c6f2c4bc1889705b73616f658.jpg
picture.7ab48565229e4495bdf980a5082069a4;outfit.863d6ab504fd48319623a4e6936259db;0;7ab48565229e4495bdf980a5082069a4.jpg
picture.7b3c9186c6764ac59ea670aa5134df8e;outfit.f6e0ac328eac45939027a5dbf9d8a086;0;7b3c9186c6764ac59ea670aa5134df8e.jpg
picture.7b4662fd87434bec935226d7c6e28369;outfit.9bd9226c247f4ee8a64be90ee310fd8b;0;7b4662fd87434bec935226d7c6e28369.jpg
picture.7b4a36df424a4057927f1e2618ee6c13;outfit.1c78096241a04da2bb89cb692f3953b0;0;7b4a36df424a4057927f1e2618ee6c13.jpg
picture.7bc01ab92de74ebfbe318e3ff47ff37c;outfit.23dc66edd5004b3ea86fd2fb1ac9cb1f;0;7bc01ab92de74ebfbe318e3ff47ff37c.jpg
picture.7bf632a496a84f0ab7f5e5255eb2b776;outfit.611ba8f831e449f0a5bf0dfcc78e35a6;0;7bf632a496a84f0ab7f5e5255eb2b776.jpg
picture.7c2204d7f6e5487396e62eb44e3ccd5d;outfit.5ffeee8526274692af4f97b9018edc72;0;7c2204d7f6e5487396e62eb44e3ccd5d.jpg
picture.7cd64456def84c308dd1b58708b99f7c;outfit.eb2d7f4e04d648ab98ccc7a46934c459;0;7cd64456def84c308dd1b58708b99f7c.jpg
picture.7d0dc975dad442e68502a6e8fad25588;outfit.36ae937d5a4348b2b187b2b53c65b207;0;7d0dc975dad442e68502a6e8fad25588.jpg
picture.7db287722b1240feb8074dd8230cdcbb;outfit.f23993293d944d1b9bf173ca5be1a409;0;7db287722b1240feb8074dd8230cdcbb.jpg
picture.7e2df174e9d84919bea360f6da43e59a;outfit.feaa16af0f6b4a96b65f8a29ace77979;0;7e2df174e9d84919bea360f6da43e59a.jpg
picture.7e72004fce4c4b69b7d1997771dbb3e5;outfit.a3d5299f391ebf8b;0;7e72004fce4c4b69b7d1997771dbb3e5.jpg
picture.7eebc1efeda842a7a6054d2a5b5cf576;outfit.70bfcd7059a248ba9b8337bad5ce56fa;0;7eebc1efeda842a7a6054d2a5b5cf576.jpg
picture.7f85b7fe50214bdc964f6bac1e7a50a3;outfit.98a0bb3110de7f3e;0;7f85b7fe50214bdc964f6bac1e7a50a3.jpg
picture.7f8f5885803f4340906f13b6b0729a17;outfit.7af577a567bc490485605eab05781961;0;7f8f5885803f4340906f13b6b0729a17.jpg
picture.7fa65f3a2f804dd09f7b9fc45c2c192f;outfit.cafdca5ad56a4f6ea824cc20fab5b5ae;0;7fa65f3a2f804dd09f7b9fc45c2c192f.jpg
picture.7ff6f06aa2d8466fa26c3963ca686692;outfit.b3c16d971ae140519a806d5e2d47354b;0;7ff6f06aa2d8466fa26c3963ca686692.jpg
picture.7ff7061578c34d1bab1a6ea843b1ffa9;outfit.7cc6bd8e645a41d2837976a0d09e3ca9;0;7ff7061578c34d1bab1a6ea843b1ffa9.jpg
picture.7ff75c515f98412f98b257686471c377;outfit.b9bffddb2fa945e6a3d076ea97f1c5cb;0;7ff75c515f98412f98b257686471c377.jpg
picture.80042305621c41e0b3c5517ecbf17ad8;outfit.d8f20c3b2cae42b29b56f2b61cb6e715;0;80042305621c41e0b3c5517ecbf17ad8.jpg
picture.800992aff2f149d8aa4dc788f4d19ebe;outfit.8ed6e4fedeb67e87;0;800992aff2f149d8aa4dc788f4d19ebe.jpg
picture.801cc85992db48c2bf47b272e5e6cdf3;outfit.476b7bf9f9a74be3ae1a2152fee9fc3b;0;801cc85992db48c2bf47b272e5e6cdf3.jpg
picture.8022c15822b741e1b3e7ec38d2c6e7a8;outfit.557da3a4e43b4aa18835708e7320f359;0;8022c15822b741e1b3e7ec38d2c6e7a8.jpg
picture.804262641ff57a65;outfit.a68b7a70b061a667;0;804262641ff57a65.jpg
picture.8059dc54ce1a164f;outfit.aca18f7f7df3a642;0;8059dc54ce1a164f.jpg
picture.805f0a57c3f44b06;outfit.afed6567427c2287;0;805f0a57c3f44b06.jpg
picture.806f1abbcaba1eef;outfit.b07210826e040498;0;806f1abbcaba1eef.jpg
picture.808179481423471a8215d1e82b540b24;outfit.acfe80b3cdca48e69c5daa36f4755fdd;0;808179481423471a8215d1e82b540b24.jpg
picture.808226ab714b7724;outfit.9b0a47dc97c7ecc8;0;808226ab714b7724.jpg
picture.80a283534bcec2c6;outfit.bdf0b714576b2118;0;80a283534bcec2c6.jpg
picture.80a89ce8fe17406a8e2a7e9782c58ab0;outfit.4c7025a42af74e9bb6aa71afac57324a;0;80a89ce8fe17406a8e2a7e9782c58ab0.jpg
picture.80b08cea9971fd34;outfit.838cfe096d280c52;0;80b08cea9971fd34.jpg
picture.80cd48695375fde1;outfit.af3a5e4cc2959d66;0;80cd48695375fde1.jpg
picture.80d1a712162a13a6;outfit.b4e897cae6915720;0;80d1a712162a13a6.jpg
picture.80d869c046724e5f9b9aeb066ca038ca;outfit.0d0727d0c03f453495eaa85dc17d382d;0;80d869c046724e5f9b9aeb066ca038ca.jpg
picture.80f5d43aa0baacc1;outfit.81b7059db24a1c94;0;80f5d43aa0baacc1.jpg
picture.811a17aa6072859a;outfit.bb1024860d8f559e;0;811a17aa6072859a.jpg
picture.8167a4683bbbf06a;outfit.8fe12d169d14a8ab;0;8167a4683bbbf06a.jpg
picture.8198573b4ee0d275;outfit.a4699b3b33b4d99c;0;8198573b4ee0d275.jpg
picture.81a738b58e71243d;outfit.84f134b06fbed5a0;0;81a738b58e71243d.jpg
picture.81ba5d1f585d2c48;outfit.ba44c51358c85e35;0;81ba5d1f585d2c48.jpg
picture.81c1a8a65e05deb9;outfit.bcd7efc3918cf15b;0;81c1a8a65e05deb9.jpg
picture.81ca9474f9a09175;outfit.b8c30d318f9d0554;0;81ca9474f9a09175.jpg
picture.81dec64bec65b442;outfit.a273058ddb56de19;0;81dec64bec65b442.jpg
picture.81ed950b68474cf8b2fb63da5ea82a75;outfit.9d9aa8d609db476783be7553a9bb706f;0;81ed950b68474cf8b2fb63da5ea82a75.jpg
picture.81fe73509b4acfb9;outfit.b80845e98ea3453d;0;81fe73509b4acfb9.jpg
picture.82328b0d4e8476f6;outfit.a020ae6b34e6e0a8;0;82328b0d4e8476f6.jpg
picture.8246035c8d0b4199a05caa40fad64565;outfit.ae3c94e801eb4aebb7c3714ec981521c;0;8246035c8d0b4199a05caa40fad64565.jpg
picture.82a04d3c892f45a2b278a8190bf81752;outfit.9a52065e9e7b4814bb5707173819674f;0;82a04d3c892f45a2b278a8190bf81752.jpg
picture.82a6360594fa476989b9638f6e8b8fd4;outfit.3c8a7e19e80f47ab98f2fc61316aa8f2;0;82a6360594fa476989b9638f6e8b8fd4.jpg
picture.82bd11df65dc4564b554e616d0689e57;outfit.a477b4efb5b14d348d9c07782fa1c26f;0;82bd11df65dc4564b554e616d0689e57.jpg
picture.82da23ae26d847f68de13b6d30f8b290;outfit.767c953e45b8447eb7ff8d44dd5b65e1;0;82da23ae26d847f68de13b6d30f8b290.jpg
picture.82f251cdf2bc4cc1a61217d3e56f8ffe;outfit.ae76eb7ed4c948258ccec12a6e024562;0;82f251cdf2bc4cc1a61217d3e56f8ffe.jpg
picture.8306efd85c30435d857f131aafb1b070;outfit.095de7562bbf447f8dc83ec1a0e8edb4;0;8306efd85c30435d857f131aafb1b070.jpg
picture.830f4e6a9aea407ba25de78a8a483993;outfit.96d41e4ecb154101be678d4302a266ba;0;830f4e6a9aea407ba25de78a8a483993.jpg
picture.831df926948dc27d;outfit.98887be7a2e49dba;0;831df926948dc27d.jpg
picture.83202ac85251419fb780f3e6d38a4c2c;outfit.1c195032518b4aba942f6b4fb6ae4690;0;83202ac85251419fb780f3e6d38a4c2c.jpg
picture.8336ef3633d88073;outfit.851c21ffa4468a82;0;8336ef3633d88073.jpg
picture.8337eb9af698ef0e;outfit.a657836d8fac6ede;0;8337eb9af698ef0e.jpg
picture.8348cecc0d74b6ec;outfit.98d6cf4fef49ec24;0;8348cecc0d74b6ec.jpg
picture.83612c7f504897d1;outfit.aac7f6af58ec7121;0;83612c7f504897d1.jpg
picture.836ca0c6e30645e79a0c90cf90885cd5;outfit.0106cbd7e23f41da92e3081146b4ad03;0;836ca0c6e30645e79a0c90cf90885cd5.jpg
picture.8387943744e6bb43;outfit.93da3bfb33311ddf;0;8387943744e6bb43.jpg
picture.838837df409e396f;outfit.ad428eff809e2480;0;838837df409e396f.jpg
picture.838b4d51705abaf7;outfit.9c101c6da5bfc6e1;0;838b4d51705abaf7.jpg
picture.8391defde2da4686;outfit.8b2bcd93f2f8004f;0;8391defde2da4686.jpg
picture.83953e5bbe5a8f89;outfit.93826cc51216dcd0;0;83953e5bbe5a8f89.jpg
picture.839cb8e5dca75fad;outfit.b4e582b38a10f6bf;0;839cb8e5dca75fad.jpg
picture.83e16c0c2e56ee8f;outfit.a24ec8c88040844e;0;83e16c0c2e56ee8f.jpg
picture.841ab50b5b5a4878a9117d5e21b1004d;outfit.b0677486667c446c9f61ae24522c6b26;0;841ab50b5b5a4878a9117d5e21b1004d.jpg
picture.843b3e4070ff742f;outfit.987e9a7da88098db;0;843b3e4070ff742f.jpg
picture.84569db582db4bbea7f69974cd8bda2f;outfit.0cb49eb66428411e9ad19cd2235d22e1;0;84569db582db4bbea7f69974cd8bda2f.jpg
picture.845bcc71b91bb934;outfit.8d7319b7cde9526b;0;845bcc71b91bb934.jpg
picture.84607e44292a54d4;outfit.a294399ed5bfba8f;0;84607e44292a54d4.jpg
picture.84608a854d9e022a;outfit.980eb1c72e1e71f6;0;84608a854d9e022a.jpg
picture.8467c3a7ef6c4675bf5cb0694e084a4f;outfit.82ca4f1985ca4966ac81db79cc5a5bc1;0;8467c3a7ef6c4675bf5cb0694e084a4f.jpg
picture.84a45c40a48f4e7f97df16c7d8838ae5;outfit.beb24dfdb4829222;0;84a45c40a48f4e7f97df16c7d8838ae5.jpg
picture.84c54f082b618bd8;outfit.abcb318cd2f62d3b;0;84c54f082b618bd8.jpg
picture.84da2ca113bb386b;outfit.be1cd8f914742de6;0;84da2ca113bb386b.jpg
picture.8504c9656b2449aa;outfit.99495169e3ffdfa4;0;8504c9656b2449aa.jpg
picture.8507c7be629242fb9a34215b3efab2c9;outfit.167c1898ccab4dbcb3d0a74591e1902f;0;8507c7be629242fb9a34215b3efab2c9.jpg
picture.852437f60e0c4d7898889298b748ee13;outfit.34afd8b7f33d434c8e0ac2849eab231d;0;852437f60e0c4d7898889298b748ee13.jpg
picture.852bd4cd16d2cec0;outfit.8688e9d35c0dba13;0;852bd4cd16d2cec0.jpg
picture.85328aae62484813;outfit.bff2665548ebf13f;0;85328aae62484813.jpg
picture.853800aedaf64a8391c8323be41fdfca;outfit.6377a711bdf04683819c6fc08921cfaf;0;853800aedaf64a8391c8323be41fdfca.jpg
picture.85458f3e659f4af38fb2591a3b2580eb;outfit.eb104cb68a534166899c4cce84b0fa55;0;85458f3e659f4af38fb2591a3b2580eb.jpg
picture.855803caeeaa921e;outfit.be837201dbe28113;0;855803caeeaa921e.jpg
picture.8560cd4d9ae25278;outfit.bab0a29ca356113c;0;8560cd4d9ae25278.jpg
picture.857024cadaa24292af7b21792e45017a;outfit.badb81ea53ce4b62b54387b26501b6c9;0;857024cadaa24292af7b21792e45017a.jpg
picture.8575c03a9039f370;outfit.a1b5b9335a89a082;0;8575c03a9039f370.jpg
picture.85771661d4f2d51a;outfit.be4b8e3a8d59b79f;0;85771661d4f2d51a.jpg
picture.859fc8dfc45a79eb;outfit.9347386eb2dada73;0;859fc8dfc45a79eb.jpg
picture.85c3de80825c42e5ac8e96d76ee11816;outfit.363a3d3fbf64484293b96404b1bdd504;0;85c3de80825c42e5ac8e96d76ee11816.jpg
picture.85cc877b8ec5f4c6;outfit.935ea85c252f9586;0;85cc877b8ec5f4c6.jpg
picture.85e1cd52dd600676;outfit.a1f38765322e65b2;0;85e1cd52dd600676.jpg
picture.85e7b3b892cc4123ab347cd964b5a23c;outfit.8b5a2517b2af41318c55379528814fee;0;85e7b3b892cc4123ab347cd964b5a23c.jpg
picture.85e9a15521e0488eb2be6ce8d4e9296b;outfit.394da7e98f8a4531b64e45da73749eec;0;85e9a15521e0488eb2be6ce8d4e9296b.jpg
picture.85ed41c6f33b75a5;outfit.a1c7ea9aa83e32c8;0;85ed41c6f33b75a5.jpg
picture.85f0a91cf90c45d5bc67a33d360e420a;outfit.5df05df81eb54ba999e64c211780b556;0;85f0a91cf90c45d5bc67a33d360e420a.jpg
picture.85fa24b5b77919a8;outfit.8ee54df25e43382d;0;85fa24b5b77919a8.jpg
picture.86118df7abf068ee;outfit.be1e83bfcede6836;0;86118df7abf068ee.jpg
picture.861544e6e2585216;outfit.b9c0bbd563524653;0;861544e6e2585216.jpg
picture.861b7f1ff76044d28be921ea8c350373;outfit.6ef1d02f358a4299bd11943f5b5258c4;0;861b7f1ff76044d28be921ea8c350373.jpg
picture.862cbef34b46be7b;outfit.ae647cff261c11fe;0;862cbef34b46be7b.jpg
picture.86318493105e4f11b7f4e662885486bb;outfit.0ff0d877678e4755b088d1c5d09bee11;0;86318493105e4f11b7f4e662885486bb.jpg
picture.863f31595272799a;outfit.87cafc24da73f5a4;0;863f31595272799a.jpg
picture.864eeaad48a7453396939d3973144b00;outfit.25cf652454ab4f9fa1b636cbd555cfa6;0;864eeaad48a7453396939d3973144b00.jpg
picture.86d6c5d8b7bb8b5b;outfit.98fd2627236f7f19;0;86d6c5d8b7bb8b5b.jpg
picture.86f7b59cce6e46c89d69e06491625c6c;outfit.337cc518c38b4bc18d879987d91b073c;0;86f7b59cce6e46c89d69e06491625c6c.jpg
picture.871490bbe08f79b1;outfit.b80a7f8948aefe75;0;871490bbe08f79b1.jpg
picture.873cd7d02640d556;outfit.92cbc812639543a2;0;873cd7d02640d556.jpg
picture.8754e9d28dbc7067;outfit.b7ebd99d748b28d0;0;8754e9d28dbc7067.jpg
picture.87623a7d5b1c82fa;outfit.9a864c1333f6ce88;0;87623a7d5b1c82fa.jpg
picture.876cb0c5c59486bf;outfit.855fbe579b09bcda;0;876cb0c5c59486bf.jpg
picture.883a6aa361b4412abf8279b6d8ab099b;outfit.b2f44b763c5942e295a5ef80c02c9cf1;0;883a6aa361b4412abf8279b6d8ab099b.jpg
picture.88508539e3a0723e;outfit.acfea696146d1fca;0;88508539e3a0723e.jpg
picture.88b9f69d0f4c0b36;outfit.b9e50bdab7103d0c;0;88b9f69d0f4c0b36.jpg
picture.890d876b707c8557;outfit.84b3db8e945423dc;0;890d876b707c8557.jpg
picture.890e57016d507b20;outfit.bfab4c36b939b526;0;890e57016d507b20.jpg
picture.891c986c9b1346fdbc879187e7d64f12;outfit.929220a63bf843f99474bc2644fcb53d;0;891c986c9b1346fdbc879187e7d64f12.jpg
picture.891f0ed0fab34e7eba7a4736b2fb8023;outfit.94f96de6e74f4a51b85f15018f9ad0fa;0;891f0ed0fab34e7eba7a4736b2fb8023.jpg
picture.8932b8e920cea2e1;outfit.93645d358d378609;0;8932b8e920cea2e1.jpg
picture.897243ba53224f9c9f408baf708df3c4;outfit.1829ff6232b04c84b6666a8d0542eaef;0;897243ba53224f9c9f408baf708df3c4.jpg
picture.89abcbf1d78a3bd8;outfit.b7cc6c38b121a845;0;89abcbf1d78a3bd8.jpg
picture.89ff494a2289e525;outfit.ac52d51d1863129e;0;89ff494a2289e525.jpg
picture.8a041cc0b9bc4b578347e183bf447b7f;outfit.1e4e6b9f7f984a5f81d68773e0165c44;0;8a041cc0b9bc4b578347e183bf447b7f.jpg
picture.8a0a435577634dfc9297fb8efc01e572;outfit.616a99bd148443a6a54acbf0e8105c28;0;8a0a435577634dfc9297fb8efc01e572.jpg
picture.8a585bc2bc00488dbf0511ccc8e4aa8e;outfit.2195858f2ed34268bfd5e45eb4ae50d7;0;8a585bc2bc00488dbf0511ccc8e4aa8e.jpg
picture.8a5995d0fbec3862;outfit.944185e8eec8066a;0;8a5995d0fbec3862.jpg
picture.8a8fa03dbf5a4dd285dd5550e6b100cb;outfit.82303d2b1b524d6795661a1f5426a134;0;8a8fa03dbf5a4dd285dd5550e6b100cb.jpg
picture.8ae4ad21992d4512857953bada7ffcf9;outfit.5f638bee24e542c2ad2eaef2f5227087;0;8ae4ad21992d4512857953bada7ffcf9.jpg
picture.8af79a298d414b6181f3a42b0a995ff8;outfit.dd6c85fa43ab4ef7989ebb6a72302ca0;0;8af79a298d414b6181f3a42b0a995ff8.jpg
picture.8b9d820b9f45af67;outfit.94f471a5d48f3464;0;8b9d820b9f45af67.jpg
picture.8bab40dd36d14e4e9d9bf63fe1da4643;outfit.cf321774b9de4035802e1829303fd3da;0;8bab40dd36d14e4e9d9bf63fe1da4643.jpg
picture.8bada85ebf60455581c94460667a95c4;outfit.9e5db8a02f39402aaa9ee148d10ce073;0;8bada85ebf60455581c94460667a95c4.jpg
picture.8bd5a42e9347a149;outfit.af5cb730014e66b0;0;8bd5a42e9347a149.jpg
picture.8c011de42c6c14dd;outfit.adf3063b0cdf501d;0;8c011de42c6c14dd.jpg
picture.8c2a1d4d547e4aa49f303a6b271e1479;outfit.50a8ff8407894fcb9048249c78732fc4;0;8c2a1d4d547e4aa49f303a6b271e1479.jpg
picture.8c2ca556b4723da6;outfit.835db11c96461b2c;0;8c2ca556b4723da6.jpg
picture.8c56c2d8d6d64b4e8ad06aeda13c820d;outfit.3192a1f5ab4b41c4ac530502ee7f5720;0;8c56c2d8d6d64b4e8ad06aeda13c820d.jpg
picture.8c5e697a63cc4cca97189aa92d441f15;outfit.efeca2ca71b54ba49ec487475dfae85c;0;8c5e697a63cc4cca97189aa92d441f15.jpg
picture.8c9b26e713ac1126;outfit.91d906d5cfcadc9b;0;8c9b26e713ac1126.jpg
picture.8cb8d2ab63f04e9f9ded8ac2d5249fbe;outfit.89bb81f29b0f44698d89fb39fd4402a5;0;8cb8d2ab63f04e9f9ded8ac2d5249fbe.jpg
picture.8cd6b9b0960e4fc482443809f7f3b958;outfit.7219638a7f244f3aa1e612e613a4c77c;0;8cd6b9b0960e4fc482443809f7f3b958.jpg
picture.8cd6d5dbb4776200;outfit.8f18f5ec1142ff1f;0;8cd6d5dbb4776200.jpg
picture.8d28a6fc8c034e01b12cb09d0041f8c3;outfit.0a3e76e31d4e4cb9b1033fc93787943e;0;8d28a6fc8c034e01b12cb09d0041f8c3.jpg
picture.8d4082e414fd4cee896294b8a5b9022c;outfit.c71e9a58962a404b9d6c8df867b4b392;0;8d4082e414fd4cee896294b8a5b9022c.jpg
picture.8d453d9a885f4cc99aebe41f4e6a557e;outfit.8060c53293c94422bf08bb0997ab9763;0;8d453d9a885f4cc99aebe41f4e6a557e.jpg
picture.8d6339e16e87ed03;outfit.806a7fef96ec97e0;0;8d6339e16e87ed03.jpg
picture.8d7f0f11e57cb447;outfit.b3aca8927927e99d;0;8d7f0f11e57cb447.jpg
picture.8da3764c595047d192d9005cf7617962;outfit.4e1793f5fd25419aa50f8373c40e5a0a;0;8da3764c595047d192d9005cf7617962.jpg
picture.8dbcb03e576ac3d2;outfit.aec654b43e55ed6d;0;8dbcb03e576ac3d2.jpg
picture.8de228bd6c514288bc3ca93521d3945c;outfit.849ace7e1811150d;0;8de228bd6c514288bc3ca93521d3945c.jpg
picture.8dfee0a72123df37;outfit.981d672af067d1ed;0;8dfee0a72123df37.jpg
picture.8e160fbc491b05fa;outfit.86b2fd508097409d;0;8e160fbc491b05fa.jpg
picture.8e5abd3aa9d7deae;outfit.a01f2c0fa05d3f98;0;8e5abd3aa9d7deae.jpg
picture.8e6d873df641a3cc;outfit.bde48c83d7bbd11f;0;8e6d873df641a3cc.jpg
picture.8e7eee09350c0322;outfit.989e3eb7e1be092f;0;8e7eee09350c0322.jpg
picture.8ec838e57d4171fe;outfit.8491b9cfec31254c;0;8ec838e57d4171fe.jpg
picture.8ee5b0ed1aa154d9;outfit.ae3b425f7b70953b;0;8ee5b0ed1aa154d9.jpg
picture.8f0805edf1004fb1b7d1df41b77c72a1;outfit.8fc9f69e531f4a6991f69f6896d1738b;0;8f0805edf1004fb1b7d1df41b77c72a1.jpg
picture.8f7924d5876b0105;outfit.a8c3007784dfc486;0;8f7924d5876b0105.jpg
picture.8f939197107f829f;outfit.8924eb037bcda8d4;0;8f939197107f829f.jpg
picture.8ffcf69785d65a6e;outfit.9f8b081ec48c605c;0;8ffcf69785d65a6e.jpg
picture.902cd1e21e883d78;outfit.86a3e5e23b984060;0;902cd1e21e883d78.jpg
picture.9055ee5947d64269b46df0d8c1a73f26;outfit.de582935a0ae42e28c735362403e5ca4;0;9055ee5947d64269b46df0d8c1a73f26.jpg
picture.905c4b19ef8e4948a95890347e86bace;outfit.c5a8b5900a2744589424bd5f8494497b;0;905c4b19ef8e4948a95890347e86bace.jpg
picture.906b7ee66c514e7b9f8f1b6b17d21ce4;outfit.55de9d399bf143ae94e88e0594b01fe4;0;906b7ee66c514e7b9f8f1b6b17d21ce4.jpg
picture.91016ee1c06a41638c5d74a0be34ab10;outfit.54c23fb221d148c4857e02fb58720530;0;91016ee1c06a41638c5d74a0be34ab10.jpg
picture.9149263d4df14388a2b206839c5a9cbe;outfit.fa64859a68bd4aaeb18d40c34b32c2e7;0;9149263d4df14388a2b206839c5a9cbe.jpg
picture.9161376ed8d9436e9094559680052162;outfit.66da7242210f4c3fa7a47285efe37504;0;9161376ed8d9436e9094559680052162.jpg
picture.918795d570934dcdbb8a435e66fb3329;outfit.dfcd2f8c28c84d8db5aabe6da9e9c01a;0;918795d570934dcdbb8a435e66fb3329.jpg
picture.918d45897e694ace;outfit.880e71e3568b6812;0;918d45897e694ace.jpg
picture.92d0928a6d584d2a84990b24cbf8fb4a;outfit.2d059d6a6a3c4f02abe8e2f5cd7dea69;0;92d0928a6d584d2a84990b24cbf8fb4a.jpg
picture.92d96999aadf4ab19c6af8d81ed54f70;outfit.3bc2c4bc9f78482ca5451922ffd57bdb;0;92d96999aadf4ab19c6af8d81ed54f70.jpg
picture.92e257dd1c9647b9;outfit.8bdb10367d37396f;0;92e257dd1c9647b9.jpg
picture.92e50bfb115947cdad83db5b7a0d33b3;outfit.28e8c652c74547b9ad1485f752f3e125;0;92e50bfb115947cdad83db5b7a0d33b3.jpg
picture.9310210ac4be4fb78b77f32236c16fdb;outfit.9acab5019c4d4b24bd8ad51412404e87;0;9310210ac4be4fb78b77f32236c16fdb.jpg
picture.932b4d4340ae4c4b903ade64cb466eb2;outfit.e319ab9f2a9143da8cc4defb08ce33cc;0;932b4d4340ae4c4b903ade64cb466eb2.jpg
picture.936916c4a89941caa68662dc460cc466;outfit.f27151c499074c518cb0400cd3f2795d;0;936916c4a89941caa68662dc460cc466.jpg
picture.9388160f5c4f3e74;outfit.ac365138f7722b8c;0;9388160f5c4f3e74.jpg
picture.93d03f23eccc49f6afbb4ebd0950197a;outfit.64910701f4974360acc6851b2b0fd7cf;0;93d03f23eccc49f6afbb4ebd0950197a.jpg
picture.93eec264f5c443bb96b04a72e7b43258;outfit.5024e38969364cc2bcb0025151e4ec55;0;93eec264f5c443bb96b04a72e7b43258.jpg
picture.94295df0a7df457ca7912eebbe6360c8;outfit.61b55a18777f451ab3d3c1a4fc2fe17b;0;94295df0a7df457ca7912eebbe6360c8.jpg
picture.94547368eb0ec3fe;outfit.81a6106b4f3fe5c5;0;94547368eb0ec3fe.jpg
picture.9494e86ebd514906b40a51c3b24cd3da;outfit.ac9a4562c5a44ce5bf274dc919de5051;0;9494e86ebd514906b40a51c3b24cd3da.jpg
picture.957a97e3c6564f74a35f0eb62f3d1414;outfit.d8cabdaf5af9426dad953821aefb0ba8;0;957a97e3c6564f74a35f0eb62f3d1414.jpg
picture.959737dcf2a14221ba34f4dd44de78d5;outfit.a388427605b34a2ab0e19304e54facc6;0;959737dcf2a14221ba34f4dd44de78d5.jpg
picture.96166bb2c6994c7e;outfit.911cfceec45d9996;0;96166bb2c6994c7e.jpg
picture.96263e9480ca4c4fbb8c15df5f086d1c;outfit.81ce5109e01d4b7b9f944a3baa35c4d6;0;96263e9480ca4c4fbb8c15df5f086d1c.jpg
picture.9667301d8e141fe9;outfit.ad3a9ba9fa902fc0;0;9667301d8e141fe9.jpg
picture.9677dd66b07a4ed0bf22a48cf844c861;outfit.5242edab1a064713b3c92f329d51b514;0;9677dd66b07a4ed0bf22a48cf844c861.jpg
picture.96c6bc7ffebd4e109cee2e91b4b36294;outfit.fd299060de4749de80ac2d77720217df;0;96c6bc7ffebd4e109cee2e91b4b36294.jpg
picture.96f058187c6e4c0b8c384cfb5a729c19;outfit.684bd4a2585d40f3aa2fc322e967d7a7;0;96f058187c6e4c0b8c384cfb5a729c19.jpg
picture.96f7b643fcd1472d994bda5ac366fde5;outfit.f90281a639af4658861d20629586878d;0;96f7b643fcd1472d994bda5ac366fde5.jpg
picture.971bb9fdfed94655bff1c61e1fe6c5d9;outfit.1cda37cc756345aeb22ccfc54fef10a4;0;971bb9fdfed94655bff1c61e1fe6c5d9.jpg
picture.97665c3885b04987a1e77f1d47a58078;outfit.c0fa278a2de845a8b72cc0f20ce18227;0;97665c3885b04987a1e77f1d47a58078.jpg
picture.97705874ec257db0;outfit.a97aa7b0e06a6908;0;97705874ec257db0.jpg
picture.977759697eb343c6994553f4afcacb46;outfit.34f5581736934174aa24aa69cefa8653;0;977759697eb343c6994553f4afcacb46.jpg
picture.979cca0ed5b54160b92c2613ea187369;outfit.8e970ddf2f28404c9bf2a08b022c576a;0;979cca0ed5b54160b92c2613ea187369.jpg
picture.97acb50dc464473980fd8a068ec29ff8;outfit.2a1a73c9f78d4dd09b2333fde8036160;0;97acb50dc464473980fd8a068ec29ff8.jpg
picture.97e87853b18f3eba;outfit.8c5e53894f0ca50e;0;97e87853b18f3eba.jpg
picture.9813d71dce0f4fec8964fc0341f14c52;outfit.31661e90877148d9bbe3846f087063f7;0;9813d71dce0f4fec8964fc0341f14c52.jpg
picture.982674d755cb6e80;outfit.bb925d82b43cfc38;0;982674d755cb6e80.jpg
picture.985f477f2bf6453ab5eca58bb01943c3;outfit.82c79105bea94ffc800e561a5c9512c0;0;985f477f2bf6453ab5eca58bb01943c3.jpg
picture.9879ca6fe187041e;outfit.8e3a6e9e196cfbc0;0;9879ca6fe187041e.jpg
picture.994eb3ebdd7b4f7eae104517806aa281;outfit.b5812826d5eb41f39aa282e64b91ebb6;0;994eb3ebdd7b4f7eae104517806aa281.jpg
picture.99bff19cd00d2374;outfit.a9a4918501579729;0;99bff19cd00d2374.jpg
picture.99ced1296904441fae31fd279d83c7ee;outfit.031a15e68a354f8cbe8f65c45da3f231;0;99ced1296904441fae31fd279d83c7ee.jpg
picture.9a0d5c0e397d4fee90790f091386dbea;outfit.535d7a56f1a44289b93c6bd46f656d8f;0;9a0d5c0e397d4fee90790f091386dbea.jpg
picture.9a36e69cd6cb40aa962a42c598e9e48b;outfit.0af9759a37b84904b1335e0847fcbb60;0;9a36e69cd6cb40aa962a42c598e9e48b.jpg
picture.9a8a7ee23fef4d5b8ec29fc5398a2605;outfit.ab93c31e243d4d19b90ca72c4ae17e25;0;9a8a7ee23fef4d5b8ec29fc5398a2605.jpg
picture.9aa2b7f59cb94274;outfit.ad412f59706c86b8;0;9aa2b7f59cb94274.jpg
picture.9aa3244741682021;outfit.ac8c5878c01ffb29;0;9aa3244741682021.jpg
picture.9ab166ae658baea6;outfit.89ce51a125971793;0;9ab166ae658baea6.jpg
picture.9abadb166ff554d0;outfit.a2626764264ace79;0;9abadb166ff554d0.jpg
picture.9b48b5b7dcd0ebe9;outfit.841f070dd5a12094;0;9b48b5b7dcd0ebe9.jpg
picture.9b550b7258d92015;outfit.bdd0a16b7008671d;0;9b550b7258d92015.jpg
picture.9bccd9a13ba2468d9798da01b95ce764;outfit.f0362cb6059c40938c0945eca21b572e;0;9bccd9a13ba2468d9798da01b95ce764.jpg
picture.9bce74b0d4784fc1bd6e2d7bc38d77ad;outfit.a83b27ea0df44e4d9773f8e7b5096ab9;0;9bce74b0d4784fc1bd6e2d7bc38d77ad.jpg
picture.9bd62cc851cf08df;outfit.96f7210a2ae0aa93;0;9bd62cc851cf08df.jpg
picture.9be749687206431fbedb04e721b58363;outfit.7bf81ddabaf04521afae88cc4b70ef8f;0;9be749687206431fbedb04e721b58363.jpg
picture.9bee450774c74aa4b7842b8456a3acfd;outfit.d0c6cd30a1f146a8a1ae6f73b34a0103;0;9bee450774c74aa4b7842b8456a3acfd.jpg
picture.9c39d325e1b34a80b5f1a9b734c04129;outfit.005123277cc440ffbac2d52252cfcac1;0;9c39d325e1b34a80b5f1a9b734c04129.jpg
picture.9ca17b81450a7116;outfit.82c10ef2f1107096;0;9ca17b81450a7116.jpg
picture.9cd77ba69e3541cb81b3806bdc830528;outfit.9685cc11be684ed39ab8edac1e9a822b;0;9cd77ba69e3541cb81b3806bdc830528.jpg
picture.9ce39aede9d52af7;outfit.90a6743a8ffb95ab;0;9ce39aede9d52af7.jpg
picture.9d53085474dc4903ab2903924e9a1d10;outfit.95259e4b3bb245728928dadf026ce781;0;9d53085474dc4903ab2903924e9a1d10.jpg
picture.9d7db8d89bb9616b;outfit.a1b1329de0c52243;0;9d7db8d89bb9616b.jpg
picture.9e04c7cb81674d52bcc412f2a3ebd732;outfit.2e45b72fc0bb4754bad43840aca11da6;0;9e04c7cb81674d52bcc412f2a3ebd732.jpg
picture.9e365d726ac341fdbccce7e006c99925;outfit.88c3d13d70dc4e97bf5cb6557c7ce49e;0;9e365d726ac341fdbccce7e006c99925.jpg
picture.9e5c6897a70e47138ae433509460b959;outfit.5b56622d721d4a359d14507923450d0f;0;9e5c6897a70e47138ae433509460b959.jpg
picture.9f296bab3fbbdcee;outfit.a520a9aa8147d618;0;9f296bab3fbbdcee.jpg
picture.9f45d53002bc474a883508e4bced56e1;outfit.854021359d3e487ca1c90e5bd126ea0c;0;9f45d53002bc474a883508e4bced56e1.jpg
picture.9f69d6dfd75e4928a4c68bfbb6118797;outfit.ced7a70fdb8c4168ad6b7264244de2e0;0;9f69d6dfd75e4928a4c68bfbb6118797.jpg
picture.9f96b146612c1bdf;outfit.8d182cff0398384c;0;9f96b146612c1bdf.jpg
picture.9fa5b696c9534c7fa8672c7c769b4d29;outfit.59866b2b0d7949f5845bd9774a9ce330;0;9fa5b696c9534c7fa8672c7c769b4d29.jpg
picture.9fb3262d4ad241a6a4122c99ec54ee23;outfit.90905e386df640ff96ea108db7afabfa;0;9fb3262d4ad241a6a4122c99ec54ee23.jpg
picture.a01e391789504401a2895e3df48192f6;outfit.8fc193be35a546b987480b6cb5323beb;0;a01e391789504401a2895e3df48192f6.jpg
picture.a039be96bad7861d;outfit.a841b2acdc119218;0;a039be96bad7861d.jpg
picture.a09005a1fd9791f7;outfit.bae42664f07a447e;0;a09005a1fd9791f7.jpg
picture.a096fa11c64e494d8798d610ce7fedc8;outfit.4d4e09b9b0e543a3ba29014099787eb9;0;a096fa11c64e494d8798d610ce7fedc8.jpg
picture.a205615749044b56bc32b14d2b8698f3;outfit.56dec64c8c834afaace780273bbde124;0;a205615749044b56bc32b14d2b8698f3.jpg
picture.a20a26514ba33d76;outfit.841869bb72cf0dd1;0;a20a26514ba33d76.jpg
picture.a2572d39b8164030986cbff801f1b38c;outfit.ed86a931fd4c4662b52faad58b63f857;0;a2572d39b8164030986cbff801f1b38c.jpg
picture.a2966db0525540c9882b1b3f074d58d2;outfit.91a30aff3ad0422ea63780d69b21adc8;0;a2966db0525540c9882b1b3f074d58d2.jpg
picture.a33fab7ff4d04f12b20a42a4f9ff0f67;outfit.a189dca13d2e4274afe5758a78f49000;0;a33fab7ff4d04f12b20a42a4f9ff0f67.jpg
picture.a39f66df4a594330afba69e67fe23f45;outfit.946ae92e21374e0d8935761e881bb94b;0;a39f66df4a594330afba69e67fe23f45.jpg
picture.a3b14e5edad3fc3e;outfit.ba08fc9d3afae814;0;a3b14e5edad3fc3e.jpg
picture.a416c648da09a332;outfit.aa160ca041de17bb;0;a416c648da09a332.jpg
picture.a43690e6d1e930c0;outfit.ba4ea8e459d0dfcb;0;a43690e6d1e930c0.jpg
picture.a4628f61e03d4774;outfit.80d3fdb1a7ec49bb;0;a4628f61e03d4774.jpg
picture.a550da9d299f41a5b259e6b2d43e37ef;outfit.d89c1051a315434d90b87a3ea5aa1ea3;0;a550da9d299f41a5b259e6b2d43e37ef.jpg
picture.a56d6f6787574cd89db9e845f89c55ab;outfit.abce86c0d08341ed96a999cb4425d840;0;a56d6f6787574cd89db9e845f89c55ab.jpg
picture.a59aaba54a4fd679;outfit.a710f88458e381e1;0;a59aaba54a4fd679.jpg
picture.a5e81ce0e798785a;outfit.bcc71d0caf95dc33;0;a5e81ce0e798785a.jpg
picture.a6ac4b5ef8e807c3;outfit.8b5234b3619cf5fb;0;a6ac4b5ef8e807c3.jpg
picture.a6bc25236ec04023ade2a33405a5a851;outfit.62f1b6fba2104c1296481b7f8bc074dd;0;a6bc25236ec04023ade2a33405a5a851.jpg
picture.a90121c8a928c31d;outfit.8feb7001275554c8;0;a90121c8a928c31d.jpg
picture.a961e54a9b9848eca73f8dde102ce9e9;outfit.8f6c3fbd7db0400caaf95a95ab29a97d;0;a961e54a9b9848eca73f8dde102ce9e9.jpg
picture.a97432bee4f14da8b5eb9e35f4467a07;outfit.fdb60816253847178ab8a51f0ccbbe56;0;a97432bee4f14da8b5eb9e35f4467a07.jpg
picture.a9a89ac19bf14f25bc8b6b3d6be9f146;outfit.514093f168604338b66059bf9e4e900c;0;a9a89ac19bf14f25bc8b6b3d6be9f146.jpg
picture.aa0506a33d8be6cc;outfit.9936eee8f01a25d8;0;aa0506a33d8be6cc.jpg
picture.aabdca95d3582589;outfit.95cf185dc27fb18b;0;aabdca95d3582589.jpg
picture.aad5bad820ae40e2af66dda30b887fd3;outfit.ffd83466cdb84a0dba02339aa0c72f73;0;aad5bad820ae40e2af66dda30b887fd3.jpg
picture.ab271edb2708ce4c;outfit.9933049f02ac4f3a;0;ab271edb2708ce4c.jpg
picture.ab7ed102c862437e8b98c9d594f90bc9;outfit.02cbb0ff0c1348ce9fb9906805fb9049;0;ab7ed102c862437e8b98c9d594f90bc9.jpg
picture.acabee19180f46628df9b704c56d6b66;outfit.6d833760ff474c4aabb2a201138e0f2b;0;acabee19180f46628df9b704c56d6b66.jpg
picture.acfd254e3062a198;outfit.94fee721c94da3bd;0;acfd254e3062a198.jpg
picture.ad7b09786213c052;outfit.9617c0965077556e;0;ad7b09786213c052.jpg
picture.addaaa4ae825426c8602dc8bfef6ee23;outfit.48f1cbb3e03247b7bd894690722f655c;0;addaaa4ae825426c8602dc8bfef6ee23.jpg
picture.ae2d3861514774a4;outfit.8ad56e42a7bfeb00;0;ae2d3861514774a4.jpg
picture.aecc8c73550242cf971bf561be781428;outfit.fbc8b0687de1468c9a8517d5568431d9;0;aecc8c73550242cf971bf561be781428.jpg
picture.af0b023e09b14b2e8399137d7ffa32a2;outfit.5eda9383bba2444aa517f17c3edd4453;0;af0b023e09b14b2e8399137d7ffa32a2.jpg
picture.af16fc09924e47dea1bf969b8f338cfa;outfit.83cae242e7d54be496b50e98f34e346e;0;af16fc09924e47dea1bf969b8f338cfa.jpg
picture.af1f68c262b8dbe9;outfit.ab5f8f08a7379c5f;0;af1f68c262b8dbe9.jpg
picture.af267c367f4c4c07821bc4e8ae655b40;outfit.37baa82c25f84342a9ea50e3488889ce;0;af267c367f4c4c07821bc4e8ae655b40.jpg
picture.b02fc1553c10404883a104f174c8d05c;outfit.e839f20d4c8a4086bd22a8b7bb71271d;0;b02fc1553c10404883a104f174c8d05c.jpg
picture.b095ec9a028055be;outfit.8054e1ce507bf179;0;b095ec9a028055be.jpg
picture.b0f24e5e29acbfbb;outfit.a1793a4ba1dcb559;0;b0f24e5e29acbfbb.jpg
picture.b19a6987a3e14d57b29af6138435ea58;outfit.34d7be74e161460bab8864520cacbfc6;0;b19a6987a3e14d57b29af6138435ea58.jpg
picture.b265c3fd818447be933a777a8f6d1f03;outfit.bf8385f15d6d468880c5e654f7599cf1;0;b265c3fd818447be933a777a8f6d1f03.jpg
picture.b331dff2945646cdbedbc8620d32085a;outfit.46fd30ba34534c96b133e88f257cb7e1;0;b331dff2945646cdbedbc8620d32085a.jpg
picture.b33ace5ead605315;outfit.9565d4d6787ad71f;0;b33ace5ead605315.jpg
picture.b357d3dfcdac4b1f8c993d3e83fb32b4;outfit.4f88de908942498980138fc606c745fb;0;b357d3dfcdac4b1f8c993d3e83fb32b4.jpg
picture.b3834e87d4ff4d118fe48cd9bae0df7e;outfit.a66ab9f04f63457fb8f729349bff7c8e;0;b3834e87d4ff4d118fe48cd9bae0df7e.jpg
picture.b3ccb30a664334eb;outfit.a2820311cb51576b;0;b3ccb30a664334eb.jpg
picture.b3d5f09701df4150b2c703e16deac45f;outfit.853ff9245b124c84bb0973a6065e64de;0;b3d5f09701df4150b2c703e16deac45f.jpg
picture.b560d97e7ed34f0291431230b4e017ff;outfit.f367c2f5517542f4ad8df5446c0e0654;0;b560d97e7ed34f0291431230b4e017ff.jpg
picture.b6175a4ef1444cb8a0443656c6108528;outfit.9a0283b3b9e34e39a0038cb7b7044c75;0;b6175a4ef1444cb8a0443656c6108528.jpg
picture.b6d094e36aae4fb7b47422eb3e7c130e;outfit.043a430a63b34151a6489d2863ea11aa;0;b6d094e36aae4fb7b47422eb3e7c130e.jpg
picture.b716da51063a47d99db5c96e3f0a66fa;outfit.e2b3417940d44a5a8202c0a7b39604e1;0;b716da51063a47d99db5c96e3f0a66fa.jpg
picture.b71a9556697c4ee889b9e83a5837f451;outfit.d6241a805f5e4108abfbdbc9f58fcb23;0;b71a9556697c4ee889b9e83a5837f451.jpg
picture.b73bee6f05524e30a891f64c0496afb8;outfit.f1a25e8f1def4f2fa805aefcbb91bb62;0;b73bee6f05524e30a891f64c0496afb8.jpg
picture.b7ee5914f09841e7b392485b087ee129;outfit.9a32f8a3fb1d4a8b8089a102068ef9bc;0;b7ee5914f09841e7b392485b087ee129.jpg
picture.b8ae91a25a0742d49ae121545ab02439;outfit.89eec1f4fc5f40f59a6ea4149a4d00c4;0;b8ae91a25a0742d49ae121545ab02439.jpg
picture.b8b6f2c29d5a45f094d0899d78d1f974;outfit.9bb6cde5e7d143db8e60793ec409d58b;0;b8b6f2c29d5a45f094d0899d78d1f974.jpg
picture.ba095dc9b41c47fa877d7b564c5f1175;outfit.f45e25a44bdd429991e9186db7fa64e5;0;ba095dc9b41c47fa877d7b564c5f1175.jpg
picture.bb13bc9a4953421aaf7e239f32be3bde;outfit.4f4a70076bf4450a8fce9db3d214b234;0;bb13bc9a4953421aaf7e239f32be3bde.jpg
picture.bb18d678ce814f7385d0c862b988832b;outfit.5bb0f49f3f5b4c37af8c4f0269dec907;0;bb18d678ce814f7385d0c862b988832b.jpg
picture.bc116a8d5c1d54f3;outfit.adb851b71e828162;0;bc116a8d5c1d54f3.jpg
picture.bc5647f89c1a4d519ff41430cf3d4b12;outfit.0197563e06d44a0086f2cbe146a7ff7b;0;bc5647f89c1a4d519ff41430cf3d4b12.jpg
picture.bcf3e9b058814422ac26c6451c7b4811;outfit.3b8a8f44f52f4b92b4935f08f4d2b9d7;0;bcf3e9b058814422ac26c6451c7b4811.jpg
picture.be066610ecfa43b58baeb5080a700b42;outfit.d44ae0b21fb940feab3385596af0c711;0;be066610ecfa43b58baeb5080a700b42.jpg
picture.beeed268cf58487193d340cf7693327f;outfit.3098cd84903e4d039cf41205f3c88cae;0;beeed268cf58487193d340cf7693327f.jpg
picture.bf5bd7ee9120424ca53d8aaa7790bfa5;outfit.9abd359ee8d44269ab15d6cbfcd8eb81;0;bf5bd7ee9120424ca53d8aaa7790bfa5.jpg
picture.c291aa22073f46e9ae512becc0534380;outfit.34c4b585b0854a158c2b7e53478e3c00;0;c291aa22073f46e9ae512becc0534380.jpg
picture.c2c54177250847a3aada825a32a8be0b;outfit.7351b9594dfe43e68810cd2359952ee3;0;c2c54177250847a3aada825a32a8be0b.jpg
picture.c40a38b38adf4638a3dbd0bcf5ce75fb;outfit.c35c73041785478d8b7bff3ba75797eb;0;c40a38b38adf4638a3dbd0bcf5ce75fb.jpg
picture.c43b81ea6c714425beac041d2d6a61d8;outfit.839e3ef745704a72a86272840cf862d4;0;c43b81ea6c714425beac041d2d6a61d8.jpg
picture.c4873aa35a9e4e22a113683b13cac622;outfit.c815d15af6ba46c580927f9bf81122f0;0;c4873aa35a9e4e22a113683b13cac622.jpg
picture.c536a089814d44f28c9af8a8d15f7e9e;outfit.29cd53ddb5014076a20efe315a26a144;0;c536a089814d44f28c9af8a8d15f7e9e.jpg
picture.c5937369b2944ed19245a141e5e9a6ea;outfit.03a5ffb8c27947de936564061de3d046;0;c5937369b2944ed19245a141e5e9a6ea.jpg
picture.c60f890223734461acdacd8449004dfd;outfit.e488fad708e84b36bd791e820b19e3fe;0;c60f890223734461acdacd8449004dfd.jpg
picture.c6374efb6ac94e7b8beeb07b8af98b5d;outfit.a8544eb2962547d1bb80da530b4c377a;0;c6374efb6ac94e7b8beeb07b8af98b5d.jpg
picture.c796a791c27949b1b5a03b80ecaae985;outfit.13341577ef954838a87bf016b1501ebb;0;c796a791c27949b1b5a03b80ecaae985.jpg
picture.c7a519a01d40438587a3b44201446515;outfit.dc762a7b6d30497b983f8127846123b0;0;c7a519a01d40438587a3b44201446515.jpg
picture.c7c0cc8bb336422f8840de92ccf1cf1b;outfit.234ce093695f4773aba7287620cee9ca;0;c7c0cc8bb336422f8840de92ccf1cf1b.jpg
picture.c7f25e74bab44342b59554b8d773c062;outfit.47ffcece5f244f9a9cf888f7f6d16e29;0;c7f25e74bab44342b59554b8d773c062.jpg
picture.c8e203250c4b4a90be21139e5a7956bf;outfit.af3a0f7fe64e49fc81c4d13f6ac481ec;0;c8e203250c4b4a90be21139e5a7956bf.jpg
picture.caf8dba7c76f4327a81f073520dec29c;outfit.b75adc485cbf45ef936114c4337a7a9c;0;caf8dba7c76f4327a81f073520dec29c.jpg
picture.cb73af2c283242678a8d5164f78d4c65;outfit.7d5887278cfb479b8c92081dc85ad698;0;cb73af2c283242678a8d5164f78d4c65.jpg
picture.cb8e0cb73a1e4e1e8293206cfbf9f2e3;outfit.78778f72774d4269abd8410a9511fdf6;0;cb8e0cb73a1e4e1e8293206cfbf9f2e3.jpg
picture.cc71cd34a00b4777a7daf5f107a0bb7f;outfit.d6578bc3024d48369705dc09bd28f070;0;cc71cd34a00b4777a7daf5f107a0bb7f.jpg
picture.ccdd7ca019544aa694988a21637735b3;outfit.2ead65a1ecf54c38a27bebc2bf47b9b1;0;ccdd7ca019544aa694988a21637735b3.jpg
picture.ce8f460cf7cb40a5a511aebb74f3daad;outfit.1a83d9dec3424057a89f0342ea5b7be2;0;ce8f460cf7cb40a5a511aebb74f3daad.jpg
picture.d16a3ff2d0ca45b084baed0a64f8ffdd;outfit.688665113d8c4d13bae1db16e822454c;0;d16a3ff2d0ca45b084baed0a64f8ffdd.jpg
picture.d21059e3a4ed4bfb9c9a83f7f4ba8ed5;outfit.a5b02d479256493ea45ba0405d9c6587;0;d21059e3a4ed4bfb9c9a83f7f4ba8ed5.jpg
picture.d2eb3767cf144978a71b32d2ac492c1d;outfit.071f256faafb419a9d235186bcf44c81;0;d2eb3767cf144978a71b32d2ac492c1d.jpg
picture.d43146c63203459bba0e9d5866e34298;outfit.3225a86ab6564f8fb0a3992446982bdb;0;d43146c63203459bba0e9d5866e34298.jpg
picture.d465be55f4034594bb4d59efac2543d3;outfit.f14e9c44441c4a5ca2e109af309be3ce;0;d465be55f4034594bb4d59efac2543d3.jpg
picture.d49491c782b44e378c0b17c4bcb5e7b7;outfit.6d042743afa04727815f717cce0b2ac0;0;d49491c782b44e378c0b17c4bcb5e7b7.jpg
picture.d4b5d1e34e0a4f22a795f8b851b94c0f;outfit.d91c416ae1584028ba0c20f1329bbb97;0;d4b5d1e34e0a4f22a795f8b851b94c0f.jpg
picture.d57b689e44ed401c971027bce2092c14;outfit.d3ca7df0bdfc41fa91877417e2eb8315;0;d57b689e44ed401c971027bce2092c14.jpg
picture.d5be2510392d4b589772824f84b11fd9;outfit.a5c28a753eb74c56b002bad5da62309e;0;d5be2510392d4b589772824f84b11fd9.jpg
picture.d70b7cf22457411aab7428e0104fc2f0;outfit.240ac09f29724bc58045e16a2721cb8f;0;d70b7cf22457411aab7428e0104fc2f0.jpg
picture.d7c69e394ae44f329e0f31c5e0795fe2;outfit.3260a6894aef41329983b153a3c022ed;0;d7c69e394ae44f329e0f31c5e0795fe2.jpg
picture.d83209f42be84b63a928616c6554f5b1;outfit.5494f9123a164880a3ed401be7abcd8b;0;d83209f42be84b63a928616c6554f5b1.jpg
picture.d884217d69fd49cbaab2e30d10ddc3fa;outfit.00fa8d1fd5804fe78ac284c2e0c28b4e;0;d884217d69fd49cbaab2e30d10ddc3fa.jpg
picture.d888d922672e4d8aaf820025c70fec97;outfit.ad062450831242c091c3cfc78407df6d;0;d888d922672e4d8aaf820025c70fec97.jpg
picture.d983cf48d04d44259862d6f18d390c6c;outfit.7d48fb77be2340e3be0de8ab4f9a97a3;0;d983cf48d04d44259862d6f18d390c6c.jpg
picture.db3facf1ce8449458f85b2700eba2fe8;outfit.d02e6beb11844c5e91c34467b3da998e;0;db3facf1ce8449458f85b2700eba2fe8.jpg
picture.dba86fd4c87a45d2b6a7e50befcc1090;outfit.9ae9443798cb496ba7848d3c3616ab1c;0;dba86fd4c87a45d2b6a7e50befcc1090.jpg
picture.dcd50458aea948f8811a6cc1bbea8613;outfit.ec43e546a9d543ee8c15c07cb70608a9;0;dcd50458aea948f8811a6cc1bbea8613.jpg
picture.dd54d6eb2726448d8d489507e2be8731;outfit.f9ab24e5d9d7428dbef85f91b2ef9a79;0;dd54d6eb2726448d8d489507e2be8731.jpg
picture.de7ee1ac5c9447e3a81a0c06643ab2e9;outfit.286ed5dbbdfc48caafe68d5122b21c8f;0;de7ee1ac5c9447e3a81a0c06643ab2e9.jpg
picture.df94ca2ef38e4f8fa2a830d883a54fbb;outfit.455bcd119538442981e870ca1041c3b4;0;df94ca2ef38e4f8fa2a830d883a54fbb.jpg
picture.e452e0c7c6b34bf8b9daf35dda4271a9;outfit.76443d6db496494dbb26ac275ecbdb3b;0;e452e0c7c6b34bf8b9daf35dda4271a9.jpg
picture.e6583c5d336b45138ce91bbb1563e739;outfit.eae8d66566254901a5401b8c38b4d608;0;e6583c5d336b45138ce91bbb1563e739.jpg
picture.e856b8f5ba1b4a30893a56305b678485;outfit.3ae8377476ab4594b00bd3a7790e9549;0;e856b8f5ba1b4a30893a56305b678485.jpg
picture.ebe4fc1f48d644c9a6b6ec8f6f83c2dd;outfit.c9d157f2dc494985ac7bbac95f8e5a5f;0;ebe4fc1f48d644c9a6b6ec8f6f83c2dd.jpg
picture.eebf4f6d4c80435c83e4a0adb59c2ed0;outfit.59f5e44d06e04f8994127e5f6cc8c05c;0;eebf4f6d4c80435c83e4a0adb59c2ed0.jpg
picture.efa2e0c09acb4c92986190d9288031f3;outfit.d18d24b0f27547d5802d44c8331a29cd;0;efa2e0c09acb4c92986190d9288031f3.jpg
picture.f00e740996384fd69e3842cdf507f19d;outfit.0bb30c1818f44d50b81b7ddf2663b839;0;f00e740996384fd69e3842cdf507f19d.jpg
picture.f323ff59cedf4268b8599a59c38c2b22;outfit.176a117b3644491bb4ad187c4c5a0067;0;f323ff59cedf4268b8599a59c38c2b22.jpg
picture.f3a7d7806d0c4873891590de4df509ea;outfit.1b068bef871542b69522f45a4bb412db;0;f3a7d7806d0c4873891590de4df509ea.jpg
picture.f3ed2985a0ee462096ffaf2384a39a7f;outfit.93d11b40e1db46198d34109e7d0ebfe9;0;f3ed2985a0ee462096ffaf2384a39a7f.jpg
picture.f5635f49840346f3b83edfdca4d23ff8;outfit.b0d5835cfb6f4f918690a79fd842e7a6;0;f5635f49840346f3b83edfdca4d23ff8.jpg
picture.f87a5730d5ff4bd882ba785e0c712dd3;outfit.293f074047f34fda9bd95d96c5b9f906;0;f87a5730d5ff4bd882ba785e0c712dd3.jpg
picture.f8ac15ed7bf44818bdae998fa8799fea;outfit.98aa99e47dee4f019d8b2620a9745f98;0;f8ac15ed7bf44818bdae998fa8799fea.jpg
picture.f8be256209814145b728193d964f2a0b;outfit.d720fa6c17bf4c688054cbda17336d6c;0;f8be256209814145b728193d964f2a0b.jpg
picture.f9140b12b4ae46e89c4baed27f347cc3;outfit.71cb13dfda4d475b9fcb509ecd701ce1;0;f9140b12b4ae46e89c4baed27f347cc3.jpg
picture.f9f8dca306734702a4c4da9201055de2;outfit.44264bb27f644691a9e3b5d774881800;0;f9f8dca306734702a4c4da9201055de2.jpg
picture.fa3c2022ac5141608c3e3206f0b25c7a;outfit.527e5a69558c404f81d9d3c68272f67b;0;fa3c2022ac5141608c3e3206f0b25c7a.jpg
picture.fa433454789445758154af7b70f4a023;outfit.b28818ece07e4d079ab89fa18b117415;0;fa433454789445758154af7b70f4a023.jpg
picture.fa768dba9b2e41f7a10f08c6fd407fa2;outfit.4dd6b2524e5b4379baa90d5f3f80280a;0;fa768dba9b2e41f7a10f08c6fd407fa2.jpg
picture.fae0e1e6747f4499bbaf5a34fc2fda7c;outfit.c37712eb6be74a56958a7ccf2b21637c;0;fae0e1e6747f4499bbaf5a34fc2fda7c.jpg
picture.fcc3942cc8064fc7a909a1f44d28682d;outfit.03bdf90c39e1431685d49ce8309dd242;0;fcc3942cc8064fc7a909a1f44d28682d.jpg
picture.fe22c4f30f774d5e8ed32cfc69dbda65;outfit.e17a0df1f70743e590827d7df93bb7f4;0;fe22c4f30f774d5e8ed32cfc69dbda65.jpg
