customer.id;outfit.id;rentalPeriod.start;rentalPeriod.end
1128;outfit.03bdf90c39e1431685d49ce8309dd242;2021-10-11;2021-11-11
1128;outfit.c46affd5f8ee4749b1f8e7d4ff47f3ff;2021-10-11;2021-11-11
1128;outfit.900dd323358401b1;2022-02-22;2022-03-11
1128;outfit.0630ef7d996d4c489b4e54e85bd09e5a;2021-11-11;2021-12-15
6310;outfit.bd37bc0ed1857fb5;2022-07-07;2022-08-06
6310;outfit.abf8682bf7784e73af89ebfd6d542df0;2022-06-07;2022-07-06
6319;outfit.a520a9aa8147d618;2022-07-05;2022-08-04
568;outfit.3984754756394c3e95ade4b2080508c6;2021-04-13;2021-05-14
568;outfit.fbda7f830faf4caf9b0a085054f22e54;2021-04-13;2021-05-14
568;outfit.9d3b8dd5711d3657;2021-04-13;2021-05-14
568;outfit.127cbdac62d948a1827499f13034becf;2021-04-13;2021-05-14
1232;outfit.2ea36f84cb12427686eed685f97f2a8f;2024-02-29;2024-03-28
6085;outfit.dc7abe1bb20f423a8356cb4d089c56ff;2021-11-03;2021-12-03
6085;outfit.0ff0d877678e4755b088d1c5d09bee11;2021-08-31;2021-09-30
640;outfit.fd816aa2311d45c78fd0ab2d663a177a;2022-03-21;2022-04-21
4638;outfit.cba27389161e42689734a7912d8904a3;2024-03-12;2024-04-11
3577;outfit.8d3343f8c69af77c;2021-11-15;2021-12-15
2148;outfit.9e90f563acb38233;2023-11-21;2023-12-20
67;outfit.499d31bd36254c7191245e1d40745824;2023-02-28;2023-03-27
67;outfit.eb104cb68a534166899c4cce84b0fa55;2023-04-28;2023-05-27
3308;outfit.fb060da6c30143fd9735e8fd364910e0;2022-09-23;2022-10-22
1586;outfit.5ee6b8e1796843248c5ed0284c981f77;2023-07-16;2023-08-15
1586;outfit.a9f2bcb6885fe60a;2023-07-16;2023-08-15
4608;outfit.73ca4657bd9c4ce5b0e697f570323479;2022-06-14;2022-07-13
1819;outfit.19f4932d209d4886bfe838d5677f09ed;2022-04-19;2022-05-18
7411;outfit.84cfd784c9dd4ad6;2023-11-19;2023-12-18
3624;outfit.021142f5924f4280bd3948268d35db64;2023-08-28;2023-10-27
2833;outfit.820179fa25670e17;2021-08-02;2021-08-30
2833;outfit.37391d71588c40bd82003f14276d6f92;2021-10-11;2021-11-08
2833;outfit.e5503fe6f5f243fc90c526bcdb75c942;2021-11-30;2021-12-23
2833;outfit.fc18564205bd40c8bdcd638e83f45ed7;2021-08-31;2021-09-27
2833;outfit.95c292eefaa5453bbb381c3117b7b152;2021-08-02;2021-08-30
2833;outfit.0d0727d0c03f453495eaa85dc17d382d;2021-08-02;2021-08-30
3533;outfit.929220a63bf843f99474bc2644fcb53d;2020-10-13;2020-11-13
4073;outfit.ada6bb8993e7a05e;2022-09-09;2022-10-08
4073;outfit.b619b14568c94d46ac314ae0983703bd;2022-10-09;2022-11-08
6642;outfit.bcc71d0caf95dc33;2021-07-08;2021-08-02
6642;outfit.14a83a236b9a474c8cac31b4288065bf;2021-07-08;2021-08-02
4638;outfit.f367c2f5517542f4ad8df5446c0e0654;2024-05-12;2024-06-11
1735;outfit.897c161625314c1a993188bc0a5ca063;2021-09-28;2021-10-28
5914;outfit.253fb654ace04cbb9280e54d54b62ed8;2020-09-04;2020-10-09
5914;outfit.b33b5cbbea204ab79a1060c3a17546b3;2020-10-09;2020-11-06
5914;outfit.97f20b8380c34615a30aed080071aa96;2020-10-09;2020-11-06
5914;outfit.a7b55780d1764599a3ee339fff38d002;2020-10-09;2020-11-06
5760;outfit.e947dbab69e64c5a85f1fe565b5f3a49;2022-03-05;2022-04-04
5490;outfit.7949c76d6d01458dadb4d517d86b6d3f;2023-09-28;2023-10-27
4774;outfit.b5f45ee9fdaaa13e;2021-11-15;2021-12-15
4774;outfit.7395b78d10084aebb906f8f83bfd89cc;2021-11-15;2021-12-15
6526;outfit.931ef0d0cada4965a8ea693f7a520b64;2023-08-09;2023-09-08
2870;outfit.688665113d8c4d13bae1db16e822454c;2023-02-26;2023-03-25
6940;outfit.6fa8bb1601aa44698177e99a24a52863;2022-12-08;2023-01-07
675;outfit.0b544c65a87645459ce9844f749e178f;2021-05-28;2021-06-28
675;outfit.05164954243a4c5cac4930572105ed27;2021-05-28;2021-06-28
675;outfit.5c582cd4de764f77bd15e4a4abb070b4;2021-05-28;2021-07-28
3521;outfit.8ed6e4fedeb67e87;2023-10-05;2023-11-04
6965;outfit.deb2675432704b1e8048f6f90c102a00;2021-09-16;2021-10-11
3147;outfit.e12b4be9f07a4da0937a29f9efe16965;2022-06-07;2022-07-06
2087;outfit.bf4012c983f1c111;2021-10-07;2021-11-05
2087;outfit.34fb4047b75346ba9ced8912198506ff;2021-10-12;2021-11-05
4017;outfit.92cbc812639543a2;2023-10-09;2023-11-08
6526;outfit.915272dd8393bc1d;2023-05-09;2023-06-08
6526;outfit.9c255f602b1e4455a79e0fe0cee938c1;2023-05-09;2023-06-08
5100;outfit.b6f7358d6feb42ceaec950e6b66f4a34;2023-06-17;2023-07-16
5695;outfit.447e5486379147879a59e168c261d9e2;2022-04-06;2022-05-05
3727;outfit.ab5f8f08a7379c5f;2022-02-14;2022-03-13
7100;outfit.0d0727d0c03f453495eaa85dc17d382d;2022-12-17;2023-01-16
1336;outfit.76443d6db496494dbb26ac275ecbdb3b;2023-09-22;2023-10-21
7342;outfit.82ee7c9d4d1e4274b0c706c82653ab79;2024-02-22;2024-03-21
5303;outfit.b21aec5d36074eb790d69c5c40b7d77c;2024-04-17;2024-05-16
2276;outfit.e4da524a49fe4b5ea3eb8983e8dff52a;2021-10-08;2021-11-05
2276;outfit.be1cd8f914742de6;2021-10-11;2021-11-05
3510;outfit.c41b5bc7cfa0435abe71b09cfccc17ea;2023-02-28;2023-03-27
1987;outfit.81e52ba208d55e4d;2022-01-07;2022-02-07
1987;outfit.56663aaf60aa4b5c8267bed372c72677;2022-02-25;2022-03-24
3103;outfit.b42337853cae4f66a2e7640b6845d2e5;2020-09-03;2020-10-02
3103;outfit.8102ab9ef36547d1b50627b45fe5be95;2020-09-03;2020-10-02
6372;outfit.202c5658aee14e4180cd074aa81842a1;2021-02-08;2021-03-08
3320;outfit.8023680619aa366a;2024-06-09;2024-07-08
3507;outfit.44c8e590e1df4f6ab23cf81b9ed39374;2023-08-18;2023-09-17
446;outfit.49373f388eda466080c3464a0d8cdc44;2021-11-05;2021-12-06
446;outfit.0fb3e70ac4cd4f60bbf584d3c075e8ed;2021-11-05;2021-12-06
1354;outfit.7cc254ca61fd49189825e315d9507a3d;2023-07-06;2023-08-05
4218;outfit.82ca4f1985ca4966ac81db79cc5a5bc1;2022-11-26;2022-12-25
3267;outfit.522c1f5a3380421e9539663185f60fbc;2023-05-27;2023-06-26
2762;outfit.66dd95a10af54a18ae4b24b3702f869e;2021-12-01;2022-01-07
2762;outfit.4c6dedbe036e4a83b4847951a9bf03e1;2021-10-01;2021-11-01
4463;outfit.e43d27b277bb4ad7aff36a857ce6f766;2023-09-22;2023-10-21
5415;outfit.be670e741ed74f9597a28f8bb3e5e537;2021-06-15;2021-07-15
2949;outfit.9481d2d7251be70f;2021-10-26;2021-11-26
2052;outfit.43e73eedf7134d04afd27ea87948ce03;2022-04-27;2022-05-26
490;outfit.6b027f465816489f83945f85bd6f1c17;2023-03-12;2023-04-11
1107;outfit.c815d15af6ba46c580927f9bf81122f0;2022-02-04;2022-03-04
1107;outfit.f4760ce163664a1e85ac621e41eda2f5;2021-10-01;2021-11-03
319;outfit.8609dd7995e147efbdf631d515d34bed;2023-04-29;2023-05-28
490;outfit.cefb61de6cab4200a373a7ad313001f6;2020-11-16;2020-12-14
4943;outfit.7d5887278cfb479b8c92081dc85ad698;2020-11-20;2020-12-18
4943;outfit.bdf0b714576b2118;2020-11-20;2020-12-18
3071;outfit.37baa82c25f84342a9ea50e3488889ce;2021-12-27;2022-01-27
3071;outfit.9d30a5688cd84345b30246feec3e8c5f;2021-12-27;2022-01-27
2762;outfit.fc18564205bd40c8bdcd638e83f45ed7;2022-03-07;2022-04-07
2762;outfit.b1adfc4204c602e5;2022-04-08;2022-05-09
2762;outfit.93826cc51216dcd0;2022-04-15;2022-05-10
4810;outfit.b4e582b38a10f6bf;2023-02-27;2023-03-26
2273;outfit.98887be7a2e49dba;2022-07-18;2022-08-17
2273;outfit.6fca7e059a914e899fc6d816ef943972;2022-07-18;2022-08-17
4404;outfit.d141393e8f8247db9c62121a790ed9be;2022-06-14;2022-07-13
2170;outfit.3e47b084ad704fb5b25b38809fae38a7;2022-03-21;2022-04-21
2170;outfit.853ff9245b124c84bb0973a6065e64de;2022-04-21;2022-05-20
2170;outfit.8c4d4f54e42a4ca391913811b6d17ab0;2022-04-21;2022-05-20
5490;outfit.cc4dd7a33afc445a80ad7abe86bac3b0;2022-05-30;2022-06-29
675;outfit.1e33dfb5c66847f29088ba6717b10f75;2021-04-06;2021-04-28
1586;outfit.dd5c21e0c1ee4428b7019e5740e3e8aa;2022-10-16;2022-11-15
5144;outfit.2b58c1736f264448af950c49ea4b5d14;2023-11-10;2023-12-09
6303;outfit.5d5efe27d81245a6a504c6e66638bc14;2023-08-01;2023-08-31
6592;outfit.e2ac14f5ba454e0eaf3e7c0f926c65ee;2022-08-02;2022-09-01
6965;outfit.c0fa278a2de845a8b72cc0f20ce18227;2022-09-15;2022-10-14
3291;outfit.44c8e590e1df4f6ab23cf81b9ed39374;2023-12-28;2024-01-27
3749;outfit.fabccb7729514b23b386e2f93064548c;2021-11-25;2021-12-20
6907;outfit.595a88f3986340b9b7ee163cbe32c85d;2021-08-02;2021-08-31
5531;outfit.abe970f711444589b6ce9e81bf35615d;2023-07-07;2023-08-06
490;outfit.c7b2894a9f3c4c568f982ca6c89ea6d8;2020-08-14;2020-09-14
490;outfit.478c7aaed8f8413d9618e508ddd7d59b;2020-08-14;2020-09-14
490;outfit.31edccd419de4fc5ae6aeb7eed4327ab;2020-08-14;2020-09-14
1386;outfit.422bc3cc7f6a429086cf8c49273ecd90;2022-09-05;2022-10-04
1386;outfit.7d69ae2f5dc641bca0eed4b1dfc17ac8;2022-11-05;2022-12-04
1386;outfit.935ea85c252f9586;2022-08-05;2022-09-04
1386;outfit.3261b5e6c4574ee9aacde7740fde9f7c;2022-08-05;2022-09-04
1386;outfit.7d69ae2f5dc641bca0eed4b1dfc17ac8;2022-12-05;2023-01-04
1998;outfit.9c19cb240c0c06d1;2022-08-18;2022-09-17
3624;outfit.5e119d066b62498491b2919f0453d803;2022-09-28;2022-10-27
4218;outfit.8d7319b7cde9526b;2021-09-28;2021-10-28
7270;outfit.8459e55ea3800598;2022-10-06;2022-11-05
454;outfit.deb2675432704b1e8048f6f90c102a00;2023-12-03;2024-01-02
1248;outfit.13830724df15455ebac964c87af6997e;2020-12-04;2021-01-06
1248;outfit.17753fa2c9914d659fe5432c2a06f1fa;2020-12-04;2021-01-06
1248;outfit.1cb90c4ef4cd4941913e9ab5a095b0d8;2020-12-04;2021-01-06
1248;outfit.d40f6349368b4e47b521138ba35d8ebc;2020-12-04;2021-01-06
3432;outfit.d40f6349368b4e47b521138ba35d8ebc;2021-12-29;2022-01-28
2223;outfit.fabccb7729514b23b386e2f93064548c;2020-07-09;2020-08-10
2223;outfit.4df885933c6b4006827c3c816f27d9d7;2020-07-09;2020-08-10
2223;outfit.b02888637a450867;2020-07-09;2020-08-10
319;outfit.e98a6e485b1941d98e43c0e74cc6885b;2023-04-29;2023-05-28
262;outfit.bb72f30cdb4246d1bc47ff8b17cf4162;2021-11-26;2021-12-23
262;outfit.92396971987c812b;2021-11-26;2021-12-23
1770;outfit.80603a3d95e4beb7;2022-10-17;2022-11-16
5734;outfit.a84d98da9b0b4c8d95457d446a4df5fd;2021-10-08;2021-11-08
5734;outfit.cba1c1971fa145e2a965a51bb678d885;2021-12-10;2022-02-10
5734;outfit.6345f9fdf4f340bdb2781ee8fd68deb6;2021-11-09;2021-12-10
5734;outfit.e608f9225d314a12a390b165d222cc28;2021-10-11;2021-11-11
5734;outfit.1c195032518b4aba942f6b4fb6ae4690;2021-12-10;2022-02-10
5734;outfit.bb8aa151e5f63d31;2021-12-13;2022-02-10
5734;outfit.fcd37df89e7341dfb75d074f0d092396;2021-10-08;2021-11-08
5617;outfit.55e47b50f0dc4852a5784fffafa63488;2023-05-17;2023-06-16
6879;outfit.b232dfc2ba4bd49f;2021-02-15;2021-03-15
6879;outfit.ac93e6bc39c341dd9592de80ee57e522;2021-02-15;2021-03-15
5285;outfit.29e6b2a21c5946d3a22772aa398a8361;2023-09-06;2023-10-05
2619;outfit.d40f6349368b4e47b521138ba35d8ebc;2023-11-28;2023-12-27
948;outfit.ab93c31e243d4d19b90ca72c4ae17e25;2022-06-03;2022-07-02
4696;outfit.9d97d017a5c747ac89d59efab886369a;2024-02-07;2024-03-06
2088;outfit.b02888637a450867;2021-04-19;2021-05-12
2088;outfit.f6091ea8a88b4e52a4bfc6cccabe2ccb;2021-04-19;2021-05-12
1586;outfit.b6dfe60b7a8c421f9de22342860f17bc;2022-07-16;2022-08-15
3320;outfit.d4220f5dd22c4d409d8121e26b11dc99;2023-02-09;2023-03-08
3320;outfit.c0dd5faf2a294aa09fd7a39dc7a313bd;2023-03-09;2023-04-08
6354;outfit.b7ebd99d748b28d0;2022-09-25;2022-10-24
3432;outfit.37af7c19c13949819ca971b380a9f97c;2022-07-29;2022-08-28
1531;outfit.690dcda28d044c5f8f134ffcb66cc02b;2021-11-04;2022-01-07
86;outfit.cafdca5ad56a4f6ea824cc20fab5b5ae;2021-09-21;2021-10-21
86;outfit.55bf4bdcb79e4027987f9b8c7eafe314;2021-09-21;2021-10-21
2649;outfit.8e3a6e9e196cfbc0;2023-07-02;2023-08-01
2649;outfit.f11efd8c7b064175b4997b1ab65b5458;2023-07-02;2023-08-01
2649;outfit.06ac471d39bf42989d65d70dc6e65967;2023-07-02;2023-08-01
2649;outfit.96d41e4ecb154101be678d4302a266ba;2023-06-02;2023-07-01
2649;outfit.f3067ef490224ffba4c9a8b16458c624;2023-06-02;2023-07-01
4853;outfit.676f2b8ab3894ff293c0fbd62398bc05;2021-09-09;2021-09-10
1626;outfit.f5cdd470173a4cbb913353aac985eebe;2022-12-16;2023-01-15
2833;outfit.326753f766be46ea82c771b041c4dd32;2021-12-13;2022-01-03
2833;outfit.c22e4fbbfc23437a9f32d1ae2455223f;2021-12-13;2022-01-03
2833;outfit.38ef91e51ef14bb19df9094a40bcb7f7;2021-12-13;2022-01-03
1248;outfit.64910701f4974360acc6851b2b0fd7cf;2021-08-12;2021-09-13
660;outfit.f32718341e9443d8a36121a8913ff304;2021-11-29;2021-12-17
660;outfit.c18d614b53ad40d9ac3f3c48278fa09f;2021-11-29;2021-12-17
3821;outfit.dcedf030b9134a08a8d3df3f4fdb07ea;2021-10-25;2021-11-22
4501;outfit.5a0e04a9018a4904990fc85f1c8cd1ce;2023-01-06;2023-02-05
6631;outfit.bb35c791b2bfa191;2021-09-30;2021-11-01
6631;outfit.616a99bd148443a6a54acbf0e8105c28;2021-09-30;2021-10-04
6631;outfit.854021359d3e487ca1c90e5bd126ea0c;2021-09-30;2021-10-04
6631;outfit.514093f168604338b66059bf9e4e900c;2021-09-30;2021-10-04
6631;outfit.ef5fdc0209e74d39a8a24fcd05cbdce6;2021-09-30;2021-10-04
1784;outfit.8c8215f7c0a7445b9b09d3da37b462c6;2022-05-18;2022-06-17
2071;outfit.1e1ade9c992d4eb8b7f11cd398a928c7;2022-02-22;2022-03-21
2071;outfit.f86e075166ee4aee95fbdde5444221fc;2022-03-22;2022-04-21
2071;outfit.d6f14b350b434b8e90cc530c68c4b2c6;2022-02-22;2022-03-21
3320;outfit.8a91fcc1f1f612e6;2023-03-09;2023-04-08
1237;outfit.9936eee8f01a25d8;2022-04-09;2022-05-08
1237;outfit.e17a0df1f70743e590827d7df93bb7f4;2022-04-01;2022-04-29
3267;outfit.c46affd5f8ee4749b1f8e7d4ff47f3ff;2020-09-21;2020-10-21
3267;outfit.65eca5cdd70349c19294a6d34bf69ef1;2021-01-06;2021-02-03
3267;outfit.7cff339e7950448c8485a2b44205adc0;2020-10-23;2020-11-27
3267;outfit.e2c4d90753314eddbdf3a836e28a0209;2020-10-23;2020-12-09
3267;outfit.935ea85c252f9586;2020-10-05;2020-10-23
3267;outfit.af3cb94171784fff803b50e9a99cd890;2020-10-23;2020-11-27
3267;outfit.ea4cdef4b083408eb9410d077f9c929b;2020-09-21;2020-11-21
3267;outfit.7abb8ad021294be3863e5ea746538347;2020-09-21;2020-10-21
3267;outfit.16f24c4eb69a48f1a34117fc6c0a691f;2020-12-09;2021-02-03
3267;outfit.a3c8e9b42ef07a32;2020-10-26;2020-11-18
3267;outfit.9aadfc9a1d195c33;2020-10-23;2020-12-11
3267;outfit.a824c0030f59545a;2020-10-23;2020-11-27
3267;outfit.2ea36f84cb12427686eed685f97f2a8f;2020-12-14;2021-02-12
3267;outfit.439ff276a34d4993ad9cf68d06c67d96;2020-09-21;2020-10-21
3267;outfit.d39ea6485a024bb2a6529ce15d2739d7;2020-09-21;2020-10-21
6011;outfit.9c0b47f4d629c3f3;2022-07-01;2022-07-31
6011;outfit.a6c2cc1cde584657b1748339cee96a5a;2022-07-01;2022-07-31
6011;outfit.588d78c7613f4e10b418317946a7a186;2022-07-01;2022-07-31
4193;outfit.7ae84d76f8634068b358e5f723942fa0;2023-04-09;2023-05-08
4193;outfit.0512cb21a4bc4326971af84ccc563495;2023-06-09;2023-07-08
4193;outfit.c51bd8f0c3464297b89ffa73328c3275;2023-06-09;2023-08-08
932;outfit.12ca1b6aaefb46af8208fe008f3eb4e3;2022-09-30;2022-10-29
1706;outfit.298d036f8c334821bbdc97c61fcc122d;2021-11-01;2021-11-30
2532;outfit.9783b2f3f00040848624b655abd30cfa;2021-06-03;2021-06-04
2532;outfit.a743bd93e1a86501;2021-06-03;2021-06-04
2623;outfit.4c9864b84197439ab388910160076c5d;2021-05-03;2021-06-03
2623;outfit.bbd662557126462f84e4912812fc1be0;2021-03-03;2021-03-31
2623;outfit.c52099f0269e4b6ebd66b79d3cca1d01;2021-04-07;2021-05-03
2681;outfit.a1c7ea9aa83e32c8;2021-08-20;2021-09-20
2681;outfit.57729471dc4a42fc8ebf94a2741b54ac;2021-08-20;2021-09-20
3291;outfit.9c0b47f4d629c3f3;2021-11-26;2021-12-23
1840;outfit.fbb003446d3c40a3879b475502a7e104;2022-01-06;2022-02-04
640;outfit.837d79eeae2a466cab88d515bd1aa409;2023-02-07;2023-03-06
785;outfit.3b756132543a45d4a94b9bebb0aaebfb;2021-11-01;2021-11-30
785;outfit.15f39d4408a449febc2bd0d1afbb0f1f;2021-11-01;2021-11-30
785;outfit.33775c3acbcf408aadc5a2436d0750ec;2021-11-01;2021-11-30
4067;outfit.ac9a4562c5a44ce5bf274dc919de5051;2024-01-27;2024-03-26
384;outfit.44c8e590e1df4f6ab23cf81b9ed39374;2023-06-10;2023-07-09
4394;outfit.1b4027c5a27d4ac293ccb2377c38d408;2022-05-02;2022-05-30
4394;outfit.207232e414dd46e5b7352becfd9e53e5;2022-05-02;2022-05-30
4394;outfit.374273ffb79943b7be144ceb14529592;2022-05-13;2022-05-30
4394;outfit.b619ba973b4b49d79c89863737097ab3;2022-05-11;2022-05-30
5852;outfit.b00287a1864d4493a72b295b43caf3f1;2023-08-17;2023-09-16
5778;outfit.1ef0bbcac4054678bea5622eec91880a;2022-11-18;2022-12-17
5778;outfit.b9311cecf65f795b;2022-12-18;2023-01-17
2204;outfit.f9a2dd8439ea48859a895ea99b8ae6c4;2022-06-02;2022-07-01
2204;outfit.5024e38969364cc2bcb0025151e4ec55;2022-06-02;2022-07-01
4130;outfit.0e35a8a758734c2b98adfc8630b4e029;2023-03-01;2023-03-31
4130;outfit.3a5aeafe771d488f84bc18af5db17114;2023-01-01;2023-01-31
4130;outfit.4c96620b5f444f05adcd28bcfd3861d5;2023-04-01;2023-04-30
5318;outfit.3b06eb48b17b4e169bb6b08b9850fd0b;2023-11-17;2023-12-16
5318;outfit.9b8cb306a9fd4315bbda3cd2b056e36a;2024-01-17;2024-02-16
5318;outfit.6d042743afa04727815f717cce0b2ac0;2023-10-17;2023-11-16
6817;outfit.b9478c83693b11a4;2023-11-23;2023-12-22
675;outfit.3e47b084ad704fb5b25b38809fae38a7;2023-02-02;2023-03-01
6319;outfit.fbda7f830faf4caf9b0a085054f22e54;2021-12-03;2022-01-03
3267;outfit.9b8cb306a9fd4315bbda3cd2b056e36a;2024-03-27;2024-04-26
1706;outfit.9f58acfe6b554e4ca880e378aa7e8e56;2022-11-18;2022-12-17
7247;outfit.34bd3ce2dd644974b9e945a8d91d8bca;2023-02-09;2023-03-08
7247;outfit.e8f877d97bec44b49a40abd355d69d51;2023-01-09;2023-03-08
7247;outfit.5d300bde08e848898bfb5e15c1269b43;2022-09-09;2022-10-08
7247;outfit.e8f877d97bec44b49a40abd355d69d51;2022-12-09;2023-01-08
7247;outfit.34bd3ce2dd644974b9e945a8d91d8bca;2023-01-09;2023-02-08
3624;outfit.e14ebf07096246dbb7bf4e241b4c5b32;2022-05-28;2022-06-27
3624;outfit.ecd27d5311ba4d3d95b9b5c3071ed764;2022-05-28;2022-06-27
2248;outfit.63fc53c3d8784dd39553a33d54ff4921;2023-05-23;2023-06-22
416;outfit.81ce5109e01d4b7b9f944a3baa35c4d6;2024-03-07;2024-04-06
416;outfit.a1c7ea9aa83e32c8;2024-04-07;2024-05-06
7225;outfit.4238aa017620494dbe0724f9b8f8f702;2022-07-26;2022-08-25
3053;outfit.2174208dffe5493fa440e48d290a11bb;2021-05-19;2021-07-01
3769;outfit.5f20616059e84ab8b62eeb7f0a802e3a;2023-01-16;2023-02-15
3769;outfit.96d41e4ecb154101be678d4302a266ba;2023-01-16;2023-02-15
5805;outfit.edf01c8ca8f64059a8afaf72b4ba5eb3;2021-09-21;2021-09-22
3727;outfit.39e26260f13d466b946601bafd691d36;2021-05-03;2021-05-31
4193;outfit.298b9f94af66454b9f07ebed997e9f9a;2022-06-09;2022-07-08
4193;outfit.3b8a8f44f52f4b92b4935f08f4d2b9d7;2022-06-09;2022-07-08
4193;outfit.bbd662557126462f84e4912812fc1be0;2022-06-09;2022-07-08
4193;outfit.e7180235b62040eb9afeab19f74c5a73;2022-07-09;2022-08-08
4452;outfit.e17a0df1f70743e590827d7df93bb7f4;2020-11-09;2020-12-04
4452;outfit.cf321774b9de4035802e1829303fd3da;2020-10-08;2020-11-09
4452;outfit.b09e135ba34c46daaf3a5495dcec6e83;2020-12-04;2021-01-06
4452;outfit.8302402a6e8e8e8c;2020-08-10;2020-09-10
4452;outfit.92db973be0926d3f;2020-09-10;2020-10-08
4452;outfit.77accd502dd8426bb3b8772f0f33c9b9;2020-08-10;2020-09-10
4452;outfit.b75adc485cbf45ef936114c4337a7a9c;2020-09-10;2020-10-08
4452;outfit.173befabe7a14130b0e646ca4152150c;2020-09-10;2020-10-08
4452;outfit.bc490bc7db204af498825badd2d59285;2020-12-04;2021-01-06
4452;outfit.eeee122cf40b4035b6ee0e26b194c531;2020-11-09;2020-12-04
3669;outfit.2b58c1736f264448af950c49ea4b5d14;2024-03-24;2024-04-23
2649;outfit.1e33dfb5c66847f29088ba6717b10f75;2024-01-02;2024-02-01
7199;outfit.8238ed2091e347149ddd6114aeeb2655;2021-12-10;2022-01-10
2649;outfit.3b49ff8bbdf2444a83abcdc0fbb45f01;2024-06-02;2024-07-01
1773;outfit.b1adfc4204c602e5;2024-01-06;2024-02-05
4724;outfit.b04f116bc3224f22a8f17d62934fe2cd;2023-10-19;2023-12-18
4289;outfit.2208707dcf134558b4d335f1e3534655;2023-05-19;2023-06-18
4289;outfit.96cb494dcb47696b;2023-04-19;2023-05-18
568;outfit.226011180c0e4df4852d693067d02fef;2021-06-14;2021-07-13
1878;outfit.bd061db386d78a56;2022-06-27;2022-07-26
7118;outfit.61c6e404ee8847fb9e1d95143f9d590c;2023-12-14;2024-01-13
4258;outfit.6dea8453a7dd4701830624eeea14bf9b;2022-05-13;2022-06-12
824;outfit.f1ec68c001974b238355b08a582e1b89;2021-12-16;2022-01-16
824;outfit.360831efda1443f6bd7c4c5931b1d189;2021-12-16;2022-01-16
3175;outfit.522c1f5a3380421e9539663185f60fbc;2023-08-08;2023-09-07
1282;outfit.36eacc2af2494660a2c914aab7474a40;2023-07-22;2023-08-21
2022;outfit.4be27307ae1c4611ad56aca101c8a6b4;2023-05-22;2023-06-21
2022;outfit.d6896eaf6b734f40943d6cce5d23c1e3;2023-05-22;2023-06-21
851;outfit.827b99b7b40a655e;2021-06-07;2021-07-07
851;outfit.9be713a0af3b45aa9577949469b1e0de;2021-06-07;2021-07-07
4834;outfit.925b3a37354592ef;2022-06-25;2022-07-24
3521;outfit.efeca2ca71b54ba49ec487475dfae85c;2022-07-05;2022-08-04
6955;outfit.aeab8a7eca6601f1;2021-11-19;2021-12-20
6955;outfit.caee00d04a954a69a3cca9e02cf67440;2021-11-19;2021-12-20
454;outfit.7d273c5424a34a9cb3217beeed7070d4;2022-02-01;2022-02-28
454;outfit.980eb1c72e1e71f6;2022-02-01;2022-02-28
785;outfit.3b2ed909c25f4ba28abf27a3ba98f5d0;2021-11-30;2021-12-30
1578;outfit.6fca7e059a914e899fc6d816ef943972;2022-05-13;2022-06-12
1578;outfit.b4e83d1d9b50a7cc;2022-05-13;2022-06-12
1578;outfit.edf9420758794d31a58d8e563dccd496;2022-05-13;2022-06-12
1578;outfit.8ad56e42a7bfeb00;2022-05-13;2022-06-12
1138;outfit.bef1cf2e05fe40709accfbc38e9a0a30;2023-07-17;2023-08-16
1881;outfit.648db79508724c99ab948e953e4813a7;2023-09-26;2023-10-25
2796;outfit.6b8d0d5720af4e33af8dff7afe7b0ed3;2022-03-26;2022-04-25
2796;outfit.b5db150f4740b356;2022-02-26;2022-03-25
2796;outfit.ccae6ec63d494a5eadd0d6b001597c42;2022-02-26;2022-03-25
2796;outfit.48cf5d6579da4369b03b1f04719b322a;2022-07-26;2022-08-25
2796;outfit.a392c1d7863044a69bb57db560056b76;2022-05-26;2022-07-25
7270;outfit.2084ead8ec3c42fa83eb74b5e36d330f;2023-03-06;2023-04-05
1881;outfit.6e2a3eeffbf4433c9d6e5085d8c083f2;2023-09-26;2023-10-25
6817;outfit.3b8a8f44f52f4b92b4935f08f4d2b9d7;2022-08-23;2022-09-22
4073;outfit.bfad6e38299544e991b1c5f0d92073f6;2023-06-09;2023-07-08
6907;outfit.542f3e3ae20d42bea4c81a418f7adb7b;2023-04-06;2023-05-05
4834;outfit.63bcf26d934447e1aa4d53214cef7d4f;2022-09-25;2022-10-24
1792;outfit.40b60bd4c9e44c8d9375ef879e7d5f1a;2021-04-30;2021-05-31
3243;outfit.56dec64c8c834afaace780273bbde124;2023-12-10;2024-01-09
3312;outfit.6b0e9219365c474194b0d0a0652e7a59;2021-02-24;2021-03-24
3312;outfit.05164954243a4c5cac4930572105ed27;2021-02-24;2021-03-24
3312;outfit.b25f7c6a65a2459c8819de57f27a2684;2021-02-24;2021-03-24
3312;outfit.394da7e98f8a4531b64e45da73749eec;2021-02-24;2021-03-24
3312;outfit.e64440c76c164f76b87f4719745f3b68;2021-02-24;2021-03-24
6526;outfit.9c255f602b1e4455a79e0fe0cee938c1;2023-01-09;2023-02-08
454;outfit.c95b16794434474e8d02306d2f1b6a0a;2023-01-03;2023-02-02
454;outfit.9d9aa8d609db476783be7553a9bb706f;2023-01-03;2023-02-02
2040;outfit.6537917dc4e440fcb5793037388b3d7f;2021-07-14;2021-08-16
55;outfit.02cbb0ff0c1348ce9fb9906805fb9049;2021-10-01;2021-11-01
4960;outfit.1506b275d9894b3da75f83343e25a122;2021-09-10;2021-10-08
4960;outfit.253fb654ace04cbb9280e54d54b62ed8;2021-10-08;2021-11-08
2052;outfit.2901f306ff3a4e7e8288cc48ec400f5f;2022-05-27;2022-06-26
4218;outfit.cc30aac83a794a269779fc0b2984abba;2021-10-15;2021-11-15
4218;outfit.b1bce95db2fd4e28befe26b0a6985c73;2021-10-15;2021-11-15
1041;outfit.1c78096241a04da2bb89cb692f3953b0;2021-04-13;2021-05-13
1382;outfit.4c8d6c10b08440fcb06d8893d705124b;2022-10-15;2022-11-14
4250;outfit.767ecbf6b9bb4969ad78de1a78dbf039;2021-08-12;2021-09-10
4250;outfit.8399e72f71c74d9683a7416571e032fc;2021-08-12;2021-09-10
3727;outfit.e965f8f929a345ecab825313cd4b3f24;2022-03-14;2022-04-13
3727;outfit.d720fa6c17bf4c688054cbda17336d6c;2022-03-14;2022-04-13
4564;outfit.bde48c83d7bbd11f;2021-07-30;2021-08-27
4564;outfit.e538cc03e9244a16910db1b27f7132db;2021-07-30;2021-08-27
4564;outfit.866385e680f6475e8b2899e2bc30a1fe;2021-07-30;2021-08-27
4564;outfit.8d7319b7cde9526b;2021-07-30;2021-08-27
1525;outfit.e6376f0d5b444635948d42911466dc8f;2020-08-26;2020-09-23
1525;outfit.8d6bd94d09354d22a77928a01bac9d25;2020-08-26;2020-10-23
1525;outfit.bb1024860d8f559e;2020-08-26;2020-09-23
1525;outfit.b2e035a8cce61dcb;2020-08-26;2020-09-23
1525;outfit.9f58acfe6b554e4ca880e378aa7e8e56;2020-08-26;2020-09-23
4656;outfit.9b7e2e060c874d3287c4cee69860679a;2023-06-04;2023-07-03
4656;outfit.b1ddecd27b94476d833c0ea2c2bb6d3a;2023-07-04;2023-08-03
6885;outfit.9faa5a6b345a4ee791996380c91d4eac;2020-08-12;2020-09-09
6885;outfit.9a52065e9e7b4814bb5707173819674f;2020-08-12;2020-09-09
6885;outfit.c8c5d18e8365419eba926afed7344dd7;2020-08-12;2020-09-09
2085;outfit.388d5e71d8ca46a59067b8f07c7a0760;2023-01-26;2023-02-25
3608;outfit.de1b2d84d80341d2bcc0adcd5ce60af4;2021-02-01;2021-02-26
3608;outfit.79d8ad807b5a4fbc86d21e759e3c7342;2021-02-01;2021-02-26
6456;outfit.f60a93dd961d4856a6d40e366ef90717;2023-05-22;2023-06-21
6456;outfit.148764d766b94842ab69e411e8bb3e75;2023-05-22;2023-06-21
4558;outfit.9c101c6da5bfc6e1;2020-07-17;2020-08-14
5805;outfit.22ff5d532d24420891c0292df8da84dd;2021-12-27;2022-01-27
5805;outfit.ccf6f723db264c30b9e45b89203c4a28;2021-12-31;2022-01-07
1586;outfit.97228689c245bc79;2022-09-16;2022-10-15
6786;outfit.f4a5306ea45d4ab9b40340f016bab653;2023-02-05;2023-03-04
1684;outfit.c46affd5f8ee4749b1f8e7d4ff47f3ff;2022-06-20;2022-08-19
1412;outfit.b9bffddb2fa945e6a3d076ea97f1c5cb;2021-08-09;2021-09-07
6284;outfit.27a3cd48834e43b2ad991c05136ee880;2021-01-26;2021-02-19
6284;outfit.9aadfc9a1d195c33;2021-01-26;2021-02-19
7082;outfit.c2a0cedead6d432ab2277ca1cc1524a8;2023-11-14;2023-12-13
2207;outfit.760624a41d5f48e5a2f749acd6f4568b;2024-04-08;2024-05-07
5695;outfit.a3d27b283d42172d;2020-12-01;2021-01-06
4417;outfit.8428c700eb194931835b34f2860d3432;2021-05-25;2021-06-24
6663;outfit.97f20b8380c34615a30aed080071aa96;2022-05-01;2022-05-31
6;outfit.801f1b35886e42f6907ec4709420c7e3;2021-11-24;2021-12-23
6;outfit.78778f72774d4269abd8410a9511fdf6;2021-10-25;2021-12-23
3432;outfit.9ff74f4f2a2f4454a7a629777cff27a6;2022-03-29;2022-04-28
6456;outfit.bb1024860d8f559e;2023-01-22;2023-02-21
5144;outfit.9653e8c2cb5f44eeb2a9015e4b11c162;2023-02-10;2023-03-09
5531;outfit.29e6b2a21c5946d3a22772aa398a8361;2022-02-07;2022-03-07
5531;outfit.cc2a4ea6b82044d2804ee26e593fbc00;2022-02-07;2022-03-07
6786;outfit.f14e9c44441c4a5ca2e109af309be3ce;2024-01-05;2024-02-04
1684;outfit.774b95bb02cb4be0b92d2a232bdb8b0f;2021-04-19;2021-05-19
1894;outfit.2392f0645935482bb171c7fd35384587;2020-10-14;2020-11-16
1894;outfit.453a4c074a164ad0bbef87ee09a09616;2020-09-25;2020-10-14
1894;outfit.c26dfa3343fe4ba3823eff356e24750f;2020-09-25;2020-10-14
1894;outfit.40a0759f9fee458ea303ea8d1ef61a74;2020-11-16;2020-12-07
1894;outfit.39d30bdd02814cfbae737840b8e01321;2020-11-16;2020-12-14
1894;outfit.ced7a70fdb8c4168ad6b7264244de2e0;2020-09-25;2020-10-14
2759;outfit.a3df643414c746ac95399bcdbb1acab6;2022-06-26;2022-07-25
2759;outfit.b4e7c58304d74b64b8b2ddf13ba93c6d;2022-06-26;2022-07-25
6364;outfit.48f1cbb3e03247b7bd894690722f655c;2021-08-16;2021-09-16
6364;outfit.233cc1a575934df38cc3c307901345e5;2021-08-16;2021-09-16
2869;outfit.5eaea43d8e34424a95efef2f14b54092;2023-04-06;2023-05-05
2869;outfit.9d97d017a5c747ac89d59efab886369a;2023-04-06;2023-05-05
7411;outfit.9653e8c2cb5f44eeb2a9015e4b11c162;2023-05-19;2023-06-18
1537;outfit.d2affda3780840e8bab443abbd2e5478;2021-10-29;2021-11-29
1537;outfit.a2ecd990912ca6bd;2021-10-29;2021-11-25
4906;outfit.31c50265a96d4e49aa5394db37e039f2;2020-09-11;2020-10-12
4906;outfit.9a6b734068749450;2020-09-11;2020-10-12
4906;outfit.5862a9386cbc4ff29e9892f49274c243;2020-09-11;2020-10-12
1382;outfit.ced7a70fdb8c4168ad6b7264244de2e0;2020-10-26;2020-11-26
2402;outfit.549dd7bf94d4442abfd053dc32ee54cc;2020-05-22;2020-06-27
2402;outfit.a027f5f9d1e8159c;2020-05-22;2020-06-27
2402;outfit.5e96c1bc9f964af2b1a6e391db346131;2020-05-22;2020-07-31
2402;outfit.4431d4e34e6a4c0fba43aa50395893f7;2020-05-22;2020-06-27
2402;outfit.caee00d04a954a69a3cca9e02cf67440;2020-05-22;2020-06-27
1840;outfit.9d2178974e7f4cd6a556586ebb767049;2023-10-09;2023-11-08
1840;outfit.09f131a3a13141da9b70638289d27de3;2023-10-09;2023-11-08
2846;outfit.d3739869edc74a0a855e399f5b75a567;2022-06-20;2022-07-19
3094;outfit.1ba117ad1dfc4db98e92536c9d6724fe;2021-08-03;2021-08-26
3094;outfit.992bf5adcd39d953;2021-08-03;2021-08-26
5680;outfit.ce53377b121b4648abc0a3c97e58bff1;2021-10-18;2021-10-25
2052;outfit.f8e95f5fd1b641a4823ea3c6010e19cb;2022-07-27;2022-08-26
3094;outfit.ae538ccb6bf14a858b0f66458e592872;2024-06-26;2024-07-25
2276;outfit.09b4eec28e5c4672ae712982a2a32bfe;2021-09-16;2021-10-07
3259;outfit.a73edcbba7424dd8aa3643bf4b7587ba;2020-11-30;2020-12-21
3259;outfit.89dbcc1289ee49c18bcb93fc69a52c02;2020-11-30;2020-12-21
3259;outfit.ccb9ff4f288f418d883547a0c1341f1c;2020-11-30;2020-12-21
6303;outfit.1431039944fe4be88f8890a04a346b09;2023-01-01;2023-01-31
6303;outfit.c815d15af6ba46c580927f9bf81122f0;2023-01-01;2023-01-31
384;outfit.30a3ca6bb1c44394be44eff0548ed968;2023-07-10;2023-08-09
4464;outfit.535d7a56f1a44289b93c6bd46f656d8f;2022-08-19;2022-09-18
4464;outfit.f1a25e8f1def4f2fa805aefcbb91bb62;2022-08-19;2022-09-18
1526;outfit.1378c78099224f24a8b3cf7007cdb4d5;2021-11-01;2021-12-01
1526;outfit.7d9ffbf078f34b06af2f4a2765005db6;2021-11-01;2021-12-01
1526;outfit.f9a2dd8439ea48859a895ea99b8ae6c4;2021-11-01;2021-12-01
7342;outfit.d9c02686a2094291837d95d09384481b;2022-09-22;2022-10-21
5929;outfit.9fe63b9753004f98b972bea88546901f;2021-11-15;2021-12-15
5929;outfit.69510e71049843628dabe5ef896f1b04;2021-11-15;2021-12-15
1526;outfit.46796cfb57174c9cb04ef0489123a073;2022-05-01;2022-05-31
1526;outfit.b8248f42bf864dabbf1f70840a474142;2022-05-01;2022-05-31
6885;outfit.2f5f6f70329640ac99f0d10f72543e1a;2023-11-18;2023-12-17
3094;outfit.866385e680f6475e8b2899e2bc30a1fe;2023-01-26;2023-02-25
5490;outfit.140ebf984d2f4e80b9e23431c24fe75c;2022-07-30;2022-08-29
5490;outfit.b02888637a450867;2022-06-30;2022-07-29
5490;outfit.64524dbb801942fb9b9b0b5853183177;2022-06-30;2022-07-29
6519;outfit.78d16995b62e40d48f06a20dbf72d844;2021-05-12;2021-06-17
2623;outfit.adf3063b0cdf501d;2021-06-01;2021-07-01
2623;outfit.c8ed845f66e440a2aa938d05c647916f;2021-04-07;2021-05-07
2623;outfit.b4552786134645be908f6201f300cd1a;2021-06-01;2021-07-01
2623;outfit.f4336a1909704b3fb0843ec7496c2884;2021-04-07;2021-04-30
1248;outfit.c93e99cc15dc4420994f40954bf9d8a8;2023-04-12;2023-05-11
4040;outfit.074a10af152c489ab0ecd8d67fa60fb9;2022-05-11;2022-06-10
4040;outfit.ee0dfdf3b9a349b591e78712514e2f5b;2022-05-11;2022-06-10
6781;outfit.64a0e45c83dc4304becbf6218ac02fb8;2022-03-07;2022-04-11
3359;outfit.3aec93f22b9a450ab7dfc26095abc609;2023-09-06;2023-10-05
4899;outfit.ac93e6bc39c341dd9592de80ee57e522;2020-10-14;2020-11-16
4899;outfit.a1c7ea9aa83e32c8;2020-10-14;2020-11-16
4899;outfit.6d042743afa04727815f717cce0b2ac0;2020-10-14;2020-11-16
4710;outfit.a98dbc2bd6e64dfb8ec5685b61aa3102;2024-03-19;2024-04-18
1282;outfit.f82bfbc5af1c4997956e63f92ea51907;2024-06-22;2024-07-21
4258;outfit.b45f71cef3bf96b3;2022-06-13;2022-07-12
5843;outfit.09f131a3a13141da9b70638289d27de3;2022-05-14;2022-06-13
5843;outfit.afd3af027be275f2;2022-05-14;2022-06-13
731;outfit.3b32e75fb8984ec9ad5d8ccb79999327;2020-12-04;2021-01-06
731;outfit.bf9018e030564e79965fdccb02003ac8;2020-11-04;2020-12-04
731;outfit.155567585a3c417fa6043924c2867d0e;2020-12-04;2021-01-06
731;outfit.c5a8b5900a2744589424bd5f8494497b;2021-02-04;2021-03-04
731;outfit.cf321774b9de4035802e1829303fd3da;2021-03-04;2021-04-05
731;outfit.9936eee8f01a25d8;2020-11-04;2020-12-04
3624;outfit.57ffd059f0374d6995a1f8fd4ee0d2ed;2023-08-28;2023-09-27
731;outfit.9d3b8dd5711d3657;2022-03-09;2022-04-08
2273;outfit.a1e7bca1ce3791d6;2023-10-18;2023-11-17
1232;outfit.fdb60816253847178ab8a51f0ccbbe56;2023-05-26;2023-06-25
1232;outfit.6ee6ff4c35ca4e099c7272e8466af23d;2023-05-26;2023-06-25
6310;outfit.1b4027c5a27d4ac293ccb2377c38d408;2022-08-07;2022-09-06
675;outfit.d0faaa3486494e7d8ee3298104bc8adb;2023-08-02;2023-10-01
361;outfit.853ff9245b124c84bb0973a6065e64de;2023-06-23;2023-07-22
3740;outfit.342ecd6e76d54f2b8e2cf31ece991f48;2021-02-10;2021-03-10
3740;outfit.8edf7dfac9374a0da611edb9dbc5a62c;2021-02-10;2021-03-10
3740;outfit.bccadadafedf47d8b394517cf1668424;2021-02-10;2021-03-10
825;outfit.841aea73b3d4485eaf08932aa82d8c2a;2021-03-01;2021-03-29
825;outfit.229cc0c550f54fb3b3b937bab2abda35;2021-04-27;2021-05-27
825;outfit.ae76eb7ed4c948258ccec12a6e024562;2021-05-27;2021-06-28
825;outfit.92101abfe02e418f8bc033846dc6d1c8;2021-04-27;2021-05-27
825;outfit.a388427605b34a2ab0e19304e54facc6;2021-03-01;2021-03-29
825;outfit.8f91b0422939117a;2021-03-01;2021-03-29
825;outfit.0ed1568a6b6545e4932bee98c84aa544;2021-03-29;2021-04-27
1654;outfit.b1bce95db2fd4e28befe26b0a6985c73;2023-03-05;2023-04-04
1654;outfit.6fa8bb1601aa44698177e99a24a52863;2023-03-05;2023-04-04
1505;outfit.9481d2d7251be70f;2022-05-13;2022-06-12
5236;outfit.35e53b748ea043f79cd9a2caca3a995b;2021-12-01;2022-01-03
5236;outfit.8a6d7780e2644bbfaa7695900a8266dd;2021-12-01;2022-01-03
5236;outfit.b6e876bed3cff76c;2021-11-01;2021-12-01
2869;outfit.e5f491fc4e7e44709b03e381648231be;2023-06-06;2023-07-05
1586;outfit.fc774521956e43c1b7b989272f5dca23;2023-02-16;2023-03-15
1586;outfit.a95a05ea858446c38ffd5535ab65a392;2023-02-16;2023-03-15
5089;outfit.2174208dffe5493fa440e48d290a11bb;2021-11-19;2021-12-20
5089;outfit.4295344ef7464599b0e1698740582792;2021-11-19;2021-12-20
4640;outfit.62f1b6fba2104c1296481b7f8bc074dd;2021-09-30;2021-10-29
606;outfit.235240be067b4381b6441e39d0023721;2022-03-28;2022-04-28
606;outfit.ed0bda9223004815822e8eaff7b7688f;2022-03-28;2022-04-28
6706;outfit.b6f7358d6feb42ceaec950e6b66f4a34;2020-09-09;2020-10-12
6706;outfit.fcd37df89e7341dfb75d074f0d092396;2020-09-09;2020-10-12
6706;outfit.a38b3b3e20364b78bfcf0bb1eadcc0e5;2020-09-09;2020-10-12
6706;outfit.3261b5e6c4574ee9aacde7740fde9f7c;2020-09-09;2020-10-12
4746;outfit.b9e21535cf624b6eac04d3a9708f213b;2022-07-06;2022-08-05
2364;outfit.4bd8e39e3d5442c4b76dcd9797725b38;2022-12-07;2023-01-06
3041;outfit.2fe31ac153bc422c945294c342de95a2;2022-10-06;2022-11-05
6955;outfit.e17a0df1f70743e590827d7df93bb7f4;2021-09-20;2021-10-20
6955;outfit.fbda7f830faf4caf9b0a085054f22e54;2021-09-20;2021-10-20
2870;outfit.9abd359ee8d44269ab15d6cbfcd8eb81;2023-05-26;2023-06-25
5169;outfit.a01f2c0fa05d3f98;2023-02-28;2023-03-27
5169;outfit.9565d4d6787ad71f;2023-02-28;2023-03-27
3103;outfit.d24b8b64d37f4ea29ccc8aeb0c1bbb2f;2021-03-02;2021-04-02
3103;outfit.3ae8377476ab4594b00bd3a7790e9549;2021-05-03;2021-06-14
3103;outfit.476b7bf9f9a74be3ae1a2152fee9fc3b;2021-04-02;2021-05-03
3103;outfit.7f256b54c8ab4dbda7cb6cbc915c4ed7;2021-05-03;2021-06-14
5844;outfit.863d6ab504fd48319623a4e6936259db;2019-11-12;2019-11-29
2870;outfit.b8b6253b118140448c36fb7b55fdce90;2023-10-26;2023-11-25
6907;outfit.93826cc51216dcd0;2023-01-06;2023-02-05
6036;outfit.32b52e42d8e844199bf05c4739bedf16;2022-02-02;2022-03-02
454;outfit.a94fbc2c00c0d099;2023-12-03;2024-01-02
1589;outfit.a7b55780d1764599a3ee339fff38d002;2023-10-19;2023-11-18
4674;outfit.a1bd30435ab14461af069cf262f1e1eb;2023-03-26;2023-04-25
6304;outfit.37391d71588c40bd82003f14276d6f92;2021-04-05;2021-05-05
2869;outfit.a9a4918501579729;2024-01-06;2024-02-05
996;outfit.85b4a99c5e6af89d;2021-09-08;2021-10-08
996;outfit.dfcd2f8c28c84d8db5aabe6da9e9c01a;2021-08-11;2021-09-10
996;outfit.47ffcece5f244f9a9cf888f7f6d16e29;2021-08-11;2021-09-10
996;outfit.7f6d08bebe2348729948104efde5179e;2021-09-08;2021-10-08
3291;outfit.a1c7ea9aa83e32c8;2024-01-28;2024-02-27
6285;outfit.bd37bc0ed1857fb5;2022-05-25;2022-06-24
6285;outfit.0aab21277b674f7fbb146ca7e853eef6;2022-04-25;2022-05-24
4067;outfit.e8df4af3451c46e5940238065ee6b401;2023-05-27;2023-07-26
675;outfit.1e33dfb5c66847f29088ba6717b10f75;2023-05-02;2023-06-01
5451;outfit.8afbb76916e14187b0bc9aaabbc2bd24;2022-07-06;2022-08-05
5451;outfit.95736bee85ac4163ad8a60e8e6a0ddf5;2022-07-06;2022-08-05
785;outfit.44264bb27f644691a9e3b5d774881800;2022-11-07;2022-12-06
55;outfit.82ec1db640c48b3f;2022-07-06;2022-08-05
55;outfit.b9311cecf65f795b;2022-07-06;2022-08-05
6663;outfit.2f5079f4f8384977a9ac6bb4b465c23c;2022-06-01;2022-06-30
1354;outfit.b8a404e6aad069ba;2023-08-06;2023-09-05
2271;outfit.bf00e652d6b83df2;2020-09-01;2020-10-01
2271;outfit.3895e85d340f4339b7fef2e143e5e390;2020-09-01;2020-10-01
2271;outfit.8f95b3473abb4a40ac2dc0956628e873;2020-09-01;2020-10-01
2052;outfit.29157c382f2e40f3845d96ba8040929d;2021-08-19;2021-09-20
2052;outfit.925c69db26f6bbae;2021-11-23;2021-12-15
5694;outfit.5b607271e3ee467bb4188f977c0336b8;2020-05-04;2020-06-05
5694;outfit.91b2efcbbd50491e89267d079de15ab2;2020-06-05;2020-07-03
5694;outfit.ad50bddf369641b0827aad7ce9f36022;2020-05-04;2020-06-05
1591;outfit.95c292eefaa5453bbb381c3117b7b152;2022-05-04;2022-06-03
3477;outfit.80d3fdb1a7ec49bb;2019-11-25;2019-11-29
7167;outfit.041c2a73da43488ea183556bf63a5675;2020-08-10;2020-09-10
7167;outfit.5112f70e9eeb4eeaa914446e421cdfb3;2020-08-10;2020-09-10
7167;outfit.5cc0341855e443a192105efd1a176491;2020-08-10;2020-09-10
4463;outfit.3c0e2b952c024f85b23f3db26403df81;2020-12-04;2021-01-06
4463;outfit.ea3962c74e6e4b578a4fcee30dfa2aa4;2020-12-04;2021-01-06
4463;outfit.095de7562bbf447f8dc83ec1a0e8edb4;2020-12-04;2021-01-06
4463;outfit.62f7c8d4fde443459940c727ef8176a5;2020-12-04;2021-01-06
6129;outfit.aac9da3df1d5b519;2022-07-16;2022-08-15
7050;outfit.d9c02686a2094291837d95d09384481b;2022-01-04;2022-01-31
1773;outfit.8a9297abf702469b88dcdb1ce6cd35bd;2023-08-06;2023-09-05
5695;outfit.be670e741ed74f9597a28f8bb3e5e537;2021-08-13;2021-09-08
3533;outfit.031a15e68a354f8cbe8f65c45da3f231;2021-07-02;2021-08-02
4880;outfit.a4699b3b33b4d99c;2023-01-29;2023-02-27
4880;outfit.6e50879668384d469557b1c93bc1d7a6;2022-08-29;2022-09-28
4770;outfit.9237685700e6542b;2021-03-01;2021-03-31
4770;outfit.6587d43842ed43958181f9925d52806c;2021-03-01;2021-03-31
7101;outfit.ac365138f7722b8c;2021-01-21;2021-02-22
7101;outfit.1c195032518b4aba942f6b4fb6ae4690;2021-01-21;2021-02-05
1684;outfit.af7384d7b857af65;2021-05-19;2021-06-21
7376;outfit.edf01c8ca8f64059a8afaf72b4ba5eb3;2021-07-20;2021-08-20
1374;outfit.c0ee509f45ad41d9b345426e194b9218;2020-10-05;2020-11-05
1374;outfit.b26fbbc9102f42adb861b732c927826c;2020-10-05;2020-11-05
1374;outfit.1e4a3ce9976a4d9a9061c167255f3875;2020-10-05;2020-11-05
1374;outfit.a8175a1b696f4b85;2020-10-05;2020-12-07
1374;outfit.e947dbab69e64c5a85f1fe565b5f3a49;2020-10-05;2020-11-05
1819;outfit.8ed6e4fedeb67e87;2022-12-19;2023-01-18
948;outfit.89a1a2941012477c83e6f9aaf2f144c8;2022-09-03;2022-10-02
1354;outfit.0ed1568a6b6545e4932bee98c84aa544;2023-12-06;2024-01-05
5039;outfit.fe22592cd6a64c32b7c573b5e25f9141;2021-10-13;2021-12-10
4818;outfit.44c8e590e1df4f6ab23cf81b9ed39374;2022-12-27;2023-01-26
1282;outfit.b1ddecd27b94476d833c0ea2c2bb6d3a;2024-06-22;2024-07-21
3577;outfit.ccf811c5b8f847758b9d79c74514890f;2022-12-16;2023-01-15
3577;outfit.9c19cb240c0c06d1;2022-11-16;2022-12-15
3577;outfit.9a5d41c7a63e40a2b4a5f2aa902d768b;2022-10-16;2022-11-15
3577;outfit.2aad4629b66d435c8da4594d7a3f7eec;2022-11-16;2022-12-15
1735;outfit.d933a0b2120d4102bcfe5f51886dc0e1;2022-05-17;2022-06-16
6526;outfit.7ca0d67e06f7491f926b46e7fbdbd32c;2022-07-09;2022-08-08
1382;outfit.ade5433e25b54fbbb66a54f8fe113132;2022-11-15;2023-01-14
1382;outfit.e2ac14f5ba454e0eaf3e7c0f926c65ee;2022-11-15;2022-12-14
1336;outfit.b068cf45c37e4aeaa1cff939a86e759f;2023-08-22;2023-09-21
454;outfit.b8248f42bf864dabbf1f70840a474142;2024-04-03;2024-05-02
416;outfit.a0d1107baf5919d5;2020-10-05;2020-12-04
416;outfit.cac751eeb8fe4846a26b1fc647bc5ef2;2020-11-04;2020-12-04
416;outfit.9cfd3798e4b27f4c;2020-10-05;2020-11-04
416;outfit.f45e25a44bdd429991e9186db7fa64e5;2020-11-04;2020-12-04
3320;outfit.f11efd8c7b064175b4997b1ab65b5458;2023-09-09;2023-10-08
3507;outfit.93fb65b596dc4d628b4812d30178a4dc;2023-07-18;2023-08-17
731;outfit.3b32e75fb8984ec9ad5d8ccb79999327;2021-02-05;2021-03-05
675;outfit.206df08f735c415bbcaca8d70e762971;2023-06-02;2023-07-01
55;outfit.1023091eb7324562a4153373934bcb64;2022-10-06;2022-11-05
55;outfit.bc45deb17b3a3e75;2022-10-06;2022-11-05
6592;outfit.29a0d66e916c4bc690cf393bcea980e4;2022-05-02;2022-06-01
4507;outfit.05ee1828c13a47c29f06de6d993fbafe;2022-10-06;2022-11-05
3094;outfit.2ea36f84cb12427686eed685f97f2a8f;2021-03-31;2021-04-30
3094;outfit.a824c0030f59545a;2021-03-31;2021-04-30
3094;outfit.25c93e08d9064a1c85d877bf4157a626;2021-03-31;2021-04-30
1840;outfit.b51ab929ce045cce;2021-11-05;2021-12-06
1840;outfit.95b998c29f9af2fd;2021-09-06;2021-10-05
1840;outfit.9f58acfe6b554e4ca880e378aa7e8e56;2021-09-06;2021-10-05
1840;outfit.9237685700e6542b;2021-10-05;2021-11-05
4674;outfit.56663aaf60aa4b5c8267bed372c72677;2022-02-26;2022-03-25
4853;outfit.afcfeb5d7cda41318a080365f05c9075;2022-04-01;2022-05-07
7100;outfit.2eb01f9b5c004ab18987fa709ca7d9cb;2023-07-17;2023-08-16
361;outfit.4e6dbf069e764052b71b95934301f615;2022-08-23;2022-09-22
3749;outfit.bb1024860d8f559e;2022-01-24;2022-02-24
1374;outfit.2ea36f84cb12427686eed685f97f2a8f;2021-08-09;2021-09-09
1374;outfit.4a4c3e2895e2437b8cda83c27064abba;2021-08-09;2021-09-09
1840;outfit.a32232b1ae5445e39801fd606d444610;2022-01-06;2022-03-07
1840;outfit.ad0e0bb9c3ab3cb3;2022-02-04;2022-03-04
361;outfit.9956752d78a44dea91307b82661d85aa;2022-08-23;2022-09-22
361;outfit.a2626764264ace79;2022-04-23;2022-05-22
6592;outfit.a50024ea71e6453c9c09d6d65d21a5ea;2024-01-02;2024-02-01
6592;outfit.d6789556754c4ce084d2fc7c354ae23d;2024-01-02;2024-02-01
4853;outfit.b133d563a5d54747ac3e2255486154f5;2021-04-08;2021-05-07
4853;outfit.97acaefe61dad4d4;2021-05-07;2021-06-04
4853;outfit.b2e035a8cce61dcb;2021-08-09;2021-09-08
4853;outfit.38572c7dec3b4460bf36ade1d517ce20;2021-06-07;2021-07-07
4853;outfit.9178d6f714280d40;2021-04-08;2021-05-07
1982;outfit.4e050e31c96240e18d8da53b205dcfa8;2021-12-09;2022-01-10
1982;outfit.0a28be020a644e7d9ef9858b3adc29c4;2021-12-09;2022-01-10
680;outfit.654e48473404490fbb74d6a48db9ce9b;2021-10-19;2021-11-11
680;outfit.841fdd28d3f644c0bb8efd874e818027;2021-10-19;2021-11-11
3192;outfit.df13ea56a17d4fad9fca92caa307b02c;2021-10-18;2021-12-16
3123;outfit.0f8322b7e0a64bcf8a0ac8936262049c;2023-07-18;2023-08-17
416;outfit.9d3b8dd5711d3657;2021-02-05;2021-03-04
416;outfit.e17a0df1f70743e590827d7df93bb7f4;2021-02-05;2021-02-06
416;outfit.2121de17fb604c6ea87a3f9b6d0030db;2021-02-05;2021-03-04
1336;outfit.fa20f4d239044e7a922e27c5b5fd9f4f;2024-02-22;2024-03-21
606;outfit.bfdc262fa6ea40458a3ff1a4353e71f9;2023-06-26;2023-07-25
1008;outfit.e6d04857b6e54eecbd905c7e8093c960;2024-01-31;2024-02-28
3094;outfit.98fd2627236f7f19;2020-11-27;2021-01-06
6526;outfit.fea3bb7d8ff54872ad84977465e29da4;2024-01-09;2024-02-08
6163;outfit.41d1dc80e9a746f88f9942cc1723645e;2023-06-01;2023-06-30
4634;outfit.2846db8e50bc49a7a1b5f37be769f364;2023-01-14;2023-02-13
7413;outfit.cc2a4ea6b82044d2804ee26e593fbc00;2020-10-01;2020-10-30
7413;outfit.17996f09f2a84c078a7b0bd718bcddd6;2020-10-01;2020-10-30
7413;outfit.db025960e5494378bd81a48377b0a1bc;2020-10-01;2020-10-30
2649;outfit.fc33a7e64d794702a5d4b0ba40870c69;2023-11-02;2023-12-01
3935;outfit.f557450bb9d14a10951367293b052595;2022-07-28;2022-08-27
6371;outfit.41aa40088a25428985b642adaf4e7d84;2020-12-18;2021-01-06
7026;outfit.56e3cc906a444a569d6b057189a361bf;2021-01-18;2021-02-16
7026;outfit.b9bffddb2fa945e6a3d076ea97f1c5cb;2020-11-16;2021-01-18
7026;outfit.8e0be7c7028e4b8f8a6f69a1f0192d2b;2020-11-16;2020-12-16
7026;outfit.d9c02686a2094291837d95d09384481b;2021-01-18;2021-02-16
5695;outfit.43d5741ca13a453bb378172945b47fc8;2022-08-06;2022-09-05
6177;outfit.5dbcbf03f1ec4ad280e3b90b688f0dc3;2022-05-19;2022-06-18
5914;outfit.1b0e05e23cc047439c31fc35d0c34b55;2022-08-29;2022-09-28
4258;outfit.a0358734a2b24bf6b531d86101378b7d;2023-05-13;2023-06-12
5620;outfit.2f5f6f70329640ac99f0d10f72543e1a;2022-08-31;2022-09-29
5620;outfit.151898f52a9a4e1a9862b376db9195e9;2022-08-31;2022-09-29
5778;outfit.ae3c94e801eb4aebb7c3714ec981521c;2022-03-18;2022-04-17
416;outfit.2121de17fb604c6ea87a3f9b6d0030db;2021-09-06;2021-10-06
416;outfit.0af9759a37b84904b1335e0847fcbb60;2021-09-06;2021-10-06
4981;outfit.9df47f2be7324ffa9fe6cd184656a7ed;2021-08-13;2021-09-13
7135;outfit.89fab8d7d294457fa493f087c68b6bc1;2023-01-01;2023-01-31
2400;outfit.11395b1173644fedbcfc219469f27b84;2022-07-26;2022-08-25
2400;outfit.8c8e4271cb4466db;2022-07-26;2022-08-25
1138;outfit.6a8a9e4b00374d0e953550820b496573;2023-03-17;2023-04-16
4501;outfit.a189dca13d2e4274afe5758a78f49000;2022-05-06;2022-06-05
5490;outfit.a1c7ea9aa83e32c8;2021-10-12;2021-11-11
3265;outfit.bb72f30cdb4246d1bc47ff8b17cf4162;2020-08-10;2020-09-07
3265;outfit.4d4e09b9b0e543a3ba29014099787eb9;2020-08-10;2020-09-25
4887;outfit.78392fa87e224d719c89da109d9e263f;2023-04-19;2023-06-18
4887;outfit.13e5c6482ae340a696f30c156512408b;2023-03-19;2023-04-18
4887;outfit.d7f1bc7197b6469db1b9c4faf4071cb7;2023-03-19;2023-04-18
3094;outfit.9237685700e6542b;2021-04-30;2021-05-19
3505;outfit.202a077f59e24515a34049036c7013ac;2022-05-12;2022-06-11
713;outfit.841fdd28d3f644c0bb8efd874e818027;2023-11-26;2023-12-25
7411;outfit.ac5bdf39908e44dabf5536871716d1c9;2024-04-19;2024-05-18
7411;outfit.30c41f57e4a1445ca8256fd6ccbc8356;2020-08-03;2020-08-31
7411;outfit.fc3f7855aa394fa5945bc8d90b6eee95;2020-07-13;2020-08-03
7411;outfit.8bbdbf9681842027;2020-07-13;2020-08-03
7411;outfit.3c0da42b00f94123aad9c641ff5073ad;2020-07-13;2020-08-03
4558;outfit.e9319dccf9234668a6951834dcaff863;2020-06-12;2020-07-17
4558;outfit.bdc81580030648a48acd9e91046c3d44;2020-06-12;2020-07-17
4558;outfit.0512cb21a4bc4326971af84ccc563495;2020-06-12;2020-07-17
4558;outfit.0777834f7f1a4762a8c1ba09f2f4881d;2020-06-12;2020-07-17
4558;outfit.f102748bf7fe46a2a9a3eb170410b6bb;2020-06-12;2020-07-17
6907;outfit.1b0e05e23cc047439c31fc35d0c34b55;2021-09-01;2021-09-30
3259;outfit.202c5658aee14e4180cd074aa81842a1;2021-11-10;2021-12-10
3259;outfit.e3f24e663eb84a2b9b20cde76be3b04e;2021-11-10;2021-12-10
5330;outfit.2ead65a1ecf54c38a27bebc2bf47b9b1;2022-04-13;2022-05-12
1248;outfit.ae3c94e801eb4aebb7c3714ec981521c;2022-12-12;2023-01-11
4031;outfit.42a71b8c872f470c8350ac507497071e;2021-05-03;2021-05-31
4031;outfit.c9250e31721a4e16842c1c648df90ea0;2021-05-03;2021-05-31
4031;outfit.36462b7293ae423fb6b7180022cfcb58;2021-08-02;2021-08-31
2085;outfit.d363ee8631554dccb9ced5babed2ce6a;2022-09-25;2022-10-24
2085;outfit.d933a0b2120d4102bcfe5f51886dc0e1;2022-09-26;2022-10-25
3320;outfit.55aa098dd93644fe961d0137a79adbea;2024-05-09;2024-06-08
560;outfit.d363ee8631554dccb9ced5babed2ce6a;2023-02-13;2023-03-12
6310;outfit.65880fd633594bf4ab0b833b9c09d29a;2022-07-07;2022-08-06
3051;outfit.769849cd28044a7188d9fce349c06156;2020-09-04;2020-10-02
3051;outfit.54324ee259f749ef9e2cb2e22446a2e6;2020-09-03;2020-10-05
3051;outfit.fb060da6c30143fd9735e8fd364910e0;2020-09-03;2020-10-05
3051;outfit.0fd1ffa75a364aba8427034859879e25;2020-09-04;2020-10-02
3051;outfit.9d3b8dd5711d3657;2020-09-04;2020-10-02
948;outfit.eafae74f4ff24c29862f7dba09874920;2022-03-03;2022-04-02
7411;outfit.d1404a07cbda4bf68dd8d57cb0e32207;2020-12-02;2021-01-06
7411;outfit.342ecd6e76d54f2b8e2cf31ece991f48;2020-12-02;2021-01-06
7411;outfit.e6bbfedb420c40059c5a6515c0f94dfd;2021-05-14;2021-06-15
7411;outfit.d73105249af8497a8400a0f75a825741;2020-12-02;2021-01-06
4834;outfit.e43d27b277bb4ad7aff36a857ce6f766;2021-11-30;2021-12-30
5852;outfit.d14ca830a51d455ca672e1f11d4554d4;2021-09-28;2021-10-22
6013;outfit.3ccefaac1825408c82d9980a3ea5964a;2021-11-15;2021-12-15
5330;outfit.7eb16fe1e199414bbb7f88d71fe7cb56;2022-10-13;2022-11-12
5330;outfit.3b8a8f44f52f4b92b4935f08f4d2b9d7;2022-11-13;2022-12-12
4209;outfit.535d7a56f1a44289b93c6bd46f656d8f;2021-08-18;2021-09-17
4209;outfit.79d8ad807b5a4fbc86d21e759e3c7342;2021-08-18;2021-09-17
948;outfit.b2e035a8cce61dcb;2022-06-03;2022-07-02
948;outfit.b02888637a450867;2022-05-03;2022-06-02
3669;outfit.7cff339e7950448c8485a2b44205adc0;2022-02-24;2022-03-23
6591;outfit.9d9a208f27af4ef5b822e26affe1549a;2024-07-09;2024-08-08
2363;outfit.eb104cb68a534166899c4cce84b0fa55;2022-10-15;2022-11-14
2089;outfit.9b0a47dc97c7ecc8;2021-04-16;2021-05-18
2089;outfit.70b441e6ee444f86a12921f85e5c2002;2021-05-18;2021-06-17
2089;outfit.4c8d6c10b08440fcb06d8893d705124b;2021-05-18;2021-06-17
2089;outfit.e18310c477cb4fa38cd9ba31e9997c4f;2021-06-17;2021-07-19
2675;outfit.17753fa2c9914d659fe5432c2a06f1fa;2023-05-11;2023-06-10
1706;outfit.b49e6f1cc73f48f9a6329311214ee57f;2023-01-18;2023-02-17
5694;outfit.4158a6fc47074d23b6591ae8583673a8;2021-04-09;2021-05-14
5694;outfit.c563800deaac4b8c93de7689b707c71c;2021-08-02;2021-09-01
55;outfit.a33786c65b0f40f78b8c15ac4748d862;2022-06-06;2022-07-05
55;outfit.030be8f1ab0549db86e542e2ad08a5b2;2022-06-06;2022-07-05
55;outfit.56dec64c8c834afaace780273bbde124;2022-06-06;2022-07-05
2085;outfit.ccf6f723db264c30b9e45b89203c4a28;2022-11-26;2022-12-25
2085;outfit.8273c17c394043b8affdf5c04ee019ed;2022-10-26;2022-11-25
2085;outfit.8ed02140f93ffa8c;2022-09-26;2022-10-25
2085;outfit.8de70e2a9b7f463eb44f6a072e14d1a2;2022-12-26;2023-01-25
4774;outfit.55135c282c3849ac8b06f82861870970;2022-03-15;2022-04-14
4774;outfit.55bf4bdcb79e4027987f9b8c7eafe314;2022-03-15;2022-04-14
4774;outfit.9ec98510baa9411d905131e4377e154d;2022-03-15;2022-04-14
1598;outfit.f75f6043c5814e998e72b925ef7a21dd;2023-02-25;2023-03-24
4858;outfit.387c78501d144475a53e61c4043f1d62;2019-10-07;2019-10-12
6129;outfit.a477b4efb5b14d348d9c07782fa1c26f;2022-06-16;2022-07-15
3846;outfit.dea118f1de544188ad16cda6259ba122;2020-12-14;2021-01-07
3062;outfit.ede0d0fd9315467c868825bcb20d2fe6;2022-12-09;2023-01-08
2675;outfit.95cf185dc27fb18b;2022-10-11;2022-11-10
2675;outfit.ede0d0fd9315467c868825bcb20d2fe6;2022-10-11;2022-11-10
4887;outfit.13e5c6482ae340a696f30c156512408b;2023-05-19;2023-06-18
6402;outfit.ad848f726cd93e66;2022-11-20;2022-12-19
6402;outfit.de20bfe0e31a4a33b8f0a25e9d93f97e;2022-11-20;2022-12-19
6402;outfit.11395b1173644fedbcfc219469f27b84;2022-11-20;2022-12-19
6402;outfit.b9c0bbd563524653;2022-11-20;2022-12-19
6402;outfit.8fda8ef6cb62ebcc;2022-11-20;2022-12-19
2799;outfit.fabaa18896e64e6ba835286d7f1d44e3;2024-02-27;2024-03-26
1412;outfit.8ad1c89174094a26bd4cbcfdcad4aecc;2021-07-07;2021-08-06
69;outfit.d3970e5f36ce440fb7ad9d7b74cc7f48;2021-11-01;2021-11-30
69;outfit.7cc6bd8e645a41d2837976a0d09e3ca9;2022-02-01;2022-02-28
69;outfit.2ead65a1ecf54c38a27bebc2bf47b9b1;2022-02-01;2022-02-28
1684;outfit.4b20b3ccd3cd41fe98d0225f47276e2c;2024-05-20;2024-06-19
3094;outfit.4431d4e34e6a4c0fba43aa50395893f7;2022-10-26;2022-11-25
3189;outfit.2fe31ac153bc422c945294c342de95a2;2021-09-21;2021-09-27
1319;outfit.21474001bd3e48a19da3a75c2f3819fa;2022-09-26;2022-10-25
5738;outfit.d8f20c3b2cae42b29b56f2b61cb6e715;2023-02-20;2023-03-19
2649;outfit.ba44c51358c85e35;2024-01-02;2024-02-01
1505;outfit.9ae9443798cb496ba7848d3c3616ab1c;2022-08-13;2022-09-12
5464;outfit.d601b0879a3a43b2ae6ff76706b2510d;2021-07-19;2021-08-02
5464;outfit.53a31f7360074b1cb7eb8b9c6367986d;2021-07-19;2021-08-02
1684;outfit.08b19773414e438eba84e8f55c3508da;2021-06-01;2021-07-06
269;outfit.268878c3e3e24d98bbc6e9770e2eb44c;2021-03-01;2021-03-29
2687;outfit.ee0dfdf3b9a349b591e78712514e2f5b;2023-04-02;2023-06-01
414;outfit.ee94b77c56794feab26ffb22c2b9e2ca;2023-09-23;2023-10-22
6304;outfit.fdc3cdbad50644ad97fc0a903f967e15;2023-12-25;2024-01-24
7270;outfit.2084ead8ec3c42fa83eb74b5e36d330f;2022-12-06;2023-04-05
7270;outfit.3b45aacc673049bdac58580de574f957;2023-03-06;2023-04-05
6310;outfit.02323792c3fc471186d9e7c2debd393b;2021-11-05;2021-12-06
6310;outfit.eafae74f4ff24c29862f7dba09874920;2021-12-06;2022-01-07
6310;outfit.6e67b1da956c4635b7d67622604d2bbb;2022-02-07;2022-03-07
2022;outfit.6ef37d8d2ee744229ed6350d8a94f308;2023-01-22;2023-02-21
2022;outfit.3a4714a8bc0e4d4682f7d592ae0758fd;2023-01-22;2023-02-21
6798;outfit.e0a3899c698544c4bf205f2a6eae496c;2023-08-16;2023-09-15
6011;outfit.9df47f2be7324ffa9fe6cd184656a7ed;2023-07-01;2023-07-31
6011;outfit.3b8ec1aa02f64daebc17177ba35efcd2;2023-07-01;2023-07-31
5760;outfit.4d91614bd70b4799a861fe5ea43db494;2023-05-05;2023-06-04
996;outfit.cb167c53fdca444b9b21df883ca7682d;2022-05-09;2022-06-14
996;outfit.47ffcece5f244f9a9cf888f7f6d16e29;2022-05-09;2022-06-14
5531;outfit.1b3e2ad0256b4c839afe49dcfcd50b40;2021-08-31;2021-09-30
5531;outfit.32684b5443394c4a91606c9aab8d3cdb;2021-08-31;2021-09-30
6601;outfit.dd5c21e0c1ee4428b7019e5740e3e8aa;2023-12-05;2024-01-04
4409;outfit.60c345cbd0924fe7800ac38922a74cb1;2024-04-05;2024-05-04
6036;outfit.4238aa017620494dbe0724f9b8f8f702;2022-09-25;2022-10-24
4810;outfit.7d48fb77be2340e3be0de8ab4f9a97a3;2022-10-27;2022-11-26
7280;outfit.55e47b50f0dc4852a5784fffafa63488;2023-08-08;2023-09-07
4674;outfit.4cd9a6b549d04973a044716c3448b739;2020-09-09;2020-10-09
4674;outfit.e98a6e485b1941d98e43c0e74cc6885b;2020-09-09;2020-10-09
4674;outfit.8f91b0422939117a;2020-09-09;2020-10-09
4769;outfit.b4e582b38a10f6bf;2020-10-19;2020-11-20
4769;outfit.92101abfe02e418f8bc033846dc6d1c8;2020-10-19;2020-11-20
4769;outfit.adf3063b0cdf501d;2020-10-19;2020-11-20
3320;outfit.5d29c975554e432eacf5e7d49c5342e3;2023-08-09;2023-09-08
69;outfit.bc206d94b57448cda9406458a264710d;2022-08-22;2022-09-21
513;outfit.ce331a7cc22d4aaf82548e873c59e6cd;2022-07-01;2022-07-31
513;outfit.1ff1200dca844ecd8ac042bd3363b7c5;2022-04-01;2022-04-30
7371;outfit.a5650c1bada909fd;2020-09-04;2020-10-05
7371;outfit.abe450dff4d74a5ba0d20c3a5d55e409;2020-09-04;2020-10-05
3821;outfit.e0f170b8b51f4ae4a7e00047b9ea8d79;2021-11-24;2022-01-03
3821;outfit.dbfe1373a2f840979196fe10b912e0c5;2021-11-24;2021-12-06
3821;outfit.9e28084ee8e94a1d8afe4abe643fa8d5;2021-11-24;2022-01-03
1625;outfit.929220a63bf843f99474bc2644fcb53d;2022-04-30;2022-05-30
1625;outfit.9617c0965077556e;2022-04-30;2022-05-30
1625;outfit.97acaefe61dad4d4;2022-08-31;2022-09-29
2170;outfit.853ff9245b124c84bb0973a6065e64de;2023-04-26;2023-05-25
2168;outfit.b80a7f8948aefe75;2022-10-28;2022-11-27
6932;outfit.8540f9229614257a;2022-12-27;2023-01-26
5846;outfit.9ff74f4f2a2f4454a7a629777cff27a6;2023-02-12;2023-03-11
4404;outfit.aef36c5a5f6fd4dc;2022-07-14;2022-08-13
4404;outfit.af7384d7b857af65;2022-07-14;2022-08-13
5100;outfit.91d7bcbd88004c9e939fb7877dc4a1f7;2023-06-17;2023-07-16
5100;outfit.944efade730744e38b3b678dae890f98;2023-06-17;2023-07-16
2040;outfit.df79806b22844eae8e38a61b63ffeee3;2021-07-14;2021-08-16
2040;outfit.2386f5b10f544de1a8f7a53a4b3bb92f;2021-07-14;2021-08-16
2040;outfit.6dea8453a7dd4701830624eeea14bf9b;2021-07-14;2021-08-16
2040;outfit.e5c71f9ecf564fb39b2815a07e3c7fd6;2021-07-14;2021-08-16
1896;outfit.fbda7f830faf4caf9b0a085054f22e54;2021-02-17;2021-03-17
1896;outfit.abd7e59260904f73ba0937d81996a9f2;2021-03-17;2021-04-19
1896;outfit.173befabe7a14130b0e646ca4152150c;2021-03-17;2021-04-19
1896;outfit.866385e680f6475e8b2899e2bc30a1fe;2021-03-17;2021-04-19
1896;outfit.cc2a4ea6b82044d2804ee26e593fbc00;2021-02-17;2021-03-17
1336;outfit.f117abdc31004fb78d287f00122747a5;2023-05-22;2023-06-21
6303;outfit.7cc254ca61fd49189825e315d9507a3d;2024-04-01;2024-04-30
3080;outfit.961a17ab05934b81a815e365bfe692d4;2021-08-23;2021-09-23
3080;outfit.31edccd419de4fc5ae6aeb7eed4327ab;2021-08-23;2021-09-23
3080;outfit.b1ddecd27b94476d833c0ea2c2bb6d3a;2021-08-23;2021-09-23
658;outfit.bc490bc7db204af498825badd2d59285;2019-10-16;2019-11-08
658;outfit.9bd220ce35b14c1b9b9d89dfc2b123c8;2019-10-16;2019-11-08
658;outfit.bd9dca3a7c0d808c;2019-10-16;2019-11-08
5760;outfit.4c41406859e04bc7b29036c62ea1b7df;2023-08-05;2023-09-04
4209;outfit.faba9b9a9f654d6a8cfeb6bbdf840806;2021-09-16;2021-10-15
1881;outfit.155567585a3c417fa6043924c2867d0e;2023-10-26;2023-11-25
3041;outfit.fbc8b0687de1468c9a8517d5568431d9;2021-12-13;2022-01-13
6414;outfit.2901f306ff3a4e7e8288cc48ec400f5f;2022-03-15;2022-04-15
3510;outfit.34bd3ce2dd644974b9e945a8d91d8bca;2024-02-28;2024-03-27
4884;outfit.457190ce39254dbe8508daf06eca2570;2023-12-11;2024-01-10
4884;outfit.ea4cdef4b083408eb9410d077f9c929b;2023-11-11;2023-12-10
1684;outfit.8ed02140f93ffa8c;2022-12-20;2023-01-19
1684;outfit.b80845e98ea3453d;2022-12-20;2023-01-19
6907;outfit.96f7210a2ae0aa93;2021-06-01;2021-06-30
4656;outfit.48dec5565f454acf903fe1ce1f41a39e;2023-05-04;2023-06-03
785;outfit.c258add24a7a4550b115b749ea07524e;2024-01-07;2024-02-06
1083;outfit.996460ba474be5df;2019-10-14;2019-10-30
2831;outfit.5a0e04a9018a4904990fc85f1c8cd1ce;2022-02-27;2022-03-26
4276;outfit.ada6bb8993e7a05e;2023-11-28;2023-12-27
490;outfit.124195196333488e8ba4d195b96ecbdf;2020-07-17;2020-08-14
490;outfit.1a0f1f1c709c467e89f48bca44130450;2020-07-17;2020-08-14
490;outfit.7e99984aa9604071bc49a4f148394fbc;2020-07-17;2020-08-14
2085;outfit.a01f2c0fa05d3f98;2022-10-26;2022-11-25
454;outfit.8022397c5e3d4ab4bc8e421da9236d29;2023-05-03;2023-06-02
2869;outfit.467c000be2f9488a9a84e61bc6a6e3bb;2023-02-06;2023-03-05
2869;outfit.1f8f1544736b40b99c3485150d68342b;2023-02-06;2023-03-05
1969;outfit.88a780cac1d40972;2023-04-03;2023-05-02
1969;outfit.9c101c6da5bfc6e1;2023-04-03;2023-05-02
446;outfit.92bfe824eed24b63bca70a7df494b8d4;2019-11-12;2019-12-02
446;outfit.d8f20c3b2cae42b29b56f2b61cb6e715;2019-11-12;2019-12-02
4834;outfit.26cdd2ae3a854c73a9d207dc298e3367;2021-10-29;2021-11-30
4834;outfit.d40f6349368b4e47b521138ba35d8ebc;2021-10-29;2021-11-30
6737;outfit.43d5741ca13a453bb378172945b47fc8;2022-06-01;2022-06-30
1382;outfit.2ab1a79e73cd419fb4479cea44e12c84;2020-11-26;2020-12-21
4960;outfit.5241f5b777a147bbb786de5bd171be85;2023-09-09;2023-11-08
2918;outfit.d0c6cd30a1f146a8a1ae6f73b34a0103;2023-03-09;2023-04-08
2918;outfit.14727804dc6945f9baabcd76ad96a744;2023-04-09;2023-05-08
2918;outfit.d3f2083ec04f4429bae5660f2a3db238;2023-02-09;2023-03-08
2918;outfit.3f495adddb5143f8a5123973e907b1f2;2023-03-09;2023-04-08
2918;outfit.9acd6a788f014e9b81fb32f2c97f53d8;2023-05-09;2023-06-08
2918;outfit.e837786453834dce89358fa547d891c2;2023-05-09;2023-06-08
1319;outfit.2743a3b3f9cb44348ee6f8beedefa119;2022-08-26;2022-09-25
1319;outfit.8459e55ea3800598;2022-08-26;2022-09-25
5208;outfit.7b28d52de2cb4e4f8b00b14dd8512644;2022-02-10;2022-03-10
313;outfit.6b8d0d5720af4e33af8dff7afe7b0ed3;2023-02-07;2023-03-06
4638;outfit.993dfa12c54fc46f;2021-02-01;2021-03-01
4638;outfit.fa737f8bee584d309426410002edac0e;2021-02-01;2021-03-01
1749;outfit.388d5e71d8ca46a59067b8f07c7a0760;2024-03-10;2024-04-09
4696;outfit.98296ce41570cae0;2021-12-08;2022-01-05
996;outfit.d04fbe1240ef405c867fb813b5aa8779;2022-03-08;2022-04-08
2485;outfit.22c917473fe54dcb9b969d99a35ee10e;2022-10-02;2022-11-01
3562;outfit.efeca2ca71b54ba49ec487475dfae85c;2020-08-24;2020-09-23
3562;outfit.3fb6cd2d1f454b85937d1540dcf212f0;2020-08-24;2020-09-23
3347;outfit.5b56622d721d4a359d14507923450d0f;2020-04-17;2020-05-15
3347;outfit.9b7e2e060c874d3287c4cee69860679a;2020-04-17;2020-05-15
3347;outfit.97acaefe61dad4d4;2020-04-17;2020-05-15
4463;outfit.bfad6e38299544e991b1c5f0d92073f6;2024-02-22;2024-03-21
4463;outfit.80333429732852d4;2024-02-22;2024-03-21
7244;outfit.b8b6253b118140448c36fb7b55fdce90;2023-11-26;2023-12-25
4218;outfit.a7b955473f2248a8a818455cb08c9e79;2024-02-26;2024-03-25
4218;outfit.1eb6accbfe2d4edd8358e67200384784;2024-03-26;2024-04-25
6310;outfit.5a7e3301a60341d0957331a181335cff;2021-11-23;2021-12-21
6310;outfit.2a4decf449b64584804dad1d704f4ef1;2022-02-21;2022-03-10
6310;outfit.0dba9d16e2e54e58ad650f0ecc2b3ea5;2021-12-06;2022-01-07
6310;outfit.e96d2e7204fb4c1ea24fe71b3f967e0c;2022-01-11;2022-03-10
6310;outfit.70bfcd7059a248ba9b8337bad5ce56fa;2021-11-23;2021-12-21
6310;outfit.56e3cc906a444a569d6b057189a361bf;2021-11-30;2021-12-17
6310;outfit.841fdd28d3f644c0bb8efd874e818027;2021-11-05;2021-12-06
2364;outfit.a38b3b3e20364b78bfcf0bb1eadcc0e5;2022-04-11;2022-05-11
4943;outfit.ca45a9e1634c4664a5f9688d3eaf261e;2020-10-20;2020-11-20
3432;outfit.79a40865291e442bb6473767b615d4d9;2022-04-29;2022-05-28
1515;outfit.491310236c1447b58e87a3631f969b02;2022-11-22;2022-12-21
4779;outfit.16f24c4eb69a48f1a34117fc6c0a691f;2021-11-22;2021-12-17
4779;outfit.257570a5166f43fba7f231ab1e0e2d11;2021-08-02;2021-08-30
4779;outfit.8a9a59a3ebbb46a8bea05ebe9599a1c0;2021-08-02;2021-08-30
4779;outfit.43e73eedf7134d04afd27ea87948ce03;2021-08-02;2021-08-30
5459;outfit.22e47ac833dc47889bf2c9bf6baed182;2023-05-25;2023-06-24
2759;outfit.0e35a8a758734c2b98adfc8630b4e029;2022-03-26;2022-04-25
4640;outfit.72a813e5d07b4d99ac1859cc998b415e;2021-06-03;2021-07-02
4640;outfit.a4699b3b33b4d99c;2021-06-03;2021-07-02
2532;outfit.cba1c1971fa145e2a965a51bb678d885;2021-05-27;2021-06-04
4175;outfit.d59aa8f0d8c048c68be664df7ce72bb1;2022-12-14;2023-01-13
1735;outfit.02d71eaf66044b1283932f9e612cfd7b;2022-06-17;2022-07-16
269;outfit.cb5a982c42784a9a834b5f15a47749b8;2021-02-03;2021-03-01
1605;outfit.bfdc262fa6ea40458a3ff1a4353e71f9;2021-10-07;2021-11-08
1605;outfit.03b18817e1894e588c3ae117a47d830c;2021-10-07;2021-11-08
2573;outfit.d720fa6c17bf4c688054cbda17336d6c;2021-01-08;2021-02-05
5531;outfit.359ce2bd2e40491686ce3ebc4a13ead6;2020-12-04;2021-01-06
1497;outfit.d8909288c79b4df6b6547aa381d360f1;2022-03-21;2022-04-21
1497;outfit.cdf556b326334303a52f2df9eb42dd3a;2022-02-21;2022-03-21
2148;outfit.897c161625314c1a993188bc0a5ca063;2022-12-21;2023-01-20
7342;outfit.1ef0bbcac4054678bea5622eec91880a;2023-11-22;2023-12-21
3279;outfit.4158a6fc47074d23b6591ae8583673a8;2021-11-01;2021-12-01
212;outfit.77accd502dd8426bb3b8772f0f33c9b9;2023-01-16;2023-02-15
3192;outfit.df13ea56a17d4fad9fca92caa307b02c;2022-02-16;2022-03-16
872;outfit.ecd27d5311ba4d3d95b9b5c3071ed764;2022-08-17;2022-09-16
3103;outfit.8632cef7c2524f1ea8f213f5398eb754;2021-12-02;2022-01-03
3103;outfit.e17a0df1f70743e590827d7df93bb7f4;2021-11-02;2021-12-02
3103;outfit.f7826f04ea8643d3b68964a5ab27b0a2;2021-09-02;2021-10-04
3103;outfit.1ff1200dca844ecd8ac042bd3363b7c5;2021-09-02;2021-10-04
3103;outfit.2d4ed8658aa045b29663902f1e0ce84a;2021-10-04;2021-11-04
414;outfit.ef5fdc0209e74d39a8a24fcd05cbdce6;2023-12-23;2024-01-22
414;outfit.90913fe41f7b45abb3ec29e857df6352;2023-08-23;2023-09-22
3956;outfit.64096b7f0ef1430d9871e92fc198f693;2023-03-05;2023-04-04
3956;outfit.819fe443b574445a979f4f0571a65677;2023-01-05;2023-02-04
3956;outfit.677e278365724e15b4d109ecefe6483a;2023-03-05;2023-04-04
680;outfit.9e28084ee8e94a1d8afe4abe643fa8d5;2022-06-12;2022-07-11
3769;outfit.ac52d51d1863129e;2022-12-16;2023-01-15
6654;outfit.ea3962c74e6e4b578a4fcee30dfa2aa4;2021-11-05;2021-12-06
6654;outfit.a33786c65b0f40f78b8c15ac4748d862;2021-11-05;2021-12-06
6654;outfit.ef37915fe2f546378750595366833b79;2021-11-05;2021-12-06
4218;outfit.be54589074780d08;2021-05-14;2021-06-14
4218;outfit.fb060da6c30143fd9735e8fd364910e0;2021-05-14;2021-06-14
4218;outfit.ef37915fe2f546378750595366833b79;2021-05-14;2021-06-14
6907;outfit.84b3db8e945423dc;2022-06-06;2022-07-05
560;outfit.5242edab1a064713b3c92f329d51b514;2022-06-22;2022-07-21
6858;outfit.abd2e79be5f941a5aa407cc34ff63105;2023-05-15;2023-06-14
2812;outfit.c71e9a58962a404b9d6c8df867b4b392;2023-11-21;2023-12-20
4603;outfit.5e30d4aec4614fd686224fa12d39faee;2021-12-06;2022-01-06
4603;outfit.2a1a34d38ac64414b5d7878a719984e9;2022-01-17;2022-01-28
4603;outfit.4238aa017620494dbe0724f9b8f8f702;2021-12-07;2021-12-20
4603;outfit.9dc1abebc456d310;2022-01-18;2022-01-28
3230;outfit.9c2285b935d84f3b85e9678007eac190;2021-01-06;2021-02-08
3230;outfit.55aa098dd93644fe961d0137a79adbea;2020-12-07;2021-01-06
3230;outfit.be1cd8f914742de6;2020-10-07;2020-11-09
3230;outfit.a273058ddb56de19;2020-10-07;2020-11-09
3230;outfit.1b3e2ad0256b4c839afe49dcfcd50b40;2021-01-06;2021-02-08
3230;outfit.37886c165da3410ca29761ac81f95bf9;2020-12-07;2021-01-06
3230;outfit.b3c827a7bc271120;2020-10-07;2020-11-09
3230;outfit.b75adc485cbf45ef936114c4337a7a9c;2021-01-06;2021-02-08
3230;outfit.62f1b6fba2104c1296481b7f8bc074dd;2020-10-07;2020-11-09
3230;outfit.5a7e4814596a482f8350a95702a5b83f;2020-12-07;2021-01-06
3230;outfit.0c3cac26eb674e35a4602a369b146592;2020-10-07;2020-11-09
2022;outfit.da552355bfd04649a987a3881b99d09c;2023-03-22;2023-04-21
2400;outfit.4d15ca1915cf4639a9029a016640f7da;2022-08-26;2022-09-25
2869;outfit.a0361d1da07f4cf4929c58bd45782fae;2023-08-06;2023-09-05
7225;outfit.fc33a7e64d794702a5d4b0ba40870c69;2022-04-26;2022-05-25
7225;outfit.229cc0c550f54fb3b3b937bab2abda35;2022-04-26;2022-05-25
3267;outfit.c71e9a58962a404b9d6c8df867b4b392;2022-11-27;2022-12-26
3267;outfit.94487eff13dc2b77;2022-11-27;2022-12-26
2205;outfit.682cad04f9644aa692e0326d850b670d;2023-03-01;2023-03-31
6907;outfit.57d3d071648f425f900f33b203e013c8;2024-06-06;2024-07-05
2383;outfit.09a274c103524f30bd8e3fcc3cbab7c1;2022-05-06;2022-06-09
1705;outfit.82303d2b1b524d6795661a1f5426a134;2023-05-06;2023-06-05
6988;outfit.b1adfc4204c602e5;2023-08-19;2023-09-18
1107;outfit.f4760ce163664a1e85ac621e41eda2f5;2021-12-01;2022-01-03
1382;outfit.4c8d6c10b08440fcb06d8893d705124b;2021-09-20;2021-10-05
7409;outfit.a1bd30435ab14461af069cf262f1e1eb;2023-11-04;2023-12-03
5694;outfit.fdc3cdbad50644ad97fc0a903f967e15;2021-02-04;2021-03-11
1019;outfit.22b16afebcf749d08ab2a83d88406516;2023-06-02;2023-07-01
1019;outfit.820179fa25670e17;2023-06-02;2023-07-01
4603;outfit.bdeec1ffb345de6c;2021-11-09;2021-12-06
1382;outfit.33aa579f63424034b5c78e1c12985d06;2022-09-15;2022-10-14
3103;outfit.29e6b2a21c5946d3a22772aa398a8361;2020-10-02;2020-11-02
4168;outfit.3b756132543a45d4a94b9bebb0aaebfb;2021-03-25;2021-04-26
4168;outfit.b7c427687b980da9;2021-01-25;2021-02-25
4168;outfit.34bd3ce2dd644974b9e945a8d91d8bca;2021-01-25;2021-02-25
4168;outfit.eb104cb68a534166899c4cce84b0fa55;2021-02-25;2021-03-25
6787;outfit.053819ce75c94bf5a0686ee4d43da4c7;2021-09-01;2021-09-09
6787;outfit.c9ba76ae33c44aa5a06b23a4e4229fb1;2021-09-01;2021-09-09
6787;outfit.b02888637a450867;2021-09-01;2021-09-09
6787;outfit.95a9732c69cb1e4c;2021-09-01;2021-09-09
6787;outfit.e18310c477cb4fa38cd9ba31e9997c4f;2021-09-01;2021-09-09
1716;outfit.7df2526a1c3c4b10b3017e7935c30629;2021-07-02;2021-08-02
1716;outfit.853a99845bbe4b4884e0a6a1c289bd05;2021-07-02;2021-08-02
5367;outfit.83126fbdb1962feb;2023-11-30;2023-12-29
4998;outfit.b33b5cbbea204ab79a1060c3a17546b3;2023-02-20;2023-03-19
4998;outfit.ef5fdc0209e74d39a8a24fcd05cbdce6;2023-02-20;2023-03-19
4998;outfit.2055788ae1cb401bb3e88f887d5bd028;2023-02-20;2023-03-19
5303;outfit.93d7a4479c7f446b80995278ada5874b;2024-04-17;2024-05-16
4817;outfit.202c5658aee14e4180cd074aa81842a1;2020-11-02;2020-11-30
4817;outfit.13b4586fba46462abebff1b7b145e499;2020-11-02;2020-11-30
4817;outfit.9130f7887cff4c05bda706822ac3806b;2020-11-02;2020-11-30
1481;outfit.9d3b8dd5711d3657;2021-12-17;2022-01-20
1481;outfit.b5db150f4740b356;2021-12-17;2022-01-20
3562;outfit.944185e8eec8066a;2020-09-23;2020-09-25
3562;outfit.f45e25a44bdd429991e9186db7fa64e5;2020-09-23;2020-09-25
3562;outfit.9faa5a6b345a4ee791996380c91d4eac;2020-09-23;2020-09-25
4772;outfit.33775c3acbcf408aadc5a2436d0750ec;2023-02-14;2023-03-13
4772;outfit.138c6d460dc14dd4a223e9f2a484ad6d;2023-02-14;2023-03-13
4772;outfit.0fdacd78ea72476d9688afaa61fc5c42;2022-11-14;2022-12-13
3924;outfit.af0ed14f93f042fa8c43dc0ff2da97e6;2021-08-30;2021-09-30
3924;outfit.ce0b5207f51545bfbb1ec5cc1b01a8b7;2021-08-30;2021-09-30
6046;outfit.15d79dfee61f4e1a840f3fa2368563de;2020-08-03;2020-09-04
6046;outfit.02cbb0ff0c1348ce9fb9906805fb9049;2020-08-03;2020-09-04
6046;outfit.118f15046d0b45d48929bb91df474761;2020-08-03;2020-09-04
6046;outfit.5112f70e9eeb4eeaa914446e421cdfb3;2020-09-04;2020-10-05
1390;outfit.a020ae6b34e6e0a8;2021-12-01;2022-01-03
1390;outfit.32b52e42d8e844199bf05c4739bedf16;2021-12-01;2022-01-03
1382;outfit.ef9f4ad754194793ab95e6c30f5606ae;2021-02-26;2021-03-26
1382;outfit.7ae84d76f8634068b358e5f723942fa0;2021-01-26;2021-02-26
1382;outfit.ade5433e25b54fbbb66a54f8fe113132;2021-02-26;2021-03-26
1382;outfit.a9f2bcb6885fe60a;2021-03-26;2021-04-12
1382;outfit.defda56477d1496dacd7a61e447be9c4;2020-12-21;2021-01-26
1382;outfit.aec255abd8714065996db11cc150f061;2021-03-26;2021-04-12
3649;outfit.b5efe9b9e6104f0796fe1adc5650e75d;2020-06-17;2020-07-20
3649;outfit.4eee4da4300c4ba384571bbf0890e482;2020-06-17;2020-07-20
3649;outfit.0fdacd78ea72476d9688afaa61fc5c42;2020-06-17;2020-07-20
414;outfit.95cf185dc27fb18b;2023-07-23;2023-08-22
2248;outfit.6626fef47af741b4b78767f044751453;2023-06-23;2023-07-22
7060;outfit.e22f9123cb4e4c1081a4b831ff586b32;2021-06-28;2021-08-05
7060;outfit.e2811dee68144484a423a3ef017258d3;2021-06-28;2021-08-05
7060;outfit.4becdc0147e84943bd4676bd65b579e1;2021-06-28;2021-08-05
2508;outfit.b9bffddb2fa945e6a3d076ea97f1c5cb;2022-01-03;2022-01-28
5891;outfit.46796cfb57174c9cb04ef0489123a073;2021-08-03;2021-08-31
996;outfit.a824c0030f59545a;2022-02-08;2022-03-03
2271;outfit.4559b1568f5e436a85bf9c65ae525888;2020-10-14;2020-11-16
2271;outfit.1a0f1f1c709c467e89f48bca44130450;2020-11-16;2021-01-14
2271;outfit.6f809ac4449f4502a6eee8832eabcb60;2020-12-14;2021-01-14
2271;outfit.95075e1ddb3d49a9a3fc51653c1e0421;2020-09-14;2020-10-14
2271;outfit.a499a6d7e2dd41c48075234f5713c3d4;2020-09-14;2020-11-16
3740;outfit.31879aacd520402abb57929e7b7573f1;2020-11-02;2020-11-30
3740;outfit.29a4e469a1354981b601de67474f6d66;2020-11-02;2020-11-30
2714;outfit.5494f9123a164880a3ed401be7abcd8b;2021-10-27;2021-11-29
6129;outfit.f60a93dd961d4856a6d40e366ef90717;2022-06-16;2022-07-15
4674;outfit.3230795e6aed435ab96c8fcf5e56fd08;2023-02-26;2023-03-25
3227;outfit.9b0a47dc97c7ecc8;2023-10-26;2023-11-25
4674;outfit.d24b8b64d37f4ea29ccc8aeb0c1bbb2f;2022-11-26;2022-12-25
3094;outfit.a8083cd1fd8b4da982f6f8b6364d96a6;2023-01-26;2023-02-25
6601;outfit.e3beae7266754b369fb289ece8c757ba;2024-05-05;2024-06-04
4519;outfit.8e330b28328c4558a9523168b34d4d86;2021-07-14;2021-08-13
4519;outfit.e3beae7266754b369fb289ece8c757ba;2021-07-14;2021-08-13
4519;outfit.fc774521956e43c1b7b989272f5dca23;2021-06-14;2021-07-14
4519;outfit.02885ab411b942b8b450097054217ebf;2021-07-14;2021-08-13
4519;outfit.abe970f711444589b6ce9e81bf35615d;2021-06-14;2021-07-14
1354;outfit.11395b1173644fedbcfc219469f27b84;2023-08-06;2023-09-05
2762;outfit.b133d563a5d54747ac3e2255486154f5;2021-01-11;2021-02-18
4834;outfit.40f5c15e6ca0486293b24bdf66d40393;2022-12-25;2023-01-24
4409;outfit.a5bbbf5301db4e5b8b1e2532cfd23a24;2024-05-05;2024-06-04
2762;outfit.83f21a4b1d7c7acb;2021-04-19;2021-05-18
278;outfit.b6f7358d6feb42ceaec950e6b66f4a34;2024-01-18;2024-02-17
139;outfit.cdca688f6a2b48c598ce6c5459088301;2022-08-16;2022-09-15
139;outfit.b1adfc4204c602e5;2022-10-16;2022-11-15
139;outfit.a824c0030f59545a;2022-11-16;2022-12-15
2649;outfit.d6706746bcd74c05883df24d4b775e0e;2023-12-02;2024-01-01
1232;outfit.a95a05ea858446c38ffd5535ab65a392;2023-09-30;2023-10-29
6907;outfit.81e52ba208d55e4d;2024-03-06;2024-04-05
6907;outfit.92f2e542b76f7d6d;2024-03-06;2024-04-05
568;outfit.bf8385f15d6d468880c5e654f7599cf1;2021-05-14;2021-06-14
568;outfit.64524dbb801942fb9b9b0b5853183177;2021-05-14;2021-06-14
568;outfit.abf8682bf7784e73af89ebfd6d542df0;2021-05-14;2021-06-14
568;outfit.f75f6043c5814e998e72b925ef7a21dd;2021-05-14;2021-06-14
3727;outfit.df04bf46dbd54868a63d2db542a5fa3d;2023-03-14;2023-04-13
5464;outfit.89954cb83fe420c2;2021-10-01;2021-10-29
5464;outfit.8f4c967492cd42a6a0afec84b3500e93;2021-12-01;2021-12-22
6907;outfit.106726e45449496989051f9f0ff73af0;2021-12-01;2021-12-31
6907;outfit.4d91614bd70b4799a861fe5ea43db494;2021-11-01;2021-11-30
6907;outfit.b80a7f8948aefe75;2021-12-01;2021-12-31
3123;outfit.771bbd515cd448c19ac2778c729e8e8a;2022-04-01;2022-04-29
3123;outfit.841fdd28d3f644c0bb8efd874e818027;2022-03-01;2022-03-31
3123;outfit.40d4710206044ca5924846d3ebd83d04;2022-03-01;2022-03-31
3123;outfit.97ec221c84bcfbe3;2022-04-05;2022-04-29
3123;outfit.915d00f05ea74ed9872f00dbf6367ac4;2022-04-01;2022-04-29
3312;outfit.176a117b3644491bb4ad187c4c5a0067;2021-07-08;2021-08-09
3312;outfit.d6706746bcd74c05883df24d4b775e0e;2021-07-08;2021-08-09
3312;outfit.c0dd5faf2a294aa09fd7a39dc7a313bd;2021-07-08;2021-08-09
3312;outfit.6626fef47af741b4b78767f044751453;2021-07-08;2021-08-09
3312;outfit.e96d2e7204fb4c1ea24fe71b3f967e0c;2021-07-08;2021-08-09
1019;outfit.833277128aa04f21add3747d919b55ef;2023-08-02;2023-09-01
313;outfit.0777834f7f1a4762a8c1ba09f2f4881d;2023-05-07;2023-06-06
6360;outfit.bbd662557126462f84e4912812fc1be0;2021-09-21;2021-10-21
785;outfit.56dec64c8c834afaace780273bbde124;2022-11-07;2022-12-06
3094;outfit.900dd323358401b1;2020-06-12;2020-07-17
3094;outfit.43d5741ca13a453bb378172945b47fc8;2020-06-12;2020-07-17
3094;outfit.90a6743a8ffb95ab;2020-06-12;2020-07-17
3094;outfit.992bf5adcd39d953;2020-06-12;2020-07-17
1626;outfit.155567585a3c417fa6043924c2867d0e;2022-01-17;2022-02-15
4137;outfit.4c96620b5f444f05adcd28bcfd3861d5;2021-08-17;2021-09-17
2949;outfit.760587419305432581b1c2dd2d29e27f;2022-01-18;2022-01-26
272;outfit.1233866861b14f0bb1e9116e90d9a492;2023-11-15;2023-12-14
3608;outfit.3f495adddb5143f8a5123973e907b1f2;2020-09-01;2020-10-01
3608;outfit.99449d4e1681465fa507c7e091ada568;2020-09-01;2020-09-30
3608;outfit.93da3bfb33311ddf;2020-09-01;2020-09-30
3103;outfit.5c582cd4de764f77bd15e4a4abb070b4;2021-09-02;2021-10-04
3103;outfit.908c317a79634a2f9f14d86283135c0b;2021-09-02;2021-10-04
86;outfit.31661e90877148d9bbe3846f087063f7;2021-12-20;2022-01-20
86;outfit.81e7d3487b0e4c3b80aa064790d9992a;2021-12-20;2022-01-20
86;outfit.3261057a0eba46f687d41af05ddee170;2021-11-22;2021-12-20
2812;outfit.eb687dffeab64aee8d3ab9da47d77d12;2024-05-21;2024-06-20
2714;outfit.b4e582b38a10f6bf;2022-05-19;2022-06-18
2264;outfit.76182a281e89442eb859adbeed75c451;2023-10-06;2023-11-05
1792;outfit.aeb4096f234e6c40;2021-08-27;2021-09-27
746;outfit.e172da755f4248f4af3241dd47efae12;2019-11-25;2019-11-27
3094;outfit.efbeb50344e54028b243698b3dd1b700;2020-10-30;2020-11-30
6907;outfit.abcb318cd2f62d3b;2022-06-06;2022-07-05
1586;outfit.a0358734a2b24bf6b531d86101378b7d;2022-08-16;2022-09-15
675;outfit.74013b892b4a4f75979af28137c31558;2021-10-28;2021-11-29
932;outfit.ccf811c5b8f847758b9d79c74514890f;2022-05-31;2022-06-29
7376;outfit.22d9e65ad5d54d439ce97df814e1dfbc;2021-03-16;2021-04-19
6781;outfit.55f87279b6a34e24b72a4febad468001;2022-07-19;2022-08-18
3924;outfit.3a08f6654ee4454bb0b5ba8dbbf765b0;2023-01-30;2023-02-27
3577;outfit.65d319260c9e49369ee53b603caa89f0;2022-06-16;2022-07-15
3577;outfit.9c19cb240c0c06d1;2022-06-16;2022-07-15
713;outfit.4c8d6c10b08440fcb06d8893d705124b;2023-12-26;2024-01-25
1706;outfit.84b3db8e945423dc;2022-02-18;2022-03-17
1706;outfit.dad7a49a6dd54b0797b841af3ffaad7f;2022-02-18;2022-03-17
5367;outfit.12ca1b6aaefb46af8208fe008f3eb4e3;2023-12-30;2024-01-29
3227;outfit.b45f71cef3bf96b3;2021-12-27;2022-01-24
2052;outfit.a4699b3b33b4d99c;2022-01-04;2022-01-25
2052;outfit.b45f71cef3bf96b3;2021-12-14;2022-01-04
3147;outfit.9ebd102e2b3b4b7484f86af242efad85;2022-12-07;2023-01-06
3147;outfit.bdd5835c2df56005;2022-10-07;2022-11-06
3147;outfit.4c4d89bf0fcb4b32a9015ce1a7bade19;2022-10-07;2022-11-06
7366;outfit.c663f1c85a344f039eacb889398b6b91;2022-05-25;2022-06-24
3094;outfit.2a4ac5ffa2a44630a5295e135713963f;2021-03-01;2021-03-31
1684;outfit.97d97dbf860e43f8b123511d01711aaa;2021-11-22;2022-01-06
4175;outfit.127cbdac62d948a1827499f13034becf;2021-12-10;2022-01-10
4258;outfit.83b1e08b46bf0031;2022-04-13;2022-05-12
4608;outfit.006b61bc5e404f37a41b85e6ae915723;2021-05-07;2021-06-07
4960;outfit.20ae7885d88441348ab7a255bcc2173e;2021-09-10;2021-10-08
4853;outfit.b45f71cef3bf96b3;2021-06-01;2021-07-01
4452;outfit.3ae8377476ab4594b00bd3a7790e9549;2020-08-10;2020-09-07
4452;outfit.62f7c8d4fde443459940c727ef8176a5;2020-08-10;2020-09-07
2364;outfit.f1e688d410884ee0940d861fb2f620ac;2024-02-07;2024-03-06
3227;outfit.b42337853cae4f66a2e7640b6845d2e5;2022-07-26;2022-08-25
7041;outfit.2fe31ac153bc422c945294c342de95a2;2022-01-07;2022-02-07
7041;outfit.2392f0645935482bb171c7fd35384587;2022-02-07;2022-03-07
1348;outfit.a95a05ea858446c38ffd5535ab65a392;2022-04-25;2022-05-24
1348;outfit.4a4c3e2895e2437b8cda83c27064abba;2022-04-25;2022-05-24
1348;outfit.f4a5306ea45d4ab9b40340f016bab653;2022-04-25;2022-05-24
6907;outfit.2ab1a79e73cd419fb4479cea44e12c84;2021-02-01;2021-03-01
6583;outfit.1b9ab78223b843e08e1daeb660783adf;2022-06-23;2022-08-22
6583;outfit.f5fb40c43d174f799509d01145b1ed1f;2022-06-23;2022-08-22
4276;outfit.9617c0965077556e;2024-03-28;2024-04-27
5778;outfit.b9e21535cf624b6eac04d3a9708f213b;2022-09-18;2022-10-17
5531;outfit.f102748bf7fe46a2a9a3eb170410b6bb;2021-04-02;2021-04-30
5531;outfit.98aa99e47dee4f019d8b2620a9745f98;2021-04-02;2021-04-30
4638;outfit.a33786c65b0f40f78b8c15ac4748d862;2022-11-12;2022-12-11
4638;outfit.a5650c1bada909fd;2022-10-12;2022-11-11
640;outfit.a647aca5ce17d71e;2022-12-07;2023-01-06
1336;outfit.c8899e358d4846b5b5973cc0f9342aed;2023-04-22;2023-05-21
6907;outfit.5235ff1f43e94601b30e4f25d6abcb39;2020-09-01;2020-10-01
6907;outfit.f32718341e9443d8a36121a8913ff304;2020-09-01;2020-10-01
6907;outfit.5b56622d721d4a359d14507923450d0f;2020-09-01;2020-10-01
4218;outfit.60dced53fd414aec99d569404f19c4ee;2021-04-15;2021-05-14
4218;outfit.292fc161ab8a48d59af997f56cce1cb4;2021-04-15;2021-05-14
490;outfit.7c43cbb261ed4a91a0931c7583f32871;2023-02-12;2023-03-11
1586;outfit.3f93a64eb5c5449096f841fe5fdc2b8a;2023-04-16;2023-05-15
4481;outfit.76182a281e89442eb859adbeed75c451;2023-06-18;2023-08-17
4481;outfit.648704eeb8f143c2ac81079d01853223;2023-06-18;2023-07-17
1784;outfit.adf3063b0cdf501d;2022-10-18;2022-11-17
1784;outfit.1704515347d34164b1de0aa1300d063a;2022-06-18;2022-07-17
5734;outfit.0fd1ffa75a364aba8427034859879e25;2021-12-10;2022-02-10
5734;outfit.2aad4629b66d435c8da4594d7a3f7eec;2021-12-08;2021-12-13
5734;outfit.9fde090f117fb9d9;2021-10-08;2021-11-08
5734;outfit.32722b47b465460e91c775e73609e78b;2021-11-23;2021-12-13
5734;outfit.92db973be0926d3f;2021-10-08;2021-11-08
5734;outfit.6db79c15132b4860a7e3a34cbf5c44c2;2021-12-10;2022-02-10
6583;outfit.2a4decf449b64584804dad1d704f4ef1;2022-04-23;2022-05-22
4834;outfit.a6eb0912d6a74509a16c4ff327a439c7;2022-07-25;2022-08-24
7411;outfit.1072872925cb416299b831528deb0b33;2023-10-19;2023-11-18
2617;outfit.eb630f8015044d9eafee621c3996c8a0;2020-10-23;2020-11-23
6372;outfit.82ec1db640c48b3f;2023-02-28;2023-03-27
2364;outfit.b2e035a8cce61dcb;2021-04-08;2021-05-07
2364;outfit.9373e29ec69b488d9cbb22abfaed3b0d;2021-04-08;2021-05-07
2364;outfit.1cac5f6638f140a3bcd41d5c1cf4bdc5;2021-04-08;2021-05-07
1553;outfit.34c4b585b0854a158c2b7e53478e3c00;2021-07-19;2021-08-13
2363;outfit.9e28084ee8e94a1d8afe4abe643fa8d5;2022-08-15;2022-09-14
731;outfit.6e67b1da956c4635b7d67622604d2bbb;2021-03-04;2021-04-05
6907;outfit.8022397c5e3d4ab4bc8e421da9236d29;2021-12-01;2021-12-31
6526;outfit.34fb4047b75346ba9ced8912198506ff;2022-12-09;2023-01-08
1998;outfit.00fa8d1fd5804fe78ac284c2e0c28b4e;2021-09-24;2021-10-25
1684;outfit.7cc6bd8e645a41d2837976a0d09e3ca9;2022-10-20;2022-11-19
1684;outfit.4b20b3ccd3cd41fe98d0225f47276e2c;2022-11-20;2022-12-19
1684;outfit.8022397c5e3d4ab4bc8e421da9236d29;2022-11-20;2022-12-19
1735;outfit.b904e3fe74844f418cea3fce0928a5d4;2021-06-10;2021-06-14
6604;outfit.388d5e71d8ca46a59067b8f07c7a0760;2020-08-24;2020-09-24
6604;outfit.2a307327642c41fda6f4f1b9d8a8080a;2020-10-23;2020-11-23
6604;outfit.095de7562bbf447f8dc83ec1a0e8edb4;2020-08-24;2020-09-24
847;outfit.524627d9e5544cb8ab8c738c64a440c4;2023-06-03;2023-07-02
847;outfit.30a3ca6bb1c44394be44eff0548ed968;2023-06-03;2023-07-02
847;outfit.f5fb40c43d174f799509d01145b1ed1f;2023-06-03;2023-07-02
3267;outfit.1e1ade9c992d4eb8b7f11cd398a928c7;2021-05-20;2021-06-21
3267;outfit.286ed5dbbdfc48caafe68d5122b21c8f;2021-05-20;2021-06-21
3267;outfit.a1c7ea9aa83e32c8;2021-05-20;2021-06-21
6129;outfit.b5812826d5eb41f39aa282e64b91ebb6;2021-07-09;2021-08-06
6129;outfit.380abb0818d3434bab724eeef1f4de2a;2021-07-09;2021-08-06
6129;outfit.b37b7ee0ee994bdaa199cba1c831b31d;2021-07-09;2021-08-06
6129;outfit.60a1072927ca4f13ae03d6f876c42cb3;2021-07-09;2021-08-06
3267;outfit.3e2f71bc50a94158b8a7280408951627;2024-03-27;2024-04-26
7060;outfit.fc33a7e64d794702a5d4b0ba40870c69;2021-09-30;2021-10-29
7060;outfit.ceb25ee97e894d46869ca3eb799d48e0;2021-09-30;2021-10-29
7411;outfit.bc490bc7db204af498825badd2d59285;2020-08-31;2020-10-30
7411;outfit.2684b038d1e64fa1814b56b51b834047;2020-11-30;2021-01-04
7411;outfit.43e73eedf7134d04afd27ea87948ce03;2020-08-31;2020-09-30
7411;outfit.ecd20396b6454329b80dd3a7f3d5c0c4;2020-08-03;2020-08-31
2168;outfit.9bf55c30dee14573ac0d46c03fce3a0e;2023-04-28;2023-05-27
6163;outfit.181629c720b548f4a77a22851f1fbbce;2023-05-01;2023-05-31
7041;outfit.514093f168604338b66059bf9e4e900c;2021-11-22;2021-12-22
1559;outfit.071f256faafb419a9d235186bcf44c81;2023-07-28;2023-08-27
1248;outfit.9b8cb306a9fd4315bbda3cd2b056e36a;2021-02-09;2021-03-08
1128;outfit.374273ffb79943b7be144ceb14529592;2021-12-21;2021-12-30
3147;outfit.bc5aa99812bd420fae43972060ba092e;2022-07-07;2022-08-06
2052;outfit.9e5db8a02f39402aaa9ee148d10ce073;2022-05-27;2022-06-26
7100;outfit.d04fbe1240ef405c867fb813b5aa8779;2022-09-17;2022-10-16
3094;outfit.05ea7abce4864a959f73627ba67cdb93;2021-12-09;2022-01-06
5914;outfit.a9e47a4cd09329dc;2022-04-29;2022-05-28
4981;outfit.8c4d4f54e42a4ca391913811b6d17ab0;2021-10-13;2021-11-12
675;outfit.206df08f735c415bbcaca8d70e762971;2023-11-02;2024-01-01
1138;outfit.e43d27b277bb4ad7aff36a857ce6f766;2023-11-17;2023-12-16
4656;outfit.d9c02686a2094291837d95d09384481b;2023-04-04;2023-05-03
4656;outfit.9b7e2e060c874d3287c4cee69860679a;2023-04-04;2023-05-03
4674;outfit.229cc0c550f54fb3b3b937bab2abda35;2022-10-26;2022-11-25
4960;outfit.8f3fe842c52af420;2021-12-08;2022-01-07
2087;outfit.893fa92eb13185cf;2021-12-10;2022-01-10
1928;outfit.240ac09f29724bc58045e16a2721cb8f;2022-07-19;2022-08-18
1928;outfit.d60c7801271e488d88f0f13a0b28e6b6;2022-07-19;2022-08-18
1928;outfit.df79806b22844eae8e38a61b63ffeee3;2022-07-19;2022-08-01
7244;outfit.bbd662557126462f84e4912812fc1be0;2021-11-19;2021-12-10
5118;outfit.0d1682558d8e43fa830ad2846c3e9f46;2020-10-21;2020-11-20
5118;outfit.abe450dff4d74a5ba0d20c3a5d55e409;2020-10-21;2020-11-20
5118;outfit.4c8d6c10b08440fcb06d8893d705124b;2020-10-21;2020-11-20
7041;outfit.462ca91031c54d7593a2e3d1da41aba9;2022-01-07;2022-02-07
2465;outfit.e6bbfedb420c40059c5a6515c0f94dfd;2022-07-19;2022-08-18
5950;outfit.0d0727d0c03f453495eaa85dc17d382d;2022-06-16;2022-08-15
5950;outfit.202a077f59e24515a34049036c7013ac;2022-06-16;2022-07-15
5950;outfit.980eb1c72e1e71f6;2022-06-16;2022-08-15
4725;outfit.ae3c94e801eb4aebb7c3714ec981521c;2023-11-28;2023-12-27
1626;outfit.1b47c924e1684b9c94c76fa971ec8115;2023-09-16;2023-10-15
4404;outfit.c5f49a672e194b7baa081a2776a0d374;2023-03-14;2023-04-13
4404;outfit.c9ba76ae33c44aa5a06b23a4e4229fb1;2023-03-14;2023-04-13
1654;outfit.bbd662557126462f84e4912812fc1be0;2023-02-01;2023-02-28
1368;outfit.a647aca5ce17d71e;2021-10-01;2021-10-15
3320;outfit.8609dd7995e147efbdf631d515d34bed;2023-09-09;2023-10-08
2687;outfit.a6c2cc1cde584657b1748339cee96a5a;2022-04-02;2022-05-01
7411;outfit.767ecbf6b9bb4969ad78de1a78dbf039;2022-01-14;2022-02-15
4853;outfit.b1bce95db2fd4e28befe26b0a6985c73;2022-03-01;2022-04-01
4452;outfit.a4699b3b33b4d99c;2020-09-10;2020-10-23
4452;outfit.2204df2016c84afd873a1d7e09f6ec75;2020-08-10;2020-09-07
4452;outfit.bdc81580030648a48acd9e91046c3d44;2020-08-10;2020-09-10
454;outfit.9bf55c30dee14573ac0d46c03fce3a0e;2021-11-01;2021-11-30
454;outfit.7e42814501954a3ca6c89f717ff2bfd7;2021-11-01;2021-11-30
3123;outfit.202a077f59e24515a34049036c7013ac;2022-08-18;2022-09-17
3123;outfit.9e20be28268142a1a6a917fe7ae1b237;2022-08-18;2022-09-17
1248;outfit.bf74b8813bc14a0a9ef9ad2f2234ff20;2022-10-12;2022-11-11
4779;outfit.92101abfe02e418f8bc033846dc6d1c8;2021-06-30;2021-07-28
4779;outfit.f398680c9638415dbe02347d447dd922;2021-06-30;2021-07-28
4779;outfit.f14e9c44441c4a5ca2e109af309be3ce;2021-06-30;2021-07-28
1586;outfit.35331fbfbbe04b9ca3dfc1535cf148fc;2022-10-16;2022-11-15
892;outfit.93d11b40e1db46198d34109e7d0ebfe9;2021-12-17;2022-01-17
4656;outfit.b4e582b38a10f6bf;2023-09-04;2023-10-03
361;outfit.3f51dbc828b74034899009dd1a0177b5;2022-05-23;2022-06-22
361;outfit.b07210826e040498;2022-04-23;2022-05-22
361;outfit.1a05c2e6ba8c4de28923f683bef9c1ae;2022-05-23;2022-06-22
454;outfit.9d9aa8d609db476783be7553a9bb706f;2023-12-03;2024-01-02
454;outfit.7f0e983a1e8f464a8761e005e931fc48;2023-12-03;2024-01-02
454;outfit.20ae7885d88441348ab7a255bcc2173e;2023-12-03;2024-01-02
1497;outfit.4a42bebcc6534e8697fd6f7656839c29;2021-11-22;2021-12-17
4746;outfit.84f134b06fbed5a0;2022-01-14;2022-02-11
4746;outfit.99d3c1ea30367e62;2022-01-14;2022-02-11
2089;outfit.d92a7bb56d3149b8983caa966d7868fa;2021-03-11;2021-03-15
2089;outfit.2fac9258e5a64ac9a7658f54bd2056a8;2021-07-19;2021-08-17
2089;outfit.6d2a1e8d44094fd68c03239e1678bd44;2021-05-18;2021-06-17
2089;outfit.16f24c4eb69a48f1a34117fc6c0a691f;2021-07-19;2021-08-17
2089;outfit.60a1072927ca4f13ae03d6f876c42cb3;2021-06-17;2021-07-19
2089;outfit.b45f71cef3bf96b3;2021-08-17;2021-09-17
2089;outfit.2901f306ff3a4e7e8288cc48ec400f5f;2021-06-17;2021-07-19
2089;outfit.6f809ac4449f4502a6eee8832eabcb60;2021-08-17;2021-09-17
2089;outfit.beb7edd11cd741538175c927a81cbf89;2021-04-16;2021-05-18
2089;outfit.061edd6d908049c5856935a0372ddc64;2021-03-17;2021-04-16
2089;outfit.47ffcece5f244f9a9cf888f7f6d16e29;2021-03-11;2021-03-15
4194;outfit.3f495adddb5143f8a5123973e907b1f2;2022-12-04;2023-01-03
204;outfit.44264bb27f644691a9e3b5d774881800;2023-01-22;2023-02-21
6429;outfit.e5c71f9ecf564fb39b2815a07e3c7fd6;2023-06-16;2023-08-15
7411;outfit.2d059d6a6a3c4f02abe8e2f5cd7dea69;2022-06-19;2022-07-18
1792;outfit.dc7abe1bb20f423a8356cb4d089c56ff;2021-03-22;2021-04-30
1792;outfit.55e47b50f0dc4852a5784fffafa63488;2021-03-22;2021-04-30
6583;outfit.b9bffddb2fa945e6a3d076ea97f1c5cb;2022-03-23;2022-04-22
6287;outfit.ccf6f723db264c30b9e45b89203c4a28;2019-11-13;2019-11-29
6287;outfit.0a3e76e31d4e4cb9b1033fc93787943e;2019-11-07;2019-11-29
2465;outfit.e2ac14f5ba454e0eaf3e7c0f926c65ee;2023-03-19;2023-04-18
6907;outfit.a3546e9a63f72521;2022-10-06;2022-11-05
1706;outfit.aa76777d3b9d4073a342e2093e4ea1e2;2021-11-01;2021-11-30
7185;outfit.f4b3b0445dbd4466b2f5cc17cb14ae2f;2020-09-16;2020-10-16
7185;outfit.bb925d82b43cfc38;2020-09-16;2020-10-16
7185;outfit.34b2a2a9779a47f0a1aff663fe8d1c86;2020-09-16;2020-10-16
454;outfit.7d273c5424a34a9cb3217beeed7070d4;2023-10-03;2023-11-02
3669;outfit.4c4d89bf0fcb4b32a9015ce1a7bade19;2023-07-24;2023-08-23
4464;outfit.2386f5b10f544de1a8f7a53a4b3bb92f;2023-08-19;2023-09-18
6786;outfit.26e0f5cc69634d079b4cd4a55b315809;2023-10-05;2023-11-04
4522;outfit.bf8385f15d6d468880c5e654f7599cf1;2023-09-11;2023-10-10
1553;outfit.656d8c9767e2417d8fad467465515b5d;2021-09-14;2021-10-14
1553;outfit.9ce064a4d8b5b825;2021-09-14;2021-10-14
1412;outfit.a841b2acdc119218;2021-07-07;2021-08-09
86;outfit.5494f9123a164880a3ed401be7abcd8b;2022-01-20;2022-02-18
86;outfit.b51ab929ce045cce;2022-01-20;2022-02-18
86;outfit.a388427605b34a2ab0e19304e54facc6;2021-10-20;2021-11-19
86;outfit.2901f306ff3a4e7e8288cc48ec400f5f;2022-01-20;2022-02-21
824;outfit.a495750db2b745b3b257ff60a9aacc76;2022-02-16;2022-03-16
6284;outfit.7eb16fe1e199414bbb7f88d71fe7cb56;2021-03-17;2021-04-19
6284;outfit.8f4c967492cd42a6a0afec84b3500e93;2021-03-17;2021-04-19
3649;outfit.3c8a7e19e80f47ab98f2fc61316aa8f2;2020-12-17;2021-01-15
3649;outfit.9c101c6da5bfc6e1;2020-12-17;2021-01-15
3094;outfit.2c262bf74e874db8b21f0cfae430c005;2020-09-25;2020-10-30
4834;outfit.40f5c15e6ca0486293b24bdf66d40393;2022-04-25;2022-05-24
4725;outfit.53c1b23f677a4816a518a2624c18e8b3;2022-08-29;2022-09-28
6026;outfit.c35c73041785478d8b7bff3ba75797eb;2021-09-15;2021-10-15
6026;outfit.4431d4e34e6a4c0fba43aa50395893f7;2021-11-15;2021-12-15
2148;outfit.b8311b5c70cc4a46927bae03a650edcf;2023-08-21;2023-09-20
4404;outfit.542f3e3ae20d42bea4c81a418f7adb7b;2021-11-12;2021-12-10
3320;outfit.9abd359ee8d44269ab15d6cbfcd8eb81;2022-08-09;2022-09-08
3769;outfit.c8899e358d4846b5b5973cc0f9342aed;2022-11-16;2022-12-15
6526;outfit.fd816aa2311d45c78fd0ab2d663a177a;2022-12-09;2023-01-08
6526;outfit.deb2675432704b1e8048f6f90c102a00;2022-11-09;2022-12-08
6526;outfit.f376dd31f0194adead88365684ce1e14;2022-09-09;2022-10-08
3320;outfit.f28182fcffa64738813bde8ce70db7cb;2023-05-09;2023-06-08
3320;outfit.d6241a805f5e4108abfbdbc9f58fcb23;2023-05-09;2023-06-08
6051;outfit.a7179f539117b9b7;2023-11-02;2023-12-01
3721;outfit.7d29eb8d2f0341b2a1c2eeb8c76416f4;2020-06-17;2020-07-20
3721;outfit.db025960e5494378bd81a48377b0a1bc;2020-06-17;2020-07-20
3721;outfit.253fb654ace04cbb9280e54d54b62ed8;2020-06-17;2020-07-20
675;outfit.df79806b22844eae8e38a61b63ffeee3;2023-06-02;2023-09-01
86;outfit.76e513e7ba654a648bf90044a81b3926;2022-02-21;2022-03-21
1980;outfit.1b11be15702b4c59ba76f79ed71df7ce;2022-09-14;2022-10-13
4960;outfit.36654cc2920c42b7a8c294cf349544fe;2021-12-08;2022-01-07
1589;outfit.a647aca5ce17d71e;2024-01-19;2024-02-18
2812;outfit.91d7bcbd88004c9e939fb7877dc4a1f7;2021-12-01;2022-01-03
1881;outfit.c5bee71e04014da8a068df3abe59a219;2023-09-26;2023-10-25
4336;outfit.841aea73b3d4485eaf08932aa82d8c2a;2022-01-30;2022-02-27
4336;outfit.becc5bd9847a7c10;2022-01-30;2022-02-27
4336;outfit.f28182fcffa64738813bde8ce70db7cb;2022-01-30;2022-02-27
1684;outfit.b671b224915f0b73;2022-04-20;2022-05-19
1684;outfit.af7384d7b857af65;2022-04-20;2022-05-19
4463;outfit.a7179f539117b9b7;2024-02-22;2024-03-21
4608;outfit.e94c092f3d694206afc44cbc7e0fb47a;2021-07-07;2021-08-06
4608;outfit.235240be067b4381b6441e39d0023721;2021-07-07;2021-08-06
2148;outfit.80333429732852d4;2023-11-21;2023-12-20
6013;outfit.48b43358755242c4bf529574c171b675;2022-05-07;2022-06-06
6013;outfit.880e71e3568b6812;2022-04-07;2022-05-06
5778;outfit.048fe7f87ee34a4095f2141bd51e3b80;2022-06-18;2022-07-17
5778;outfit.372a132f8fe4463f8fdb8d7a8b3f5206;2022-06-18;2022-07-17
5778;outfit.e2ac14f5ba454e0eaf3e7c0f926c65ee;2022-05-18;2022-06-17
6955;outfit.17996f09f2a84c078a7b0bd718bcddd6;2021-08-20;2021-09-20
6955;outfit.d8cabdaf5af9426dad953821aefb0ba8;2021-08-20;2021-09-20
2273;outfit.993dfa12c54fc46f;2022-03-18;2022-04-17
1412;outfit.6df9fd60925949a5acdd17de4dd4e7a1;2021-09-07;2021-10-07
7244;outfit.bd37bc0ed1857fb5;2022-04-26;2022-05-25
7244;outfit.2327c16896b343989de61510ab6f3c40;2022-04-26;2022-05-25
7199;outfit.af879b315e9e04fc;2022-01-11;2022-02-08
7199;outfit.e608f9225d314a12a390b165d222cc28;2021-12-10;2022-01-10
948;outfit.eafae74f4ff24c29862f7dba09874920;2023-02-03;2023-03-02
4404;outfit.1f0ae1de64a54ab8ade3151460b27eb6;2023-02-14;2023-03-13
4404;outfit.bcdb248c57283524;2023-01-14;2023-02-13
1840;outfit.af4113e2a23f4c9ebc3315589f5ea182;2021-07-05;2021-08-05
1840;outfit.8f4c967492cd42a6a0afec84b3500e93;2021-06-04;2021-09-06
1840;outfit.835db11c96461b2c;2021-07-05;2021-08-05
1840;outfit.0106cbd7e23f41da92e3081146b4ad03;2021-06-04;2021-07-05
1840;outfit.906fccaad75a644c;2021-06-04;2021-07-05
1840;outfit.f45e25a44bdd429991e9186db7fa64e5;2021-09-06;2021-10-05
1840;outfit.62b7b6c55aa84d89a8bc7b99173f571e;2021-07-05;2021-08-05
5144;outfit.a9f2bcb6885fe60a;2024-04-10;2024-05-09
4481;outfit.43d5741ca13a453bb378172945b47fc8;2023-10-18;2023-11-17
7041;outfit.e9f82d690d5a452ca833a578fd0f0dd0;2021-11-22;2021-12-22
6526;outfit.1642071c303e44a19ce63dfbbf8384bd;2023-09-09;2023-10-08
7110;outfit.8e3a6e9e196cfbc0;2023-10-29;2023-11-28
6526;outfit.b37b7ee0ee994bdaa199cba1c831b31d;2022-08-09;2022-09-08
6526;outfit.ab93c31e243d4d19b90ca72c4ae17e25;2022-08-09;2022-09-08
3192;outfit.7ff8b8c0f1b447229811fee5dd7ea006;2020-12-16;2021-01-18
3192;outfit.caee00d04a954a69a3cca9e02cf67440;2020-10-16;2020-11-16
3192;outfit.e44b11d043b34053ae7292d3ad3dc9a0;2020-12-16;2021-01-18
3192;outfit.56cc017ee10f4e77a002829e408687ba;2020-10-16;2020-11-16
5531;outfit.5d29c975554e432eacf5e7d49c5342e3;2021-06-30;2021-07-30
5531;outfit.3230795e6aed435ab96c8fcf5e56fd08;2021-06-30;2021-07-30
5531;outfit.a8fae88d2b7640e2b28161d301fc5e08;2021-06-30;2021-07-30
1735;outfit.a273058ddb56de19;2022-11-17;2022-12-16
1735;outfit.97228689c245bc79;2022-11-17;2022-12-16
1706;outfit.4be27307ae1c4611ad56aca101c8a6b4;2021-08-02;2021-08-31
1706;outfit.b4e83d1d9b50a7cc;2021-08-02;2021-08-31
1706;outfit.7c8c2504d76d42f4a96766337d3dac03;2021-08-02;2021-08-31
675;outfit.22d9e65ad5d54d439ce97df814e1dfbc;2021-09-28;2021-10-28
675;outfit.5b56622d721d4a359d14507923450d0f;2021-09-28;2021-10-28
864;outfit.22c917473fe54dcb9b969d99a35ee10e;2023-12-06;2024-01-05
1382;outfit.d92a7bb56d3149b8983caa966d7868fa;2021-01-13;2021-01-14
2573;outfit.7cc254ca61fd49189825e315d9507a3d;2021-10-08;2021-11-08
2573;outfit.0d0727d0c03f453495eaa85dc17d382d;2021-10-08;2021-11-08
2204;outfit.8c5e53894f0ca50e;2023-02-02;2023-03-01
2204;outfit.8c5e53894f0ca50e;2023-01-02;2023-03-01
2465;outfit.afed6567427c2287;2022-06-19;2022-07-18
675;outfit.96d41e4ecb154101be678d4302a266ba;2020-11-30;2021-01-06
675;outfit.24f7bb6f025640bb9f3d5df253dbefb5;2020-10-05;2020-10-28
675;outfit.167c1898ccab4dbcb3d0a74591e1902f;2020-10-05;2020-10-28
675;outfit.4b5c2be520b045e490ca17fcb9d87b90;2021-01-28;2021-03-01
675;outfit.93da3bfb33311ddf;2020-10-28;2020-11-30
675;outfit.4688b412bce3457a9c1727fd38ab4a06;2021-01-06;2021-01-28
675;outfit.d91c416ae1584028ba0c20f1329bbb97;2020-10-28;2020-11-30
675;outfit.2386f5b10f544de1a8f7a53a4b3bb92f;2020-11-30;2021-01-06
675;outfit.118f15046d0b45d48929bb91df474761;2020-10-05;2020-10-28
675;outfit.0248aa8a68b14491ad8dcf4067ce02cd;2020-10-28;2020-11-30
675;outfit.206df08f735c415bbcaca8d70e762971;2021-01-06;2021-01-28
675;outfit.75f72fc891604734a37a5ab96b006367;2020-10-05;2020-10-28
675;outfit.207232e414dd46e5b7352becfd9e53e5;2020-10-05;2020-10-28
675;outfit.bbd6ae88b44bfd29;2020-10-28;2020-11-30
6907;outfit.78392fa87e224d719c89da109d9e263f;2022-05-02;2022-05-30
5398;outfit.2ea36f84cb12427686eed685f97f2a8f;2021-06-14;2021-07-12
5398;outfit.599900d12a21423ca2bb8830f498a4bd;2021-07-12;2021-08-13
5398;outfit.b24fc57f02ac4e4c9061761ca18d9d3c;2021-05-14;2021-06-14
6591;outfit.d6896eaf6b734f40943d6cce5d23c1e3;2022-07-09;2022-08-08
6591;outfit.2e45b72fc0bb4754bad43840aca11da6;2022-05-09;2022-07-08
6591;outfit.439ff276a34d4993ad9cf68d06c67d96;2022-09-09;2022-11-08
6591;outfit.2d872cbfe6434c0c9ec15ebfa518a6e7;2022-07-09;2022-08-08
6591;outfit.fbc31b2005504087aa980bf59e078b7e;2022-05-09;2022-07-08
2168;outfit.1f534d95ccf6415a8af3b5799dd959e7;2022-09-28;2022-10-27
1412;outfit.a7b955473f2248a8a818455cb08c9e79;2022-02-07;2022-03-07
1032;outfit.980eb1c72e1e71f6;2022-04-04;2022-04-29
1032;outfit.ed0bda9223004815822e8eaff7b7688f;2022-01-11;2022-02-11
1032;outfit.925c69db26f6bbae;2022-04-19;2022-05-04
1032;outfit.9cd6c1a82e884a77b55b6113de55fea7;2022-03-22;2022-04-04
1032;outfit.93826cc51216dcd0;2022-02-14;2022-03-11
1032;outfit.b09e135ba34c46daaf3a5495dcec6e83;2022-04-04;2022-04-29
1032;outfit.81e52ba208d55e4d;2022-03-15;2022-04-08
4853;outfit.202c5658aee14e4180cd074aa81842a1;2021-09-01;2021-10-01
454;outfit.ed0bda9223004815822e8eaff7b7688f;2024-05-03;2024-06-02
2102;outfit.ee1e33a91882430d990d259a1852430e;2022-04-18;2022-06-17
864;outfit.22c917473fe54dcb9b969d99a35ee10e;2023-12-06;2024-01-05
3094;outfit.efbeb50344e54028b243698b3dd1b700;2021-04-30;2021-05-25
266;outfit.5a5e28a29c694c5abf08514ba5b85937;2023-11-30;2023-12-30
4258;outfit.db6e87de63f347a0af3ecbf3b7463a55;2022-09-13;2022-10-12
266;outfit.13341577ef954838a87bf016b1501ebb;2024-03-29;2024-04-28
2573;outfit.b9e50bdab7103d0c;2020-10-05;2020-11-05
2573;outfit.cdcd1bdbc00e4a1cb9b80f7f5bbddd49;2020-10-05;2020-11-05
4818;outfit.f40373a3c86d43cda4155344e39334c7;2023-01-27;2023-02-26
4818;outfit.021142f5924f4280bd3948268d35db64;2023-05-27;2023-06-26
1770;outfit.0106cbd7e23f41da92e3081146b4ad03;2023-06-17;2023-07-16
6706;outfit.7d69ae2f5dc641bca0eed4b1dfc17ac8;2020-08-03;2020-09-09
6706;outfit.f5fb40c43d174f799509d01145b1ed1f;2020-08-03;2020-09-09
4638;outfit.abce86c0d08341ed96a999cb4425d840;2022-04-01;2022-05-02
6447;outfit.8302402a6e8e8e8c;2021-11-25;2022-01-25
3291;outfit.f78250a23a6d4a97ba23c8194eb9c5cb;2020-12-21;2021-02-26
3291;outfit.44c8e590e1df4f6ab23cf81b9ed39374;2020-12-21;2021-01-26
4333;outfit.91d7bcbd88004c9e939fb7877dc4a1f7;2022-04-01;2022-04-30
4471;outfit.53bf6ed2516f473a87497e8170d4c8e1;2023-11-27;2023-12-26
5031;outfit.bbd662557126462f84e4912812fc1be0;2024-01-12;2024-02-11
1553;outfit.be3e7c4ec5718d36;2021-10-15;2021-11-12
1553;outfit.8fe12d169d14a8ab;2021-10-15;2021-11-12
5100;outfit.793b193b39194ef19a052aac02bf6c2b;2022-06-17;2022-07-16
5100;outfit.8c8e4271cb4466db;2022-06-17;2022-07-16
4452;outfit.f1a50d26ea6e4b81bc647433e60958db;2020-08-12;2020-09-09
4452;outfit.1dd897589a5148198aea6c403d613063;2020-12-04;2021-01-06
4452;outfit.90905e386df640ff96ea108db7afabfa;2020-09-10;2020-10-08
4452;outfit.62f1b6fba2104c1296481b7f8bc074dd;2020-08-12;2020-09-09
4452;outfit.6e67b1da956c4635b7d67622604d2bbb;2020-10-08;2020-11-09
4452;outfit.b49e6f1cc73f48f9a6329311214ee57f;2020-12-04;2021-02-04
4452;outfit.d24b8b64d37f4ea29ccc8aeb0c1bbb2f;2020-10-08;2020-11-09
4452;outfit.252b5f88ee66462e9aef2ea071969700;2020-08-12;2020-09-09
4452;outfit.a7b57360602144b4838b5384b7fde769;2020-10-08;2020-11-09
1374;outfit.ae922e922588454591edca7cabf0db48;2021-07-07;2021-08-09
1374;outfit.914397611c9823ad;2021-07-07;2021-07-08
4218;outfit.855fbe579b09bcda;2021-02-15;2021-03-15
4218;outfit.0dcd9f8fa95a4d81a7bb43df05668e4d;2021-02-15;2021-03-15
6026;outfit.aad989fc0422b4eb;2021-11-15;2021-12-15
6026;outfit.82d7dcf690da4fc09bcf658816bccd3c;2021-11-23;2021-12-06
731;outfit.bb72f30cdb4246d1bc47ff8b17cf4162;2022-08-09;2022-09-08
731;outfit.25847fedcdc640569e0b07e0b38fef30;2022-08-09;2022-09-08
6319;outfit.6b027f465816489f83945f85bd6f1c17;2022-10-05;2022-11-04
3040;outfit.767ecbf6b9bb4969ad78de1a78dbf039;2022-11-12;2022-12-11
4766;outfit.d9c02686a2094291837d95d09384481b;2021-05-25;2021-06-25
4766;outfit.ad412f59706c86b8;2021-05-25;2021-06-25
6284;outfit.820179fa25670e17;2022-11-17;2022-12-16
6284;outfit.3fb6cd2d1f454b85937d1540dcf212f0;2022-11-17;2022-12-16
6284;outfit.8fda8ef6cb62ebcc;2022-12-17;2023-01-16
6284;outfit.ae922e922588454591edca7cabf0db48;2022-12-17;2023-01-16
6310;outfit.93645d358d378609;2022-03-07;2022-04-06
6310;outfit.31c50265a96d4e49aa5394db37e039f2;2022-05-07;2022-06-06
6310;outfit.6db79c15132b4860a7e3a34cbf5c44c2;2022-04-07;2022-05-06
6310;outfit.7ca0d67e06f7491f926b46e7fbdbd32c;2022-03-07;2022-04-06
6310;outfit.f4a5306ea45d4ab9b40340f016bab653;2022-05-07;2022-06-06
1831;outfit.a5650c1bada909fd;2023-06-18;2023-07-17
3441;outfit.1096c0a926c244b39b44ff523a6ad9e0;2023-05-29;2023-06-28
606;outfit.c51bd8f0c3464297b89ffa73328c3275;2022-03-28;2022-04-28
6212;outfit.ae7389834f0c49c49b2ef43ff9cc1be9;2022-07-18;2022-08-17
6212;outfit.cb29aca3f7be4551b07a9d1b02957e02;2022-07-18;2022-08-17
3041;outfit.9b1b854fc8a535ae;2022-01-13;2022-02-04
4030;outfit.670d3e142b2c4f9a929ee971aad295b1;2022-09-07;2022-10-06
4030;outfit.b8311b5c70cc4a46927bae03a650edcf;2022-11-07;2022-12-06
4030;outfit.0512cb21a4bc4326971af84ccc563495;2022-12-07;2023-01-06
1586;outfit.2386f5b10f544de1a8f7a53a4b3bb92f;2022-02-07;2022-03-07
5844;outfit.bb2d50bdafd541558b88c10690b81375;2019-10-10;2019-10-25
5844;outfit.92db973be0926d3f;2019-10-10;2019-10-25
5844;outfit.84490bc64ffe4c6db02a6eef76219f1e;2019-10-10;2019-10-25
3740;outfit.fc18564205bd40c8bdcd638e83f45ed7;2020-09-01;2020-10-01
3740;outfit.8fe12d169d14a8ab;2020-09-01;2020-09-25
3740;outfit.ac5bdf39908e44dabf5536871716d1c9;2020-09-01;2020-10-01
7233;outfit.ede0d0fd9315467c868825bcb20d2fe6;2024-03-10;2024-04-09
7233;outfit.173163a917534a9c8dd357e7203e228f;2024-05-10;2024-06-09
7233;outfit.706635d443e040d2a4ae9e6862a95961;2024-05-10;2024-07-09
3432;outfit.a867d0ea463b4d6dbd0f750bc1962f49;2022-01-05;2022-01-28
6706;outfit.f66d734ea0fa4854b73f96714fd19ecf;2020-12-07;2021-01-06
621;outfit.0fd1ffa75a364aba8427034859879e25;2021-04-09;2021-05-10
3385;outfit.c7a033c410694587805e5ba1ec63c1f6;2022-02-21;2022-03-20
4960;outfit.6b1d1739830a4f3cbe5530716d9890a2;2022-07-09;2022-08-08
5617;outfit.98d6cf4fef49ec24;2023-09-17;2023-10-16
496;outfit.cd58f268e9e54fc08e5656e6f095975e;2022-12-10;2023-01-09
3533;outfit.671c37e96f5247e68b198e2a61dbe34e;2021-06-04;2021-07-02
454;outfit.806a7fef96ec97e0;2024-07-03;2024-08-02
2448;outfit.64096b7f0ef1430d9871e92fc198f693;2022-05-21;2022-06-20
2448;outfit.2fe31ac153bc422c945294c342de95a2;2022-03-21;2022-04-20
3175;outfit.bb1024860d8f559e;2024-02-08;2024-03-07
3459;outfit.16d009b7c441450183dbace1c9e64dce;2020-11-02;2020-12-01
3459;outfit.be167b5f608a44b9851b13123a4d705c;2020-11-02;2020-12-01
5224;outfit.a38b3b3e20364b78bfcf0bb1eadcc0e5;2023-02-01;2023-02-28
4674;outfit.b8ee247b1864a7c2;2021-03-09;2021-04-09
4674;outfit.4cd9a6b549d04973a044716c3448b739;2021-04-09;2021-05-10
5778;outfit.81ce5109e01d4b7b9f944a3baa35c4d6;2023-04-18;2023-05-17
5778;outfit.8273c17c394043b8affdf5c04ee019ed;2023-04-18;2023-05-17
414;outfit.56dec64c8c834afaace780273bbde124;2023-06-23;2023-07-22
414;outfit.0ea2ed06e62c495195f67005f3057721;2023-04-23;2023-05-22
767;outfit.4222d99ee6974151a01942b79f1054f7;2020-08-24;2020-09-14
767;outfit.db13e9deae904483bed85c8358f81a8e;2020-08-24;2020-09-14
767;outfit.40a0759f9fee458ea303ea8d1ef61a74;2020-08-24;2020-09-14
5236;outfit.68d7e3b9e8be4f07b3b200682d7dc456;2023-02-04;2023-03-03
6706;outfit.9e20be28268142a1a6a917fe7ae1b237;2020-11-09;2020-12-07
6706;outfit.bcd7efc3918cf15b;2020-11-09;2020-12-07
6706;outfit.80820b9138cd4205885caaa0a65dd6a4;2020-11-09;2020-12-07
582;outfit.3a5aeafe771d488f84bc18af5db17114;2021-03-22;2021-04-22
582;outfit.78d16995b62e40d48f06a20dbf72d844;2021-03-22;2021-04-22
3669;outfit.ad062450831242c091c3cfc78407df6d;2023-03-24;2023-04-23
4463;outfit.ed5a5a066ca647b6a9aaeb1ec8e7ee87;2022-04-07;2022-05-06
4463;outfit.372a132f8fe4463f8fdb8d7a8b3f5206;2022-04-07;2022-05-06
1881;outfit.f194f8a84147453cbd660e148942e1e6;2023-07-26;2023-08-25
262;outfit.769849cd28044a7188d9fce349c06156;2021-11-26;2021-12-27
262;outfit.80333429732852d4;2021-11-26;2021-12-27
550;outfit.01601322d21a422fbc2db49c7866e264;2020-12-10;2021-01-06
550;outfit.b9e50bdab7103d0c;2020-12-10;2021-01-06
550;outfit.d6241a805f5e4108abfbdbc9f58fcb23;2020-12-10;2021-01-06
550;outfit.871f15bc73153001;2020-12-10;2021-01-06
2540;outfit.d0faaa3486494e7d8ee3298104bc8adb;2022-11-26;2022-12-25
2540;outfit.2743a3b3f9cb44348ee6f8beedefa119;2022-10-26;2022-11-25
2540;outfit.b00287a1864d4493a72b295b43caf3f1;2022-10-26;2022-11-25
6038;outfit.b82c3360fbcd411683eb135b6450e7fd;2021-08-02;2021-08-30
7026;outfit.b3c827a7bc271120;2021-03-16;2021-04-16
1998;outfit.89954cb83fe420c2;2021-09-17;2021-10-15
86;outfit.93d11b40e1db46198d34109e7d0ebfe9;2022-03-24;2022-04-23
6907;outfit.595a88f3986340b9b7ee163cbe32c85d;2023-06-06;2023-07-05
2492;outfit.94fee721c94da3bd;2024-01-23;2024-02-22
3267;outfit.5c6bcfee583b4d7aa6fa807279637d59;2023-05-27;2023-06-26
6911;outfit.82d7dcf690da4fc09bcf658816bccd3c;2023-11-11;2023-12-10
1374;outfit.fb060da6c30143fd9735e8fd364910e0;2021-01-06;2021-02-05
1374;outfit.9341a89b191cd49f;2021-01-06;2021-02-05
675;outfit.207232e414dd46e5b7352becfd9e53e5;2021-02-01;2021-03-01
7041;outfit.f062df328d7842e4bc5b0c41e309393b;2022-01-07;2022-02-07
470;outfit.b9f26b79b0eb436fba1e05ca80196e47;2021-01-20;2021-02-19
470;outfit.89c2a6a730c324a0;2021-01-20;2021-02-19
470;outfit.9bb1d6f57be44f24;2021-01-20;2021-02-19
4185;outfit.6d6fe6b3b2514ecc8c47947292874f90;2022-10-01;2022-10-31
680;outfit.d4a659e844e64b399669fe54284c3595;2021-11-11;2021-12-10
1969;outfit.c258add24a7a4550b115b749ea07524e;2023-10-03;2023-11-02
4817;outfit.394d965b33b8430692c31984bf51e554;2020-10-12;2020-11-02
4817;outfit.88e9a4b11d284db686be6be18502f641;2020-10-12;2020-11-02
3533;outfit.15cfb487c7524654901872cba89af2bc;2020-11-13;2020-12-14
3749;outfit.49c64ac752d4452886a0f505007df0fd;2022-03-12;2022-04-11
6051;outfit.cd218662a26c4c29b372ed1563cf0ced;2023-05-02;2023-06-01
2057;outfit.cb5a982c42784a9a834b5f15a47749b8;2024-03-03;2024-04-02
3649;outfit.229f2207dc1e4409af99504f061ca0e7;2020-08-17;2020-09-17
3649;outfit.be42b519d7d245248c41491532ef50b0;2020-08-17;2020-09-17
3649;outfit.adf3063b0cdf501d;2020-08-17;2020-09-17
3649;outfit.8d7319b7cde9526b;2020-08-17;2020-09-17
3649;outfit.2a307327642c41fda6f4f1b9d8a8080a;2020-08-17;2020-09-17
5224;outfit.a44036e74abd5cb1;2021-11-29;2021-12-17
4656;outfit.8feb7001275554c8;2023-06-04;2023-07-03
5224;outfit.97f20b8380c34615a30aed080071aa96;2022-12-01;2022-12-31
6429;outfit.aa10e3ab93793dc9;2022-11-16;2022-12-15
6429;outfit.9341a89b191cd49f;2022-11-16;2022-12-15
4193;outfit.e6d04857b6e54eecbd905c7e8093c960;2023-08-09;2023-09-08
1443;outfit.10702960934e47ca8b83d90cb167b470;2020-11-20;2020-12-21
910;outfit.a0d1107baf5919d5;2020-09-01;2020-09-28
910;outfit.ded9a0e26ca846ba86ae2eb4f12fe831;2020-09-02;2020-09-28
6911;outfit.ade5433e25b54fbbb66a54f8fe113132;2022-06-11;2022-07-10
6402;outfit.c663f1c85a344f039eacb889398b6b91;2022-12-20;2023-01-19
1354;outfit.df13ea56a17d4fad9fca92caa307b02c;2023-07-06;2023-08-05
4823;outfit.ad6f853b5c31b6f5;2024-06-26;2024-07-25
5645;outfit.e2811dee68144484a423a3ef017258d3;2023-06-28;2023-08-27
3291;outfit.b33b5cbbea204ab79a1060c3a17546b3;2023-10-28;2023-11-27
4169;outfit.83e56eb73d8f0127;2020-08-20;2020-09-21
4169;outfit.8632cef7c2524f1ea8f213f5398eb754;2020-08-20;2020-09-21
4169;outfit.f102748bf7fe46a2a9a3eb170410b6bb;2020-08-20;2020-09-21
204;outfit.a294399ed5bfba8f;2022-12-22;2023-01-21
3267;outfit.cf321774b9de4035802e1829303fd3da;2021-11-22;2022-01-21
3267;outfit.d71dd7d70f184d10b2bc26105f3283d2;2021-10-20;2022-01-21
1684;outfit.4a4c3e2895e2437b8cda83c27064abba;2024-05-20;2024-06-19
436;outfit.d70247c33e4b42569675e32cc3727701;2022-09-16;2022-10-15
1749;outfit.b0d5835cfb6f4f918690a79fd842e7a6;2023-12-10;2024-01-09
4640;outfit.98a0bb3110de7f3e;2021-07-05;2021-07-29
3749;outfit.99cc91aeda7eb778;2023-04-29;2023-05-28
3147;outfit.b45f71cef3bf96b3;2023-01-07;2023-02-06
2465;outfit.dbfb7bbacf6f4fb1afa5c192c42d19ec;2023-07-19;2023-08-18
2465;outfit.578a20ace62b4299a88b0ce610123797;2023-07-19;2023-08-18
3320;outfit.adf3063b0cdf501d;2022-11-09;2022-12-08
5695;outfit.43d5741ca13a453bb378172945b47fc8;2020-10-01;2020-12-01
4981;outfit.9a5a00800acbac31;2021-09-13;2021-10-12
3291;outfit.2cca272e852c42448c449664b8d98693;2024-06-28;2024-07-27
1525;outfit.c560abcbbf2b40edbacbd51dfa99bf58;2020-10-12;2020-11-06
3062;outfit.3f93a64eb5c5449096f841fe5fdc2b8a;2023-02-09;2023-03-08
2148;outfit.25ff5e5ef4b541d79324a66515f1d89a;2023-02-21;2023-03-20
86;outfit.24a7d36225b342cf82d965567b6052ca;2021-11-23;2022-01-20
6591;outfit.76443d6db496494dbb26ac275ecbdb3b;2022-11-09;2022-12-08
6591;outfit.5c282a76e71b4edd81ab7579454a9de3;2022-07-09;2022-08-08
6591;outfit.b09e135ba34c46daaf3a5495dcec6e83;2022-10-09;2022-12-08
6591;outfit.e3bf7fedde71456db683e017a65e9814;2022-09-09;2022-10-08
5160;outfit.b26dea94dbd147919dbe9c6378c9c52f;2022-04-25;2022-05-24
7009;outfit.f904f5addd0f4a22863e3a689428b88b;2022-04-10;2022-06-09
5303;outfit.e457a3fb8aeb44b99d9ebae19bab9fae;2024-01-17;2024-02-16
7366;outfit.61b55a18777f451ab3d3c1a4fc2fe17b;2022-06-25;2022-07-24
107;outfit.db6e87de63f347a0af3ecbf3b7463a55;2021-12-08;2022-01-07
107;outfit.8c4d4f54e42a4ca391913811b6d17ab0;2021-12-08;2022-01-07
6519;outfit.12ca1b6aaefb46af8208fe008f3eb4e3;2022-03-21;2022-04-20
7009;outfit.3b756132543a45d4a94b9bebb0aaebfb;2022-04-10;2022-05-09
3267;outfit.848a85ca39d3fda6;2021-05-20;2021-06-21
3267;outfit.1da2e77fd6594cb7bf3e7f4dd0e187b3;2021-05-20;2021-06-21
3267;outfit.aeab8a7eca6601f1;2021-05-20;2021-06-21
3267;outfit.124195196333488e8ba4d195b96ecbdf;2021-05-20;2021-06-21
675;outfit.36462b7293ae423fb6b7180022cfcb58;2022-07-02;2022-09-01
1819;outfit.c08f7356b17643258f50b4cc3eb25fa6;2022-08-19;2022-09-18
1819;outfit.9d5c2d8415063b7e;2022-08-19;2022-09-18
7400;outfit.d91c416ae1584028ba0c20f1329bbb97;2021-01-11;2021-02-08
7400;outfit.a7e848f47d2643d988bbaf47dae4a136;2021-01-11;2021-02-08
6429;outfit.ded9a0e26ca846ba86ae2eb4f12fe831;2022-05-16;2022-06-15
1625;outfit.946ae92e21374e0d8935761e881bb94b;2022-05-31;2022-06-29
6046;outfit.4688b412bce3457a9c1727fd38ab4a06;2022-04-06;2022-05-05
605;outfit.56663aaf60aa4b5c8267bed372c72677;2021-01-28;2021-03-01
605;outfit.946ae92e21374e0d8935761e881bb94b;2021-04-28;2021-05-28
3259;outfit.c39cd97f51b243e5855fb09a7513f94f;2021-03-05;2021-04-08
4240;outfit.42a71b8c872f470c8350ac507497071e;2021-07-16;2021-08-16
4384;outfit.4431d4e34e6a4c0fba43aa50395893f7;2022-02-04;2022-03-11
5657;outfit.142a3686d9ec47afb71932e592f45a92;2022-01-31;2022-02-27
5657;outfit.2e4ccc3463a74e7cb674e891ca098271;2022-01-31;2022-02-27
2687;outfit.2fe31ac153bc422c945294c342de95a2;2023-03-02;2023-04-01
416;outfit.4bd8e39e3d5442c4b76dcd9797725b38;2021-01-06;2021-02-05
416;outfit.70bfcd7059a248ba9b8337bad5ce56fa;2021-01-06;2021-02-05
416;outfit.8f2d79606c6d4f44af3f6afd97a6ca3e;2021-01-06;2021-02-05
490;outfit.911cfceec45d9996;2021-04-15;2021-05-14
1386;outfit.257570a5166f43fba7f231ab1e0e2d11;2023-05-05;2023-06-04
1386;outfit.f14e9c44441c4a5ca2e109af309be3ce;2023-05-05;2023-06-04
416;outfit.a8cd42d443d608cc;2023-06-07;2023-07-06
1201;outfit.7eb16fe1e199414bbb7f88d71fe7cb56;2021-09-14;2021-10-14
1172;outfit.d2affda3780840e8bab443abbd2e5478;2022-04-14;2022-05-13
804;outfit.819bf34ba04d4748b9232e1df3bf9c8e;2021-10-01;2021-11-01
5914;outfit.4ca0964f8f604f42b71268c44e41db7d;2022-12-29;2023-02-27
1008;outfit.8ed6e4fedeb67e87;2023-11-30;2023-12-30
4193;outfit.dd5c21e0c1ee4428b7019e5740e3e8aa;2021-10-15;2021-11-15
4193;outfit.94f96de6e74f4a51b85f15018f9ad0fa;2021-12-15;2022-01-17
272;outfit.36ae937d5a4348b2b187b2b53c65b207;2022-05-15;2022-06-14
1735;outfit.7e3fe1b3b1dc45909d172224682a28f1;2022-01-03;2022-02-03
1598;outfit.0630ef7d996d4c489b4e54e85bd09e5a;2023-03-25;2023-04-24
1598;outfit.1ba117ad1dfc4db98e92536c9d6724fe;2023-04-25;2023-05-24
4834;outfit.d4498e3094f048d8808f056832637685;2022-04-25;2022-05-24
3093;outfit.914397611c9823ad;2022-06-30;2022-07-29
3093;outfit.7d29eb8d2f0341b2a1c2eeb8c76416f4;2022-08-30;2022-09-29
3093;outfit.b6f7358d6feb42ceaec950e6b66f4a34;2022-07-30;2022-08-29
3093;outfit.5b1de7457379489c8e57a3c22844550b;2022-09-30;2022-10-29
6834;outfit.6ca970d4e98f47e085d82952693a215f;2022-04-28;2022-05-27
5490;outfit.2208707dcf134558b4d335f1e3534655;2023-02-28;2023-03-27
3291;outfit.b3c827a7bc271120;2021-09-24;2021-10-26
416;outfit.b0a5d80451942bf5;2020-08-03;2020-09-02
416;outfit.b813cd40d27344839e74b8b40ead859b;2020-08-03;2020-09-02
416;outfit.aec255abd8714065996db11cc150f061;2020-08-03;2020-09-02
3028;outfit.15f39d4408a449febc2bd0d1afbb0f1f;2022-03-18;2022-04-17
3028;outfit.476b7bf9f9a74be3ae1a2152fee9fc3b;2022-03-18;2022-04-17
6304;outfit.55bf4bdcb79e4027987f9b8c7eafe314;2023-06-25;2023-07-24
6304;outfit.915272dd8393bc1d;2023-11-25;2023-12-24
6304;outfit.139187a6eb1540b6b2b8aef96bd12601;2023-09-25;2023-10-24
2716;outfit.0fd1ffa75a364aba8427034859879e25;2020-12-09;2021-01-06
6526;outfit.e12b4be9f07a4da0937a29f9efe16965;2022-11-09;2022-12-08
3215;outfit.535d7a56f1a44289b93c6bd46f656d8f;2020-12-01;2021-01-06
3215;outfit.4ee818d5bdbb409397fa9157da2e96b1;2020-12-01;2021-01-06
3215;outfit.394d965b33b8430692c31984bf51e554;2020-12-01;2021-01-06
3215;outfit.8f892d2a86a7024f;2020-12-01;2021-01-06
6152;outfit.b9344188bba8fbcc;2020-08-28;2020-09-07
6152;outfit.1515a54502e34532a658bb12f419c557;2020-08-28;2020-09-07
6152;outfit.8dd600ca3673694c;2020-08-28;2020-09-07
824;outfit.1233866861b14f0bb1e9116e90d9a492;2021-11-09;2021-12-07
4774;outfit.10cdb2c115df4a9197e1471e536a0569;2022-01-14;2022-02-14
5160;outfit.93da3bfb33311ddf;2022-09-25;2022-10-24
6526;outfit.97d97dbf860e43f8b123511d01711aaa;2022-10-09;2022-11-08
4640;outfit.32722b47b465460e91c775e73609e78b;2021-07-30;2021-08-30
2892;outfit.89a1a2941012477c83e6f9aaf2f144c8;2021-05-05;2021-06-04
2892;outfit.66da7242210f4c3fa7a47285efe37504;2021-05-05;2021-06-04
2892;outfit.80d81410fa5f0ae4;2021-05-05;2021-06-04
5490;outfit.7c8c2504d76d42f4a96766337d3dac03;2021-06-01;2021-06-30
6212;outfit.3098cd84903e4d039cf41205f3c88cae;2022-07-18;2022-08-17
4724;outfit.a0d1107baf5919d5;2023-04-19;2023-05-18
3905;outfit.4aca0c3e3ac7443ea02b74ab3e06675a;2020-10-02;2020-10-30
3905;outfit.085fb811e8144319a18fe29c43325329;2020-10-02;2020-10-30
3905;outfit.cdcd1bdbc00e4a1cb9b80f7f5bbddd49;2020-10-02;2020-10-30
3905;outfit.d14ca830a51d455ca672e1f11d4554d4;2020-10-02;2020-10-30
3905;outfit.efc9e86a0cd84fd28d55609e33bff657;2020-10-02;2020-10-30
5679;outfit.3e47b084ad704fb5b25b38809fae38a7;2021-10-05;2021-11-05
6907;outfit.ecd20396b6454329b80dd3a7f3d5c0c4;2023-03-06;2023-04-05
6907;outfit.8a130c68d99c4023ad5d0551e483cec9;2023-03-06;2023-04-05
6907;outfit.93826cc51216dcd0;2023-03-06;2023-04-05
3189;outfit.4e050e31c96240e18d8da53b205dcfa8;2021-10-01;2021-11-01
6696;outfit.dcd2abde0c804a88ae1169c950cfbda1;2021-06-16;2021-07-30
6696;outfit.e4bb08fb4a5f4f11843632fa2a227421;2021-06-16;2021-07-23
1412;outfit.b2194a655acd4fc683da0607aed980aa;2021-05-07;2021-06-07
6696;outfit.ffd83466cdb84a0dba02339aa0c72f73;2021-05-18;2021-06-16
6696;outfit.e8e4d130fa3e4f108127dc74fd854a75;2021-05-18;2021-06-16
6696;outfit.df04bf46dbd54868a63d2db542a5fa3d;2021-05-18;2021-06-16
6696;outfit.b8b6253b118140448c36fb7b55fdce90;2021-05-18;2021-06-16
6696;outfit.b51ab929ce045cce;2021-05-18;2021-06-16
6696;outfit.9d682fe8b6fd44d3b71d209a18b2b7e1;2021-05-18;2021-06-16
4710;outfit.e6bbfedb420c40059c5a6515c0f94dfd;2024-04-19;2024-05-18
3521;outfit.8ed6e4fedeb67e87;2022-04-05;2022-05-04
3521;outfit.28b064407198448db7149be19f0161f4;2022-06-05;2022-07-04
3521;outfit.892c3befd668414cabc0bda22c3f48ff;2022-05-05;2022-06-04
208;outfit.bbd6ae88b44bfd29;2021-10-27;2021-11-29
208;outfit.938bce9de70bbb91;2021-10-27;2021-11-29
6688;outfit.145c644d683b4ccfa07d073d8c4efa6a;2020-06-17;2020-07-17
6688;outfit.a28b2e6008184ba19240c926b1af0eff;2020-06-17;2020-07-17
6601;outfit.13341577ef954838a87bf016b1501ebb;2024-04-05;2024-07-04
3878;outfit.01299c3ba3e5499d81d3bd951608de31;2020-11-20;2020-12-21
1365;outfit.b80429b20d914612960e3cdbfcc0602c;2022-03-24;2022-04-23
1365;outfit.8f95b3473abb4a40ac2dc0956628e873;2022-03-24;2022-04-23
3308;outfit.26e0f5cc69634d079b4cd4a55b315809;2022-07-23;2022-08-22
3308;outfit.9b7e2e060c874d3287c4cee69860679a;2022-07-23;2022-08-22
1382;outfit.a9d10e9af13c4e6d84c8b49d1dbd872b;2021-06-28;2021-07-26
4834;outfit.9b4637003c444b1d9c75e5eb5487d669;2021-06-30;2021-07-30
4834;outfit.5b0022e701954e728f2735aabd8b616e;2021-06-30;2021-07-30
4834;outfit.67251d32508649cf8e2cb7d79817796e;2021-06-30;2021-07-30
7114;outfit.6537917dc4e440fcb5793037388b3d7f;2023-08-15;2023-09-14
872;outfit.a5f369e8f0504905bd14d3a58f8dc8cb;2022-07-17;2022-09-16
2475;outfit.16e87e3968054dc8824ba7ff56aed7f4;2021-09-30;2021-10-22
6988;outfit.43d5741ca13a453bb378172945b47fc8;2024-04-19;2024-05-18
4193;outfit.64910701f4974360acc6851b2b0fd7cf;2021-11-15;2021-12-15
4193;outfit.ded9a0e26ca846ba86ae2eb4f12fe831;2021-11-15;2021-12-15
675;outfit.908c317a79634a2f9f14d86283135c0b;2023-06-02;2023-09-01
675;outfit.02cbb0ff0c1348ce9fb9906805fb9049;2023-06-02;2023-09-01
675;outfit.233cc1a575934df38cc3c307901345e5;2023-05-02;2023-06-01
606;outfit.92f2e542b76f7d6d;2022-02-28;2022-03-28
606;outfit.9aadfc9a1d195c33;2022-02-28;2022-03-28
1735;outfit.2463040b4a624400a85cd400d0ae0e7e;2022-03-17;2022-04-16
2148;outfit.d04fbe1240ef405c867fb813b5aa8779;2023-03-21;2023-04-20
6319;outfit.fd816aa2311d45c78fd0ab2d663a177a;2023-06-05;2023-07-04
2204;outfit.8046647faecd43129ae560e955ebc8e5;2022-08-02;2022-09-01
1881;outfit.2386f5b10f544de1a8f7a53a4b3bb92f;2023-10-26;2023-11-25
2271;outfit.268878c3e3e24d98bbc6e9770e2eb44c;2020-09-23;2020-10-09
2271;outfit.bd061db386d78a56;2020-10-07;2020-10-23
2271;outfit.d64c915c766349d18cd794e642e97166;2020-10-23;2020-10-30
2271;outfit.b02888637a450867;2020-09-14;2020-09-28
2271;outfit.d64c915c766349d18cd794e642e97166;2020-10-14;2020-10-22
2271;outfit.9f58acfe6b554e4ca880e378aa7e8e56;2020-10-14;2020-10-16
2271;outfit.0d1682558d8e43fa830ad2846c3e9f46;2020-09-23;2020-10-09
2271;outfit.060cbfa6f9024404bd6a4ed96b7bd41b;2020-10-14;2020-11-16
2271;outfit.29d43c48eee84539b3e1597c9cd55194;2020-10-05;2020-10-23
2617;outfit.0630ef7d996d4c489b4e54e85bd09e5a;2022-01-20;2022-02-21
4853;outfit.113c7b9e83d0435894562f0b5ef41fc9;2022-03-01;2022-04-01
4960;outfit.f5e7d2d5b6524aa8afd7e9cc3a1ef67d;2023-06-09;2023-07-08
1706;outfit.aa76777d3b9d4073a342e2093e4ea1e2;2022-03-01;2022-03-31
1354;outfit.2d872cbfe6434c0c9ec15ebfa518a6e7;2023-12-06;2024-01-05
675;outfit.a01f2c0fa05d3f98;2021-11-29;2022-01-28
675;outfit.b36a2b4ce3d90e1b;2021-11-29;2022-01-28
5778;outfit.b7cc6c38b121a845;2022-09-18;2022-10-17
1585;outfit.8a9297abf702469b88dcdb1ce6cd35bd;2022-03-25;2022-05-24
3521;outfit.03a5ffb8c27947de936564061de3d046;2022-08-05;2022-09-04
3521;outfit.abf8682bf7784e73af89ebfd6d542df0;2022-08-05;2022-09-04
4501;outfit.49e0781692bf413fb78ecfe466524e36;2022-04-06;2022-05-05
1382;outfit.0e6a4c4635124340b770ca2265f84377;2022-07-15;2022-08-14
6051;outfit.3619c49a78674b0bb3c2803ee199cd92;2023-03-02;2023-04-01
6834;outfit.f40373a3c86d43cda4155344e39334c7;2022-02-28;2022-03-27
2102;outfit.924f4c42857340e68e7e874fcd5c6775;2022-10-18;2022-11-17
2102;outfit.b6596a2ff7a748f3b9a67ac54db28b96;2022-11-18;2022-12-17
2102;outfit.866385e680f6475e8b2899e2bc30a1fe;2022-11-18;2022-12-17
1773;outfit.96fdc91671d44285;2023-09-06;2023-10-05
3642;outfit.60dced53fd414aec99d569404f19c4ee;2021-02-09;2021-03-01
3642;outfit.4158a6fc47074d23b6591ae8583673a8;2021-02-09;2021-03-01
3642;outfit.b768912b0eaf45f19918f8ef07d1bd1b;2021-02-09;2021-03-01
1319;outfit.6705bc03d5e649f4bec363e6367cd89a;2022-07-26;2022-08-25
1319;outfit.6e50879668384d469557b1c93bc1d7a6;2022-07-26;2022-08-25
3103;outfit.b36a2b4ce3d90e1b;2021-02-02;2021-03-02
4218;outfit.570e39c8d9f04224ad7f780cb584a3b1;2022-06-26;2022-07-25
3312;outfit.e970ed3f6ffc48a1805fc82d98ef7981;2020-10-07;2020-11-06
3312;outfit.c012d37926b545bf90d7c4a0c5634696;2020-10-07;2020-11-06
3312;outfit.aac9da3df1d5b519;2020-10-07;2020-11-06
3312;outfit.388d5e71d8ca46a59067b8f07c7a0760;2020-10-07;2020-11-06
3312;outfit.e042570478134b1bb5b4be84c6a87e97;2020-10-07;2020-11-06
1706;outfit.89954cb83fe420c2;2022-08-18;2022-09-17
3071;outfit.9f58acfe6b554e4ca880e378aa7e8e56;2021-10-26;2021-11-25
2869;outfit.09a274c103524f30bd8e3fcc3cbab7c1;2023-03-06;2023-04-05
7411;outfit.4bd8e39e3d5442c4b76dcd9797725b38;2023-12-19;2024-01-18
3094;outfit.2684b038d1e64fa1814b56b51b834047;2021-03-31;2021-04-14
731;outfit.7b4f2169219844b0841ffb1a8c602ee2;2021-11-23;2021-12-20
731;outfit.070bc7bd72154b5a805f52f086fb72ed;2021-12-23;2022-01-24
5531;outfit.cac6eca6151b4f61b63157301f0cb229;2022-12-07;2023-01-06
2812;outfit.599900d12a21423ca2bb8830f498a4bd;2021-10-27;2021-11-26
2040;outfit.5a0e04a9018a4904990fc85f1c8cd1ce;2021-06-14;2021-07-14
2040;outfit.a28b2e6008184ba19240c926b1af0eff;2021-06-14;2021-07-14
5160;outfit.edf01c8ca8f64059a8afaf72b4ba5eb3;2022-05-25;2022-06-24
2831;outfit.1bd222290ef949289385cfdc1a02c20d;2022-06-27;2022-07-26
6879;outfit.56cc017ee10f4e77a002829e408687ba;2021-05-19;2021-06-15
6879;outfit.36eacc2af2494660a2c914aab7474a40;2021-05-19;2021-06-15
496;outfit.8ad0bb9029424a069f82d58c44b0d7fa;2022-12-10;2023-01-09
4107;outfit.29c39d6085f345dfbccc23a2f8e274a6;2021-09-20;2021-10-18
1412;outfit.34bd3ce2dd644974b9e945a8d91d8bca;2020-12-07;2021-01-07
1412;outfit.82ec1db640c48b3f;2020-12-07;2021-01-07
1412;outfit.9c19cb240c0c06d1;2020-12-07;2021-01-07
454;outfit.b7cc6c38b121a845;2022-08-03;2022-09-02
454;outfit.bc2d17659e8b4d6b8bae2675b1c9dcd9;2022-07-03;2022-08-02
454;outfit.7c3e32e564f84de28c9ab8a6f06a2e24;2022-08-03;2022-09-02
6583;outfit.837d79eeae2a466cab88d515bd1aa409;2022-02-23;2022-03-22
6583;outfit.4dd6b2524e5b4379baa90d5f3f80280a;2022-02-23;2022-03-22
2918;outfit.f7826f04ea8643d3b68964a5ab27b0a2;2022-10-09;2022-11-08
2918;outfit.4688b412bce3457a9c1727fd38ab4a06;2022-10-09;2022-11-08
3577;outfit.c3c971b949c64fd2851ad357ad06cc89;2021-08-16;2021-09-14
3577;outfit.67309f8f5e3b4376a7007b9046c6117d;2021-08-16;2021-09-14
3094;outfit.e0f170b8b51f4ae4a7e00047b9ea8d79;2020-08-21;2020-09-25
3094;outfit.be3e7c4ec5718d36;2020-08-21;2020-09-25
1881;outfit.31661e90877148d9bbe3846f087063f7;2023-08-26;2023-09-25
7135;outfit.a5d5bfee852848c18596d844a3a9025e;2023-01-01;2023-01-31
675;outfit.6e50879668384d469557b1c93bc1d7a6;2020-09-07;2020-10-05
675;outfit.a6b9c3792d6a4ad4;2020-09-07;2020-10-05
675;outfit.4688b412bce3457a9c1727fd38ab4a06;2020-10-28;2020-11-30
675;outfit.9337c57be08b48f685e77490d17da267;2020-09-07;2020-10-05
6650;outfit.1b11be15702b4c59ba76f79ed71df7ce;2023-09-01;2023-09-30
4209;outfit.a0d1107baf5919d5;2021-12-17;2022-01-14
4209;outfit.e457a3fb8aeb44b99d9ebae19bab9fae;2021-12-17;2022-01-14
4209;outfit.cac6eca6151b4f61b63157301f0cb229;2021-12-17;2022-01-14
4209;outfit.1023091eb7324562a4153373934bcb64;2021-12-17;2022-01-14
1784;outfit.4d83cce65b46430485a24d8efc684a37;2021-12-03;2022-01-07
1980;outfit.af0ed14f93f042fa8c43dc0ff2da97e6;2022-02-08;2022-03-08
1382;outfit.d8f20c3b2cae42b29b56f2b61cb6e715;2021-09-29;2021-11-26
1382;outfit.841f070dd5a12094;2021-10-26;2021-11-26
1382;outfit.d72f9d58cad643e9964ced2cf3bd30a3;2021-09-27;2021-10-26
1382;outfit.af3a5e4cc2959d66;2021-10-26;2021-11-26
3320;outfit.40f5c15e6ca0486293b24bdf66d40393;2023-06-09;2023-08-08
1987;outfit.ad0e0bb9c3ab3cb3;2022-04-08;2022-04-08
3577;outfit.bf299b7d8eeed1e5;2022-07-16;2022-08-15
3094;outfit.89954cb83fe420c2;2021-08-26;2021-09-21
3094;outfit.be3e7c4ec5718d36;2021-08-26;2021-09-21
215;outfit.0e35a8a758734c2b98adfc8630b4e029;2021-06-01;2021-06-30
215;outfit.91d7bcbd88004c9e939fb7877dc4a1f7;2021-06-01;2021-06-30
215;outfit.0106cbd7e23f41da92e3081146b4ad03;2021-06-01;2021-06-30
1412;outfit.8302402a6e8e8e8c;2021-01-07;2021-02-08
2952;outfit.3c6978266dfb4b9793e2c730496089d1;2021-11-09;2021-12-10
2952;outfit.82857c0f835c4c8b8fea971653673d20;2021-11-09;2021-12-10
2048;outfit.139187a6eb1540b6b2b8aef96bd12601;2022-12-11;2023-01-10
2048;outfit.03929cbe49e34b99bdd077380cc8d731;2022-12-11;2023-01-10
3259;outfit.8c8215f7c0a7445b9b09d3da37b462c6;2021-01-25;2021-02-25
1336;outfit.b809fe3003f76644;2024-01-22;2024-02-21
1336;outfit.9e371154c9be4c08b587ea8e5da833b3;2023-11-22;2023-12-21
6818;outfit.c5fa2da94b8a48ce893b4a3722f02cba;2020-12-01;2021-01-06
6818;outfit.ba44c51358c85e35;2020-12-01;2021-02-01
1770;outfit.841fdd28d3f644c0bb8efd874e818027;2022-11-17;2022-12-16
1770;outfit.a5f369e8f0504905bd14d3a58f8dc8cb;2022-11-17;2022-12-16
454;outfit.7d273c5424a34a9cb3217beeed7070d4;2023-01-03;2023-02-02
3521;outfit.2121de17fb604c6ea87a3f9b6d0030db;2022-11-05;2022-12-04
3521;outfit.8060c53293c94422bf08bb0997ab9763;2022-11-05;2022-12-04
416;outfit.919597b8f29948649a76fc93cf95abdb;2020-10-08;2020-11-05
4634;outfit.a5a7231c342d45cca35cf536be58d63e;2022-07-14;2022-08-13
3267;outfit.a1c7ea9aa83e32c8;2023-08-27;2023-09-26
3267;outfit.41d1dc80e9a746f88f9942cc1723645e;2023-07-27;2023-08-26
5251;outfit.44c8e590e1df4f6ab23cf81b9ed39374;2023-04-12;2023-05-11
4409;outfit.56e3cc906a444a569d6b057189a361bf;2024-02-05;2024-03-04
3624;outfit.dd04098010f74a67ac9bf82eeb4b976c;2023-08-28;2023-09-27
5887;outfit.37d643c47053474a96acb8ca1069368b;2022-01-27;2022-02-26
5531;outfit.f102748bf7fe46a2a9a3eb170410b6bb;2024-04-07;2024-05-06
3094;outfit.81b7059db24a1c94;2020-08-21;2020-09-25
3094;outfit.08dbb547a168423fa28b156f63acf8c4;2020-08-21;2020-09-25
3094;outfit.9cd6c1a82e884a77b55b6113de55fea7;2020-08-21;2020-09-25
3094;outfit.656d8c9767e2417d8fad467465515b5d;2020-08-21;2020-09-25
3094;outfit.0533ed8c59ce4cf29172f502a3a93a91;2020-08-21;2020-09-25
3896;outfit.b8d5df5f249150ce;2023-04-01;2023-04-30
2273;outfit.31c45f9a261b4631b76a98158841b8ff;2021-08-17;2021-08-23
2273;outfit.0c3cac26eb674e35a4602a369b146592;2021-08-27;2021-09-03
2273;outfit.33af134887eb422baed2c7207f9cd5bc;2021-11-30;2021-12-10
1923;outfit.31c50265a96d4e49aa5394db37e039f2;2023-10-26;2023-11-25
7411;outfit.28b064407198448db7149be19f0161f4;2021-08-11;2021-09-07
7411;outfit.b87b2a39d4f64871865834bdfc4cf1e6;2021-08-11;2021-09-13
7411;outfit.ef7ddc016c5c46129c32f5676c077449;2021-08-12;2021-09-13
7411;outfit.bc2d17659e8b4d6b8bae2675b1c9dcd9;2021-08-12;2021-09-13
2271;outfit.49c64ac752d4452886a0f505007df0fd;2020-12-14;2021-01-14
2271;outfit.2174208dffe5493fa440e48d290a11bb;2020-12-14;2021-01-14
5778;outfit.688665113d8c4d13bae1db16e822454c;2022-03-18;2022-04-17
5778;outfit.66da7242210f4c3fa7a47285efe37504;2022-04-18;2022-05-17
5778;outfit.36462b7293ae423fb6b7180022cfcb58;2022-07-18;2022-08-17
5778;outfit.9a0283b3b9e34e39a0038cb7b7044c75;2022-02-18;2022-03-17
5778;outfit.38572c7dec3b4460bf36ade1d517ce20;2022-02-18;2022-03-17
5778;outfit.60dced53fd414aec99d569404f19c4ee;2022-03-18;2022-04-17
5778;outfit.ae3c94e801eb4aebb7c3714ec981521c;2022-03-18;2022-04-17
5778;outfit.1ef0bbcac4054678bea5622eec91880a;2022-07-18;2022-08-17
496;outfit.6d042743afa04727815f717cce0b2ac0;2023-05-10;2023-06-09
7026;outfit.48f1cbb3e03247b7bd894690722f655c;2021-05-18;2021-06-16
7026;outfit.e488fad708e84b36bd791e820b19e3fe;2021-05-18;2021-06-16
606;outfit.4f88de908942498980138fc606c745fb;2022-07-26;2022-08-25
606;outfit.9c255f602b1e4455a79e0fe0cee938c1;2022-07-26;2022-08-25
5760;outfit.80d81410fa5f0ae4;2023-07-05;2023-08-04
5760;outfit.57d3d071648f425f900f33b203e013c8;2022-06-05;2022-07-04
2170;outfit.853ff9245b124c84bb0973a6065e64de;2021-07-21;2021-08-20
2170;outfit.8ccfe9b6e0b0473b95bc91b156139d89;2021-06-21;2021-07-21
2170;outfit.9f515fbe4fef48e0bbdebca645ea96c8;2021-06-21;2021-07-21
2856;outfit.9a5d41c7a63e40a2b4a5f2aa902d768b;2022-05-19;2022-06-18
6380;outfit.a3d25f31c9758d32;2023-12-16;2024-01-15
4819;outfit.2d4ed8658aa045b29663902f1e0ce84a;2021-10-12;2021-11-05
4819;outfit.c2a0cedead6d432ab2277ca1cc1524a8;2021-10-12;2021-11-05
847;outfit.8ce5277fd36a4926b5203cfcdb72fd72;2023-05-03;2023-06-02
847;outfit.8400c26ee9d435bb;2023-05-03;2023-06-02
4634;outfit.40b60bd4c9e44c8d9375ef879e7d5f1a;2023-09-14;2023-10-13
3727;outfit.8054e1ce507bf179;2021-12-02;2022-01-03
3727;outfit.a068099d1b3e4019;2021-12-02;2022-01-03
3189;outfit.6dea8453a7dd4701830624eeea14bf9b;2022-10-24;2022-11-23
2276;outfit.767ecbf6b9bb4969ad78de1a78dbf039;2021-04-28;2021-05-28
2276;outfit.9481d2d7251be70f;2021-04-28;2021-05-28
3041;outfit.e17a0df1f70743e590827d7df93bb7f4;2023-10-06;2023-11-05
3432;outfit.0f8c445a9a334c6984277bd96513a37f;2022-05-29;2022-06-28
7342;outfit.170d553601c744e393427a92c0cf58b3;2023-08-22;2023-09-21
6907;outfit.595a88f3986340b9b7ee163cbe32c85d;2024-04-06;2024-05-05
4107;outfit.9fcb20cced63441fbee2002faed4ea39;2022-03-06;2022-04-05
4880;outfit.557da3a4e43b4aa18835708e7320f359;2024-01-28;2024-02-27
3320;outfit.d7f1bc7197b6469db1b9c4faf4071cb7;2023-06-09;2023-07-08
3320;outfit.7f53199a70b045598d5cbc1c0546d248;2023-06-09;2023-07-08
272;outfit.298b9f94af66454b9f07ebed997e9f9a;2022-08-15;2022-09-14
3510;outfit.b5efe9b9e6104f0796fe1adc5650e75d;2022-10-28;2022-11-27
3227;outfit.9b0a47dc97c7ecc8;2022-09-26;2022-10-25
5336;outfit.e3cc0d4d05644110922e90f815d08d04;2023-11-12;2023-12-11
3017;outfit.53cd37dc1d6345ce89fa68e62e936c58;2021-08-05;2021-09-06
3017;outfit.501f59ab11f94aa1a28a566911f8a8be;2021-08-05;2021-09-06
3017;outfit.337cc518c38b4bc18d879987d91b073c;2021-08-05;2021-09-06
3017;outfit.671c37e96f5247e68b198e2a61dbe34e;2021-08-05;2021-09-06
3267;outfit.80333429732852d4;2021-02-22;2021-03-22
3267;outfit.4b4220f875c140e1b2e455317cf84184;2021-02-22;2021-03-22
3267;outfit.e947dbab69e64c5a85f1fe565b5f3a49;2021-02-22;2021-03-22
3267;outfit.9a5a00800acbac31;2021-02-22;2021-03-22
3267;outfit.9b0a47dc97c7ecc8;2021-02-22;2021-03-22
2040;outfit.167c1898ccab4dbcb3d0a74591e1902f;2021-04-12;2021-05-12
2040;outfit.d948ea24ce8a484db5bd640400d50cce;2021-06-14;2021-07-14
2040;outfit.4c7025a42af74e9bb6aa71afac57324a;2021-04-12;2021-06-14
731;outfit.b5efe9b9e6104f0796fe1adc5650e75d;2021-12-23;2022-01-24
1586;outfit.89a1a2941012477c83e6f9aaf2f144c8;2022-06-16;2022-07-15
1586;outfit.9cfd9a79329b16bd;2022-06-16;2022-07-15
1586;outfit.96f7210a2ae0aa93;2022-06-16;2022-07-15
996;outfit.1b47c924e1684b9c94c76fa971ec8115;2022-03-08;2022-04-08
6402;outfit.4158a6fc47074d23b6591ae8583673a8;2022-12-20;2023-01-19
6402;outfit.6b027f465816489f83945f85bd6f1c17;2022-09-20;2022-10-19
6402;outfit.a488106c64f04db6bab3a40dfdc7832e;2022-09-20;2022-10-19
6402;outfit.f8be16c68a624ee7bf9a5120adb0cbcc;2022-09-20;2022-10-19
6402;outfit.6753fee0b6894243869c63032302de22;2022-09-20;2022-10-19
6402;outfit.7a9ac6aae6de40d4b1a260d95de95988;2022-12-20;2023-01-19
6402;outfit.8cab85b45b23bfec;2022-09-20;2022-10-19
6212;outfit.9f58acfe6b554e4ca880e378aa7e8e56;2022-03-18;2022-04-18
6212;outfit.ef5fdc0209e74d39a8a24fcd05cbdce6;2022-03-18;2022-04-18
6212;outfit.dd5c21e0c1ee4428b7019e5740e3e8aa;2022-03-18;2022-04-18
746;outfit.4f88de908942498980138fc606c745fb;2019-11-11;2019-11-23
2087;outfit.d02e6beb11844c5e91c34467b3da998e;2021-10-07;2021-11-05
293;outfit.293f074047f34fda9bd95d96c5b9f906;2019-11-06;2019-11-20
293;outfit.18463cd95aa04dbba9610a91b4f71be4;2019-11-06;2019-11-20
293;outfit.eafae74f4ff24c29862f7dba09874920;2019-11-06;2019-11-20
6026;outfit.989e3eb7e1be092f;2021-03-15;2021-04-15
6026;outfit.7cc254ca61fd49189825e315d9507a3d;2021-03-15;2021-04-15
7244;outfit.9b7e2e060c874d3287c4cee69860679a;2022-06-26;2022-07-25
3988;outfit.9fde090f117fb9d9;2021-03-25;2021-04-22
4608;outfit.860daab99091d08f;2022-06-14;2022-07-13
4608;outfit.53cd37dc1d6345ce89fa68e62e936c58;2022-06-14;2022-07-13
2492;outfit.4be27307ae1c4611ad56aca101c8a6b4;2023-07-23;2023-08-22
6879;outfit.ed5a5a066ca647b6a9aaeb1ec8e7ee87;2021-04-15;2021-05-14
6879;outfit.d3972ad336174608b061e6224cb1fad4;2021-04-15;2021-05-14
6879;outfit.e5503fe6f5f243fc90c526bcdb75c942;2021-08-09;2021-09-08
6879;outfit.9d97d017a5c747ac89d59efab886369a;2021-04-15;2021-05-14
6879;outfit.b9bffddb2fa945e6a3d076ea97f1c5cb;2021-06-15;2021-07-15
6879;outfit.57e0110f769d47ea863ebea78235fd23;2021-06-15;2021-07-15
6879;outfit.b80429b20d914612960e3cdbfcc0602c;2021-07-15;2021-08-16
293;outfit.a1793a4ba1dcb559;2019-10-15;2019-10-18
293;outfit.83e56eb73d8f0127;2019-10-16;2019-10-18
293;outfit.f4c975dfd4804825bea20bd68735b738;2019-10-16;2019-10-18
293;outfit.981d672af067d1ed;2019-10-15;2019-10-18
5201;outfit.46fd30ba34534c96b133e88f257cb7e1;2021-05-11;2021-06-08
5201;outfit.e0a3899c698544c4bf205f2a6eae496c;2021-04-08;2021-05-06
5201;outfit.936f3862e0395377;2021-05-11;2021-06-08
5201;outfit.b45f71cef3bf96b3;2021-07-27;2021-08-17
5201;outfit.124195196333488e8ba4d195b96ecbdf;2021-07-22;2021-08-19
5201;outfit.9d682fe8b6fd44d3b71d209a18b2b7e1;2021-07-22;2021-08-19
2649;outfit.292fc161ab8a48d59af997f56cce1cb4;2024-03-02;2024-04-01
3189;outfit.012a4c0079984d719f3f2626bb60b374;2021-12-31;2022-01-31
6817;outfit.d70247c33e4b42569675e32cc3727701;2022-07-23;2022-08-22
4853;outfit.4c41406859e04bc7b29036c62ea1b7df;2021-10-01;2021-11-01
2949;outfit.93d1f684375e6e8c;2021-12-27;2022-01-24
2949;outfit.efbeb50344e54028b243698b3dd1b700;2021-09-28;2021-10-21
2949;outfit.16f24c4eb69a48f1a34117fc6c0a691f;2022-01-11;2022-01-24
2949;outfit.97acaefe61dad4d4;2021-08-17;2021-11-05
4696;outfit.048fe7f87ee34a4095f2141bd51e3b80;2022-08-07;2022-09-06
4651;outfit.a5bbbf5301db4e5b8b1e2532cfd23a24;2021-04-26;2021-05-21
4651;outfit.7a9ac6aae6de40d4b1a260d95de95988;2021-04-26;2021-05-21
3147;outfit.a03256f024a5452cb9208a8e2475c506;2021-06-09;2021-07-01
3147;outfit.6f809ac4449f4502a6eee8832eabcb60;2021-06-04;2021-06-28
6303;outfit.95c292eefaa5453bbb381c3117b7b152;2022-08-01;2022-08-31
3649;outfit.0e35a8a758734c2b98adfc8630b4e029;2020-07-17;2020-08-17
3649;outfit.11395b1173644fedbcfc219469f27b84;2020-07-17;2020-08-17
3649;outfit.77441845458641bcb87eb64f10b76c12;2020-07-17;2020-08-17
3649;outfit.353d5f65327e4dc7a10203844a59c560;2020-07-17;2020-08-17
2617;outfit.2766e5ad48a2427a898f60aaacf85622;2021-10-20;2021-11-22
130;outfit.8fc193be35a546b987480b6cb5323beb;2022-09-05;2022-10-04
7400;outfit.29c39d6085f345dfbccc23a2f8e274a6;2021-04-08;2021-05-10
7400;outfit.d1404a07cbda4bf68dd8d57cb0e32207;2021-04-08;2021-05-10
1232;outfit.1dc2bd9dc2ae421883e8845f3e335449;2023-12-30;2024-01-29
4175;outfit.9337c57be08b48f685e77490d17da267;2022-06-14;2022-07-13
5736;outfit.a3d25f31c9758d32;2022-10-17;2022-11-16
5736;outfit.14b7969c5bef4051848ecc977eef38a2;2022-07-17;2022-08-16
1354;outfit.84cfd784c9dd4ad6;2023-08-06;2023-09-05
6287;outfit.6ef37d8d2ee744229ed6350d8a94f308;2020-10-14;2020-11-14
6287;outfit.e1a782a63cf54c7aa654d30392da1daa;2020-10-14;2020-11-14
6287;outfit.9ae9443798cb496ba7848d3c3616ab1c;2020-10-14;2020-11-14
3521;outfit.82ca4f1985ca4966ac81db79cc5a5bc1;2023-04-05;2023-05-04
825;outfit.bb8aa151e5f63d31;2021-09-27;2021-10-27
825;outfit.3aba9737d2f445478a8ce23b2fc22da8;2021-09-27;2021-10-27
1591;outfit.89bb81f29b0f44698d89fb39fd4402a5;2022-07-04;2022-08-03
4769;outfit.012a4c0079984d719f3f2626bb60b374;2020-09-21;2020-10-23
2022;outfit.203f5d33e7324d65a1d8175b3b910416;2022-12-07;2023-01-06
2022;outfit.69411dca4a39414a8ffc530b2388a761;2022-12-07;2023-01-06
2022;outfit.8db4b3541b97c627;2022-12-07;2023-01-06
4463;outfit.f102748bf7fe46a2a9a3eb170410b6bb;2024-02-22;2024-03-21
2799;outfit.1bf5c2c096dc490f8e8efd7d09e6769c;2023-05-27;2023-06-26
2799;outfit.8f34384795bfc03e;2023-03-27;2023-04-26
6798;outfit.256b152a25b44f3386d247011bacca56;2022-07-16;2022-08-15
4501;outfit.233cc1a575934df38cc3c307901345e5;2023-02-06;2023-03-05
4501;outfit.148d0c63aeb74b1dad9e35521cd12c03;2023-02-06;2023-03-05
5130;outfit.1e4e6b9f7f984a5f81d68773e0165c44;2022-06-09;2022-07-08
5130;outfit.3ae8377476ab4594b00bd3a7790e9549;2022-08-09;2022-09-08
5130;outfit.55aa098dd93644fe961d0137a79adbea;2022-10-09;2022-11-08
5130;outfit.b4e7c58304d74b64b8b2ddf13ba93c6d;2022-09-09;2022-10-08
5695;outfit.b133d563a5d54747ac3e2255486154f5;2020-08-03;2020-08-24
5695;outfit.43d5741ca13a453bb378172945b47fc8;2020-10-23;2020-11-20
5695;outfit.771bbd515cd448c19ac2778c729e8e8a;2020-08-03;2020-08-24
5695;outfit.9ebd102e2b3b4b7484f86af242efad85;2020-08-24;2020-10-01
5695;outfit.053819ce75c94bf5a0686ee4d43da4c7;2020-08-24;2020-10-01
5695;outfit.833b2280ae99434db2fb843f78d79e25;2020-08-03;2020-08-24
4258;outfit.83b1e08b46bf0031;2022-09-13;2022-10-12
1041;outfit.853997984302460e92bb9f8335ca5a0b;2021-08-16;2021-09-15
6601;outfit.b0677486667c446c9f61ae24522c6b26;2023-10-05;2023-11-04
6817;outfit.760587419305432581b1c2dd2d29e27f;2022-09-23;2022-10-22
5531;outfit.b04f116bc3224f22a8f17d62934fe2cd;2021-07-30;2021-08-31
5531;outfit.7abb8ad021294be3863e5ea746538347;2021-07-30;2021-08-31
6371;outfit.b7c4ed0668334bd1b5f8e91059b88da5;2020-10-30;2020-11-30
6907;outfit.a3546e9a63f72521;2022-11-06;2022-12-05
6907;outfit.ed9017ac844a486fac95996bcc5b4b84;2022-11-06;2022-12-05
1522;outfit.98a0bb3110de7f3e;2020-08-28;2020-09-28
1522;outfit.0ed1568a6b6545e4932bee98c84aa544;2020-08-28;2020-09-28
1522;outfit.b8c30d318f9d0554;2020-08-28;2020-09-28
1522;outfit.3c6978266dfb4b9793e2c730496089d1;2020-08-28;2020-09-28
1840;outfit.9ed854d660862b8f;2022-07-30;2022-08-29
1840;outfit.ddf9204937fc40069fe13a0c546e1df9;2022-07-30;2022-08-29
1586;outfit.3f9b25249293481cac7469b68f545c7b;2022-10-16;2022-11-15
2759;outfit.9fbe0c9462e44696a73f5ffa75215ec0;2022-08-26;2022-09-25
3459;outfit.ad062450831242c091c3cfc78407df6d;2021-03-05;2021-04-08
3291;outfit.e5c71f9ecf564fb39b2815a07e3c7fd6;2022-07-28;2022-08-27
6918;outfit.d263cb821a244b41b4c47ac08fa10596;2021-02-11;2021-03-11
6918;outfit.05b4c9d840a24bbe8656bc4bb3bce484;2021-02-11;2021-03-11
1735;outfit.3037fa72ade7482e8c13863bc447c11c;2021-06-03;2021-06-14
1735;outfit.1096c0a926c244b39b44ff523a6ad9e0;2021-09-28;2021-10-28
1626;outfit.d933a0b2120d4102bcfe5f51886dc0e1;2024-02-16;2024-03-15
572;outfit.769849cd28044a7188d9fce349c06156;2021-11-05;2021-12-06
2766;outfit.e6d04857b6e54eecbd905c7e8093c960;2023-05-02;2023-06-01
3320;outfit.7f53199a70b045598d5cbc1c0546d248;2024-01-09;2024-02-08
4853;outfit.89dbcc1289ee49c18bcb93fc69a52c02;2021-09-10;2021-09-17
7100;outfit.bae42664f07a447e;2021-12-16;2022-01-17
4998;outfit.df1d0f1d24dc4629b4769b6a3dc89b43;2022-05-20;2022-06-19
7204;outfit.d0c6cd30a1f146a8a1ae6f73b34a0103;2023-11-30;2023-12-29
3158;outfit.9aee78d90d74477a8709a5f6baf24e74;2023-06-19;2023-08-18
212;outfit.eb104cb68a534166899c4cce84b0fa55;2023-04-16;2023-05-15
5760;outfit.9f16b609a91c48e3;2022-11-05;2022-12-04
6364;outfit.a5c28a753eb74c56b002bad5da62309e;2021-12-01;2022-01-03
6364;outfit.6ea93b224a3c4027861e62805e0bd3f8;2021-12-01;2022-01-03
4409;outfit.b068cf45c37e4aeaa1cff939a86e759f;2024-01-05;2024-02-04
2884;outfit.23596174e2b1478385adda8f5f48416f;2022-12-08;2023-01-07
2884;outfit.21474001bd3e48a19da3a75c2f3819fa;2022-12-08;2023-01-07
130;outfit.9337c57be08b48f685e77490d17da267;2022-06-05;2022-07-04
130;outfit.9337c57be08b48f685e77490d17da267;2022-05-05;2022-06-04
6026;outfit.df81c6ba86ef4c3c8fd2976934eb4078;2022-04-24;2022-05-23
1248;outfit.8a91fcc1f1f612e6;2020-09-03;2020-10-05
1248;outfit.f6e0ac328eac45939027a5dbf9d8a086;2020-09-03;2020-10-05
1248;outfit.95a9732c69cb1e4c;2020-09-03;2020-10-05
1248;outfit.9a5d41c7a63e40a2b4a5f2aa902d768b;2020-09-03;2020-10-05
1248;outfit.8bdb10367d37396f;2020-09-03;2020-10-05
1248;outfit.75137cff95cb468ebf7d91f0b8815a50;2020-09-03;2020-10-05
6;outfit.98eebea274f23dd6;2021-08-25;2021-09-24
6;outfit.648db79508724c99ab948e953e4813a7;2021-08-25;2021-09-24
7204;outfit.e98a6e485b1941d98e43c0e74cc6885b;2023-12-30;2024-01-29
6447;outfit.fbda7f830faf4caf9b0a085054f22e54;2022-03-04;2022-04-05
6526;outfit.b37b7ee0ee994bdaa199cba1c831b31d;2022-10-09;2022-11-08
6526;outfit.a1efdc0d88774773957da6e703852211;2022-07-09;2022-08-08
6526;outfit.0f545b5ba1274c66b2896afdcc48c5d9;2022-08-09;2022-09-08
1809;outfit.4c8d6c10b08440fcb06d8893d705124b;2022-12-20;2023-02-19
6781;outfit.f13af5d893714a7abcbca1ca15163fe9;2021-06-14;2021-07-12
4985;outfit.a5d5bfee852848c18596d844a3a9025e;2021-07-30;2021-08-31
4985;outfit.fa20f4d239044e7a922e27c5b5fd9f4f;2021-07-30;2021-08-31
4853;outfit.682cad04f9644aa692e0326d850b670d;2021-12-01;2022-01-03
5932;outfit.e64440c76c164f76b87f4719745f3b68;2022-05-12;2022-06-11
5932;outfit.d59aa8f0d8c048c68be664df7ce72bb1;2022-05-12;2022-06-11
948;outfit.4fa890c8bbf54547a3cacaa898e5b7d5;2022-09-03;2022-10-02
5578;outfit.60c345cbd0924fe7800ac38922a74cb1;2024-02-18;2024-03-17
1083;outfit.ab1e952330087c99;2019-11-01;2019-11-26
1083;outfit.e17a0df1f70743e590827d7df93bb7f4;2019-10-14;2019-10-30
1083;outfit.816fb1b6edef8b59;2019-10-14;2019-10-30
1083;outfit.0e79f46fd9f344bdb7c714ffce9e98aa;2019-10-14;2019-10-30
1083;outfit.173b6b1204df4f128bcbdd843d91351e;2019-10-14;2019-10-30
1083;outfit.37886c165da3410ca29761ac81f95bf9;2019-10-14;2019-10-30
4960;outfit.4295344ef7464599b0e1698740582792;2023-11-09;2023-12-08
5736;outfit.a3d25f31c9758d32;2023-05-17;2023-06-16
5736;outfit.f6e0ac328eac45939027a5dbf9d8a086;2023-06-17;2023-07-16
5736;outfit.1ff1200dca844ecd8ac042bd3363b7c5;2023-04-17;2023-05-16
5736;outfit.9a5d41c7a63e40a2b4a5f2aa902d768b;2023-03-17;2023-04-16
5736;outfit.bb72f30cdb4246d1bc47ff8b17cf4162;2023-05-17;2023-06-16
4137;outfit.6753fee0b6894243869c63032302de22;2022-01-18;2022-02-18
2508;outfit.bb8aa151e5f63d31;2022-08-24;2022-09-23
5736;outfit.c8855506fa9d47308b87aa0fe5efe3ca;2022-08-17;2022-10-16
5736;outfit.acb94cbb42e1b894;2022-08-17;2022-10-16
5236;outfit.68d7e3b9e8be4f07b3b200682d7dc456;2023-04-04;2023-05-03
4834;outfit.67251d32508649cf8e2cb7d79817796e;2022-10-25;2022-11-24
3312;outfit.39c98e12ea9942a0a2c98c6297aabfbf;2020-09-07;2020-10-06
3312;outfit.5428d0d3aee6420bb208a0796eb40ded;2020-09-07;2020-10-06
3312;outfit.b5db150f4740b356;2020-09-07;2020-10-06
3312;outfit.bbdd99b53f925ae3;2020-09-07;2020-10-06
3312;outfit.26a9eb230d0b4820a0fcc230f0fe8cf2;2020-09-07;2020-10-06
2148;outfit.c41b5bc7cfa0435abe71b09cfccc17ea;2022-09-21;2022-10-20
5531;outfit.7f13839eeae444e79acb75451f623074;2023-12-07;2024-01-06
7048;outfit.f8e95f5fd1b641a4823ea3c6010e19cb;2021-10-27;2021-11-29
6376;outfit.abe450dff4d74a5ba0d20c3a5d55e409;2023-04-27;2023-05-26
6376;outfit.e145409364084e36b14d95d1978d5478;2023-05-27;2023-06-26
6376;outfit.0f545b5ba1274c66b2896afdcc48c5d9;2023-04-27;2023-05-26
6376;outfit.deccde63b4274278b35780fd507c4e5a;2023-05-27;2023-06-26
902;outfit.1be9b916bb1f44f7a9d120b4ef62c871;2022-08-22;2022-09-21
675;outfit.3aec93f22b9a450ab7dfc26095abc609;2024-01-02;2024-04-01
6733;outfit.97ec221c84bcfbe3;2023-03-06;2023-04-05
6733;outfit.1185a02614b947abbd217a5ba0b05a67;2023-02-06;2023-03-05
1605;outfit.2cc1bf3b23ce4811b7cc78ec9e50c379;2021-11-08;2021-12-07
6591;outfit.8a9297abf702469b88dcdb1ce6cd35bd;2024-06-09;2024-07-08
2833;outfit.820179fa25670e17;2021-11-08;2021-12-08
2833;outfit.157923448c7241dba927c9d99bbeca0d;2021-11-08;2021-12-08
2833;outfit.74d1bc8ef8b3401a98e92e3f1826c0e3;2021-11-08;2021-12-08
2340;outfit.b6dfe60b7a8c421f9de22342860f17bc;2022-01-10;2022-01-31
5379;outfit.978b0bd3e4cb9afa;2021-10-19;2021-11-19
5379;outfit.b6a27dfa0198a9bb;2021-10-19;2021-11-19
4463;outfit.bbdd99b53f925ae3;2022-06-06;2022-07-05
5695;outfit.499d31bd36254c7191245e1d40745824;2020-08-24;2020-10-01
5695;outfit.4e834d5f015d474e8fd547e080f750f8;2020-08-24;2020-10-01
6957;outfit.4060d4c7c61443afa5fd7dc4f18a9aec;2021-08-23;2021-09-23
6957;outfit.735aa66e915446a5be13642ee0dff5e5;2021-08-23;2021-09-23
731;outfit.6377a711bdf04683819c6fc08921cfaf;2021-04-26;2021-06-04
6284;outfit.37886c165da3410ca29761ac81f95bf9;2022-09-17;2022-10-16
6284;outfit.32684b5443394c4a91606c9aab8d3cdb;2022-09-17;2022-10-16
2329;outfit.7b4f2169219844b0841ffb1a8c602ee2;2023-03-22;2023-04-21
1237;outfit.5b1de7457379489c8e57a3c22844550b;2022-04-01;2022-04-26
105;outfit.684efa997862433aaf292a14289eaa4a;2021-08-03;2021-09-03
2846;outfit.ed0bda9223004815822e8eaff7b7688f;2022-01-10;2022-02-10
1382;outfit.0e79f46fd9f344bdb7c714ffce9e98aa;2021-05-26;2021-06-28
1382;outfit.d263cb821a244b41b4c47ac08fa10596;2021-04-26;2021-05-26
1382;outfit.a1bd30435ab14461af069cf262f1e1eb;2021-04-26;2021-05-26
1382;outfit.68d7e3b9e8be4f07b3b200682d7dc456;2021-03-26;2021-05-26
1382;outfit.2d4ed8658aa045b29663902f1e0ce84a;2021-04-26;2021-05-26
5490;outfit.c52b1b61074f48729901d6f3360fbdab;2022-07-30;2022-08-29
5490;outfit.f1ed4ff2e21a436997e35b1c918c304b;2022-07-30;2022-08-29
5236;outfit.9d23dc455c9c4837a3fe26931f944833;2021-10-12;2021-10-25
5236;outfit.35e53b748ea043f79cd9a2caca3a995b;2021-09-21;2021-10-21
5236;outfit.8a6d7780e2644bbfaa7695900a8266dd;2021-12-01;2022-01-03
4175;outfit.853ff9245b124c84bb0973a6065e64de;2023-04-14;2023-05-13
5490;outfit.e7180235b62040eb9afeab19f74c5a73;2023-06-28;2023-07-27
713;outfit.7c43cbb261ed4a91a0931c7583f32871;2023-03-26;2023-04-25
3094;outfit.5c6bcfee583b4d7aa6fa807279637d59;2021-04-30;2021-05-25
3094;outfit.549dd7bf94d4442abfd053dc32ee54cc;2021-04-30;2021-05-25
454;outfit.394609460a3549928924f3a0dc5a6e3d;2021-12-01;2022-01-03
5303;outfit.89bb81f29b0f44698d89fb39fd4402a5;2024-05-17;2024-06-16
2148;outfit.9e90f563acb38233;2023-11-21;2023-12-20
3769;outfit.455bcd119538442981e870ca1041c3b4;2024-02-16;2024-03-15
5887;outfit.b619ba973b4b49d79c89863737097ab3;2022-03-03;2022-04-01
5887;outfit.38ef91e51ef14bb19df9094a40bcb7f7;2022-02-03;2022-03-03
5887;outfit.55e47b50f0dc4852a5784fffafa63488;2022-02-03;2022-03-03
1389;outfit.e5503fe6f5f243fc90c526bcdb75c942;2022-09-24;2022-10-23
6642;outfit.becc5bd9847a7c10;2021-04-05;2021-05-03
4608;outfit.1a05e7ef43cb440c93d0ef93fd430a32;2022-08-14;2022-09-13
4608;outfit.57ffd059f0374d6995a1f8fd4ee0d2ed;2022-08-14;2022-09-13
691;outfit.8ad0bb9029424a069f82d58c44b0d7fa;2020-09-18;2020-10-19
6526;outfit.9ad11de7196542feb139da2214230dca;2022-09-09;2022-10-08
2383;outfit.14727804dc6945f9baabcd76ad96a744;2023-06-06;2023-07-05
2383;outfit.a2883b9efb1b4eb889e269c98e09f661;2023-05-06;2023-06-05
2383;outfit.207232e414dd46e5b7352becfd9e53e5;2023-04-06;2023-05-05
2383;outfit.31661e90877148d9bbe3846f087063f7;2023-03-06;2023-04-05
3441;outfit.94fee721c94da3bd;2023-03-29;2023-04-28
3441;outfit.c8c5d18e8365419eba926afed7344dd7;2023-06-29;2023-07-28
3441;outfit.b26dea94dbd147919dbe9c6378c9c52f;2023-07-29;2023-08-28
3291;outfit.4c7025a42af74e9bb6aa71afac57324a;2021-11-26;2021-12-23
3291;outfit.9806850e4ad5479dbad69c1c94eb60a9;2021-11-26;2021-12-23
55;outfit.4024086987064c41b6bd30c6871358ac;2023-01-06;2023-02-05
55;outfit.a3d5299f391ebf8b;2023-02-06;2023-03-05
4218;outfit.ed5a5a066ca647b6a9aaeb1ec8e7ee87;2022-01-14;2022-02-14
4040;outfit.b80845e98ea3453d;2022-05-11;2022-06-10
4472;outfit.3dac69d72aed4d1ca4fc6bcff6b7cd4f;2023-09-06;2023-10-05
4472;outfit.3bf44cf3a9d8493eb057521c2f3e88e2;2023-12-06;2024-01-05
5661;outfit.a1e7bca1ce3791d6;2024-01-08;2024-02-07
4638;outfit.369422f2e567409b88d925e916f3a555;2022-12-12;2023-01-11
4638;outfit.89a1a2941012477c83e6f9aaf2f144c8;2022-12-12;2023-01-11
4834;outfit.e22f9123cb4e4c1081a4b831ff586b32;2022-10-25;2022-11-24
1008;outfit.cb5a982c42784a9a834b5f15a47749b8;2023-10-31;2023-11-29
5459;outfit.9bf55c30dee14573ac0d46c03fce3a0e;2023-08-25;2023-09-24
7244;outfit.afed6567427c2287;2022-06-26;2022-07-25
2148;outfit.abe970f711444589b6ce9e81bf35615d;2023-11-21;2023-12-20
4519;outfit.48dec5565f454acf903fe1ce1f41a39e;2021-07-14;2021-08-13
4519;outfit.a1b1329de0c52243;2021-07-14;2021-08-13
4519;outfit.13b4586fba46462abebff1b7b145e499;2021-07-14;2021-08-13
4887;outfit.40b60bd4c9e44c8d9375ef879e7d5f1a;2023-07-19;2023-08-18
1374;outfit.0b721ca6ffdd489d91fa63f960ca64ec;2021-06-08;2021-08-09
6965;outfit.0b544c65a87645459ce9844f749e178f;2022-07-15;2022-08-14
6965;outfit.e17a0df1f70743e590827d7df93bb7f4;2022-08-15;2022-09-14
6965;outfit.f5cdd470173a4cbb913353aac985eebe;2022-06-15;2022-07-14
2508;outfit.12ca1b6aaefb46af8208fe008f3eb4e3;2022-08-24;2022-09-23
2508;outfit.65d319260c9e49369ee53b603caa89f0;2022-08-24;2022-09-23
2508;outfit.76182a281e89442eb859adbeed75c451;2022-07-24;2022-08-23
1382;outfit.2a307327642c41fda6f4f1b9d8a8080a;2022-02-28;2022-03-28
560;outfit.929220a63bf843f99474bc2644fcb53d;2022-10-22;2022-11-21
2364;outfit.925c69db26f6bbae;2024-07-07;2024-08-06
3308;outfit.ecd20396b6454329b80dd3a7f3d5c0c4;2022-06-23;2022-07-22
1706;outfit.32722b47b465460e91c775e73609e78b;2022-06-18;2022-07-17
1706;outfit.6f809ac4449f4502a6eee8832eabcb60;2022-06-18;2022-07-17
5144;outfit.9d23dc455c9c4837a3fe26931f944833;2021-08-16;2021-09-16
5144;outfit.6d042743afa04727815f717cce0b2ac0;2021-08-16;2021-09-16
7411;outfit.1506b275d9894b3da75f83343e25a122;2021-11-15;2021-12-15
4471;outfit.b227d2e4685f4a56a13c4e43023021ec;2023-08-27;2023-09-26
4471;outfit.3dce88ceca134c02b8b9abfd791825d1;2023-08-27;2023-09-26
2170;outfit.853ff9245b124c84bb0973a6065e64de;2024-05-26;2024-06-25
4507;outfit.138c6d460dc14dd4a223e9f2a484ad6d;2022-07-06;2022-08-05
2248;outfit.c5b61903ca9849fe830fd86f7cb4da50;2023-09-23;2023-10-22
572;outfit.a8fae88d2b7640e2b28161d301fc5e08;2021-05-05;2021-06-04
572;outfit.684efa997862433aaf292a14289eaa4a;2021-06-04;2021-07-05
6786;outfit.1ba117ad1dfc4db98e92536c9d6724fe;2022-10-05;2022-11-04
1773;outfit.ae922e922588454591edca7cabf0db48;2024-02-06;2024-03-05
5309;outfit.a9cd4913d4d043c1803b8f7dec42d143;2022-06-20;2022-07-19
2831;outfit.e5f491fc4e7e44709b03e381648231be;2022-06-27;2022-07-26
691;outfit.96cb494dcb47696b;2020-09-18;2020-10-19
691;outfit.df1d0f1d24dc4629b4769b6a3dc89b43;2020-09-18;2020-10-19
691;outfit.9a0283b3b9e34e39a0038cb7b7044c75;2020-09-18;2020-10-19
1902;outfit.7d5e7df1d7e44528bca8d9859759042d;2023-01-28;2023-02-27
1902;outfit.b401ac00dd8e441c8e698a5eaad7a645;2023-01-28;2023-02-27
6965;outfit.1cb6a65c7f17496086a58779b0efb273;2020-12-14;2021-01-11
6965;outfit.2a1a34d38ac64414b5d7878a719984e9;2020-12-14;2021-01-11
1382;outfit.d363ee8631554dccb9ced5babed2ce6a;2022-06-15;2022-08-01
1735;outfit.10702960934e47ca8b83d90cb167b470;2023-10-17;2023-11-16
4603;outfit.b9478c83693b11a4;2021-12-14;2022-01-06
5760;outfit.9e28084ee8e94a1d8afe4abe643fa8d5;2023-05-05;2023-06-04
3320;outfit.8feb7001275554c8;2024-02-09;2024-03-08
3727;outfit.bf59641874784125880c58615b5abbaa;2021-08-18;2021-09-20
4452;outfit.cc30aac83a794a269779fc0b2984abba;2020-12-04;2021-02-04
3175;outfit.fd816aa2311d45c78fd0ab2d663a177a;2024-05-08;2024-06-07
2812;outfit.bd029e8ff7cc4341bf48b2afaa0d9946;2021-06-03;2021-07-02
2812;outfit.140ebf984d2f4e80b9e23431c24fe75c;2021-06-03;2021-07-02
1526;outfit.d655fb3f59544532baf264b2c74cc571;2021-12-03;2022-01-14
1526;outfit.7b3050921c08481b93e761760834c5f7;2021-12-03;2022-01-14
3308;outfit.9617c0965077556e;2022-01-11;2022-02-10
3308;outfit.a647aca5ce17d71e;2022-01-10;2022-02-10
3308;outfit.b09e135ba34c46daaf3a5495dcec6e83;2022-01-10;2022-02-10
1382;outfit.adf3063b0cdf501d;2022-04-15;2022-05-26
1382;outfit.2ab1a79e73cd419fb4479cea44e12c84;2022-05-15;2022-06-27
948;outfit.2a06aba4942f46359361633e8c1e9e59;2022-10-03;2022-11-02
996;outfit.1b4027c5a27d4ac293ccb2377c38d408;2023-07-15;2023-08-14
606;outfit.d21f3628771b4dcebc478c94a456d999;2023-09-26;2023-10-25
606;outfit.be3e7c4ec5718d36;2023-09-26;2023-10-25
785;outfit.f90281a639af4658861d20629586878d;2024-04-07;2024-05-06
1684;outfit.ac5a7a176b304d17b27ebe10bb3a168b;2021-07-01;2021-08-06
6940;outfit.f465c31c406c4fc69448ba6a62d76ea6;2022-09-08;2022-10-07
4810;outfit.989e3eb7e1be092f;2023-01-27;2023-02-26
3308;outfit.be1e83bfcede6836;2021-09-28;2021-10-29
3308;outfit.0eefec8c0c33471d81035d9a79d1d455;2021-09-28;2021-10-29
3308;outfit.82d7dcf690da4fc09bcf658816bccd3c;2021-09-28;2021-10-29
6940;outfit.55aa098dd93644fe961d0137a79adbea;2023-02-08;2023-03-07
2532;outfit.b04f116bc3224f22a8f17d62934fe2cd;2023-06-03;2023-07-02
2532;outfit.bc45deb17b3a3e75;2023-02-03;2023-03-02
2532;outfit.767ecbf6b9bb4969ad78de1a78dbf039;2023-02-03;2023-03-02
5615;outfit.bcc71d0caf95dc33;2023-09-03;2023-10-02
1706;outfit.9565d4d6787ad71f;2022-03-18;2022-04-17
4810;outfit.dcd2abde0c804a88ae1169c950cfbda1;2022-06-27;2022-07-26
4638;outfit.bd2ab280ed364f26;2021-12-01;2022-01-03
4638;outfit.39e26260f13d466b946601bafd691d36;2021-12-01;2022-01-03
4638;outfit.3b2ed909c25f4ba28abf27a3ba98f5d0;2021-10-01;2021-11-01
4638;outfit.cc5b53a2d9f44413afdd86c5d0dfd1c1;2021-12-01;2022-01-03
4638;outfit.0f9681d7171142aa84399d37dc7b4ed3;2021-10-01;2021-11-01
4638;outfit.3b32be97a62d43eebed1287be7cf5988;2021-11-01;2021-12-01
3047;outfit.4d87f217c19241cf9a4feb9d75638e1a;2022-10-16;2022-12-15
2766;outfit.29d4c138b56e4579898dbb7f47f6cafc;2023-07-02;2023-08-01
2766;outfit.50968c211b5941648f6519e289b84da7;2023-07-02;2023-08-01
3312;outfit.62f1b6fba2104c1296481b7f8bc074dd;2020-12-21;2021-01-20
3312;outfit.bc45deb17b3a3e75;2020-12-21;2021-01-20
3312;outfit.05164954243a4c5cac4930572105ed27;2020-12-21;2021-01-20
1336;outfit.98d6cf4fef49ec24;2023-12-22;2024-01-21
513;outfit.226011180c0e4df4852d693067d02fef;2023-05-01;2023-05-31
7082;outfit.33d5d4c82b5f4d1688a04dac513e2740;2023-12-14;2024-01-13
4638;outfit.d71dd7d70f184d10b2bc26105f3283d2;2021-04-01;2021-05-03
4638;outfit.fa737f8bee584d309426410002edac0e;2021-04-01;2021-05-03
4638;outfit.f0362cb6059c40938c0945eca21b572e;2021-04-01;2021-05-03
1412;outfit.a841b2acdc119218;2022-07-12;2022-08-11
4336;outfit.01601322d21a422fbc2db49c7866e264;2022-07-30;2022-08-29
4336;outfit.be54589074780d08;2022-07-30;2022-08-29
4336;outfit.155567585a3c417fa6043924c2867d0e;2022-07-30;2022-08-29
4336;outfit.854021359d3e487ca1c90e5bd126ea0c;2022-07-30;2022-08-29
293;outfit.eb104cb68a534166899c4cce84b0fa55;2019-10-16;2019-10-18
313;outfit.e7180235b62040eb9afeab19f74c5a73;2023-05-07;2023-06-06
2383;outfit.64096b7f0ef1430d9871e92fc198f693;2022-08-06;2022-09-05
490;outfit.bf5d4348f69b718f;2019-10-10;2019-11-07
490;outfit.31edccd419de4fc5ae6aeb7eed4327ab;2019-10-15;2019-11-07
490;outfit.252b5f88ee66462e9aef2ea071969700;2019-10-11;2019-11-07
490;outfit.af3cb94171784fff803b50e9a99cd890;2019-10-10;2019-11-07
490;outfit.57e0110f769d47ea863ebea78235fd23;2019-10-10;2019-11-07
490;outfit.9347386eb2dada73;2019-10-10;2019-11-07
2576;outfit.0a5a3a2e1ff34f1792e1f2dad95cbc2b;2022-10-23;2022-11-22
4258;outfit.da552355bfd04649a987a3881b99d09c;2022-04-13;2022-05-25
4258;outfit.32b52e42d8e844199bf05c4739bedf16;2022-04-13;2022-05-25
2920;outfit.293b6f34465a4a28abffbfc87ad78849;2021-10-04;2021-11-03
2920;outfit.c5b61903ca9849fe830fd86f7cb4da50;2021-10-04;2021-11-03
2675;outfit.ede0d0fd9315467c868825bcb20d2fe6;2022-06-11;2022-07-10
2870;outfit.b46fdffcec7c6364;2022-11-26;2022-12-25
272;outfit.4d15ca1915cf4639a9029a016640f7da;2023-07-15;2023-08-14
272;outfit.a38554cc5999458397c5f190f0f3c38d;2023-07-15;2023-08-14
4258;outfit.db6e87de63f347a0af3ecbf3b7463a55;2022-05-13;2022-06-12
2465;outfit.93fb65b596dc4d628b4812d30178a4dc;2023-03-19;2023-04-18
4404;outfit.bef1cf2e05fe40709accfbc38e9a0a30;2022-08-14;2022-09-13
4404;outfit.f5e7d2d5b6524aa8afd7e9cc3a1ef67d;2022-08-14;2022-09-13
3510;outfit.ce53377b121b4648abc0a3c97e58bff1;2022-11-28;2022-12-27
3510;outfit.6a0ee820e93d45bb86077aa56e1c231a;2022-10-28;2022-11-27
3510;outfit.8f4c967492cd42a6a0afec84b3500e93;2022-12-28;2023-02-27
5246;outfit.a294399ed5bfba8f;2023-04-26;2023-05-25
5246;outfit.9a0283b3b9e34e39a0038cb7b7044c75;2023-04-26;2023-05-25
3227;outfit.b42337853cae4f66a2e7640b6845d2e5;2021-12-27;2022-01-24
267;outfit.9d2ae3e74d7f4d9bbde82be334a3a21b;2022-02-04;2022-03-14
1412;outfit.2ea36f84cb12427686eed685f97f2a8f;2021-10-07;2021-11-08
3094;outfit.bf0bc59908734a2a9c7a47a1442bf744;2021-01-11;2021-02-01
1749;outfit.ba44c51358c85e35;2024-03-10;2024-04-09
2076;outfit.ddd870ed06d64892af526d056b438894;2021-09-07;2021-11-01
2076;outfit.bfad6e38299544e991b1c5f0d92073f6;2021-11-01;2021-12-01
1248;outfit.6fb87aa78e6343ba811fe22dc8fe0217;2020-09-16;2020-10-05
1248;outfit.505dbed58d2a45bc9bd72774be4f5c47;2020-11-03;2020-12-03
5736;outfit.ac52d51d1863129e;2023-09-17;2023-10-16
1447;outfit.ada989bbc2322203;2022-04-02;2022-05-01
4960;outfit.cdc50f2c7fc54079a32bdf91b2d65e78;2022-04-09;2022-05-08
6036;outfit.0ff0d877678e4755b088d1c5d09bee11;2022-04-25;2022-05-24
621;outfit.7ba3a82d83c24f4096668fa3c59b2c54;2021-06-11;2021-07-09
2022;outfit.9d48b49a73e3ee2b;2023-06-22;2023-07-21
2022;outfit.8d6bd94d09354d22a77928a01bac9d25;2023-03-22;2023-04-21
2022;outfit.eb3fd90e14dd49d2844a6dfc41d36f40;2023-03-22;2023-04-21
5694;outfit.34b2a2a9779a47f0a1aff663fe8d1c86;2020-03-09;2020-04-04
785;outfit.b04f116bc3224f22a8f17d62934fe2cd;2022-02-01;2022-03-06
6786;outfit.edf9420758794d31a58d8e563dccd496;2023-06-05;2023-07-04
6786;outfit.4cbda361e12e4d65a5fb502dfd38076a;2023-05-05;2023-06-04
6786;outfit.28b064407198448db7149be19f0161f4;2023-06-05;2023-07-04
3192;outfit.9a0283b3b9e34e39a0038cb7b7044c75;2021-05-17;2021-06-16
3192;outfit.44c8e590e1df4f6ab23cf81b9ed39374;2021-05-14;2021-06-16
3192;outfit.ed69171af5c648529d89ac51d442646e;2021-05-17;2021-06-16
3458;outfit.c8899e358d4846b5b5973cc0f9342aed;2021-12-01;2022-01-03
6957;outfit.39be0294d5cf4e26b4faaa07e7750686;2021-08-04;2021-09-03
6957;outfit.76e513e7ba654a648bf90044a81b3926;2021-08-04;2021-08-09
6957;outfit.6f6ace195ce44ccdbafbb72c1b4cde13;2021-08-04;2021-08-09
872;outfit.bc66a84c6977422daff287c7ecdb12d3;2022-06-17;2022-07-16
1368;outfit.2f5079f4f8384977a9ac6bb4b465c23c;2021-12-10;2022-01-10
1368;outfit.4a4c3e2895e2437b8cda83c27064abba;2021-11-12;2021-12-10
1368;outfit.32bbe20e948d4839b63aa0f4b540b466;2021-11-12;2021-12-10
1255;outfit.150dfea353754793b615998907ebffc6;2020-09-23;2020-10-23
1255;outfit.d52f6e55c56a4d6ea952522543d06fbf;2020-09-23;2020-10-23
1255;outfit.03929cbe49e34b99bdd077380cc8d731;2020-09-23;2020-10-23
1255;outfit.ae0a1acc06c81eaf;2020-09-23;2020-10-23
1255;outfit.bfad6e38299544e991b1c5f0d92073f6;2020-09-23;2020-10-23
1255;outfit.ed86a931fd4c4662b52faad58b63f857;2020-09-23;2020-10-23
1255;outfit.a83b27ea0df44e4d9773f8e7b5096ab9;2020-09-23;2020-10-23
1255;outfit.a84d98da9b0b4c8d95457d446a4df5fd;2020-09-23;2020-10-23
1255;outfit.391478ac84d249b49a87a9d829590887;2020-09-23;2020-10-23
1255;outfit.77afaa494e3e439384ec71a0b6634225;2020-09-23;2020-10-23
5760;outfit.57e0110f769d47ea863ebea78235fd23;2022-08-05;2022-09-04
5760;outfit.a38554cc5999458397c5f190f0f3c38d;2022-07-05;2022-08-04
932;outfit.1c195032518b4aba942f6b4fb6ae4690;2022-07-31;2022-08-30
3385;outfit.d720fa6c17bf4c688054cbda17336d6c;2022-01-21;2022-02-21
2833;outfit.2c789fb5fc554dbd8dd86e423e809ff4;2021-06-04;2021-07-05
2833;outfit.4a4c3e2895e2437b8cda83c27064abba;2021-05-07;2021-06-04
2833;outfit.2a4ac5ffa2a44630a5295e135713963f;2021-07-05;2021-08-04
2833;outfit.38ee7fbdbe9d430992b70d4e5e1a421e;2021-07-05;2021-08-04
2833;outfit.80820b9138cd4205885caaa0a65dd6a4;2021-06-04;2021-07-05
2833;outfit.6a0ee820e93d45bb86077aa56e1c231a;2021-08-04;2021-09-06
2833;outfit.40a0759f9fee458ea303ea8d1ef61a74;2021-05-07;2021-06-04
2833;outfit.cd734667a90745b3a826957b1dc343ac;2021-06-04;2021-07-05
2833;outfit.a50024ea71e6453c9c09d6d65d21a5ea;2021-06-04;2021-07-05
2833;outfit.13db1499701e46f5b6e98d5e6d34267a;2021-05-07;2021-06-04
2833;outfit.9b440739a4ab0623;2021-05-07;2021-06-04
5303;outfit.ac365138f7722b8c;2023-11-17;2023-12-16
490;outfit.252b5f88ee66462e9aef2ea071969700;2020-12-14;2021-01-14
5481;outfit.8fc9f69e531f4a6991f69f6896d1738b;2023-11-28;2023-12-27
7411;outfit.bd37bc0ed1857fb5;2021-11-23;2021-12-15
7411;outfit.c46affd5f8ee4749b1f8e7d4ff47f3ff;2021-12-15;2022-01-14
920;outfit.65489efb22d947a8865099ddde5b790d;2020-10-09;2020-11-09
920;outfit.2d7a170f85b04d2bb2ab4eb41d795d0f;2020-10-09;2020-11-09
920;outfit.ad412f59706c86b8;2020-10-09;2020-11-09
4463;outfit.78d16995b62e40d48f06a20dbf72d844;2022-06-06;2022-08-05
4463;outfit.c09187a8a8334f118324a6c4de5f7a91;2022-07-06;2022-08-05
4463;outfit.3037fa72ade7482e8c13863bc447c11c;2022-07-06;2022-08-05
6907;outfit.78778f72774d4269abd8410a9511fdf6;2021-02-01;2021-03-01
6907;outfit.5235ff1f43e94601b30e4f25d6abcb39;2021-02-01;2021-03-01
1207;outfit.b8311b5c70cc4a46927bae03a650edcf;2021-09-20;2021-10-18
1207;outfit.1431039944fe4be88f8890a04a346b09;2021-09-20;2021-10-18
1501;outfit.841f070dd5a12094;2022-09-06;2022-10-05
4409;outfit.535d7a56f1a44289b93c6bd46f656d8f;2023-09-05;2023-10-04
4409;outfit.8399e72f71c74d9683a7416571e032fc;2023-09-05;2023-10-04
2687;outfit.4688b412bce3457a9c1727fd38ab4a06;2022-01-04;2022-02-04
996;outfit.0f8322b7e0a64bcf8a0ac8936262049c;2022-06-15;2022-07-14
1684;outfit.a1bd30435ab14461af069cf262f1e1eb;2022-05-20;2022-06-19
1684;outfit.c71e9a58962a404b9d6c8df867b4b392;2022-08-20;2022-09-19
3103;outfit.a84d98da9b0b4c8d95457d446a4df5fd;2021-12-02;2022-01-03
3103;outfit.9d9aa8d609db476783be7553a9bb706f;2021-12-03;2022-01-03
3103;outfit.d3ca7df0bdfc41fa91877417e2eb8315;2021-11-03;2022-01-03
2364;outfit.82303d2b1b524d6795661a1f5426a134;2023-12-07;2024-01-06
948;outfit.2cc1bf3b23ce4811b7cc78ec9e50c379;2023-08-03;2023-10-02
6885;outfit.151898f52a9a4e1a9862b376db9195e9;2020-11-13;2020-12-11
6885;outfit.ba4ea8e459d0dfcb;2020-09-14;2020-10-14
6885;outfit.942fb5cf84a64da28ca55359e7dc1225;2020-11-13;2020-12-11
1998;outfit.688665113d8c4d13bae1db16e822454c;2021-10-19;2021-11-09
1586;outfit.c012d37926b545bf90d7c4a0c5634696;2022-01-06;2022-02-07
1586;outfit.92101abfe02e418f8bc033846dc6d1c8;2022-01-06;2022-02-07
3123;outfit.8ed6e4fedeb67e87;2022-02-01;2022-02-28
105;outfit.684efa997862433aaf292a14289eaa4a;2021-08-03;2021-09-03
1589;outfit.4295344ef7464599b0e1698740582792;2022-11-19;2022-12-18
69;outfit.d3972ad336174608b061e6224cb1fad4;2022-02-22;2022-03-21
3267;outfit.dad7a49a6dd54b0797b841af3ffaad7f;2022-09-27;2022-10-26
3267;outfit.81e52ba208d55e4d;2022-07-27;2022-08-26
3267;outfit.b09e135ba34c46daaf3a5495dcec6e83;2022-07-27;2022-08-26
3267;outfit.be3e7c4ec5718d36;2022-08-27;2022-10-26
3267;outfit.a1c7ea9aa83e32c8;2022-07-27;2022-08-26
3267;outfit.e4bb08fb4a5f4f11843632fa2a227421;2022-08-27;2022-09-26
3267;outfit.8a130c68d99c4023ad5d0551e483cec9;2022-07-27;2022-08-26
1881;outfit.6e2a3eeffbf4433c9d6e5085d8c083f2;2023-11-26;2023-12-25
4218;outfit.ed5a5a066ca647b6a9aaeb1ec8e7ee87;2021-08-27;2021-09-27
4218;outfit.75fd35081c884af28940d854e0a8c67f;2021-08-27;2021-09-27
4463;outfit.fe07e41596d841c6943aa7819488c565;2023-06-22;2023-07-21
4463;outfit.1b3e2ad0256b4c839afe49dcfcd50b40;2023-09-22;2023-10-21
1735;outfit.9acd6a788f014e9b81fb32f2c97f53d8;2022-12-17;2023-01-16
2170;outfit.ede0d0fd9315467c868825bcb20d2fe6;2023-09-26;2023-11-25
4819;outfit.871f15bc73153001;2021-11-26;2021-12-03
5336;outfit.dc762a7b6d30497b983f8127846123b0;2023-09-12;2023-10-11
3312;outfit.eb4191b3e52b4a949d26b54262bd6c04;2021-06-08;2021-07-09
3312;outfit.a995ea509cd69726;2021-06-08;2021-07-09
319;outfit.bf8385f15d6d468880c5e654f7599cf1;2023-06-29;2023-07-28
319;outfit.3dac69d72aed4d1ca4fc6bcff6b7cd4f;2023-05-29;2023-06-28
319;outfit.eafae74f4ff24c29862f7dba09874920;2023-04-29;2023-05-28
319;outfit.d933a0b2120d4102bcfe5f51886dc0e1;2023-06-29;2023-07-28
319;outfit.e98a6e485b1941d98e43c0e74cc6885b;2023-04-29;2023-05-28
2057;outfit.113c7b9e83d0435894562f0b5ef41fc9;2023-05-03;2023-06-02
2815;outfit.66da7242210f4c3fa7a47285efe37504;2022-09-10;2022-10-09
2815;outfit.de20bfe0e31a4a33b8f0a25e9d93f97e;2022-07-10;2022-08-09
2815;outfit.0a769485844446769b0609c505933bab;2022-06-10;2022-07-09
2815;outfit.ae451567693540fbb1bb66c05d3f8951;2022-06-10;2022-07-09
2815;outfit.d44ae0b21fb940feab3385596af0c711;2022-05-10;2022-06-09
2815;outfit.ab9dd6cb6757426c9d5968e731b29cb2;2022-06-10;2022-07-09
2815;outfit.c8899e358d4846b5b5973cc0f9342aed;2022-05-10;2022-06-09
5754;outfit.d3739869edc74a0a855e399f5b75a567;2020-07-10;2020-08-07
2022;outfit.978b0bd3e4cb9afa;2023-02-22;2023-03-21
2022;outfit.29c39d6085f345dfbccc23a2f8e274a6;2023-02-22;2023-03-21
2148;outfit.369422f2e567409b88d925e916f3a555;2023-06-21;2023-07-20
3376;outfit.3c8a7e19e80f47ab98f2fc61316aa8f2;2021-12-15;2022-01-14
3376;outfit.ab9dd6cb6757426c9d5968e731b29cb2;2021-12-15;2022-01-14
3376;outfit.9e5db8a02f39402aaa9ee148d10ce073;2021-12-15;2022-01-14
3376;outfit.386472f39b5b4a7082e407d6171b4036;2021-12-15;2022-01-14
3376;outfit.1704515347d34164b1de0aa1300d063a;2021-12-15;2022-01-14
1354;outfit.8d6bd94d09354d22a77928a01bac9d25;2023-09-06;2023-10-05
3577;outfit.ccf811c5b8f847758b9d79c74514890f;2023-08-16;2023-09-15
3577;outfit.bf299b7d8eeed1e5;2023-06-16;2023-08-15
3577;outfit.8400c26ee9d435bb;2023-08-16;2023-09-15
3577;outfit.5ee6b8e1796843248c5ed0284c981f77;2023-05-16;2023-06-15
3577;outfit.bf299b7d8eeed1e5;2023-07-16;2023-08-15
3577;outfit.ad6f853b5c31b6f5;2023-06-16;2023-08-15
416;outfit.439ff276a34d4993ad9cf68d06c67d96;2023-10-07;2023-11-06
416;outfit.8db4b3541b97c627;2023-10-07;2023-11-06
416;outfit.93fb65b596dc4d628b4812d30178a4dc;2023-09-07;2023-10-06
416;outfit.935ea85c252f9586;2023-10-07;2023-11-06
416;outfit.682cad04f9644aa692e0326d850b670d;2023-09-07;2023-10-06
6372;outfit.9337c57be08b48f685e77490d17da267;2020-05-25;2020-07-01
6372;outfit.207232e414dd46e5b7352becfd9e53e5;2020-05-25;2020-07-01
6372;outfit.abd7e59260904f73ba0937d81996a9f2;2020-05-25;2020-07-01
3192;outfit.e96d2e7204fb4c1ea24fe71b3f967e0c;2021-02-16;2021-03-16
3192;outfit.a6b9c3792d6a4ad4;2021-01-18;2021-02-16
3192;outfit.bc490bc7db204af498825badd2d59285;2021-04-16;2021-05-17
3192;outfit.34b2a2a9779a47f0a1aff663fe8d1c86;2021-04-16;2021-05-17
1237;outfit.359ce2bd2e40491686ce3ebc4a13ead6;2021-11-08;2021-12-08
1237;outfit.5c3e94100ece4badabb0d1835ab78377;2021-10-18;2021-11-18
7411;outfit.8046647faecd43129ae560e955ebc8e5;2023-06-19;2023-07-18
2775;outfit.56dec64c8c834afaace780273bbde124;2022-03-26;2022-04-25
6601;outfit.bb72f30cdb4246d1bc47ff8b17cf4162;2024-01-05;2024-02-04
6601;outfit.ac52d51d1863129e;2024-01-05;2024-02-04
892;outfit.074a10af152c489ab0ecd8d67fa60fb9;2021-11-19;2021-12-17
3158;outfit.01601322d21a422fbc2db49c7866e264;2023-05-19;2023-06-18
3158;outfit.8e408fb4b2c64525966837c7789f2965;2023-03-19;2023-04-18
3267;outfit.6a0ee820e93d45bb86077aa56e1c231a;2021-06-21;2021-07-21
3267;outfit.7c3e32e564f84de28c9ab8a6f06a2e24;2021-06-21;2021-07-21
3267;outfit.374273ffb79943b7be144ceb14529592;2021-06-21;2021-08-20
3267;outfit.dfcd2f8c28c84d8db5aabe6da9e9c01a;2021-06-21;2021-07-21
3267;outfit.d71dd7d70f184d10b2bc26105f3283d2;2021-06-21;2021-07-21
2492;outfit.061cf3fb3952410baeb8b3c61cc23415;2024-05-23;2024-06-22
4858;outfit.bcc71d0caf95dc33;2020-08-20;2020-09-21
4858;outfit.0777834f7f1a4762a8c1ba09f2f4881d;2020-08-20;2020-09-21
3116;outfit.3f2ed80371424e879c455f3eb07fcaa7;2022-10-10;2022-11-09
3116;outfit.b26dea94dbd147919dbe9c6378c9c52f;2022-10-10;2022-11-09
3116;outfit.ac3e4eefb550471989769e1e4d1683d1;2022-10-10;2022-11-09
5846;outfit.52d1f28b96d6412b8143411eb00fa1d0;2023-06-12;2023-07-11
5846;outfit.3192a1f5ab4b41c4ac530502ee7f5720;2023-05-12;2023-06-11
5846;outfit.09ed7d853d264be0b707417f8ee4630d;2023-06-12;2023-07-11
5846;outfit.64910701f4974360acc6851b2b0fd7cf;2023-07-12;2023-08-11
7411;outfit.92f2e542b76f7d6d;2024-01-19;2024-02-18
7100;outfit.34b2a2a9779a47f0a1aff663fe8d1c86;2023-03-17;2023-04-16
3848;outfit.bc206d94b57448cda9406458a264710d;2021-08-23;2021-09-17
1083;outfit.caf28526c07f46a9b8e16aa22e09593c;2019-10-14;2019-10-30
1083;outfit.83f7ed2dfaa11b7f;2019-11-01;2019-11-04
1083;outfit.a68b7a70b061a667;2019-10-14;2019-10-30
1083;outfit.9933049f02ac4f3a;2019-11-01;2019-11-04
4608;outfit.fbc8b0687de1468c9a8517d5568431d9;2020-10-07;2020-11-06
4608;outfit.6ea93b224a3c4027861e62805e0bd3f8;2020-10-07;2020-11-06
4608;outfit.05164954243a4c5cac4930572105ed27;2020-10-07;2020-11-06
6977;outfit.71442f9043504300907b80e2385f9ae4;2023-01-15;2023-02-14
7411;outfit.3b8b5f19d5fc4d66ab636569a6c9d030;2020-08-17;2020-08-31
6601;outfit.fe06ae3e05fe48d1ac80a4d182cc8cb7;2024-04-05;2024-05-04
1382;outfit.b227d2e4685f4a56a13c4e43023021ec;2021-07-26;2021-08-26
1382;outfit.d91c416ae1584028ba0c20f1329bbb97;2021-06-28;2021-07-26
1382;outfit.0f545b5ba1274c66b2896afdcc48c5d9;2021-07-26;2021-08-26
1382;outfit.24c32dd0323c4873949167fe0d1db421;2021-06-28;2021-07-26
1382;outfit.efeca2ca71b54ba49ec487475dfae85c;2021-05-26;2021-06-28
1382;outfit.151898f52a9a4e1a9862b376db9195e9;2021-06-28;2021-07-26
1382;outfit.611ba8f831e449f0a5bf0dfcc78e35a6;2021-05-26;2021-06-28
1248;outfit.ed26f73fdcad4071a6efa9ea84e9de3c;2022-08-12;2022-09-11
1248;outfit.3230795e6aed435ab96c8fcf5e56fd08;2022-08-12;2022-09-11
4564;outfit.1dc2bd9dc2ae421883e8845f3e335449;2021-09-24;2021-10-22
4564;outfit.2ead65a1ecf54c38a27bebc2bf47b9b1;2021-09-24;2021-10-22
4564;outfit.bb925d82b43cfc38;2021-09-24;2021-10-22
1537;outfit.848a85ca39d3fda6;2021-09-29;2021-10-29
454;outfit.ad0e0bb9c3ab3cb3;2023-11-03;2023-12-02
272;outfit.353d5f65327e4dc7a10203844a59c560;2022-08-15;2022-09-14
4638;outfit.5d29c975554e432eacf5e7d49c5342e3;2022-05-02;2022-06-01
4638;outfit.bc3fd0ccde3142df8d22eaf0508699a6;2022-05-02;2022-06-01
1032;outfit.5dbcbf03f1ec4ad280e3b90b688f0dc3;2022-04-11;2022-05-10
4463;outfit.b51ab929ce045cce;2022-04-06;2022-05-05
3062;outfit.f3067ef490224ffba4c9a8b16458c624;2022-08-09;2022-09-08
3749;outfit.0d1682558d8e43fa830ad2846c3e9f46;2021-01-21;2021-02-19
5812;outfit.505dbed58d2a45bc9bd72774be4f5c47;2020-12-16;2021-01-15
5812;outfit.a4699b3b33b4d99c;2021-03-01;2021-03-17
5812;outfit.827b99b7b40a655e;2020-10-16;2020-11-16
5812;outfit.9685cc11be684ed39ab8edac1e9a822b;2020-10-16;2020-11-16
5812;outfit.a8544eb2962547d1bb80da530b4c377a;2020-12-16;2021-01-15
5812;outfit.06464642967c4d9fa0f8267dfd3d80c0;2020-10-16;2020-11-16
5812;outfit.61a93a8506024e779db658f842e26625;2020-11-16;2020-12-16
5432;outfit.9d2ae3e74d7f4d9bbde82be334a3a21b;2020-06-11;2020-07-09
5432;outfit.e5f491fc4e7e44709b03e381648231be;2020-06-11;2020-07-09
5432;outfit.a1c7ea9aa83e32c8;2020-06-11;2020-07-09
5432;outfit.4e834d5f015d474e8fd547e080f750f8;2020-06-11;2020-07-09
5432;outfit.4238aa017620494dbe0724f9b8f8f702;2020-06-11;2020-07-09
4884;outfit.260d02e82bbd415bbe1e18918e98e0b6;2022-08-11;2022-09-10
6447;outfit.8302402a6e8e8e8c;2021-12-10;2022-01-14
6447;outfit.9aadfc9a1d195c33;2022-01-14;2022-02-02
6447;outfit.43226226462b46ef9545ea320348ff21;2021-12-13;2022-01-14
4960;outfit.defda56477d1496dacd7a61e447be9c4;2022-12-09;2023-01-08
2619;outfit.5330ecb4f53c4f7a865f99a6fdd37773;2024-03-28;2024-04-27
5330;outfit.6587d43842ed43958181f9925d52806c;2023-03-13;2023-04-12
5730;outfit.57e0110f769d47ea863ebea78235fd23;2022-08-11;2022-09-10
6354;outfit.da552355bfd04649a987a3881b99d09c;2022-08-25;2022-09-24
4725;outfit.a841b2acdc119218;2023-10-28;2023-11-27
5679;outfit.f11efd8c7b064175b4997b1ab65b5458;2021-10-12;2021-11-05
5100;outfit.1b3e2ad0256b4c839afe49dcfcd50b40;2023-01-17;2023-02-16
4674;outfit.4c41406859e04bc7b29036c62ea1b7df;2023-12-26;2024-01-25
1374;outfit.fc3f7855aa394fa5945bc8d90b6eee95;2021-06-07;2021-07-07
1374;outfit.afcfeb5d7cda41318a080365f05c9075;2021-06-07;2021-07-07
5222;outfit.ddd870ed06d64892af526d056b438894;2023-06-24;2023-07-23
5222;outfit.97071c364d1944db8c7ae6a9d768a51a;2023-07-24;2023-08-23
5222;outfit.97071c364d1944db8c7ae6a9d768a51a;2023-05-24;2023-06-23
3192;outfit.234ce093695f4773aba7287620cee9ca;2022-01-17;2022-02-16
3192;outfit.ee35f79e0dc64dc6b321dcccc476d68e;2021-12-16;2022-01-14
490;outfit.2aec918a8506401aae5b24cc89b53bf0;2019-11-15;2019-11-21
490;outfit.c95b16794434474e8d02306d2f1b6a0a;2019-11-08;2019-11-21
490;outfit.f45e25a44bdd429991e9186db7fa64e5;2019-11-08;2019-11-21
490;outfit.a1efdc0d88774773957da6e703852211;2019-11-08;2019-11-11
490;outfit.3339007e20b94181807f9570766cde62;2019-11-08;2019-11-21
490;outfit.49c64ac752d4452886a0f505007df0fd;2019-11-08;2019-11-21
490;outfit.d263cb821a244b41b4c47ac08fa10596;2019-11-08;2019-11-21
490;outfit.e2ac14f5ba454e0eaf3e7c0f926c65ee;2019-11-08;2019-11-21
490;outfit.8060c53293c94422bf08bb0997ab9763;2019-11-08;2019-11-20
490;outfit.09f131a3a13141da9b70638289d27de3;2019-11-08;2019-11-11
1390;outfit.6d6fe6b3b2514ecc8c47947292874f90;2022-07-26;2022-08-25
1390;outfit.adeaa758e4b292c5;2022-05-26;2022-06-25
1390;outfit.36eacc2af2494660a2c914aab7474a40;2022-06-26;2022-07-25
2759;outfit.fd709e5fcf3c44569fcc59edf75d4193;2022-10-26;2022-11-25
1625;outfit.774b95bb02cb4be0b92d2a232bdb8b0f;2022-06-30;2022-07-30
1625;outfit.b6f7358d6feb42ceaec950e6b66f4a34;2022-07-31;2022-08-30
1735;outfit.c8c5d18e8365419eba926afed7344dd7;2021-10-12;2021-12-01
1193;outfit.2121de17fb604c6ea87a3f9b6d0030db;2022-06-26;2022-07-25
3956;outfit.37f5db61da1b4fb0a50472c1ddc442a4;2023-07-05;2023-08-04
3956;outfit.ee0dfdf3b9a349b591e78712514e2f5b;2023-07-05;2023-08-04
3227;outfit.fdc3cdbad50644ad97fc0a903f967e15;2021-10-26;2021-11-23
3227;outfit.900dd323358401b1;2021-10-26;2021-11-23
3227;outfit.a01f2c0fa05d3f98;2021-09-23;2021-10-26
3227;outfit.2fac9258e5a64ac9a7658f54bd2056a8;2021-09-23;2021-10-26
3227;outfit.03d688ca88f84e89aeb31592d6394247;2021-11-23;2021-12-27
996;outfit.817cf154a066e6e0;2022-06-15;2022-07-14
996;outfit.39e26260f13d466b946601bafd691d36;2022-06-15;2022-07-14
4564;outfit.0533ed8c59ce4cf29172f502a3a93a91;2021-12-17;2022-01-14
4564;outfit.8a9a59a3ebbb46a8bea05ebe9599a1c0;2021-12-17;2022-01-14
4564;outfit.af3a0f7fe64e49fc81c4d13f6ac481ec;2021-12-17;2022-01-14
5593;outfit.6587d43842ed43958181f9925d52806c;2022-01-05;2022-01-31
5593;outfit.1f8f1544736b40b99c3485150d68342b;2022-01-05;2022-01-31
2205;outfit.55135c282c3849ac8b06f82861870970;2023-09-01;2023-09-30
2205;outfit.be3e7c4ec5718d36;2023-12-01;2023-12-31
1193;outfit.d6789556754c4ce084d2fc7c354ae23d;2021-08-06;2021-09-06
416;outfit.17996f09f2a84c078a7b0bd718bcddd6;2021-04-06;2021-05-06
416;outfit.aac9da3df1d5b519;2021-04-06;2021-05-06
416;outfit.fbb003446d3c40a3879b475502a7e104;2021-04-06;2021-04-07
5617;outfit.0fdacd78ea72476d9688afaa61fc5c42;2024-05-17;2024-06-16
1735;outfit.8f34384795bfc03e;2022-04-17;2022-05-16
3192;outfit.6b8d0d5720af4e33af8dff7afe7b0ed3;2020-12-16;2021-02-16
3192;outfit.9373e29ec69b488d9cbb22abfaed3b0d;2020-12-16;2021-01-18
3192;outfit.e17a0df1f70743e590827d7df93bb7f4;2020-11-16;2020-12-16
5144;outfit.3b49ff8bbdf2444a83abcdc0fbb45f01;2022-05-10;2022-06-09
5144;outfit.5a0e04a9018a4904990fc85f1c8cd1ce;2022-06-10;2022-07-09
6519;outfit.173befabe7a14130b0e646ca4152150c;2021-03-22;2021-04-09
462;outfit.2121de17fb604c6ea87a3f9b6d0030db;2021-04-26;2021-05-26
462;outfit.961a17ab05934b81a815e365bfe692d4;2021-04-26;2021-05-26
462;outfit.31edccd419de4fc5ae6aeb7eed4327ab;2021-04-26;2021-05-26
107;outfit.a4a8f76f18ed4907ba632600bd676db4;2021-11-08;2021-12-03
3189;outfit.39c98e12ea9942a0a2c98c6297aabfbf;2021-12-03;2022-01-03
6526;outfit.4b2a9c705f844b229cb293ba66c8ddf5;2023-11-09;2023-12-08
7400;outfit.d24b8b64d37f4ea29ccc8aeb0c1bbb2f;2021-05-10;2021-06-08
7400;outfit.abe970f711444589b6ce9e81bf35615d;2021-05-10;2021-06-08
2040;outfit.56dec64c8c834afaace780273bbde124;2021-03-11;2021-04-12
2040;outfit.fc774521956e43c1b7b989272f5dca23;2021-03-11;2021-04-12
6284;outfit.1185a02614b947abbd217a5ba0b05a67;2022-10-17;2022-11-16
6907;outfit.5235ff1f43e94601b30e4f25d6abcb39;2022-03-01;2022-03-31
6907;outfit.4bd8e39e3d5442c4b76dcd9797725b38;2022-03-01;2022-03-31
356;outfit.66da7242210f4c3fa7a47285efe37504;2021-11-22;2021-12-21
356;outfit.00fa8d1fd5804fe78ac284c2e0c28b4e;2021-11-22;2021-12-21
7400;outfit.13db1499701e46f5b6e98d5e6d34267a;2021-03-08;2021-04-08
2087;outfit.ac8b21f80afdc025;2021-10-06;2021-10-13
5118;outfit.7219638a7f244f3aa1e612e613a4c77c;2020-10-16;2020-11-23
1319;outfit.466afa76adb144b7ad004be6382cfc54;2022-07-26;2022-08-25
2364;outfit.03a5ffb8c27947de936564061de3d046;2022-05-07;2022-06-06
3094;outfit.8273c17c394043b8affdf5c04ee019ed;2020-09-25;2020-10-30
4638;outfit.e8f877d97bec44b49a40abd355d69d51;2021-01-06;2021-02-01
4638;outfit.e18310c477cb4fa38cd9ba31e9997c4f;2021-01-06;2021-02-01
4638;outfit.d4a659e844e64b399669fe54284c3595;2021-01-06;2021-02-01
55;outfit.a5d5bfee852848c18596d844a3a9025e;2022-08-06;2022-09-05
6907;outfit.8b2bcd93f2f8004f;2021-06-01;2021-06-30
4501;outfit.bf299b7d8eeed1e5;2023-12-06;2024-01-05
4501;outfit.eca74800caaa4895a2db653db0020607;2023-10-06;2023-11-05
4501;outfit.2701e5369cbe4015a19e9074113cb899;2023-10-06;2023-11-05
4501;outfit.10702960934e47ca8b83d90cb167b470;2023-10-06;2023-11-05
2619;outfit.466afa76adb144b7ad004be6382cfc54;2023-05-28;2023-06-27
2619;outfit.21474001bd3e48a19da3a75c2f3819fa;2023-04-28;2023-05-27
3846;outfit.af7384d7b857af65;2021-03-08;2021-04-02
3846;outfit.7ca0d67e06f7491f926b46e7fbdbd32c;2021-03-08;2021-04-02
3846;outfit.a6275beb200f40c7a6b422d5c8b3d4b7;2021-05-03;2021-06-03
3846;outfit.4f39670d27b14b41994aa1f388d86260;2021-05-03;2021-06-03
6364;outfit.dac42acd25b1410aacbf75c85cc6cb7f;2021-07-16;2021-08-16
6364;outfit.2fb54603691a49b498bb904a3b6bb28e;2021-07-16;2021-08-16
1626;outfit.55d914792ebf4d18808eb0bd3ec70bb3;2023-02-16;2023-03-15
1626;outfit.65489efb22d947a8865099ddde5b790d;2023-01-16;2023-02-15
1626;outfit.ac3e4eefb550471989769e1e4d1683d1;2023-02-16;2023-03-15
1626;outfit.6705bc03d5e649f4bec363e6367cd89a;2023-02-16;2023-03-15
3116;outfit.de1b2d84d80341d2bcc0adcd5ce60af4;2022-08-10;2022-09-09
5760;outfit.57d3d071648f425f900f33b203e013c8;2022-04-05;2022-05-04
3875;outfit.3e47b084ad704fb5b25b38809fae38a7;2021-07-08;2021-08-06
3875;outfit.7bf81ddabaf04521afae88cc4b70ef8f;2021-07-08;2021-08-06
3875;outfit.ac3e4eefb550471989769e1e4d1683d1;2021-09-07;2021-10-07
4837;outfit.2208707dcf134558b4d335f1e3534655;2024-04-03;2024-05-02
5695;outfit.60a1072927ca4f13ae03d6f876c42cb3;2021-09-02;2021-10-01
5695;outfit.a02f335a26704f80a01232079d662ff4;2021-10-01;2021-11-01
667;outfit.dbfe1373a2f840979196fe10b912e0c5;2022-07-02;2022-08-01
3991;outfit.afd3af027be275f2;2020-11-23;2020-12-21
3991;outfit.b42337853cae4f66a2e7640b6845d2e5;2020-11-23;2020-12-21
1248;outfit.ae9518aba2aff33b;2022-03-12;2022-04-11
5837;outfit.c012d37926b545bf90d7c4a0c5634696;2021-07-05;2021-07-28
1259;outfit.372a132f8fe4463f8fdb8d7a8b3f5206;2023-08-07;2023-09-06
3385;outfit.8a6d7780e2644bbfaa7695900a8266dd;2022-05-21;2022-06-20
3385;outfit.8b6aab2ad8a64211b84b7d5eedea15d1;2022-05-21;2022-06-20
2812;outfit.1ba9e80c87c84ac98d59fd5fbecf6f32;2021-07-02;2021-08-03
1684;outfit.f4a2cebc0a544c9abc6305e9bd33b9c6;2023-03-20;2023-04-19
1684;outfit.940d8268582284b6;2023-04-20;2023-05-19
6650;outfit.80820b9138cd4205885caaa0a65dd6a4;2023-06-01;2023-06-30
6650;outfit.78778f72774d4269abd8410a9511fdf6;2023-07-01;2023-08-31
6650;outfit.427ef0e6b9c847fba4200cfcfe1abce9;2023-07-01;2023-08-31
4608;outfit.4c41406859e04bc7b29036c62ea1b7df;2021-08-06;2021-09-07
3577;outfit.b701b51a404a44418a375258167ad442;2021-03-08;2021-04-08
3577;outfit.27a3cd48834e43b2ad991c05136ee880;2021-03-08;2021-04-08
1840;outfit.060cbfa6f9024404bd6a4ed96b7bd41b;2024-04-09;2024-05-08
3094;outfit.a8083cd1fd8b4da982f6f8b6364d96a6;2021-11-30;2021-12-21
3094;outfit.afcfeb5d7cda41318a080365f05c9075;2021-11-30;2021-12-21
5330;outfit.6587d43842ed43958181f9925d52806c;2021-10-18;2021-11-18
5330;outfit.e96d2e7204fb4c1ea24fe71b3f967e0c;2021-11-15;2021-12-15
5330;outfit.1b3e2ad0256b4c839afe49dcfcd50b40;2021-11-15;2021-12-15
3749;outfit.8f6c3fbd7db0400caaf95a95ab29a97d;2021-09-23;2021-10-22
3749;outfit.427ef0e6b9c847fba4200cfcfe1abce9;2021-08-23;2021-09-23
6879;outfit.26e0f5cc69634d079b4cd4a55b315809;2021-08-26;2021-09-15
6879;outfit.02323792c3fc471186d9e7c2debd393b;2021-08-26;2021-09-15
6879;outfit.946ae92e21374e0d8935761e881bb94b;2021-10-15;2021-11-15
6879;outfit.b5db150f4740b356;2021-09-15;2021-10-15
1706;outfit.efbeb50344e54028b243698b3dd1b700;2022-05-18;2022-06-17
3669;outfit.8de70e2a9b7f463eb44f6a072e14d1a2;2023-11-24;2023-12-23
4464;outfit.233cc1a575934df38cc3c307901345e5;2022-08-19;2022-09-18
4464;outfit.4d87f217c19241cf9a4feb9d75638e1a;2022-08-19;2022-09-18
2329;outfit.b7e42c6a4cc546d3936a1fc797a1b4ef;2022-06-22;2022-07-21
5695;outfit.a995ea509cd69726;2022-04-06;2022-05-05
5695;outfit.15c97a5fde81407f8cd5be88a178efdc;2022-07-06;2022-08-05
5695;outfit.35e53b748ea043f79cd9a2caca3a995b;2022-04-06;2022-05-05
2799;outfit.b1ddecd27b94476d833c0ea2c2bb6d3a;2024-04-27;2024-05-26
3051;outfit.c5a8b5900a2744589424bd5f8494497b;2020-08-03;2020-09-03
3051;outfit.139187a6eb1540b6b2b8aef96bd12601;2020-08-03;2020-09-03
3051;outfit.a8fae88d2b7640e2b28161d301fc5e08;2020-08-03;2020-09-03
7411;outfit.10cdb2c115df4a9197e1471e536a0569;2022-07-19;2022-08-18
7411;outfit.b3aca8927927e99d;2022-07-19;2022-08-18
7411;outfit.9aa24eb08db9447da1e6f285b151b357;2022-04-19;2022-05-18
7411;outfit.3619c49a78674b0bb3c2803ee199cd92;2022-07-19;2022-08-18
1138;outfit.badb81ea53ce4b62b54387b26501b6c9;2022-05-17;2022-06-16
3017;outfit.337cc518c38b4bc18d879987d91b073c;2021-12-06;2022-01-05
266;outfit.60dced53fd414aec99d569404f19c4ee;2023-11-30;2023-12-30
2085;outfit.34bd3ce2dd644974b9e945a8d91d8bca;2022-10-26;2022-11-25
7244;outfit.ccae6ec63d494a5eadd0d6b001597c42;2021-06-25;2021-07-26
7244;outfit.478c7aaed8f8413d9618e508ddd7d59b;2021-06-25;2021-07-26
1382;outfit.a50024ea71e6453c9c09d6d65d21a5ea;2020-08-26;2020-09-25
1382;outfit.cf2fa10de8ea412186fd6dd1f658e3ff;2020-08-26;2020-09-25
1382;outfit.ae538ccb6bf14a858b0f66458e592872;2020-08-26;2020-09-25
1382;outfit.68d7e3b9e8be4f07b3b200682d7dc456;2020-08-26;2020-09-25
3593;outfit.6d6fe6b3b2514ecc8c47947292874f90;2021-05-27;2021-07-26
3593;outfit.1829ff6232b04c84b6666a8d0542eaef;2021-05-27;2021-07-26
606;outfit.57d3d071648f425f900f33b203e013c8;2022-05-26;2022-06-25
606;outfit.9ec98510baa9411d905131e4377e154d;2022-05-26;2022-06-25
5738;outfit.80820b9138cd4205885caaa0a65dd6a4;2023-01-20;2023-02-19
5459;outfit.aa76777d3b9d4073a342e2093e4ea1e2;2023-10-25;2023-11-24
5459;outfit.81e52ba208d55e4d;2023-10-25;2023-11-24
5459;outfit.9bf55c30dee14573ac0d46c03fce3a0e;2023-10-25;2023-11-24
5459;outfit.086c9043a69b40659f1a510d8c47ef65;2023-05-25;2023-06-24
7050;outfit.7b4f2169219844b0841ffb1a8c602ee2;2021-10-01;2021-11-01
2217;outfit.0aa7e8933ae54c58b47cfe56e2143424;2020-10-05;2020-11-04
2217;outfit.8690d4d46fd2436c98f61bde4a65cc61;2020-12-04;2021-01-06
2217;outfit.cf1d104fc65c4fd987d195e2a58e588a;2020-10-05;2020-11-04
2217;outfit.f4a912d387fc4198a3f4a1d91701a595;2020-10-05;2020-11-04
2217;outfit.56e3cc906a444a569d6b057189a361bf;2020-11-04;2020-12-04
2217;outfit.5048c556741f4513ade4ab8607e5a46f;2020-12-04;2021-01-06
2217;outfit.398089067b414b2d8d1c862f527936e2;2020-12-04;2021-01-06
2217;outfit.9c2285b935d84f3b85e9678007eac190;2020-11-04;2020-12-04
2217;outfit.5048c556741f4513ade4ab8607e5a46f;2020-11-04;2020-12-04
2273;outfit.15c97a5fde81407f8cd5be88a178efdc;2021-09-16;2021-09-20
2052;outfit.3ce016303b474839a95f7375cf891639;2021-10-22;2021-11-22
2052;outfit.76443d6db496494dbb26ac275ecbdb3b;2021-10-22;2021-11-22
2052;outfit.8022397c5e3d4ab4bc8e421da9236d29;2021-10-22;2021-11-22
1605;outfit.ad428eff809e2480;2021-12-09;2022-01-07
1749;outfit.ad848f726cd93e66;2023-12-10;2024-01-09
416;outfit.41e3a8155d734aa8a3c114e1dfbefe1b;2021-10-06;2021-11-05
1083;outfit.9617c0965077556e;2022-02-04;2022-03-03
6696;outfit.b657867a142340aaa12e133d9835c823;2021-10-15;2021-11-15
6696;outfit.df04bf46dbd54868a63d2db542a5fa3d;2021-10-15;2021-11-15
6696;outfit.031a15e68a354f8cbe8f65c45da3f231;2021-10-15;2021-11-15
1219;outfit.98c77b103c834bec95a332ea8b683db1;2022-05-21;2022-06-20
1219;outfit.2347aaf8e3e34c34977a3682e0b3bdbc;2022-09-21;2022-10-20
1219;outfit.360831efda1443f6bd7c4c5931b1d189;2022-07-21;2022-08-20
1219;outfit.360831efda1443f6bd7c4c5931b1d189;2022-08-21;2022-09-20
1219;outfit.1260ac1718974152b1294c75e13aae88;2022-06-21;2022-07-20
1219;outfit.b21aec5d36074eb790d69c5c40b7d77c;2022-08-21;2022-09-20
1219;outfit.a022100a2a964f4d9b262749de0b15d4;2022-06-21;2022-07-20
1219;outfit.a022100a2a964f4d9b262749de0b15d4;2022-08-21;2022-09-20
4774;outfit.55135c282c3849ac8b06f82861870970;2022-08-04;2022-09-03
4774;outfit.427ef0e6b9c847fba4200cfcfe1abce9;2022-08-04;2022-09-03
4017;outfit.89a1a2941012477c83e6f9aaf2f144c8;2023-06-09;2023-07-08
4017;outfit.b1a8ed1f5b6d4a2f86fb528cc029006e;2023-06-09;2023-07-08
3041;outfit.88e9a4b11d284db686be6be18502f641;2022-05-06;2022-06-05
1382;outfit.cc2a4ea6b82044d2804ee26e593fbc00;2021-04-26;2021-05-26
5760;outfit.b04f116bc3224f22a8f17d62934fe2cd;2022-09-05;2022-10-04
5169;outfit.1b9ab78223b843e08e1daeb660783adf;2022-08-31;2022-09-29
4853;outfit.2901f306ff3a4e7e8288cc48ec400f5f;2021-10-20;2021-11-22
6526;outfit.925c69db26f6bbae;2023-10-09;2023-11-08
3518;outfit.3ef1542d099048efa539e8c67a385732;2024-01-15;2024-02-14
5694;outfit.9bc6939e74234024b9f6d34218418dfe;2020-12-04;2021-01-06
5694;outfit.97ec221c84bcfbe3;2020-12-16;2021-01-15
3510;outfit.b5efe9b9e6104f0796fe1adc5650e75d;2023-01-28;2023-02-27
3510;outfit.14727804dc6945f9baabcd76ad96a744;2023-01-28;2023-02-27
2056;outfit.8fbf386b8fef8664;2022-05-06;2022-06-05
2250;outfit.8302402a6e8e8e8c;2022-09-22;2022-10-21
222;outfit.c71e9a58962a404b9d6c8df867b4b392;2024-02-21;2024-03-20
1368;outfit.89b7c4936135cfb5;2021-12-10;2022-01-10
6879;outfit.8cbb77c85f07443e9c2e6687e4131a45;2022-03-15;2022-04-15
6879;outfit.f4a5306ea45d4ab9b40340f016bab653;2022-01-14;2022-02-15
6879;outfit.f13af5d893714a7abcbca1ca15163fe9;2022-01-14;2022-02-15
1684;outfit.96fdc91671d44285;2023-12-20;2024-01-19
4725;outfit.031a15e68a354f8cbe8f65c45da3f231;2022-04-29;2022-05-28
3259;outfit.f6eec8c3af9e43228f79ed7b49dd4633;2021-07-20;2021-08-03
3259;outfit.9d2ae3e74d7f4d9bbde82be334a3a21b;2021-07-20;2021-08-03
4558;outfit.f60a93dd961d4856a6d40e366ef90717;2020-07-17;2020-08-07
4558;outfit.82c10ef2f1107096;2020-07-17;2020-08-07
4558;outfit.369422f2e567409b88d925e916f3a555;2020-07-17;2020-08-14
4558;outfit.56dec64c8c834afaace780273bbde124;2020-07-17;2020-08-14
4558;outfit.75fd35081c884af28940d854e0a8c67f;2020-07-17;2020-08-07
2573;outfit.29a0d66e916c4bc690cf393bcea980e4;2022-03-03;2022-04-01
2573;outfit.2766e5ad48a2427a898f60aaacf85622;2022-03-03;2022-04-01
6834;outfit.8f95b3473abb4a40ac2dc0956628e873;2022-08-28;2022-09-27
1706;outfit.2fac9258e5a64ac9a7658f54bd2056a8;2022-02-01;2022-02-24
1706;outfit.b49e6f1cc73f48f9a6329311214ee57f;2022-02-01;2022-02-24
910;outfit.2386f5b10f544de1a8f7a53a4b3bb92f;2020-08-25;2020-09-28
910;outfit.c7be4c2774424a498f63ebe6ea4b5933;2020-08-25;2020-09-25
910;outfit.a19d17a0915646ec9feaa760d03d1fe2;2020-08-25;2020-09-28
910;outfit.13b4586fba46462abebff1b7b145e499;2020-08-25;2020-09-28
910;outfit.8c4d4f54e42a4ca391913811b6d17ab0;2020-08-25;2020-09-25
3510;outfit.bd2ab280ed364f26;2022-10-28;2022-11-27
932;outfit.dcedf030b9134a08a8d3df3f4fdb07ea;2022-07-31;2022-08-30
230;outfit.8238ed2091e347149ddd6114aeeb2655;2023-12-02;2024-01-01
1248;outfit.a28b2e6008184ba19240c926b1af0eff;2021-08-16;2021-09-13
1626;outfit.767ecbf6b9bb4969ad78de1a78dbf039;2023-04-16;2023-05-15
1626;outfit.5048c556741f4513ade4ab8607e5a46f;2023-08-16;2023-09-15
4834;outfit.c5ded4868d344a5bbf49e5c1a3c136f8;2022-01-31;2022-02-28
1706;outfit.4b20b3ccd3cd41fe98d0225f47276e2c;2023-12-18;2024-01-17
2040;outfit.9685cc11be684ed39ab8edac1e9a822b;2021-05-12;2021-06-14
5760;outfit.defda56477d1496dacd7a61e447be9c4;2022-05-05;2022-06-04
2085;outfit.6ea93b224a3c4027861e62805e0bd3f8;2022-12-26;2023-01-25
3028;outfit.bbd662557126462f84e4912812fc1be0;2024-03-17;2024-04-16
4981;outfit.505dbed58d2a45bc9bd72774be4f5c47;2022-02-26;2022-03-25
3147;outfit.4be27307ae1c4611ad56aca101c8a6b4;2023-03-07;2023-04-06
6796;outfit.6962210a388343c2a203996ee7a30eb0;2022-09-15;2022-10-14
6796;outfit.a8e7915eda974714aa57df8f38a87546;2022-09-15;2022-10-14
4370;outfit.9fa57e24a7bd4595b697f8ed050cb335;2021-09-13;2021-09-27
4370;outfit.4a91172bb576444ea3169667a1e6955e;2021-09-13;2021-09-30
5169;outfit.9617c0965077556e;2022-06-30;2022-07-30
5169;outfit.05164954243a4c5cac4930572105ed27;2022-06-30;2022-07-30
2205;outfit.bd029e8ff7cc4341bf48b2afaa0d9946;2020-09-16;2020-10-16
2205;outfit.37d643c47053474a96acb8ca1069368b;2020-09-16;2020-10-16
2205;outfit.9bf55c30dee14573ac0d46c03fce3a0e;2020-09-16;2020-10-16
454;outfit.fdc3cdbad50644ad97fc0a903f967e15;2023-03-03;2023-04-02
454;outfit.9effdad18841495bbd9239449480334c;2023-03-03;2023-04-02
2649;outfit.2bb91a54c63d4f72a11a6ad7a00b35cf;2024-03-02;2024-04-01
2649;outfit.f9ab24e5d9d7428dbef85f91b2ef9a79;2024-03-02;2024-04-01
2869;outfit.5b99177128de4ffbbdf6b5255d411f15;2023-06-06;2023-07-05
2869;outfit.a2883b9efb1b4eb889e269c98e09f661;2023-05-06;2023-06-05
6046;outfit.3225a86ab6564f8fb0a3992446982bdb;2022-09-06;2022-10-05
6046;outfit.b4e7c58304d74b64b8b2ddf13ba93c6d;2022-09-06;2022-10-05
2170;outfit.ce7d171c13174b21b05e2764491dc73d;2020-10-21;2020-11-23
2170;outfit.ede0d0fd9315467c868825bcb20d2fe6;2020-10-21;2020-11-23
6287;outfit.96f7210a2ae0aa93;2020-11-13;2020-12-14
6786;outfit.8273c17c394043b8affdf5c04ee019ed;2022-05-05;2022-06-04
3267;outfit.503dfd75a3f84d38901d135120cdf40b;2021-11-22;2021-12-20
4240;outfit.32bbe20e948d4839b63aa0f4b540b466;2021-09-16;2021-10-15
4240;outfit.49c64ac752d4452886a0f505007df0fd;2021-09-16;2021-10-15
1336;outfit.aa76777d3b9d4073a342e2093e4ea1e2;2023-12-22;2024-01-21
5236;outfit.c95b16794434474e8d02306d2f1b6a0a;2022-09-04;2022-10-03
5236;outfit.e89fab0bbc574d6c89242ff808d537e6;2022-10-04;2022-11-03
5236;outfit.bf00e652d6b83df2;2022-08-04;2022-09-03
5236;outfit.0aab21277b674f7fbb146ca7e853eef6;2022-11-04;2022-12-03
5236;outfit.841869bb72cf0dd1;2022-11-04;2022-12-03
5236;outfit.11395b1173644fedbcfc219469f27b84;2022-12-04;2023-01-03
7247;outfit.cafdca5ad56a4f6ea824cc20fab5b5ae;2023-03-09;2023-04-08
7247;outfit.a2883b9efb1b4eb889e269c98e09f661;2023-03-09;2023-04-08
3846;outfit.1be9b916bb1f44f7a9d120b4ef62c871;2021-10-01;2021-10-29
3846;outfit.7ca0d67e06f7491f926b46e7fbdbd32c;2021-10-01;2021-10-29
3846;outfit.e12b4be9f07a4da0937a29f9efe16965;2021-10-01;2021-10-29
2329;outfit.25ff5e5ef4b541d79324a66515f1d89a;2022-03-01;2022-03-29
1553;outfit.d26a681dbdd54f448ef373de80e065d6;2021-07-14;2021-08-13
7118;outfit.7d5e7df1d7e44528bca8d9859759042d;2023-09-14;2023-10-13
1998;outfit.2ea36f84cb12427686eed685f97f2a8f;2022-04-05;2022-04-20
5844;outfit.bff2665548ebf13f;2019-11-01;2019-11-29
5844;outfit.9bb6cde5e7d143db8e60793ec409d58b;2019-11-01;2019-11-29
5844;outfit.a66ab9f04f63457fb8f729349bff7c8e;2019-11-12;2019-11-29
5844;outfit.b5e0008d5ea22068;2019-11-01;2019-11-08
5844;outfit.81a6106b4f3fe5c5;2019-11-01;2019-11-08
5844;outfit.9347386eb2dada73;2019-11-20;2019-11-29
1586;outfit.55d914792ebf4d18808eb0bd3ec70bb3;2023-06-16;2023-07-15
1586;outfit.25cf652454ab4f9fa1b636cbd555cfa6;2023-06-16;2023-07-15
2264;outfit.467c000be2f9488a9a84e61bc6a6e3bb;2023-05-06;2023-06-05
7135;outfit.a5d5bfee852848c18596d844a3a9025e;2023-02-01;2023-02-28
1998;outfit.8a458a93e4cd4214a520074f16d5b9fa;2022-05-18;2022-06-17
785;outfit.d6241a805f5e4108abfbdbc9f58fcb23;2024-05-07;2024-07-06
3956;outfit.5d4e6c9d85904c9da88c386a60db9473;2023-05-05;2023-06-04
3956;outfit.4e6dbf069e764052b71b95934301f615;2023-05-05;2023-06-04
3956;outfit.b1a8ed1f5b6d4a2f86fb528cc029006e;2023-04-05;2023-05-04
3956;outfit.a38554cc5999458397c5f190f0f3c38d;2023-04-05;2023-05-04
4519;outfit.56663aaf60aa4b5c8267bed372c72677;2021-05-14;2021-06-14
4519;outfit.f904f5addd0f4a22863e3a689428b88b;2021-05-14;2021-06-14
4519;outfit.3c6978266dfb4b9793e2c730496089d1;2021-05-14;2021-06-14
2457;outfit.5f638bee24e542c2ad2eaef2f5227087;2022-04-30;2022-05-29
6642;outfit.910cdf81826055f7;2021-06-11;2021-07-02
6038;outfit.32e640b3fc894710a096ec7ad3f7a976;2021-11-02;2021-11-30
5100;outfit.a7e848f47d2643d988bbaf47dae4a136;2021-12-16;2022-01-17
1354;outfit.955f2239f0b38561;2023-12-06;2024-01-05
5306;outfit.a7b55780d1764599a3ee339fff38d002;2024-03-31;2024-04-29
1008;outfit.ccae6ec63d494a5eadd0d6b001597c42;2023-11-30;2024-02-28
6;outfit.c8855506fa9d47308b87aa0fe5efe3ca;2022-07-29;2022-08-28
6955;outfit.2766e5ad48a2427a898f60aaacf85622;2021-08-20;2021-09-20
6955;outfit.13db1499701e46f5b6e98d5e6d34267a;2021-08-20;2021-09-20
6781;outfit.b80429b20d914612960e3cdbfcc0602c;2021-05-12;2021-06-14
6781;outfit.5df05df81eb54ba999e64c211780b556;2021-05-12;2021-06-14
6592;outfit.84f134b06fbed5a0;2022-06-02;2022-07-01
6592;outfit.2121de17fb604c6ea87a3f9b6d0030db;2022-06-02;2022-07-01
2619;outfit.93da3bfb33311ddf;2022-12-28;2023-01-27
2619;outfit.d0570fc4a5d740cc94871d73471a5043;2022-11-28;2022-12-27
2619;outfit.ee94b77c56794feab26ffb22c2b9e2ca;2022-10-28;2022-11-27
2619;outfit.767c953e45b8447eb7ff8d44dd5b65e1;2022-10-28;2022-11-27
2619;outfit.3effb4e5a788451a9d271d9a53090f01;2022-09-28;2022-10-27
2619;outfit.6ea93b224a3c4027861e62805e0bd3f8;2022-08-28;2022-09-27
2619;outfit.9936eee8f01a25d8;2022-08-28;2022-09-27
2619;outfit.dce1b27e6e5944c08b7253d1ebae5a60;2022-09-28;2022-10-27
262;outfit.7ee7542297f944ecb49f4fe5b44728f7;2021-08-24;2021-09-17
262;outfit.9337c57be08b48f685e77490d17da267;2021-08-24;2021-09-17
5760;outfit.d21f3628771b4dcebc478c94a456d999;2023-06-05;2023-07-04
5738;outfit.82ee7c9d4d1e4274b0c706c82653ab79;2023-02-20;2023-03-19
6737;outfit.89ce51a125971793;2022-08-01;2022-08-31
5754;outfit.a9f2bcb6885fe60a;2020-06-12;2020-07-10
5754;outfit.2c4583bd98d748f29b7f7fb1cf6c43c4;2020-06-12;2020-07-10
5754;outfit.931ef0d0cada4965a8ea693f7a520b64;2020-06-12;2020-07-10
7100;outfit.bf5d4348f69b718f;2022-08-17;2022-09-16
3577;outfit.684efa997862433aaf292a14289eaa4a;2022-09-16;2022-10-15
3577;outfit.2a1a34d38ac64414b5d7878a719984e9;2022-09-16;2022-10-15
892;outfit.e5f491fc4e7e44709b03e381648231be;2021-11-19;2021-12-17
892;outfit.0ff0d877678e4755b088d1c5d09bee11;2021-10-20;2021-11-19
6936;outfit.fbb003446d3c40a3879b475502a7e104;2022-09-26;2022-10-25
2703;outfit.03a5ffb8c27947de936564061de3d046;2022-11-16;2022-12-15
2703;outfit.05a3c99a55404dc8984fde902ccaad18;2022-11-16;2022-12-15
7244;outfit.c51bd8f0c3464297b89ffa73328c3275;2022-09-26;2022-10-25
105;outfit.8e408fb4b2c64525966837c7789f2965;2021-09-03;2021-10-04
105;outfit.d78cbfab144149069da04737d98450a1;2021-09-03;2021-10-04
5615;outfit.a520a9aa8147d618;2024-03-03;2024-04-02
1706;outfit.f8e95f5fd1b641a4823ea3c6010e19cb;2022-03-03;2022-03-17
3441;outfit.4aca0c3e3ac7443ea02b74ab3e06675a;2023-03-29;2023-04-28
5914;outfit.8ed6e4fedeb67e87;2020-09-04;2020-10-09
5914;outfit.990ee8715a4320f0;2020-09-04;2020-10-09
3846;outfit.b9e21535cf624b6eac04d3a9708f213b;2020-10-07;2020-11-09
3846;outfit.8fe12d169d14a8ab;2021-01-07;2021-03-08
3846;outfit.0dbb762a27a343a1b1176dbc1fa8201b;2020-12-07;2021-01-07
3846;outfit.f32718341e9443d8a36121a8913ff304;2020-10-07;2020-11-09
3846;outfit.7f0c68b095a14d7fa001117bc2c75827;2020-12-07;2021-01-07
3279;outfit.d26a681dbdd54f448ef373de80e065d6;2021-12-01;2021-12-31
570;outfit.8a9297abf702469b88dcdb1ce6cd35bd;2023-11-27;2023-12-26
4073;outfit.2eb01f9b5c004ab18987fa709ca7d9cb;2023-05-09;2023-06-08
5615;outfit.98aa99e47dee4f019d8b2620a9745f98;2024-06-03;2024-07-02
7366;outfit.955f2239f0b38561;2023-01-25;2023-02-24
1706;outfit.ed8d6c31b0e44519a7a4aa30bb643b05;2022-12-18;2023-01-17
4998;outfit.48cf5d6579da4369b03b1f04719b322a;2021-12-17;2022-02-07
4998;outfit.a50024ea71e6453c9c09d6d65d21a5ea;2021-12-17;2022-02-07
6907;outfit.a3546e9a63f72521;2021-09-01;2021-09-30
5760;outfit.d7a7b1a15fe04fd886b31c47431ebcb6;2022-06-05;2022-07-04
1447;outfit.d4220f5dd22c4d409d8121e26b11dc99;2022-12-02;2023-01-01
2492;outfit.4be27307ae1c4611ad56aca101c8a6b4;2023-09-23;2023-10-22
6011;outfit.e837786453834dce89358fa547d891c2;2022-04-01;2022-04-30
6011;outfit.81dcc2ec22f24b248f5499b887dd22e0;2022-04-01;2022-04-30
1248;outfit.ee40e812ed554b87a45637339c72cbd6;2023-12-12;2024-01-11
4725;outfit.34b2a2a9779a47f0a1aff663fe8d1c86;2023-05-28;2023-06-27
4725;outfit.ed9017ac844a486fac95996bcc5b4b84;2023-02-28;2023-03-27
4725;outfit.72b64826af9f427e9b51b108ff3d5ba2;2023-02-28;2023-03-27
6818;outfit.8f34384795bfc03e;2020-09-01;2020-10-01
4149;outfit.8ed6e4fedeb67e87;2021-12-03;2022-01-03
5160;outfit.b2f9d48f3d4c4549b8d51fcd04979a79;2021-10-07;2021-11-05
5160;outfit.93da3bfb33311ddf;2021-09-02;2021-10-01
5160;outfit.9c2285b935d84f3b85e9678007eac190;2021-10-07;2021-11-05
4218;outfit.47875ce75a2846c29607b0c39bf03327;2020-12-14;2021-01-14
4218;outfit.9aef6d3e2683447f8bfcfa826a24a23f;2020-12-14;2021-01-14
4218;outfit.4c6dedbe036e4a83b4847951a9bf03e1;2020-12-14;2021-01-14
1251;outfit.89eec1f4fc5f40f59a6ea4149a4d00c4;2023-02-12;2023-03-11
1251;outfit.81dcc2ec22f24b248f5499b887dd22e0;2023-03-12;2023-04-11
1251;outfit.6ea93b224a3c4027861e62805e0bd3f8;2023-02-12;2023-03-11
1251;outfit.1233866861b14f0bb1e9116e90d9a492;2023-04-12;2023-05-11
6526;outfit.a9f2bcb6885fe60a;2023-01-09;2023-02-08
4638;outfit.b9344188bba8fbcc;2020-11-02;2020-12-01
4638;outfit.d3970e5f36ce440fb7ad9d7b74cc7f48;2020-11-02;2020-12-01
4638;outfit.b7c427687b980da9;2020-11-02;2020-12-01
3896;outfit.be3e7c4ec5718d36;2022-09-01;2022-10-31
1501;outfit.e18310c477cb4fa38cd9ba31e9997c4f;2021-05-14;2021-06-04
1501;outfit.931ef0d0cada4965a8ea693f7a520b64;2021-05-14;2021-06-04
462;outfit.113cdf3f57984c3a9cc75afd5bf45c03;2021-02-25;2021-03-25
3243;outfit.c93e99cc15dc4420994f40954bf9d8a8;2023-10-10;2023-12-09
3243;outfit.e43d27b277bb4ad7aff36a857ce6f766;2023-12-10;2024-01-09
3243;outfit.3f9b25249293481cac7469b68f545c7b;2023-11-10;2023-12-09
785;outfit.8a9a59a3ebbb46a8bea05ebe9599a1c0;2021-10-01;2021-10-29
7118;outfit.8022397c5e3d4ab4bc8e421da9236d29;2023-12-14;2024-01-13
6885;outfit.5862a9386cbc4ff29e9892f49274c243;2020-12-11;2021-01-08
6885;outfit.60c345cbd0924fe7800ac38922a74cb1;2020-12-11;2021-01-08
3147;outfit.53bf6ed2516f473a87497e8170d4c8e1;2022-08-07;2022-09-06
7104;outfit.81deff5bfc08479c9c4335e194c5c4d6;2022-04-23;2022-05-22
7104;outfit.df13ea56a17d4fad9fca92caa307b02c;2022-04-23;2022-05-22
5531;outfit.b8311b5c70cc4a46927bae03a650edcf;2022-01-10;2022-02-07
4501;outfit.2a1a34d38ac64414b5d7878a719984e9;2023-05-06;2023-06-05
4501;outfit.db6e87de63f347a0af3ecbf3b7463a55;2023-05-06;2023-06-05
4501;outfit.3230795e6aed435ab96c8fcf5e56fd08;2023-05-06;2023-06-05
2703;outfit.bcc71d0caf95dc33;2022-09-16;2022-10-15
2040;outfit.3e47b084ad704fb5b25b38809fae38a7;2021-05-12;2021-06-14
731;outfit.9aadfc9a1d195c33;2021-04-05;2021-05-05
731;outfit.b0a5d80451942bf5;2021-04-26;2021-06-04
1923;outfit.31c50265a96d4e49aa5394db37e039f2;2020-12-17;2021-01-15
1923;outfit.260d02e82bbd415bbe1e18918e98e0b6;2021-02-03;2021-03-01
1412;outfit.ae7389834f0c49c49b2ef43ff9cc1be9;2021-12-07;2022-01-07
568;outfit.2463040b4a624400a85cd400d0ae0e7e;2021-10-13;2021-11-15
1626;outfit.b463faabc03163c8;2023-05-16;2023-06-15
1626;outfit.bf59641874784125880c58615b5abbaa;2023-06-16;2023-07-15
3259;outfit.29e6b2a21c5946d3a22772aa398a8361;2021-05-06;2021-06-07
3259;outfit.030be8f1ab0549db86e542e2ad08a5b2;2021-05-06;2021-06-07
3259;outfit.74034e464b524fad81e47ac5df3f4aad;2021-05-06;2021-06-07
4240;outfit.2d872cbfe6434c0c9ec15ebfa518a6e7;2021-11-18;2021-12-16
4240;outfit.0b721ca6ffdd489d91fa63f960ca64ec;2021-11-18;2021-12-16
2492;outfit.4688b412bce3457a9c1727fd38ab4a06;2023-06-23;2023-07-22
2492;outfit.3aec93f22b9a450ab7dfc26095abc609;2023-07-23;2023-08-22
6310;outfit.841869bb72cf0dd1;2022-08-07;2022-09-06
490;outfit.4a44a22cc7a8483aa15e978e0139b863;2020-10-14;2020-11-16
490;outfit.b657867a142340aaa12e133d9835c823;2020-10-14;2020-11-16
6287;outfit.98d6cf4fef49ec24;2019-10-18;2019-11-08
2716;outfit.326753f766be46ea82c771b041c4dd32;2020-11-02;2020-12-02
2716;outfit.29c39d6085f345dfbccc23a2f8e274a6;2020-11-02;2020-12-02
1261;outfit.56dec64c8c834afaace780273bbde124;2023-11-09;2023-12-08
1261;outfit.93d7a4479c7f446b80995278ada5874b;2024-01-09;2024-02-08
4240;outfit.29a0d66e916c4bc690cf393bcea980e4;2021-08-16;2021-09-16
5160;outfit.145c644d683b4ccfa07d073d8c4efa6a;2022-06-25;2022-07-24
4463;outfit.31d5bc7c60334b9889e9ed768f05e578;2024-05-22;2024-06-21
208;outfit.98eebea274f23dd6;2021-11-02;2021-11-29
6907;outfit.4d91614bd70b4799a861fe5ea43db494;2022-08-06;2022-09-05
6907;outfit.8bbfae6c08924fb2aafcf709665906a9;2022-08-06;2022-09-05
2617;outfit.32bbe20e948d4839b63aa0f4b540b466;2020-10-23;2020-11-23
2617;outfit.cc30aac83a794a269779fc0b2984abba;2020-11-23;2020-12-21
7110;outfit.925c69db26f6bbae;2024-03-29;2024-04-28
5236;outfit.c71e9a58962a404b9d6c8df867b4b392;2022-02-01;2022-03-01
5236;outfit.bf00e652d6b83df2;2022-01-03;2022-02-01
5236;outfit.55f87279b6a34e24b72a4febad468001;2022-01-03;2022-02-01
5236;outfit.35331fbfbbe04b9ca3dfc1535cf148fc;2022-02-01;2022-03-01
3028;outfit.5c6bcfee583b4d7aa6fa807279637d59;2022-10-18;2022-11-17
3192;outfit.0ed1568a6b6545e4932bee98c84aa544;2021-12-16;2022-01-17
2273;outfit.d26a681dbdd54f448ef373de80e065d6;2022-08-18;2022-09-17
2131;outfit.1b1e586b3bb2432f91b4a2e15dc719e1;2021-12-17;2022-01-17
2131;outfit.dce1b27e6e5944c08b7253d1ebae5a60;2021-12-06;2022-01-06
2364;outfit.ad848f726cd93e66;2024-05-07;2024-06-06
3735;outfit.cf321774b9de4035802e1829303fd3da;2022-12-13;2023-01-12
3521;outfit.bdf0b714576b2118;2023-06-05;2023-07-04
3740;outfit.67a41f76b1dc4cffb6da5e9257d5910b;2020-03-12;2020-04-14
3740;outfit.524627d9e5544cb8ab8c738c64a440c4;2020-03-12;2020-04-14
3740;outfit.ac5bdf39908e44dabf5536871716d1c9;2020-03-12;2020-04-14
3740;outfit.863d6ab504fd48319623a4e6936259db;2020-03-12;2020-04-14
3740;outfit.c71e9a58962a404b9d6c8df867b4b392;2020-03-12;2020-04-14
6361;outfit.65489efb22d947a8865099ddde5b790d;2023-09-01;2023-09-30
902;outfit.9565d4d6787ad71f;2023-10-22;2023-11-21
902;outfit.97f20b8380c34615a30aed080071aa96;2023-12-22;2024-01-21
2812;outfit.a5f369e8f0504905bd14d3a58f8dc8cb;2021-12-13;2022-01-13
4769;outfit.875635fa72e9a84a;2020-11-20;2020-12-18
4769;outfit.dd62d98a9d3e40659b5438f7388d8e01;2020-11-20;2020-12-18
4769;outfit.eb104cb68a534166899c4cce84b0fa55;2020-11-20;2020-12-18
2508;outfit.b04f116bc3224f22a8f17d62934fe2cd;2022-05-24;2022-06-23
950;outfit.77441845458641bcb87eb64f10b76c12;2021-08-27;2021-09-27
2383;outfit.173b6b1204df4f128bcbdd843d91351e;2022-09-06;2022-10-05
2383;outfit.ed5a5a066ca647b6a9aaeb1ec8e7ee87;2022-09-06;2022-10-05
6817;outfit.8ad1c89174094a26bd4cbcfdcad4aecc;2022-07-23;2022-08-22
6817;outfit.2fb54603691a49b498bb904a3b6bb28e;2022-06-23;2022-07-22
6591;outfit.76443d6db496494dbb26ac275ecbdb3b;2023-02-09;2023-03-08
6591;outfit.a841b2acdc119218;2023-01-09;2023-02-08
6591;outfit.b068cf45c37e4aeaa1cff939a86e759f;2023-02-09;2023-03-08
3924;outfit.43d5741ca13a453bb378172945b47fc8;2023-01-30;2023-02-27
3094;outfit.2ea36f84cb12427686eed685f97f2a8f;2020-10-30;2020-11-27
6591;outfit.1dd897589a5148198aea6c403d613063;2022-10-09;2022-11-08
1390;outfit.6b1d1739830a4f3cbe5530716d9890a2;2022-05-26;2022-06-25
3127;outfit.30c1385e9d714fa5b2000abce92e6c91;2021-12-03;2022-01-05
3127;outfit.d5818e8c52bd4bb7ba4f58a76c026939;2021-12-03;2022-01-05
3320;outfit.40b60bd4c9e44c8d9375ef879e7d5f1a;2022-09-09;2022-10-08
1706;outfit.b6a27dfa0198a9bb;2023-11-18;2023-12-17
3094;outfit.1c195032518b4aba942f6b4fb6ae4690;2021-01-06;2021-02-05
3094;outfit.75f72fc891604734a37a5ab96b006367;2021-01-06;2021-02-05
3094;outfit.93fb65b596dc4d628b4812d30178a4dc;2021-01-06;2021-02-05
3094;outfit.29d43c48eee84539b3e1597c9cd55194;2021-01-06;2021-02-05
3416;outfit.8f6c3fbd7db0400caaf95a95ab29a97d;2021-06-22;2021-07-20
3416;outfit.89ce51a125971793;2021-06-22;2021-07-19
6988;outfit.ae922e922588454591edca7cabf0db48;2022-09-19;2022-10-18
2619;outfit.5330ecb4f53c4f7a865f99a6fdd37773;2023-02-28;2023-03-27
2619;outfit.f1a25e8f1def4f2fa805aefcbb91bb62;2023-02-28;2023-03-27
1348;outfit.6fd4e1ca2f474faa9366763ac28adb3c;2022-03-25;2022-04-24
1348;outfit.0eefec8c0c33471d81035d9a79d1d455;2022-06-25;2022-07-24
1348;outfit.d1d9c6d189744cd29dbf2a778da4c399;2022-06-25;2022-07-24
5617;outfit.a50024ea71e6453c9c09d6d65d21a5ea;2023-04-17;2023-05-16
4638;outfit.c1e2e74fb2d84e07bec3185521fbea5b;2021-09-01;2021-09-30
4638;outfit.c51bd8f0c3464297b89ffa73328c3275;2021-09-01;2021-09-30
4638;outfit.39e26260f13d466b946601bafd691d36;2021-09-01;2021-09-30
5169;outfit.4d91614bd70b4799a861fe5ea43db494;2022-11-30;2022-12-29
5661;outfit.fc774521956e43c1b7b989272f5dca23;2023-02-08;2023-03-07
4193;outfit.2d7ae0bf1f84410fa230df577c9ead8a;2021-11-15;2022-03-15
4853;outfit.854021359d3e487ca1c90e5bd126ea0c;2022-05-08;2022-06-07
6526;outfit.925c69db26f6bbae;2024-07-09;2024-08-08
6526;outfit.81ce5109e01d4b7b9f944a3baa35c4d6;2024-06-09;2024-07-08
2400;outfit.599900d12a21423ca2bb8830f498a4bd;2022-07-26;2022-08-25
2400;outfit.fc3f7855aa394fa5945bc8d90b6eee95;2022-07-26;2022-08-25
89;outfit.8399e72f71c74d9683a7416571e032fc;2021-11-02;2021-12-01
3577;outfit.656dc77e8bd948e6bc85d9284c79af19;2021-07-12;2021-08-12
3577;outfit.760624a41d5f48e5a2f749acd6f4568b;2021-07-12;2021-08-12
3227;outfit.4c41406859e04bc7b29036c62ea1b7df;2022-08-26;2022-09-25
3227;outfit.476b7bf9f9a74be3ae1a2152fee9fc3b;2022-08-26;2022-09-25
6303;outfit.a1bd30435ab14461af069cf262f1e1eb;2024-05-01;2024-05-31
7411;outfit.1b4027c5a27d4ac293ccb2377c38d408;2023-05-19;2023-06-18
1684;outfit.925c69db26f6bbae;2021-08-06;2021-09-03
5760;outfit.92f2e542b76f7d6d;2023-04-05;2023-05-04
1840;outfit.021142f5924f4280bd3948268d35db64;2022-04-30;2022-05-29
1840;outfit.021142f5924f4280bd3948268d35db64;2022-06-30;2022-07-29
1840;outfit.9ed854d660862b8f;2022-08-30;2022-09-29
6781;outfit.993dfa12c54fc46f;2022-01-10;2022-02-07
6781;outfit.9f16b609a91c48e3;2021-11-15;2021-12-13
6781;outfit.c1647a6e778d4245931b540ef1505b1f;2021-11-15;2021-12-13
5695;outfit.b227d2e4685f4a56a13c4e43023021ec;2022-07-06;2022-08-05
5695;outfit.b6a27dfa0198a9bb;2022-07-06;2022-08-05
7367;outfit.a8544eb2962547d1bb80da530b4c377a;2023-03-03;2023-04-02
3291;outfit.eeee122cf40b4035b6ee0e26b194c531;2021-02-26;2021-03-26
3291;outfit.ac3e4eefb550471989769e1e4d1683d1;2021-02-26;2021-03-26
1412;outfit.2ea36f84cb12427686eed685f97f2a8f;2021-11-15;2021-12-07
996;outfit.d0c649c31ecc49a18d0cf19d7270073c;2022-12-15;2023-01-14
1354;outfit.839e3ef745704a72a86272840cf862d4;2023-08-06;2023-09-05
7376;outfit.7f256b54c8ab4dbda7cb6cbc915c4ed7;2021-07-20;2021-08-20
3189;outfit.6dea8453a7dd4701830624eeea14bf9b;2023-04-24;2023-05-23
4409;outfit.c9250e31721a4e16842c1c648df90ea0;2024-05-05;2024-06-04
204;outfit.a477b4efb5b14d348d9c07782fa1c26f;2023-05-22;2023-06-21
204;outfit.9abd359ee8d44269ab15d6cbfcd8eb81;2023-03-22;2023-04-21
1388;outfit.c5ded4868d344a5bbf49e5c1a3c136f8;2023-10-15;2023-11-14
5303;outfit.61a93a8506024e779db658f842e26625;2023-10-17;2023-11-16
5531;outfit.3230795e6aed435ab96c8fcf5e56fd08;2022-03-01;2022-04-01
5531;outfit.1b3e2ad0256b4c839afe49dcfcd50b40;2022-03-01;2022-04-01
3669;outfit.9ae9443798cb496ba7848d3c3616ab1c;2022-01-24;2022-02-23
6212;outfit.991252f75331465a9228cea0ae0bb890;2022-06-18;2022-07-17
6212;outfit.305bde2827b34ff192d1271ddb0e50bb;2022-06-18;2022-07-17
6212;outfit.478c7aaed8f8413d9618e508ddd7d59b;2022-06-18;2022-07-17
2121;outfit.4c41406859e04bc7b29036c62ea1b7df;2023-02-15;2023-03-14
920;outfit.28e8c652c74547b9ad1485f752f3e125;2020-11-09;2020-12-09
920;outfit.a94fbc2c00c0d099;2020-11-11;2020-12-09
920;outfit.85a2fe3ce0c532c8;2020-11-09;2020-12-09
1706;outfit.99cc91aeda7eb778;2022-12-18;2023-01-17
1706;outfit.9e3bea6a01d94e03a43bfefac24422e4;2022-12-18;2023-01-17
414;outfit.a452d1cacc3645b79755282595a5887d;2024-02-23;2024-03-22
414;outfit.6c68130ccc5b41a79388037d5bd3004f;2024-03-23;2024-04-22
414;outfit.c38df3caf6f046aab92f3a0af51068ec;2024-03-23;2024-04-22
414;outfit.6c68130ccc5b41a79388037d5bd3004f;2024-02-23;2024-03-22
5342;outfit.9d9aa8d609db476783be7553a9bb706f;2022-05-01;2022-05-31
3988;outfit.bbd662557126462f84e4912812fc1be0;2021-01-18;2021-02-15
3988;outfit.1e33dfb5c66847f29088ba6717b10f75;2021-01-18;2021-02-15
3988;outfit.72b64826af9f427e9b51b108ff3d5ba2;2021-01-18;2021-02-15
3382;outfit.89eec1f4fc5f40f59a6ea4149a4d00c4;2021-10-05;2021-11-05
5208;outfit.34b2a2a9779a47f0a1aff663fe8d1c86;2022-01-03;2022-02-03
6519;outfit.66da7242210f4c3fa7a47285efe37504;2022-02-08;2022-03-07
2856;outfit.74013b892b4a4f75979af28137c31558;2022-05-19;2022-06-18
3103;outfit.1ff1200dca844ecd8ac042bd3363b7c5;2021-06-03;2021-07-02
3103;outfit.c7b2894a9f3c4c568f982ca6c89ea6d8;2021-06-03;2021-07-02
3103;outfit.298b9f94af66454b9f07ebed997e9f9a;2021-06-03;2021-07-02
5342;outfit.3ce016303b474839a95f7375cf891639;2022-04-01;2022-04-30
5169;outfit.a1efdc0d88774773957da6e703852211;2023-01-30;2023-02-27
7270;outfit.09ed7d853d264be0b707417f8ee4630d;2023-06-06;2023-07-05
4638;outfit.a84d98da9b0b4c8d95457d446a4df5fd;2023-04-12;2023-05-11
2273;outfit.fbb003446d3c40a3879b475502a7e104;2021-12-31;2022-01-14
2273;outfit.bc490bc7db204af498825badd2d59285;2021-12-17;2021-12-27
454;outfit.86b2fd508097409d;2023-08-03;2023-09-02
6526;outfit.c815d15af6ba46c580927f9bf81122f0;2023-09-09;2023-10-08
6526;outfit.97d97dbf860e43f8b123511d01711aaa;2023-07-09;2023-08-08
6675;outfit.b6e876bed3cff76c;2020-08-21;2020-08-28
6675;outfit.c9be10d661bc4a4992a6c757b6e75ca8;2020-08-21;2020-08-28
6675;outfit.b768912b0eaf45f19918f8ef07d1bd1b;2020-08-21;2020-08-28
6675;outfit.a935f1495271461689278b60c8d1a25d;2020-08-21;2020-08-28
6675;outfit.e17a0df1f70743e590827d7df93bb7f4;2020-08-21;2020-08-28
6675;outfit.ec471fe2ed734d1fa37ce1b2b0088619;2020-08-21;2020-08-28
6675;outfit.ccae6ec63d494a5eadd0d6b001597c42;2020-08-21;2020-08-28
6591;outfit.67c7e051a163432eadc34be683ea3d44;2024-03-09;2024-04-08
731;outfit.13341577ef954838a87bf016b1501ebb;2021-07-01;2021-08-09
731;outfit.35040533aa374146acdf6819785d4b85;2021-07-01;2021-08-09
731;outfit.1096c0a926c244b39b44ff523a6ad9e0;2021-08-09;2021-09-02
731;outfit.b4e7c58304d74b64b8b2ddf13ba93c6d;2021-06-01;2021-07-01
731;outfit.070bc7bd72154b5a805f52f086fb72ed;2021-08-09;2021-09-06
731;outfit.48b43358755242c4bf529574c171b675;2021-07-01;2021-08-09
731;outfit.b58b4d9011806e34;2021-07-01;2021-08-09
731;outfit.bb72f30cdb4246d1bc47ff8b17cf4162;2021-06-01;2021-07-01
4979;outfit.31d5bc7c60334b9889e9ed768f05e578;2022-05-25;2022-07-24
4979;outfit.98a0bb3110de7f3e;2022-05-25;2022-07-24
1586;outfit.a95a05ea858446c38ffd5535ab65a392;2024-02-16;2024-03-15
2617;outfit.ed9017ac844a486fac95996bcc5b4b84;2021-01-21;2021-02-22
2617;outfit.93d1f684375e6e8c;2020-11-23;2020-12-21
2617;outfit.e6abf593ad3949cd8a2b345ed4249ff6;2020-10-23;2020-11-23
2766;outfit.173b6b1204df4f128bcbdd843d91351e;2023-11-02;2023-12-01
1169;outfit.8cab85b45b23bfec;2023-07-06;2023-08-05
1169;outfit.e4bb08fb4a5f4f11843632fa2a227421;2023-07-06;2023-08-05
1169;outfit.b9f26b79b0eb436fba1e05ca80196e47;2023-07-06;2023-08-05
2556;outfit.2901f306ff3a4e7e8288cc48ec400f5f;2021-06-14;2021-07-14
2556;outfit.4be27307ae1c4611ad56aca101c8a6b4;2021-06-07;2021-07-07
2556;outfit.43e73eedf7134d04afd27ea87948ce03;2021-08-06;2021-09-06
3094;outfit.b1adfc4204c602e5;2022-12-26;2023-01-25
7070;outfit.0f8b461931a94b419de690621a0582f0;2022-06-04;2022-07-03
7070;outfit.60c345cbd0924fe7800ac38922a74cb1;2022-06-04;2022-07-03
7070;outfit.68619657037e49be85070ff82067b940;2022-06-04;2022-07-03
5251;outfit.a7b55780d1764599a3ee339fff38d002;2022-12-12;2023-01-11
3878;outfit.7ff8b8c0f1b447229811fee5dd7ea006;2020-10-20;2020-11-20
4651;outfit.98d6cf4fef49ec24;2021-09-01;2021-10-01
4651;outfit.9341a89b191cd49f;2021-11-02;2021-12-01
4651;outfit.60dced53fd414aec99d569404f19c4ee;2021-10-04;2021-11-01
4651;outfit.ac52d51d1863129e;2021-10-04;2021-11-01
572;outfit.a8fae88d2b7640e2b28161d301fc5e08;2021-11-05;2021-12-06
572;outfit.a40883a05a5d406b985e7ad5451a61b8;2021-11-05;2021-12-06
572;outfit.1e4e6b9f7f984a5f81d68773e0165c44;2021-11-05;2021-12-06
3147;outfit.b6a27dfa0198a9bb;2022-05-07;2022-06-06
5330;outfit.0630ef7d996d4c489b4e54e85bd09e5a;2023-02-13;2023-03-12
5778;outfit.fabaa18896e64e6ba835286d7f1d44e3;2023-02-18;2023-03-17
5778;outfit.9a0283b3b9e34e39a0038cb7b7044c75;2023-02-18;2023-03-17
1862;outfit.92396971987c812b;2022-01-05;2022-02-02
1862;outfit.9481d2d7251be70f;2022-01-05;2022-02-02
7150;outfit.fabccb7729514b23b386e2f93064548c;2021-07-26;2021-08-27
7150;outfit.df1d0f1d24dc4629b4769b6a3dc89b43;2021-07-26;2021-08-27
7150;outfit.9aadfc9a1d195c33;2021-07-26;2021-08-27
2250;outfit.33775c3acbcf408aadc5a2436d0750ec;2023-04-22;2023-06-21
2250;outfit.33775c3acbcf408aadc5a2436d0750ec;2023-06-22;2023-07-21
6550;outfit.7c3e32e564f84de28c9ab8a6f06a2e24;2021-10-11;2021-11-11
6550;outfit.fbb003446d3c40a3879b475502a7e104;2021-10-11;2021-11-11
55;outfit.74034e464b524fad81e47ac5df3f4aad;2021-12-01;2022-01-03
55;outfit.cd92590952d54e1d8b3bec0bbecb901b;2021-12-01;2022-01-03
3510;outfit.a0d1107baf5919d5;2022-09-28;2022-10-27
3510;outfit.27a3cd48834e43b2ad991c05136ee880;2022-09-28;2022-10-27
6650;outfit.5ffeee8526274692af4f97b9018edc72;2024-05-01;2024-05-31
4667;outfit.8ed6ba09f55049c59f9462e07cc30bb8;2021-01-08;2021-02-01
846;outfit.caee00d04a954a69a3cca9e02cf67440;2021-01-06;2021-01-29
846;outfit.a759980bd9c72584;2021-01-06;2021-01-29
846;outfit.97ec221c84bcfbe3;2021-03-01;2021-03-29
846;outfit.31edccd419de4fc5ae6aeb7eed4327ab;2021-01-29;2021-03-01
846;outfit.9aadfc9a1d195c33;2021-01-29;2021-03-01
846;outfit.0d0727d0c03f453495eaa85dc17d382d;2021-01-29;2021-03-01
846;outfit.57e0110f769d47ea863ebea78235fd23;2021-03-01;2021-03-29
846;outfit.9e90ada207a84d58941638aa284a4827;2021-01-06;2021-01-29
846;outfit.b2924603fbe14557b4e7175a3bbe4d5e;2021-03-01;2021-03-29
846;outfit.944185e8eec8066a;2021-03-01;2021-03-29
5130;outfit.240ac09f29724bc58045e16a2721cb8f;2022-09-08;2022-10-07
6601;outfit.b701b51a404a44418a375258167ad442;2024-02-05;2024-03-04
490;outfit.3339007e20b94181807f9570766cde62;2020-06-15;2020-07-16
490;outfit.67a41f76b1dc4cffb6da5e9257d5910b;2020-06-15;2020-07-16
2363;outfit.ad062450831242c091c3cfc78407df6d;2022-09-15;2022-10-14
4193;outfit.978ae36482bb4c1bb32f8a6524cfdb76;2022-09-09;2022-10-08
4193;outfit.a8cd42d443d608cc;2022-09-09;2022-10-08
5695;outfit.5c282a76e71b4edd81ab7579454a9de3;2022-04-06;2022-05-05
490;outfit.d1404a07cbda4bf68dd8d57cb0e32207;2021-09-14;2021-10-14
490;outfit.252b5f88ee66462e9aef2ea071969700;2021-09-14;2021-10-14
490;outfit.b1adfc4204c602e5;2021-09-14;2021-10-14
2465;outfit.badb81ea53ce4b62b54387b26501b6c9;2022-07-19;2022-08-18
130;outfit.dac42acd25b1410aacbf75c85cc6cb7f;2022-04-05;2022-05-04
6940;outfit.94f471a5d48f3464;2022-11-08;2022-12-07
1248;outfit.466afa76adb144b7ad004be6382cfc54;2023-01-12;2023-02-11
691;outfit.b813cd40d27344839e74b8b40ead859b;2020-06-15;2020-07-15
691;outfit.142a3686d9ec47afb71932e592f45a92;2020-06-15;2020-07-15
691;outfit.00c68b581a95458991a876f791e739ab;2020-06-15;2020-07-15
691;outfit.37dfcefd9016441b96537a6b3de58e29;2020-06-15;2020-07-15
3533;outfit.82395c2a3c6732b6;2020-07-15;2020-08-17
3533;outfit.bcfda2c04c124f0084c43aa7169c640c;2020-08-14;2020-09-14
1998;outfit.29c39d6085f345dfbccc23a2f8e274a6;2023-11-18;2023-12-17
6526;outfit.f376dd31f0194adead88365684ce1e14;2022-09-09;2022-10-08
5760;outfit.f7826f04ea8643d3b68964a5ab27b0a2;2022-06-05;2022-07-04
5760;outfit.2d4ed8658aa045b29663902f1e0ce84a;2022-05-05;2022-06-04
5760;outfit.ce331a7cc22d4aaf82548e873c59e6cd;2022-06-05;2022-07-04
4185;outfit.2208707dcf134558b4d335f1e3534655;2022-12-01;2022-12-31
4185;outfit.f1e688d410884ee0940d861fb2f620ac;2022-12-01;2022-12-31
675;outfit.ada6bb8993e7a05e;2022-02-28;2022-03-28
6940;outfit.8a91fcc1f1f612e6;2023-05-08;2023-06-07
864;outfit.113cdf3f57984c3a9cc75afd5bf45c03;2023-12-06;2024-01-05
731;outfit.b6dfe60b7a8c421f9de22342860f17bc;2021-09-02;2021-10-01
731;outfit.3b32e75fb8984ec9ad5d8ccb79999327;2021-12-01;2022-01-03
731;outfit.1bd222290ef949289385cfdc1a02c20d;2021-12-01;2022-01-03
731;outfit.f853a75ce5624944895a17b2f615d138;2021-12-01;2022-01-03
731;outfit.155567585a3c417fa6043924c2867d0e;2021-11-01;2021-12-01
731;outfit.b8c30d318f9d0554;2021-11-01;2021-12-01
731;outfit.83cae242e7d54be496b50e98f34e346e;2021-09-02;2021-10-01
948;outfit.f8be16c68a624ee7bf9a5120adb0cbcc;2023-01-03;2023-02-02
6936;outfit.bf5d4348f69b718f;2022-02-01;2022-03-01
4823;outfit.e11253de97ba42eb819cf53373fcbe8d;2024-04-26;2024-05-25
6447;outfit.afed491afd3e4eafb23afb89ec35c1fa;2021-11-15;2021-12-10
283;outfit.dbe73a98b209457299a8c8591381e1e8;2021-12-17;2022-01-17
283;outfit.8afbb76916e14187b0bc9aaabbc2bd24;2021-11-17;2021-12-17
283;outfit.337f6a0507d640eb8561d28d58cf2f65;2021-08-17;2021-09-17
283;outfit.7ba3a82d83c24f4096668fa3c59b2c54;2021-12-17;2022-01-17
283;outfit.2a4ac5ffa2a44630a5295e135713963f;2021-11-17;2021-12-17
283;outfit.f465c31c406c4fc69448ba6a62d76ea6;2021-09-17;2021-10-18
1735;outfit.48f1cbb3e03247b7bd894690722f655c;2023-10-17;2023-11-16
6981;outfit.16d9e051fdd341a281cf63cac78a51a2;2020-08-03;2020-09-04
6981;outfit.db025960e5494378bd81a48377b0a1bc;2020-08-03;2020-09-04
6981;outfit.ae538ccb6bf14a858b0f66458e592872;2020-08-03;2020-08-31
6319;outfit.fd816aa2311d45c78fd0ab2d663a177a;2023-06-05;2023-07-04
3320;outfit.02cbb0ff0c1348ce9fb9906805fb9049;2022-09-09;2022-10-08
3320;outfit.d2affda3780840e8bab443abbd2e5478;2022-09-09;2022-10-08
3320;outfit.dc0ccd196e79413d9c7216f3970942ec;2022-09-09;2022-10-08
4960;outfit.4cbda361e12e4d65a5fb502dfd38076a;2023-11-09;2023-12-08
2383;outfit.ddf5ea0fe07746eb95e15f4cda0b5e4d;2021-05-07;2021-06-07
7411;outfit.a8175a1b696f4b85;2022-05-19;2022-06-18
6818;outfit.13ed9e9168f247308641b61eb258a756;2020-10-30;2020-11-30
6284;outfit.b6dfe60b7a8c421f9de22342860f17bc;2021-11-08;2021-12-08
6907;outfit.4b2a9c705f844b229cb293ba66c8ddf5;2023-02-06;2023-03-05
3846;outfit.51cc1780e9ef4f33ab4f532f36dc808c;2021-08-02;2021-08-30
3846;outfit.67d14062b639450faef4ae16726d3a50;2021-08-02;2021-08-30
3846;outfit.860daab99091d08f;2021-08-02;2021-08-30
6907;outfit.b82c3360fbcd411683eb135b6450e7fd;2021-08-02;2021-08-31
6907;outfit.cf321774b9de4035802e1829303fd3da;2021-08-02;2021-08-31
6907;outfit.139187a6eb1540b6b2b8aef96bd12601;2021-08-02;2021-08-31
1008;outfit.946ae92e21374e0d8935761e881bb94b;2023-09-30;2023-10-30
3684;outfit.beb7edd11cd741538175c927a81cbf89;2023-10-30;2023-11-29
5398;outfit.5e96c1bc9f964af2b1a6e391db346131;2021-07-12;2021-08-13
1282;outfit.b04f116bc3224f22a8f17d62934fe2cd;2023-08-22;2023-09-21
356;outfit.9e5db8a02f39402aaa9ee148d10ce073;2021-09-22;2021-10-20
356;outfit.ad062450831242c091c3cfc78407df6d;2021-09-22;2021-10-20
3382;outfit.c5b61903ca9849fe830fd86f7cb4da50;2021-12-22;2022-01-21
3382;outfit.ac93e6bc39c341dd9592de80ee57e522;2021-12-15;2022-01-14
3382;outfit.9dc1abebc456d310;2022-01-04;2022-02-04
7244;outfit.8cbb77c85f07443e9c2e6687e4131a45;2021-05-27;2021-06-25
6550;outfit.9b440739a4ab0623;2020-03-09;2020-05-04
6550;outfit.5c6bcfee583b4d7aa6fa807279637d59;2020-03-09;2020-05-04
6550;outfit.be1953ddbefacff3;2020-03-09;2020-05-04
6513;outfit.8fe12d169d14a8ab;2021-12-07;2021-12-17
6513;outfit.b09e135ba34c46daaf3a5495dcec6e83;2021-10-12;2021-11-12
6513;outfit.925c69db26f6bbae;2021-11-30;2021-12-17
6380;outfit.cc03f27af19f42a483a2f03ad997279d;2024-04-16;2024-05-15
6380;outfit.a3d25f31c9758d32;2023-12-16;2024-01-15
932;outfit.e457a3fb8aeb44b99d9ebae19bab9fae;2022-07-31;2022-08-30
454;outfit.222584cb9d104360af5e0faee5eb42ef;2022-07-03;2022-08-02
3721;outfit.8b5a2517b2af41318c55379528814fee;2020-05-15;2020-06-15
3721;outfit.dbfb7bbacf6f4fb1afa5c192c42d19ec;2020-05-15;2020-06-15
3721;outfit.0af9759a37b84904b1335e0847fcbb60;2020-05-15;2020-06-15
3749;outfit.28b064407198448db7149be19f0161f4;2023-04-29;2023-05-28
680;outfit.654e48473404490fbb74d6a48db9ce9b;2022-05-12;2022-06-11
996;outfit.be54589074780d08;2022-02-08;2022-02-28
4020;outfit.bb0b2a2f58aa9f0b;2021-08-02;2021-09-02
2250;outfit.9337c57be08b48f685e77490d17da267;2022-09-22;2022-10-21
3308;outfit.b80845e98ea3453d;2021-11-16;2021-11-29
2485;outfit.f82bfbc5af1c4997956e63f92ea51907;2023-08-02;2023-09-01
2485;outfit.0aab21277b674f7fbb146ca7e853eef6;2023-04-02;2023-05-01
4417;outfit.1233866861b14f0bb1e9116e90d9a492;2021-04-26;2021-05-24
3147;outfit.f311d710c5e84c58ba695897a2d8afa0;2022-02-07;2022-03-06
6907;outfit.46fd30ba34534c96b133e88f257cb7e1;2022-07-06;2022-08-05
1684;outfit.c41b5bc7cfa0435abe71b09cfccc17ea;2023-07-20;2023-08-19
1684;outfit.29a0d66e916c4bc690cf393bcea980e4;2023-08-20;2023-09-19
266;outfit.a841b2acdc119218;2024-02-29;2024-03-28
4834;outfit.9e90f563acb38233;2022-09-25;2022-10-24
2056;outfit.28b064407198448db7149be19f0161f4;2022-04-06;2022-05-05
2056;outfit.804540f3384690cf;2022-04-06;2022-05-05
7409;outfit.c51bd8f0c3464297b89ffa73328c3275;2023-10-04;2023-11-03
4696;outfit.05ee1828c13a47c29f06de6d993fbafe;2022-11-07;2022-12-06
5531;outfit.9c101c6da5bfc6e1;2021-12-01;2022-01-03
5531;outfit.cb167c53fdca444b9b21df883ca7682d;2021-12-01;2022-01-03
5812;outfit.eb6d1ea29ec44d2e83b626e244b8d5f2;2020-09-16;2020-10-16
5812;outfit.63fc53c3d8784dd39553a33d54ff4921;2020-09-16;2020-10-16
5812;outfit.37f5db61da1b4fb0a50472c1ddc442a4;2020-09-16;2020-10-16
1586;outfit.80333429732852d4;2023-08-16;2023-09-15
3147;outfit.a03256f024a5452cb9208a8e2475c506;2021-07-01;2021-08-02
3147;outfit.b49e6f1cc73f48f9a6329311214ee57f;2021-07-01;2021-07-23
3147;outfit.2d872cbfe6434c0c9ec15ebfa518a6e7;2021-07-01;2021-08-02
3189;outfit.63fc53c3d8784dd39553a33d54ff4921;2021-11-01;2021-12-01
3189;outfit.b3c16d971ae140519a806d5e2d47354b;2021-12-03;2022-01-03
3189;outfit.f1a25e8f1def4f2fa805aefcbb91bb62;2021-11-01;2021-12-01
4240;outfit.f1e688d410884ee0940d861fb2f620ac;2021-09-16;2021-10-15
2870;outfit.394609460a3549928924f3a0dc5a6e3d;2023-11-26;2023-12-25
2088;outfit.beb7edd11cd741538175c927a81cbf89;2021-10-25;2021-11-25
5722;outfit.defda56477d1496dacd7a61e447be9c4;2021-08-12;2021-09-13
5722;outfit.09f131a3a13141da9b70638289d27de3;2021-08-12;2021-09-13
1382;outfit.a1bd30435ab14461af069cf262f1e1eb;2020-09-25;2020-10-26
1382;outfit.9632d3d89d835c67;2020-12-21;2021-01-26
6447;outfit.fe07e41596d841c6943aa7819488c565;2022-01-04;2022-03-04
1922;outfit.5ee6b8e1796843248c5ed0284c981f77;2021-08-12;2021-08-23
1922;outfit.f2eb7517a30f4a00843b499d81bab69c;2021-08-12;2021-08-26
1922;outfit.63bcf26d934447e1aa4d53214cef7d4f;2021-11-19;2021-12-17
4452;outfit.a38554cc5999458397c5f190f0f3c38d;2020-07-13;2020-08-10
4452;outfit.8cddb9b88c984068a92d14c539dd24e6;2020-07-13;2020-08-10
4452;outfit.b6dfe60b7a8c421f9de22342860f17bc;2020-07-13;2020-09-10
4452;outfit.12c66a78a00f40a2908e64050f4ad8e9;2020-09-14;2020-11-09
6955;outfit.b8ee247b1864a7c2;2021-05-20;2021-06-21
6955;outfit.f82bfbc5af1c4997956e63f92ea51907;2021-05-20;2021-06-21
6955;outfit.ddb15f8dac0c4e03a7c88805a98cfcc8;2021-05-20;2021-06-21
4522;outfit.80333429732852d4;2023-08-11;2023-09-10
4464;outfit.95cf185dc27fb18b;2023-04-19;2023-05-18
6781;outfit.13db1499701e46f5b6e98d5e6d34267a;2022-05-19;2022-06-18
6011;outfit.9c0b47f4d629c3f3;2022-07-01;2022-07-31
6583;outfit.c5ded4868d344a5bbf49e5c1a3c136f8;2022-04-23;2022-05-22
6310;outfit.84f134b06fbed5a0;2022-08-07;2022-09-06
55;outfit.da552355bfd04649a987a3881b99d09c;2021-09-01;2021-10-01
6591;outfit.439ff276a34d4993ad9cf68d06c67d96;2023-12-09;2024-01-08
4674;outfit.229cc0c550f54fb3b3b937bab2abda35;2022-10-26;2022-11-25
3846;outfit.955f2239f0b38561;2021-05-03;2021-06-03
6285;outfit.92db973be0926d3f;2022-03-25;2022-04-24
6429;outfit.b2e035a8cce61dcb;2022-08-16;2022-09-15
4519;outfit.ceb25ee97e894d46869ca3eb799d48e0;2021-04-14;2021-05-14
4519;outfit.39d30bdd02814cfbae737840b8e01321;2021-04-14;2021-05-14
4519;outfit.bfab4c36b939b526;2021-04-14;2021-05-14
4837;outfit.925c69db26f6bbae;2024-02-03;2024-03-02
2148;outfit.ceda10a556b24c7c9ceeb2cc1601429a;2022-10-21;2022-11-20
3521;outfit.3fb6cd2d1f454b85937d1540dcf212f0;2023-01-05;2023-02-04
3521;outfit.25ff5e5ef4b541d79324a66515f1d89a;2022-12-05;2023-01-04
3521;outfit.7b4f2169219844b0841ffb1a8c602ee2;2022-12-05;2023-01-04
1282;outfit.a5a7231c342d45cca35cf536be58d63e;2023-04-22;2023-05-21
4608;outfit.8428c700eb194931835b34f2860d3432;2020-11-06;2020-12-04
4608;outfit.9a5a00800acbac31;2020-11-06;2020-12-04
454;outfit.611ba8f831e449f0a5bf0dfcc78e35a6;2022-01-03;2022-01-28
3896;outfit.ae922e922588454591edca7cabf0db48;2023-01-01;2023-01-31
6585;outfit.5603265d26874d16a34565f9929cd60a;2020-10-19;2020-11-19
6585;outfit.b9311cecf65f795b;2020-10-19;2020-11-19
6585;outfit.08b19773414e438eba84e8f55c3508da;2020-10-19;2020-11-19
454;outfit.7d273c5424a34a9cb3217beeed7070d4;2023-07-03;2023-08-02
2831;outfit.a0d1107baf5919d5;2022-04-27;2022-05-26
3721;outfit.0af9759a37b84904b1335e0847fcbb60;2020-05-15;2020-06-15
1390;outfit.df1d0f1d24dc4629b4769b6a3dc89b43;2021-09-30;2021-11-01
1232;outfit.f32718341e9443d8a36121a8913ff304;2023-04-30;2023-05-30
1232;outfit.4cbda361e12e4d65a5fb502dfd38076a;2023-04-30;2023-05-30
1232;outfit.6ee6ff4c35ca4e099c7272e8466af23d;2023-05-31;2023-06-29
904;outfit.841f070dd5a12094;2023-03-06;2023-04-05
3312;outfit.2a1a73c9f78d4dd09b2333fde8036160;2021-03-25;2021-04-26
3312;outfit.dbe73a98b209457299a8c8591381e1e8;2021-03-25;2021-04-26
5285;outfit.56e3cc906a444a569d6b057189a361bf;2023-07-06;2023-08-05
5285;outfit.9fcb20cced63441fbee2002faed4ea39;2023-07-06;2023-08-05
7101;outfit.d2affda3780840e8bab443abbd2e5478;2021-04-21;2021-05-21
7101;outfit.88a780cac1d40972;2021-03-22;2021-04-21
6955;outfit.97071c364d1944db8c7ae6a9d768a51a;2023-01-30;2023-02-27
6955;outfit.ddb15f8dac0c4e03a7c88805a98cfcc8;2023-01-30;2023-02-27
4674;outfit.880e71e3568b6812;2021-11-05;2021-12-06
1585;outfit.deb2675432704b1e8048f6f90c102a00;2022-03-03;2022-04-04
1585;outfit.bc490bc7db204af498825badd2d59285;2022-03-03;2022-04-04
446;outfit.a5650c1bada909fd;2020-12-16;2021-01-15
446;outfit.9ed854d660862b8f;2020-11-18;2021-01-15
446;outfit.3c7fb52f06a2409eb3b9b1587c8f6619;2020-12-16;2021-01-15
3040;outfit.b28818ece07e4d079ab89fa18b117415;2022-12-12;2023-01-11
5844;outfit.56dec64c8c834afaace780273bbde124;2019-11-06;2019-11-29
675;outfit.30c1385e9d714fa5b2000abce92e6c91;2020-11-30;2021-01-06
675;outfit.06464642967c4d9fa0f8267dfd3d80c0;2021-01-06;2021-01-28
7152;outfit.8d3343f8c69af77c;2020-11-19;2021-01-18
7152;outfit.14727804dc6945f9baabcd76ad96a744;2020-11-19;2021-01-18
7152;outfit.229f2207dc1e4409af99504f061ca0e7;2020-11-19;2021-01-18
7152;outfit.b4e897cae6915720;2020-11-19;2021-01-18
7152;outfit.e23577f8c36e4693879fd07fca0d0932;2020-11-19;2021-01-18
3458;outfit.efc9e86a0cd84fd28d55609e33bff657;2022-01-13;2022-02-14
2687;outfit.b57192599a0d41f8ab735f40942f16c1;2022-04-02;2022-05-01
2687;outfit.b3b241dbfc6220b8;2022-05-02;2022-06-01
2799;outfit.3b49ff8bbdf2444a83abcdc0fbb45f01;2023-09-27;2023-10-26
825;outfit.bf8385f15d6d468880c5e654f7599cf1;2021-12-28;2022-01-28
1706;outfit.a95a05ea858446c38ffd5535ab65a392;2024-04-18;2024-05-17
1412;outfit.b2924603fbe14557b4e7175a3bbe4d5e;2021-06-07;2021-07-07
1412;outfit.c52099f0269e4b6ebd66b79d3cca1d01;2021-06-07;2021-07-07
1412;outfit.82d7dcf690da4fc09bcf658816bccd3c;2021-06-07;2021-07-07
1412;outfit.9cd6c1a82e884a77b55b6113de55fea7;2021-06-07;2021-07-07
5130;outfit.250a41fd89bf4548bb8c5db06f1cfbf1;2022-09-08;2022-10-07
5130;outfit.a3d5299f391ebf8b;2022-11-08;2022-12-07
5130;outfit.ea3962c74e6e4b578a4fcee30dfa2aa4;2022-09-08;2022-10-07
7244;outfit.3b2ed909c25f4ba28abf27a3ba98f5d0;2022-02-26;2022-03-25
5694;outfit.d04fbe1240ef405c867fb813b5aa8779;2020-04-03;2020-05-04
5694;outfit.3b756132543a45d4a94b9bebb0aaebfb;2020-04-11;2020-06-05
5694;outfit.8cbb77c85f07443e9c2e6687e4131a45;2020-04-03;2020-05-04
5694;outfit.d91c416ae1584028ba0c20f1329bbb97;2020-05-04;2020-06-06
5694;outfit.a647aca5ce17d71e;2020-04-03;2020-05-04
5694;outfit.a294399ed5bfba8f;2020-04-03;2020-05-04
3669;outfit.1dd897589a5148198aea6c403d613063;2022-10-24;2022-11-23
1792;outfit.6ef37d8d2ee744229ed6350d8a94f308;2022-11-07;2022-12-06
4463;outfit.cdca688f6a2b48c598ce6c5459088301;2023-08-22;2023-09-21
4463;outfit.3f9b25249293481cac7469b68f545c7b;2023-07-22;2023-08-21
746;outfit.a5d5bfee852848c18596d844a3a9025e;2019-11-25;2019-11-27
3533;outfit.16e87e3968054dc8824ba7ff56aed7f4;2021-06-15;2021-08-02
6907;outfit.94466aa2cd2e46019ad5a362477e5a66;2021-07-01;2021-07-30
204;outfit.a477b4efb5b14d348d9c07782fa1c26f;2023-01-22;2023-02-21
5695;outfit.925c69db26f6bbae;2021-06-04;2021-07-05
5695;outfit.9cec5087297d4c1fa1a855dd7286ebd7;2021-07-05;2021-08-05
5695;outfit.d751f378f5214d2e941994a9ecc4b046;2021-05-05;2021-06-04
3577;outfit.033340bee3db475eac488884328ec9e1;2021-12-15;2022-01-14
2920;outfit.b068cf45c37e4aeaa1cff939a86e759f;2021-08-11;2021-09-08
1735;outfit.a0361d1da07f4cf4929c58bd45782fae;2022-12-17;2023-01-16
3094;outfit.b22fef4426ce72f9;2023-01-26;2023-02-25
11;outfit.656d8c9767e2417d8fad467465515b5d;2022-08-04;2022-10-03
11;outfit.8d6bd94d09354d22a77928a01bac9d25;2022-09-04;2022-10-03
11;outfit.bd2ab280ed364f26;2022-05-04;2022-06-03
3192;outfit.f11efd8c7b064175b4997b1ab65b5458;2022-08-25;2022-09-24
4067;outfit.88a780cac1d40972;2023-04-27;2023-05-26
454;outfit.8163acb883b84e0182dff9eff43290ab;2022-06-03;2022-07-02
4656;outfit.b45f71cef3bf96b3;2024-03-04;2024-04-03
4463;outfit.a7b955473f2248a8a818455cb08c9e79;2023-07-22;2023-08-21
2273;outfit.56663aaf60aa4b5c8267bed372c72677;2022-12-18;2023-01-17
7409;outfit.ef7ddc016c5c46129c32f5676c077449;2022-09-04;2022-10-03
2918;outfit.d4498e3094f048d8808f056832637685;2023-07-09;2023-09-08
4258;outfit.0d19e03cbaa04339bd57439d7c22ec6c;2022-10-13;2022-11-12
490;outfit.4c96620b5f444f05adcd28bcfd3861d5;2021-02-15;2021-03-15
490;outfit.f66d734ea0fa4854b73f96714fd19ecf;2021-02-15;2021-03-15
1809;outfit.d363ee8631554dccb9ced5babed2ce6a;2023-09-20;2023-10-19
1809;outfit.fd816aa2311d45c78fd0ab2d663a177a;2023-08-20;2023-10-19
454;outfit.84cfd784c9dd4ad6;2022-09-03;2022-10-02
910;outfit.3e47b084ad704fb5b25b38809fae38a7;2020-07-21;2020-08-24
910;outfit.3f2ed80371424e879c455f3eb07fcaa7;2020-07-21;2020-08-24
910;outfit.a3d27b283d42172d;2020-07-21;2020-08-24
910;outfit.5a0e04a9018a4904990fc85f1c8cd1ce;2020-07-21;2020-08-24
910;outfit.3f51dbc828b74034899009dd1a0177b5;2020-07-21;2020-08-24
4193;outfit.4be27307ae1c4611ad56aca101c8a6b4;2021-12-15;2022-01-17
4193;outfit.8e330b28328c4558a9523168b34d4d86;2021-12-15;2022-01-17
6303;outfit.55135c282c3849ac8b06f82861870970;2023-06-01;2023-06-30
6284;outfit.3156bec4c44640bea10e7356936109ff;2021-08-06;2021-09-06
6284;outfit.a3df643414c746ac95399bcdbb1acab6;2021-08-06;2021-09-06
6284;outfit.ae7389834f0c49c49b2ef43ff9cc1be9;2021-08-06;2021-09-06
4710;outfit.992bf5adcd39d953;2023-10-19;2023-11-18
1412;outfit.71cb13dfda4d475b9fcb509ecd701ce1;2022-03-12;2022-04-11
2617;outfit.a9f2bcb6885fe60a;2022-02-22;2022-03-22
3727;outfit.d6896eaf6b734f40943d6cce5d23c1e3;2021-06-14;2021-07-02
7204;outfit.e98a6e485b1941d98e43c0e74cc6885b;2023-11-30;2023-12-29
2040;outfit.ac365138f7722b8c;2021-04-12;2021-05-12
2040;outfit.6e50879668384d469557b1c93bc1d7a6;2021-04-12;2021-05-12
2040;outfit.466afa76adb144b7ad004be6382cfc54;2021-04-12;2021-06-14
948;outfit.3e2f71bc50a94158b8a7280408951627;2022-04-03;2022-05-02
384;outfit.ced7a70fdb8c4168ad6b7264244de2e0;2022-05-10;2022-06-09
2687;outfit.22d9e65ad5d54d439ce97df814e1dfbc;2021-12-03;2022-01-03
2687;outfit.c5b61903ca9849fe830fd86f7cb4da50;2021-12-03;2022-01-03
2687;outfit.b57192599a0d41f8ab735f40942f16c1;2021-12-03;2022-01-03
2687;outfit.b4e582b38a10f6bf;2022-03-08;2022-04-04
5760;outfit.1f534d95ccf6415a8af3b5799dd959e7;2022-12-05;2023-01-04
2102;outfit.fc14b8a036fa4ac196b9160b9b1fe0d2;2021-10-08;2021-11-08
2102;outfit.835db11c96461b2c;2021-10-08;2021-11-08
2573;outfit.594f2f8f9a604c168f60b00506f0cfb6;2020-12-04;2021-01-06
2573;outfit.d78cbfab144149069da04737d98450a1;2020-12-04;2021-01-06
846;outfit.1cac5f6638f140a3bcd41d5c1cf4bdc5;2020-11-30;2021-01-06
3227;outfit.9481d2d7251be70f;2022-04-18;2022-05-17
2995;outfit.b8b6253b118140448c36fb7b55fdce90;2022-01-05;2022-02-04
4656;outfit.bfad6e38299544e991b1c5f0d92073f6;2024-05-04;2024-06-03
3848;outfit.00ec4faf65344485a80b53a650badc79;2021-07-19;2021-08-19
4463;outfit.bbdd99b53f925ae3;2023-10-22;2023-11-21
3577;outfit.9f4279e99f78f984;2021-06-11;2021-07-12
3533;outfit.ba6583e00b16b4b4;2020-12-14;2021-01-13
3320;outfit.f465c31c406c4fc69448ba6a62d76ea6;2023-05-09;2023-06-08
3320;outfit.b75d871f45424868baa650472e43193a;2023-05-09;2023-06-08
1368;outfit.f1ed4ff2e21a436997e35b1c918c304b;2021-09-14;2021-10-14
1517;outfit.e538cc03e9244a16910db1b27f7132db;2021-09-24;2021-10-22
1517;outfit.007a4828b12b40ed9ed3db0c5803b813;2021-09-24;2021-10-22
1517;outfit.208d6c0a12484beaa7d86abbf736d390;2021-09-24;2021-10-22
1412;outfit.1b9ab78223b843e08e1daeb660783adf;2022-01-07;2022-02-07
4667;outfit.d81ef5af6f7b43358348ff1113aeb904;2020-10-21;2020-11-23
6781;outfit.29d43c48eee84539b3e1597c9cd55194;2021-01-12;2021-02-12
6781;outfit.34f5581736934174aa24aa69cefa8653;2021-01-12;2021-02-12
1585;outfit.f45e25a44bdd429991e9186db7fa64e5;2021-11-29;2021-12-29
6364;outfit.9178d6f714280d40;2021-09-28;2021-10-28
2085;outfit.155567585a3c417fa6043924c2867d0e;2022-12-26;2023-01-25
2085;outfit.3f10ec37bde34db685d87cbdb7ad1575;2022-10-26;2022-11-25
1232;outfit.b04f116bc3224f22a8f17d62934fe2cd;2024-04-29;2024-05-28
6858;outfit.8831dbbc9ac4aecc;2022-05-15;2022-06-14
5694;outfit.d4d71ae7c0194db7b38fa774db0981f4;2020-09-23;2020-10-30
5694;outfit.65bf9afca9c94299a8ea0b0b8fc4e03f;2020-10-01;2020-10-30
5694;outfit.992bf5adcd39d953;2020-08-31;2020-09-30
5694;outfit.5242edab1a064713b3c92f329d51b514;2020-08-31;2020-09-30
5694;outfit.80820b9138cd4205885caaa0a65dd6a4;2020-08-31;2020-09-30
5694;outfit.d9c02686a2094291837d95d09384481b;2020-12-04;2021-01-06
3291;outfit.60dced53fd414aec99d569404f19c4ee;2024-03-28;2024-04-27
6177;outfit.4f88de908942498980138fc606c745fb;2023-05-07;2023-06-06
3846;outfit.e4da524a49fe4b5ea3eb8983e8dff52a;2021-06-03;2021-07-05
3846;outfit.1f534d95ccf6415a8af3b5799dd959e7;2021-10-04;2021-10-29
3103;outfit.89a1a2941012477c83e6f9aaf2f144c8;2021-07-02;2021-08-02
3103;outfit.4448e1b8445d4f75803151b3794492b6;2021-07-02;2021-08-02
3103;outfit.1a05c2e6ba8c4de28923f683bef9c1ae;2021-07-02;2021-08-02
3103;outfit.d7f1bc7197b6469db1b9c4faf4071cb7;2021-07-02;2021-08-02
3521;outfit.c71e9a58962a404b9d6c8df867b4b392;2023-02-05;2023-03-04
6304;outfit.0b544c65a87645459ce9844f749e178f;2021-03-05;2021-04-05
6304;outfit.756c7b6b56d64e75a760eefb71b200ce;2021-05-05;2021-06-07
6304;outfit.75fd35081c884af28940d854e0a8c67f;2021-04-05;2021-05-05
6304;outfit.92396971987c812b;2021-05-05;2021-06-07
2492;outfit.535d7a56f1a44289b93c6bd46f656d8f;2023-01-23;2023-02-22
1201;outfit.1185a02614b947abbd217a5ba0b05a67;2021-10-14;2021-11-15
1201;outfit.44c8e590e1df4f6ab23cf81b9ed39374;2021-10-14;2021-11-15
266;outfit.767c953e45b8447eb7ff8d44dd5b65e1;2024-02-29;2024-03-28
1544;outfit.1b1e586b3bb2432f91b4a2e15dc719e1;2022-07-30;2022-08-29
2085;outfit.f4a5306ea45d4ab9b40340f016bab653;2022-11-26;2022-12-25
2085;outfit.cafdca5ad56a4f6ea824cc20fab5b5ae;2022-08-26;2022-09-25
2085;outfit.8e2e2acae5583042;2022-10-26;2022-11-25
6447;outfit.afed491afd3e4eafb23afb89ec35c1fa;2021-10-25;2022-01-03
606;outfit.d3739869edc74a0a855e399f5b75a567;2022-07-26;2022-08-25
4472;outfit.cd218662a26c4c29b372ed1563cf0ced;2023-11-06;2023-12-05
804;outfit.b49e6f1cc73f48f9a6329311214ee57f;2021-12-01;2021-12-31
804;outfit.bc5aa99812bd420fae43972060ba092e;2021-12-01;2021-12-31
804;outfit.ebfe6bcdfcb7442686f24eecaba39c1c;2021-12-01;2021-12-31
872;outfit.9aa24eb08db9447da1e6f285b151b357;2022-06-17;2022-07-16
2681;outfit.be1e83bfcede6836;2021-12-20;2022-01-20
55;outfit.139187a6eb1540b6b2b8aef96bd12601;2022-05-06;2022-06-05
55;outfit.ae647cff261c11fe;2022-05-06;2022-06-05
4724;outfit.a647aca5ce17d71e;2022-10-19;2022-11-18
2340;outfit.085fb811e8144319a18fe29c43325329;2021-03-22;2021-04-21
1586;outfit.a0358734a2b24bf6b531d86101378b7d;2023-03-16;2023-04-15
1219;outfit.8924eb037bcda8d4;2022-10-21;2022-11-20
6706;outfit.f60a93dd961d4856a6d40e366ef90717;2020-08-03;2020-09-09
6706;outfit.59f5e44d06e04f8994127e5f6cc8c05c;2020-08-03;2020-09-04
6706;outfit.29d4c138b56e4579898dbb7f47f6cafc;2020-08-03;2020-09-09
6706;outfit.aac7f6af58ec7121;2020-08-03;2020-09-04
6706;outfit.8453b72506b144b2;2020-08-03;2020-09-04
3510;outfit.820179fa25670e17;2023-07-28;2023-08-27
446;outfit.925c69db26f6bbae;2019-10-25;2019-11-25
3093;outfit.f5fb40c43d174f799509d01145b1ed1f;2022-05-30;2022-06-29
6885;outfit.89eec1f4fc5f40f59a6ea4149a4d00c4;2020-10-14;2020-11-13
5222;outfit.a38b3b3e20364b78bfcf0bb1eadcc0e5;2023-09-24;2023-10-23
5222;outfit.8609dd7995e147efbdf631d515d34bed;2023-09-24;2023-10-23
3769;outfit.a4a8f76f18ed4907ba632600bd676db4;2024-01-16;2024-02-15
6526;outfit.931ef0d0cada4965a8ea693f7a520b64;2023-08-09;2023-09-08
416;outfit.16d009b7c441450183dbace1c9e64dce;2022-06-07;2022-07-06
416;outfit.1c434db5b4cc42b8a656625c4d93fba4;2022-06-07;2022-07-06
3727;outfit.30a3ca6bb1c44394be44eff0548ed968;2022-05-14;2022-06-13
5309;outfit.ad428eff809e2480;2022-05-20;2022-06-19
4656;outfit.1023091eb7324562a4153373934bcb64;2023-11-04;2023-12-03
5100;outfit.f376dd31f0194adead88365684ce1e14;2021-11-16;2021-12-16
4564;outfit.05164954243a4c5cac4930572105ed27;2021-11-19;2021-12-17
4564;outfit.eeee122cf40b4035b6ee0e26b194c531;2021-11-19;2021-12-17
4564;outfit.896f0af4aaaa4d56a26ab9e37e94ad14;2021-11-19;2022-01-14
5100;outfit.9cfd3798e4b27f4c;2022-05-17;2022-06-16
5100;outfit.4d91614bd70b4799a861fe5ea43db494;2022-05-17;2022-06-16
5100;outfit.93fb65b596dc4d628b4812d30178a4dc;2022-05-17;2022-06-16
1626;outfit.d4498e3094f048d8808f056832637685;2023-02-16;2023-03-15
4020;outfit.a8083cd1fd8b4da982f6f8b6364d96a6;2021-11-02;2021-12-01
6907;outfit.599900d12a21423ca2bb8830f498a4bd;2022-07-06;2022-08-05
6907;outfit.a9d10e9af13c4e6d84c8b49d1dbd872b;2022-07-06;2022-08-05
1684;outfit.dad7a49a6dd54b0797b841af3ffaad7f;2021-11-23;2021-12-22
7411;outfit.e14ebf07096246dbb7bf4e241b4c5b32;2021-06-15;2021-07-15
2812;outfit.f4a2cebc0a544c9abc6305e9bd33b9c6;2023-05-21;2023-06-20
2168;outfit.98296ce41570cae0;2022-10-28;2022-11-27
996;outfit.7f44b4762bda4246a1aa7cd533047141;2022-05-15;2022-06-14
1881;outfit.0ed1568a6b6545e4932bee98c84aa544;2023-08-26;2023-09-25
3749;outfit.41e3a8155d734aa8a3c114e1dfbefe1b;2021-07-30;2021-08-27
4674;outfit.0c3cac26eb674e35a4602a369b146592;2020-12-10;2021-01-14
4674;outfit.95736bee85ac4163ad8a60e8e6a0ddf5;2020-12-10;2021-01-14
2762;outfit.915272dd8393bc1d;2021-12-07;2022-01-07
2762;outfit.92396971987c812b;2021-10-01;2021-11-01
2762;outfit.e1a782a63cf54c7aa654d30392da1daa;2022-01-07;2022-03-07
2762;outfit.a95a05ea858446c38ffd5535ab65a392;2021-11-01;2021-12-01
2762;outfit.c5a8b5900a2744589424bd5f8494497b;2021-11-01;2021-12-01
2762;outfit.af4a7934c1e143efa7ff6dae227cc416;2021-10-01;2021-11-01
6526;outfit.3260a6894aef41329983b153a3c022ed;2022-11-09;2022-12-08
568;outfit.e4bb08fb4a5f4f11843632fa2a227421;2021-11-15;2021-12-15
3727;outfit.519b363c010c4157a561e58cf3cd8c07;2023-06-14;2023-07-13
4696;outfit.c560abcbbf2b40edbacbd51dfa99bf58;2022-04-07;2022-05-06
5578;outfit.2055788ae1cb401bb3e88f887d5bd028;2024-03-18;2024-04-17
5760;outfit.03a5ffb8c27947de936564061de3d046;2022-08-05;2022-09-04
3227;outfit.e8f877d97bec44b49a40abd355d69d51;2021-12-27;2022-01-24
3227;outfit.f8e95f5fd1b641a4823ea3c6010e19cb;2021-12-27;2022-01-24
3227;outfit.9b0a47dc97c7ecc8;2021-11-23;2021-12-27
7244;outfit.f23993293d944d1b9bf173ca5be1a409;2023-02-26;2023-03-25
951;outfit.dad7a49a6dd54b0797b841af3ffaad7f;2020-09-21;2020-10-21
951;outfit.e5fd898057d54a5f8373fd8381b33a1b;2020-09-21;2020-10-21
951;outfit.c5ded4868d344a5bbf49e5c1a3c136f8;2020-09-21;2020-10-21
996;outfit.4222d99ee6974151a01942b79f1054f7;2022-03-15;2022-04-14
6303;outfit.682446def1c34a79890b62c1397c7afb;2023-09-01;2023-09-30
3727;outfit.5b1de7457379489c8e57a3c22844550b;2023-05-14;2023-06-13
1041;outfit.9cb602e5b83949d49bc50bbbfa5b7d04;2021-05-13;2021-06-14
3053;outfit.338c7b24bb1140d7aa47279c9490cfe7;2021-01-08;2021-02-15
2273;outfit.fbb003446d3c40a3879b475502a7e104;2022-12-18;2023-01-17
6284;outfit.67309f8f5e3b4376a7007b9046c6117d;2020-06-17;2020-07-20
6284;outfit.499d31bd36254c7191245e1d40745824;2020-06-17;2020-07-20
6284;outfit.ce331a7cc22d4aaf82548e873c59e6cd;2020-06-17;2020-07-20
2148;outfit.bb925d82b43cfc38;2022-12-21;2023-01-20
3956;outfit.aa10e3ab93793dc9;2023-02-05;2023-03-04
3291;outfit.c5fa2da94b8a48ce893b4a3722f02cba;2022-10-28;2022-11-27
5734;outfit.9c24784c042d5fba;2021-11-09;2021-12-10
5734;outfit.99495169e3ffdfa4;2021-11-09;2021-12-10
6591;outfit.250a41fd89bf4548bb8c5db06f1cfbf1;2023-12-09;2024-01-08
2846;outfit.47875ce75a2846c29607b0c39bf03327;2022-02-01;2022-03-01
2649;outfit.a2820311cb51576b;2023-08-02;2023-09-01
6026;outfit.d73105249af8497a8400a0f75a825741;2021-02-22;2021-03-15
4725;outfit.a5bbbf5301db4e5b8b1e2532cfd23a24;2024-03-28;2024-04-27
4725;outfit.98a0bb3110de7f3e;2024-03-28;2024-04-27
6604;outfit.ce331a7cc22d4aaf82548e873c59e6cd;2020-07-29;2020-09-14
2052;outfit.9e28084ee8e94a1d8afe4abe643fa8d5;2021-09-29;2021-10-29
2052;outfit.76443d6db496494dbb26ac275ecbdb3b;2021-09-15;2021-09-23
2052;outfit.8f6c3fbd7db0400caaf95a95ab29a97d;2021-09-14;2021-09-28
4960;outfit.e89fab0bbc574d6c89242ff808d537e6;2021-12-08;2022-01-07
7181;outfit.b09e135ba34c46daaf3a5495dcec6e83;2023-11-27;2023-12-26
3123;outfit.8cddb9b88c984068a92d14c539dd24e6;2022-04-18;2022-05-17
3259;outfit.f6eec8c3af9e43228f79ed7b49dd4633;2021-09-03;2021-10-04
3259;outfit.15f39d4408a449febc2bd0d1afbb0f1f;2021-09-03;2021-10-04
3259;outfit.b49e6f1cc73f48f9a6329311214ee57f;2021-09-03;2021-10-04
996;outfit.a3d27b283d42172d;2022-02-25;2022-03-17
996;outfit.9739950a93f6aa90;2022-02-25;2022-03-17
996;outfit.817cf154a066e6e0;2022-02-25;2022-03-17
996;outfit.ad6f853b5c31b6f5;2022-02-25;2022-03-17
996;outfit.39e26260f13d466b946601bafd691d36;2022-02-25;2022-03-17
7089;outfit.0a2e52320225494eb85a5488ff0dafd7;2021-06-07;2021-07-21
3518;outfit.eb104cb68a534166899c4cce84b0fa55;2023-04-15;2023-05-14
7082;outfit.1e7c61174cd245a19c01b630fce9d8ac;2023-10-14;2023-11-13
3094;outfit.c815d15af6ba46c580927f9bf81122f0;2023-02-26;2023-03-25
4824;outfit.f11efd8c7b064175b4997b1ab65b5458;2022-09-06;2022-10-05
4137;outfit.8ad0bb9029424a069f82d58c44b0d7fa;2021-12-01;2022-01-07
1412;outfit.ef9f4ad754194793ab95e6c30f5606ae;2021-08-09;2021-09-07
2884;outfit.6537917dc4e440fcb5793037388b3d7f;2023-12-08;2024-01-07
4608;outfit.071f256faafb419a9d235186bcf44c81;2020-07-08;2020-08-07
4823;outfit.c5ded4868d344a5bbf49e5c1a3c136f8;2023-09-26;2023-10-25
6526;outfit.deb2675432704b1e8048f6f90c102a00;2023-09-09;2023-10-08
4960;outfit.b22fef4426ce72f9;2022-11-09;2022-12-08
1382;outfit.2ab1a79e73cd419fb4479cea44e12c84;2023-08-15;2023-09-14
2168;outfit.a0d1107baf5919d5;2022-12-28;2023-02-27
1354;outfit.9d470d5e4955bb54;2023-08-06;2023-09-05
6212;outfit.69000b1e14de4f0fa3ab832be40c6f04;2022-02-18;2022-03-18
2264;outfit.250a41fd89bf4548bb8c5db06f1cfbf1;2024-03-06;2024-04-05
3017;outfit.946ae92e21374e0d8935761e881bb94b;2021-09-06;2021-10-05
4824;outfit.e319ab9f2a9143da8cc4defb08ce33cc;2022-10-06;2022-11-05
4017;outfit.aa76777d3b9d4073a342e2093e4ea1e2;2024-03-09;2024-04-08
4627;outfit.d4220f5dd22c4d409d8121e26b11dc99;2022-09-23;2022-10-22
4627;outfit.8f34384795bfc03e;2022-10-23;2022-11-22
5695;outfit.33af134887eb422baed2c7207f9cd5bc;2021-01-04;2021-02-01
2273;outfit.bb1024860d8f559e;2022-11-18;2022-12-17
2273;outfit.72b64826af9f427e9b51b108ff3d5ba2;2022-11-18;2022-12-17
3094;outfit.c815d15af6ba46c580927f9bf81122f0;2021-10-11;2021-10-13
1770;outfit.c560abcbbf2b40edbacbd51dfa99bf58;2023-03-17;2023-04-16
785;outfit.853997984302460e92bb9f8335ca5a0b;2023-04-07;2023-05-06
785;outfit.9e5db8a02f39402aaa9ee148d10ce073;2023-02-07;2023-03-06
6907;outfit.f32718341e9443d8a36121a8913ff304;2022-03-01;2022-03-31
6907;outfit.8bbfae6c08924fb2aafcf709665906a9;2022-04-01;2022-05-02
4417;outfit.8632cef7c2524f1ea8f213f5398eb754;2021-03-24;2021-04-26
1207;outfit.9e90f563acb38233;2021-12-20;2022-01-20
1207;outfit.b9bffddb2fa945e6a3d076ea97f1c5cb;2021-11-22;2021-12-20
5645;outfit.b9311cecf65f795b;2022-09-28;2022-10-27
5645;outfit.34afd8b7f33d434c8e0ac2849eab231d;2022-09-28;2022-10-27
1412;outfit.1b9ab78223b843e08e1daeb660783adf;2021-02-08;2021-04-07
606;outfit.f14e9c44441c4a5ca2e109af309be3ce;2024-04-26;2024-05-25
416;outfit.e042570478134b1bb5b4be84c6a87e97;2021-11-05;2021-12-06
416;outfit.e6d04857b6e54eecbd905c7e8093c960;2021-11-05;2021-12-06
5800;outfit.15c97a5fde81407f8cd5be88a178efdc;2023-07-04;2023-08-03
5722;outfit.690dcda28d044c5f8f134ffcb66cc02b;2022-02-22;2022-03-21
5722;outfit.02de6177cfea418b8530f218f554f369;2022-02-22;2022-03-21
69;outfit.0106cbd7e23f41da92e3081146b4ad03;2022-01-22;2022-02-21
3624;outfit.4555578a3d454839a343bd1f6448f523;2023-08-28;2023-10-27
785;outfit.648db79508724c99ab948e953e4813a7;2022-09-07;2022-11-06
1706;outfit.57e0110f769d47ea863ebea78235fd23;2022-01-03;2022-01-31
1412;outfit.2ea36f84cb12427686eed685f97f2a8f;2021-10-07;2022-01-07
2920;outfit.f51e3b6fec2d44f59e21f3dc2334231b;2021-11-03;2021-12-03
2920;outfit.13b4586fba46462abebff1b7b145e499;2021-11-03;2021-12-03
2920;outfit.0e6a4c4635124340b770ca2265f84377;2021-11-03;2021-12-03
6798;outfit.2b9a47fa00e642a1ba23dae6a67ae88c;2024-01-16;2024-02-15
4175;outfit.8428c700eb194931835b34f2860d3432;2023-02-14;2023-03-13
2131;outfit.89fab8d7d294457fa493f087c68b6bc1;2022-02-01;2022-03-01
7244;outfit.2463040b4a624400a85cd400d0ae0e7e;2022-05-26;2022-06-25
7244;outfit.7c8c2504d76d42f4a96766337d3dac03;2022-05-26;2022-06-25
6642;outfit.9b440739a4ab0623;2021-03-02;2021-04-05
2534;outfit.7ae84d76f8634068b358e5f723942fa0;2021-10-26;2021-11-26
3359;outfit.ae3c94e801eb4aebb7c3714ec981521c;2023-09-06;2023-10-05
5208;outfit.defda56477d1496dacd7a61e447be9c4;2021-11-10;2021-12-10
5208;outfit.ce53377b121b4648abc0a3c97e58bff1;2021-11-10;2021-12-10
1374;outfit.1185a02614b947abbd217a5ba0b05a67;2020-12-07;2021-01-06
2383;outfit.5b607271e3ee467bb4188f977c0336b8;2021-11-23;2021-12-17
2383;outfit.d04fbe1240ef405c867fb813b5aa8779;2021-12-13;2022-01-11
7411;outfit.46fd30ba34534c96b133e88f257cb7e1;2021-07-09;2021-08-13
7411;outfit.ecd27d5311ba4d3d95b9b5c3071ed764;2021-06-15;2021-07-15
6706;outfit.7ca0d67e06f7491f926b46e7fbdbd32c;2020-12-07;2021-01-04
6706;outfit.83126fbdb1962feb;2020-12-07;2021-01-04
6706;outfit.beb7edd11cd741538175c927a81cbf89;2020-12-07;2021-01-04
4834;outfit.145c644d683b4ccfa07d073d8c4efa6a;2021-09-29;2021-10-29
7371;outfit.b9478c83693b11a4;2022-04-29;2022-05-28
7371;outfit.cc2a4ea6b82044d2804ee26e593fbc00;2022-04-29;2022-05-28
4880;outfit.63fc53c3d8784dd39553a33d54ff4921;2023-03-28;2023-04-27
4880;outfit.8e330b28328c4558a9523168b34d4d86;2023-03-28;2023-04-27
2085;outfit.cf321774b9de4035802e1829303fd3da;2022-10-26;2022-11-25
3308;outfit.b232dfc2ba4bd49f;2022-02-23;2022-03-22
3308;outfit.0b721ca6ffdd489d91fa63f960ca64ec;2022-02-23;2022-03-22
3040;outfit.1f0ae1de64a54ab8ade3151460b27eb6;2022-03-25;2022-04-24
3040;outfit.48dec5565f454acf903fe1ce1f41a39e;2022-03-25;2022-04-24
4696;outfit.8f18f5ec1142ff1f;2022-10-07;2022-11-06
4634;outfit.4b2a9c705f844b229cb293ba66c8ddf5;2022-08-14;2022-09-13
4634;outfit.3261b5e6c4574ee9aacde7740fde9f7c;2022-05-14;2022-06-13
4960;outfit.713570ccf2364240b906d668908737ff;2022-05-09;2022-06-08
1998;outfit.9e90f563acb38233;2022-11-18;2022-12-17
2040;outfit.f3067ef490224ffba4c9a8b16458c624;2020-10-05;2020-11-02
2040;outfit.e837786453834dce89358fa547d891c2;2020-10-05;2020-11-02
2040;outfit.1233866861b14f0bb1e9116e90d9a492;2020-10-05;2020-11-02
2040;outfit.b6fe67d2c969451f8f1ffc1de395b9d1;2020-10-05;2020-11-02
2040;outfit.d04fbe1240ef405c867fb813b5aa8779;2020-11-02;2020-11-30
2040;outfit.ac3e4eefb550471989769e1e4d1683d1;2020-10-05;2020-11-02
1501;outfit.8e408fb4b2c64525966837c7789f2965;2022-07-06;2022-08-05
1501;outfit.151898f52a9a4e1a9862b376db9195e9;2022-07-06;2022-08-05
5430;outfit.a6b9c3792d6a4ad4;2023-09-03;2023-10-02
6310;outfit.142a3686d9ec47afb71932e592f45a92;2021-11-05;2021-12-06
502;outfit.2386f5b10f544de1a8f7a53a4b3bb92f;2022-10-19;2022-11-18
2207;outfit.3c0e2b952c024f85b23f3db26403df81;2024-02-08;2024-03-07
4725;outfit.8273c17c394043b8affdf5c04ee019ed;2023-12-28;2024-01-27
6303;outfit.29d43c48eee84539b3e1597c9cd55194;2023-01-01;2023-01-31
2022;outfit.24d73455126347c3b71e4b1ebb1ed3fe;2022-12-07;2023-01-06
2383;outfit.ddf5ea0fe07746eb95e15f4cda0b5e4d;2022-09-06;2022-10-05
5615;outfit.ae7389834f0c49c49b2ef43ff9cc1be9;2024-07-03;2024-08-02
6304;outfit.3e2f71bc50a94158b8a7280408951627;2023-12-25;2024-01-24
2402;outfit.ae77f7b917ff4730a2300bf43f24735e;2020-06-22;2020-07-31
2402;outfit.9a52065e9e7b4814bb5707173819674f;2020-06-22;2020-07-31
2402;outfit.235240be067b4381b6441e39d0023721;2020-06-22;2020-07-31
2402;outfit.25cf652454ab4f9fa1b636cbd555cfa6;2020-06-22;2020-07-31
6284;outfit.4c41406859e04bc7b29036c62ea1b7df;2021-02-24;2021-03-17
6284;outfit.9e3bea6a01d94e03a43bfefac24422e4;2021-02-24;2021-03-17
6284;outfit.a3d27b283d42172d;2021-02-24;2021-03-17
3312;outfit.4238aa017620494dbe0724f9b8f8f702;2021-10-15;2021-11-12
3312;outfit.819fe443b574445a979f4f0571a65677;2021-10-15;2021-11-12
2488;outfit.adeaa758e4b292c5;2021-12-07;2022-01-14
215;outfit.34f5581736934174aa24aa69cefa8653;2021-11-01;2021-11-30
215;outfit.439ff276a34d4993ad9cf68d06c67d96;2021-10-01;2021-10-29
215;outfit.4cbda361e12e4d65a5fb502dfd38076a;2021-11-01;2021-11-30
215;outfit.34f5581736934174aa24aa69cefa8653;2021-10-01;2021-10-29
4834;outfit.e96d2e7204fb4c1ea24fe71b3f967e0c;2022-08-25;2022-09-24
1735;outfit.3d22b9aa4bd549b09aa9d7e199d8b14a;2022-12-17;2023-01-16
5778;outfit.7cc6bd8e645a41d2837976a0d09e3ca9;2022-04-18;2022-05-17
5778;outfit.f311d710c5e84c58ba695897a2d8afa0;2022-04-18;2022-05-17
5778;outfit.d3ca7df0bdfc41fa91877417e2eb8315;2022-04-18;2022-05-17
3094;outfit.be3e7c4ec5718d36;2022-04-25;2022-05-20
6284;outfit.007a4828b12b40ed9ed3db0c5803b813;2020-11-19;2020-12-21
6284;outfit.72b64826af9f427e9b51b108ff3d5ba2;2020-11-19;2020-12-21
6284;outfit.76afccd8218448bcb7c5348bf4b76ef1;2020-11-19;2021-01-21
3533;outfit.f39f4017b82e4737b36b3674369af562;2020-08-14;2020-09-14
3533;outfit.e2c4d90753314eddbdf3a836e28a0209;2020-08-14;2020-09-14
3533;outfit.501f59ab11f94aa1a28a566911f8a8be;2020-08-14;2020-09-14
6907;outfit.78778f72774d4269abd8410a9511fdf6;2021-06-01;2021-06-30
6907;outfit.f58adb25909143e9aebc9e35f054988c;2021-06-01;2021-06-30
5800;outfit.6d042743afa04727815f717cce0b2ac0;2023-06-04;2023-07-03
5695;outfit.76720a51e7ef48d38a5240a44d56393f;2020-12-01;2021-01-06
5695;outfit.29c4a457231a489cbffecc33717d3c5b;2020-11-02;2021-01-06
7366;outfit.9739950a93f6aa90;2022-10-25;2022-11-24
4258;outfit.dd290f21f99a4cfd8093a69d25e11778;2022-12-13;2023-01-12
1840;outfit.1d0adb4c93e04425ae2f85e9efc54905;2024-02-09;2024-03-08
2121;outfit.9ae9443798cb496ba7848d3c3616ab1c;2023-01-15;2023-02-14
675;outfit.3f93a64eb5c5449096f841fe5fdc2b8a;2021-03-01;2021-03-29
675;outfit.48f1cbb3e03247b7bd894690722f655c;2021-03-01;2021-03-29
675;outfit.2a1a34d38ac64414b5d7878a719984e9;2021-03-01;2021-03-29
3308;outfit.82d7dcf690da4fc09bcf658816bccd3c;2022-11-23;2022-12-22
6011;outfit.63fc53c3d8784dd39553a33d54ff4921;2022-03-01;2022-03-31
6011;outfit.6962210a388343c2a203996ee7a30eb0;2022-05-01;2022-05-31
6011;outfit.e9319dccf9234668a6951834dcaff863;2022-04-01;2022-04-30
6011;outfit.a022100a2a964f4d9b262749de0b15d4;2022-04-01;2022-04-30
6011;outfit.afd208ad6e2c4771910f427504e634fe;2022-03-01;2022-03-31
6011;outfit.96520672b1fc4ebdb9bd3b431609192c;2022-05-01;2022-05-31
4464;outfit.bae42664f07a447e;2024-04-19;2024-05-18
892;outfit.462ca91031c54d7593a2e3d1da41aba9;2021-10-20;2021-11-19
5330;outfit.d9c02686a2094291837d95d09384481b;2022-03-13;2022-04-12
5330;outfit.ceda10a556b24c7c9ceeb2cc1601429a;2022-03-13;2022-04-12
2812;outfit.dd04098010f74a67ac9bf82eeb4b976c;2023-04-21;2023-06-20
2812;outfit.c71e9a58962a404b9d6c8df867b4b392;2023-04-21;2023-06-20
6907;outfit.b80a7f8948aefe75;2023-12-06;2024-01-05
6925;outfit.07602873909f41b6a572fb50dc042dbd;2021-02-04;2021-02-22
6925;outfit.981387ce664649c08f8c79dc4e8339d0;2021-02-04;2021-02-22
6925;outfit.0f9681d7171142aa84399d37dc7b4ed3;2021-02-04;2021-02-22
6925;outfit.25847fedcdc640569e0b07e0b38fef30;2021-02-04;2021-02-22
7026;outfit.23596174e2b1478385adda8f5f48416f;2020-12-16;2021-01-18
2796;outfit.09a274c103524f30bd8e3fcc3cbab7c1;2022-07-26;2022-08-25
5657;outfit.774b95bb02cb4be0b92d2a232bdb8b0f;2022-04-06;2022-05-05
2329;outfit.95b998c29f9af2fd;2022-07-22;2022-08-21
6940;outfit.6b027f465816489f83945f85bd6f1c17;2022-08-08;2022-09-07
6918;outfit.5eda9383bba2444aa517f17c3edd4453;2021-02-11;2021-03-11
1553;outfit.04bac9c52e4f40ba95d8a044093fcbe6;2021-08-16;2021-09-14
4073;outfit.f102748bf7fe46a2a9a3eb170410b6bb;2023-11-09;2023-12-08
568;outfit.893fa92eb13185cf;2021-08-13;2021-09-13
568;outfit.7b28d52de2cb4e4f8b00b14dd8512644;2021-08-13;2021-09-13
5342;outfit.74013b892b4a4f75979af28137c31558;2022-05-01;2022-05-31
5379;outfit.524627d9e5544cb8ab8c738c64a440c4;2022-01-17;2022-02-17
5379;outfit.071f256faafb419a9d235186bcf44c81;2022-01-17;2022-02-17
731;outfit.f5cdd470173a4cbb913353aac985eebe;2022-04-09;2022-05-08
3846;outfit.2f5079f4f8384977a9ac6bb4b465c23c;2021-09-01;2021-09-30
3846;outfit.372a132f8fe4463f8fdb8d7a8b3f5206;2021-09-01;2021-09-30
3846;outfit.ada6bb8993e7a05e;2021-09-01;2021-09-30
4899;outfit.884baebe6e734dab8add17543073a9b7;2020-10-14;2020-11-16
7198;outfit.31c50265a96d4e49aa5394db37e039f2;2022-07-24;2022-08-23
1277;outfit.9e5db8a02f39402aaa9ee148d10ce073;2022-08-01;2022-08-31
4858;outfit.ccf6f723db264c30b9e45b89203c4a28;2020-10-21;2020-11-23
5430;outfit.6b027f465816489f83945f85bd6f1c17;2021-05-12;2021-06-11
5430;outfit.3f4efea108664d0fbdd0ebe5d724e275;2021-05-12;2021-06-11
4638;outfit.d19ff6b2b8cd4521b1419e4e80cf3ac6;2024-01-12;2024-02-11
7104;outfit.071f256faafb419a9d235186bcf44c81;2022-08-23;2022-09-22
3308;outfit.b09e135ba34c46daaf3a5495dcec6e83;2021-12-31;2022-01-27
2148;outfit.d8cabdaf5af9426dad953821aefb0ba8;2023-03-21;2023-04-20
3875;outfit.3192a1f5ab4b41c4ac530502ee7f5720;2021-08-09;2021-09-09
3259;outfit.8399e72f71c74d9683a7416571e032fc;2020-12-18;2021-01-18
3259;outfit.ac52d51d1863129e;2020-12-18;2021-01-18
3320;outfit.fabaa18896e64e6ba835286d7f1d44e3;2022-10-09;2022-11-08
3320;outfit.5e1b9778e36d475699772148e5d4e27b;2022-10-09;2022-11-08
4853;outfit.be837201dbe28113;2021-09-24;2021-09-30
4853;outfit.1f534d95ccf6415a8af3b5799dd959e7;2021-09-24;2021-10-25
1749;outfit.6d833760ff474c4aabb2a201138e0f2b;2024-02-10;2024-03-09
6591;outfit.ae538ccb6bf14a858b0f66458e592872;2023-12-09;2024-01-08
2488;outfit.98a0bb3110de7f3e;2022-01-10;2022-02-10
572;outfit.cb29aca3f7be4551b07a9d1b02957e02;2023-05-12;2023-06-11
996;outfit.4222d99ee6974151a01942b79f1054f7;2022-10-15;2022-11-14
996;outfit.1af9826548074bb894ddfd86db27c9d9;2022-10-15;2022-11-14
7019;outfit.f14e9c44441c4a5ca2e109af309be3ce;2023-10-06;2023-11-05
1792;outfit.8fda8ef6cb62ebcc;2023-11-07;2023-12-06
3028;outfit.173befabe7a14130b0e646ca4152150c;2022-02-17;2022-03-17
3028;outfit.173b6b1204df4f128bcbdd843d91351e;2022-02-17;2022-03-17
6429;outfit.9e5db8a02f39402aaa9ee148d10ce073;2022-10-16;2022-11-15
3041;outfit.bb925d82b43cfc38;2022-02-04;2022-03-04
3041;outfit.7a9ac6aae6de40d4b1a260d95de95988;2022-02-07;2022-03-07
3041;outfit.ae9518aba2aff33b;2021-12-13;2022-01-13
2649;outfit.7ee7542297f944ecb49f4fe5b44728f7;2023-11-02;2023-12-01
7114;outfit.ede0d0fd9315467c868825bcb20d2fe6;2022-10-15;2022-11-14
1248;outfit.e7180235b62040eb9afeab19f74c5a73;2020-07-23;2020-08-31
1248;outfit.a1b5b9335a89a082;2020-08-04;2020-09-19
1248;outfit.e5c71f9ecf564fb39b2815a07e3c7fd6;2020-07-23;2020-08-31
1248;outfit.208d6c0a12484beaa7d86abbf736d390;2020-07-23;2020-08-31
1248;outfit.d601b0879a3a43b2ae6ff76706b2510d;2020-07-23;2020-08-31
996;outfit.9739950a93f6aa90;2022-07-15;2022-08-14
7114;outfit.b21aec5d36074eb790d69c5c40b7d77c;2023-09-15;2023-10-14
6591;outfit.ae538ccb6bf14a858b0f66458e592872;2024-05-09;2024-06-08
1792;outfit.dc7abe1bb20f423a8356cb4d089c56ff;2023-09-07;2023-10-06
1792;outfit.a0d1107baf5919d5;2023-09-07;2023-10-06
4218;outfit.2a307327642c41fda6f4f1b9d8a8080a;2023-10-26;2023-11-25
4218;outfit.ac93e6bc39c341dd9592de80ee57e522;2023-08-26;2023-09-25
1505;outfit.a83b27ea0df44e4d9773f8e7b5096ab9;2022-09-13;2022-10-12
2492;outfit.54c23fb221d148c4857e02fb58720530;2023-12-23;2024-02-22
2492;outfit.545462e5cd734b21abc149863a03464a;2024-01-23;2024-02-22
2492;outfit.31661e90877148d9bbe3846f087063f7;2024-04-23;2024-05-22
2492;outfit.f27151c499074c518cb0400cd3f2795d;2024-02-23;2024-03-22
4193;outfit.3b8a8f44f52f4b92b4935f08f4d2b9d7;2022-03-15;2022-04-15
5879;outfit.924f4c42857340e68e7e874fcd5c6775;2021-09-21;2021-10-18
5879;outfit.09a274c103524f30bd8e3fcc3cbab7c1;2021-09-21;2021-10-18
6051;outfit.3c0e2b952c024f85b23f3db26403df81;2024-04-02;2024-05-01
1922;outfit.d0faaa3486494e7d8ee3298104bc8adb;2022-05-19;2022-06-18
6977;outfit.b8d5df5f249150ce;2023-03-15;2023-04-14
6977;outfit.ef5fdc0209e74d39a8a24fcd05cbdce6;2023-03-15;2023-05-14
6447;outfit.f82bfbc5af1c4997956e63f92ea51907;2022-03-04;2022-05-05
5760;outfit.cf321774b9de4035802e1829303fd3da;2023-10-05;2023-11-04
3624;outfit.6e2a3eeffbf4433c9d6e5085d8c083f2;2024-03-28;2024-04-27
3814;outfit.d9c02686a2094291837d95d09384481b;2020-10-09;2020-11-09
3814;outfit.8f6c3fbd7db0400caaf95a95ab29a97d;2020-10-09;2020-11-09
3814;outfit.0aff63d7a5bf451ca706cfa53ced453a;2020-10-09;2020-11-09
4336;outfit.5c6bcfee583b4d7aa6fa807279637d59;2022-02-28;2022-03-29
4336;outfit.1be9b916bb1f44f7a9d120b4ef62c871;2022-02-28;2022-03-29
4336;outfit.d751f378f5214d2e941994a9ecc4b046;2022-02-28;2022-03-29
4336;outfit.1cac5f6638f140a3bcd41d5c1cf4bdc5;2022-02-28;2022-03-29
2846;outfit.e4da524a49fe4b5ea3eb8983e8dff52a;2022-06-20;2022-08-19
1684;outfit.8c5e53894f0ca50e;2022-10-20;2022-11-19
4638;outfit.219dfc82879a4c95a5e46cd7e35dcef3;2024-04-12;2024-05-11
1336;outfit.c8899e358d4846b5b5973cc0f9342aed;2023-04-22;2023-05-21
1784;outfit.f062df328d7842e4bc5b0c41e309393b;2024-02-18;2024-03-17
2383;outfit.8f34384795bfc03e;2022-01-21;2022-02-21
462;outfit.3fb6cd2d1f454b85937d1540dcf212f0;2021-06-25;2021-07-26
5760;outfit.34f5581736934174aa24aa69cefa8653;2022-11-05;2022-12-04
2617;outfit.4c4c5965b02c4457a057b341d33a5c71;2021-11-22;2021-12-20
2617;outfit.9739950a93f6aa90;2021-11-22;2021-12-20
3357;outfit.e965f8f929a345ecab825313cd4b3f24;2023-09-21;2023-10-20
7050;outfit.8273c17c394043b8affdf5c04ee019ed;2021-12-03;2022-01-03
3956;outfit.9387d05b47f906c5;2024-02-05;2024-03-04
4107;outfit.cdca688f6a2b48c598ce6c5459088301;2020-11-19;2020-12-18
4107;outfit.a97aa7b0e06a6908;2020-11-19;2020-12-18
4960;outfit.113cdf3f57984c3a9cc75afd5bf45c03;2021-10-08;2021-11-08
3147;outfit.a02f335a26704f80a01232079d662ff4;2021-12-01;2022-01-03
3147;outfit.f311d710c5e84c58ba695897a2d8afa0;2021-09-01;2021-10-01
6781;outfit.342ecd6e76d54f2b8e2cf31ece991f48;2021-10-14;2021-11-15
3416;outfit.ced7a70fdb8c4168ad6b7264244de2e0;2021-08-12;2021-09-09
3347;outfit.d24b8b64d37f4ea29ccc8aeb0c1bbb2f;2020-03-12;2020-04-14
3347;outfit.bf5d4348f69b718f;2020-03-12;2020-04-14
3347;outfit.6b027f465816489f83945f85bd6f1c17;2020-03-12;2020-04-14
7411;outfit.14b7969c5bef4051848ecc977eef38a2;2022-05-19;2022-06-18
7411;outfit.124195196333488e8ba4d195b96ecbdf;2022-02-16;2022-03-15
7411;outfit.25847fedcdc640569e0b07e0b38fef30;2022-05-19;2022-06-18
1237;outfit.5b1de7457379489c8e57a3c22844550b;2022-03-01;2022-03-24
5531;outfit.9e28084ee8e94a1d8afe4abe643fa8d5;2023-02-07;2023-03-06
4067;outfit.5f638bee24e542c2ad2eaef2f5227087;2022-09-27;2022-10-26
2290;outfit.eea233ccf31b454e997d24e78c888869;2024-01-27;2024-02-26
5344;outfit.d628edcdb5d743e09c72d3482c5df99c;2023-07-01;2023-07-31
5760;outfit.374273ffb79943b7be144ceb14529592;2022-10-05;2022-11-04
5760;outfit.81ce5109e01d4b7b9f944a3baa35c4d6;2022-10-05;2022-11-04
5760;outfit.f465c31c406c4fc69448ba6a62d76ea6;2022-10-05;2022-11-04
5695;outfit.b8b6253b118140448c36fb7b55fdce90;2022-02-14;2022-03-14
4880;outfit.e4eb7dca201f42c9b8fae01f44b42c91;2023-07-28;2023-08-27
7110;outfit.113cdf3f57984c3a9cc75afd5bf45c03;2023-11-29;2023-12-28
5620;outfit.151898f52a9a4e1a9862b376db9195e9;2022-11-30;2022-12-30
4258;outfit.b49e6f1cc73f48f9a6329311214ee57f;2022-08-13;2022-09-12
7342;outfit.3b2ed909c25f4ba28abf27a3ba98f5d0;2022-05-22;2022-06-21
5760;outfit.9e28084ee8e94a1d8afe4abe643fa8d5;2023-09-05;2023-10-04
5760;outfit.2846db8e50bc49a7a1b5f37be769f364;2023-09-05;2023-10-04
5160;outfit.93da3bfb33311ddf;2023-11-25;2023-12-24
5160;outfit.b1a8ed1f5b6d4a2f86fb528cc029006e;2023-11-25;2023-12-24
1626;outfit.ddd870ed06d64892af526d056b438894;2022-10-16;2022-11-15
1248;outfit.75fd35081c884af28940d854e0a8c67f;2020-12-04;2021-01-04
3505;outfit.d720fa6c17bf4c688054cbda17336d6c;2021-09-07;2021-10-01
3505;outfit.ccf6f723db264c30b9e45b89203c4a28;2021-09-07;2021-10-01
1083;outfit.03254ea7a2b0485e91a77f415f1d4741;2019-11-14;2019-11-29
1083;outfit.4cd9a6b549d04973a044716c3448b739;2019-11-14;2019-11-29
1083;outfit.8f91b0422939117a;2019-11-14;2019-11-29
2617;outfit.8fc193be35a546b987480b6cb5323beb;2020-12-21;2021-01-21
2519;outfit.925c69db26f6bbae;2020-09-14;2020-09-30
2519;outfit.2684b038d1e64fa1814b56b51b834047;2020-10-05;2020-10-28
572;outfit.8302402a6e8e8e8c;2021-02-19;2021-04-05
572;outfit.83cae242e7d54be496b50e98f34e346e;2021-06-04;2021-07-05
572;outfit.4d91614bd70b4799a861fe5ea43db494;2021-02-04;2021-03-04
572;outfit.b8c30d318f9d0554;2021-04-05;2021-05-04
4193;outfit.7ae84d76f8634068b358e5f723942fa0;2022-10-09;2022-11-08
4193;outfit.8619bf33395941ca8a9e98931e1462ff;2021-10-15;2021-11-15
4194;outfit.37af7c19c13949819ca971b380a9f97c;2022-10-04;2022-11-03
4194;outfit.f28fdb12e7c5455daa2d0de52c9ccd8f;2022-06-04;2022-07-03
4194;outfit.d3f2083ec04f4429bae5660f2a3db238;2022-09-04;2022-10-03
4276;outfit.34afd8b7f33d434c8e0ac2849eab231d;2023-08-28;2023-09-27
4276;outfit.a273058ddb56de19;2023-09-28;2023-10-27
2500;outfit.3eae986d05314414abe4ab66b1f1d94c;2023-08-22;2023-09-21
4183;outfit.ef7ddc016c5c46129c32f5676c077449;2022-12-17;2023-01-16
3649;outfit.69411dca4a39414a8ffc530b2388a761;2020-10-19;2020-11-16
3649;outfit.83e56eb73d8f0127;2020-10-19;2020-11-16
3649;outfit.8fc193be35a546b987480b6cb5323beb;2020-10-19;2020-11-16
4638;outfit.8b19ab819889dc0a;2020-12-01;2021-01-08
4638;outfit.89954cb83fe420c2;2020-12-01;2021-01-06
6526;outfit.d6789556754c4ce084d2fc7c354ae23d;2023-09-09;2023-10-08
6284;outfit.503dfd75a3f84d38901d135120cdf40b;2020-10-19;2020-11-19
6284;outfit.499d31bd36254c7191245e1d40745824;2022-04-17;2022-05-16
2905;outfit.1096c0a926c244b39b44ff523a6ad9e0;2023-02-24;2023-03-23
2905;outfit.1dd897589a5148198aea6c403d613063;2022-12-24;2023-01-23
5236;outfit.b2dc9f23d8d34e6fa62981cf887be220;2021-11-01;2021-12-01
2297;outfit.8db4b3541b97c627;2022-09-09;2022-10-08
2297;outfit.139187a6eb1540b6b2b8aef96bd12601;2022-09-09;2022-10-08
446;outfit.cb5a982c42784a9a834b5f15a47749b8;2022-01-12;2022-02-01
606;outfit.e169ea04d96140928a856fbab4821a60;2023-07-26;2023-08-25
1942;outfit.5df05df81eb54ba999e64c211780b556;2020-08-10;2020-09-10
1942;outfit.1a05c2e6ba8c4de28923f683bef9c1ae;2020-08-10;2020-09-10
1942;outfit.0630ef7d996d4c489b4e54e85bd09e5a;2020-08-10;2020-09-10
1942;outfit.9d97d017a5c747ac89d59efab886369a;2020-08-10;2020-09-10
6885;outfit.5862a9386cbc4ff29e9892f49274c243;2020-12-11;2021-01-08
6885;outfit.8609dd7995e147efbdf631d515d34bed;2020-12-11;2021-01-08
6885;outfit.519b363c010c4157a561e58cf3cd8c07;2020-12-11;2021-01-08
4834;outfit.40f5c15e6ca0486293b24bdf66d40393;2021-12-03;2022-01-03
2273;outfit.39ea3a4ef54640bc97a8ebd89ebe5294;2021-08-20;2021-09-20
2273;outfit.da7886916bfb4f4dae18d06d28aca900;2021-09-23;2021-09-27
2273;outfit.d74a648486b04780b38eb60860b4b974;2021-08-26;2021-08-30
2273;outfit.4ee818d5bdbb409397fa9157da2e96b1;2021-08-20;2021-09-20
2273;outfit.b45f71cef3bf96b3;2021-12-14;2021-12-17
3147;outfit.b45f71cef3bf96b3;2022-11-07;2022-12-06
1998;outfit.a7c0fa89d00d0d5d;2023-12-18;2024-01-17
5760;outfit.aecdd6d2249e8bc7;2022-11-05;2022-12-04
6662;outfit.afcfeb5d7cda41318a080365f05c9075;2021-09-07;2021-10-07
6662;outfit.16d88d0fdcb7455fb6a81ec2639afea9;2021-09-01;2021-10-07
5161;outfit.298b9f94af66454b9f07ebed997e9f9a;2021-09-21;2021-10-21
5161;outfit.f60a93dd961d4856a6d40e366ef90717;2021-12-13;2022-01-10
5161;outfit.e6bbfedb420c40059c5a6515c0f94dfd;2021-09-28;2021-10-21
4409;outfit.a388427605b34a2ab0e19304e54facc6;2023-11-05;2023-12-04
576;outfit.b26dea94dbd147919dbe9c6378c9c52f;2022-02-03;2022-03-03
2870;outfit.feaa16af0f6b4a96b65f8a29ace77979;2023-06-26;2023-07-25
6591;outfit.2e4ccc3463a74e7cb674e891ca098271;2022-09-09;2022-11-08
6591;outfit.a95a05ea858446c38ffd5535ab65a392;2022-10-09;2022-11-08
6591;outfit.e608f9225d314a12a390b165d222cc28;2022-06-09;2022-07-08
3988;outfit.1e33dfb5c66847f29088ba6717b10f75;2020-09-09;2020-10-12
3988;outfit.ed69171af5c648529d89ac51d442646e;2020-09-09;2020-10-12
3988;outfit.a392c1d7863044a69bb57db560056b76;2020-09-09;2020-10-12
3147;outfit.dd04098010f74a67ac9bf82eeb4b976c;2021-08-02;2021-09-01
5615;outfit.76443d6db496494dbb26ac275ecbdb3b;2023-12-03;2024-01-02
5722;outfit.d928300162a4434c84b6a5f5c2da0506;2021-09-17;2021-10-15
1605;outfit.cdca688f6a2b48c598ce6c5459088301;2021-08-09;2021-09-09
1605;outfit.b6f7358d6feb42ceaec950e6b66f4a34;2021-08-06;2021-09-06
2812;outfit.978b0bd3e4cb9afa;2023-11-21;2023-12-20
785;outfit.f82bfbc5af1c4997956e63f92ea51907;2023-10-07;2023-11-06
846;outfit.af7384d7b857af65;2020-10-29;2020-11-30
846;outfit.df04bf46dbd54868a63d2db542a5fa3d;2020-10-29;2020-11-30
846;outfit.1347deaf1e0145ffb1c1fdd0451083a0;2020-10-29;2020-11-30
846;outfit.db025960e5494378bd81a48377b0a1bc;2021-02-10;2021-03-01
846;outfit.2e4ccc3463a74e7cb674e891ca098271;2020-11-30;2021-01-06
1412;outfit.86a3e5e23b984060;2021-12-07;2022-01-07
3459;outfit.55e47b50f0dc4852a5784fffafa63488;2021-02-04;2021-03-04
3459;outfit.11395b1173644fedbcfc219469f27b84;2021-02-04;2021-03-04
3459;outfit.31edccd419de4fc5ae6aeb7eed4327ab;2021-02-04;2021-03-04
4409;outfit.3a5aeafe771d488f84bc18af5db17114;2024-05-05;2024-06-04
5617;outfit.a841b2acdc119218;2023-08-17;2023-09-16
5615;outfit.b5812826d5eb41f39aa282e64b91ebb6;2023-11-03;2023-12-02
3669;outfit.fa20f4d239044e7a922e27c5b5fd9f4f;2023-11-24;2023-12-23
3279;outfit.bd37bc0ed1857fb5;2021-10-01;2021-11-01
1735;outfit.31d5bc7c60334b9889e9ed768f05e578;2022-11-17;2022-12-16
6786;outfit.8bbfae6c08924fb2aafcf709665906a9;2022-03-05;2022-04-04
361;outfit.074a10af152c489ab0ecd8d67fa60fb9;2022-07-23;2022-08-22
361;outfit.a1c4999e99962415;2022-06-23;2022-07-22
3041;outfit.9956752d78a44dea91307b82661d85aa;2022-12-06;2023-01-05
3041;outfit.2392f0645935482bb171c7fd35384587;2022-11-06;2022-12-05
3041;outfit.9685cc11be684ed39ab8edac1e9a822b;2022-11-06;2022-12-05
3041;outfit.9685cc11be684ed39ab8edac1e9a822b;2023-01-06;2023-02-05
3041;outfit.64910701f4974360acc6851b2b0fd7cf;2022-12-06;2023-01-05
2846;outfit.37dfcefd9016441b96537a6b3de58e29;2022-03-01;2022-04-19
5314;outfit.93826cc51216dcd0;2022-05-07;2022-06-06
1138;outfit.a44036e74abd5cb1;2022-11-17;2022-12-16
1138;outfit.a294399ed5bfba8f;2022-09-17;2022-10-16
1138;outfit.6a8a9e4b00374d0e953550820b496573;2022-09-17;2022-10-16
6414;outfit.925c69db26f6bbae;2022-02-15;2022-03-20
6414;outfit.d71dd7d70f184d10b2bc26105f3283d2;2022-02-15;2022-04-15
6414;outfit.bbd662557126462f84e4912812fc1be0;2021-11-16;2021-11-19
1374;outfit.fbb003446d3c40a3879b475502a7e104;2021-02-05;2021-03-05
1374;outfit.23bf2c58e916407987746990096b204e;2021-02-05;2021-03-05
1374;outfit.2fac9258e5a64ac9a7658f54bd2056a8;2021-02-05;2021-03-05
6081;outfit.d928300162a4434c84b6a5f5c2da0506;2020-10-07;2020-11-06
6081;outfit.820179fa25670e17;2020-10-07;2020-11-06
6081;outfit.083b787389954cc09d79eab4ed0424a6;2020-10-07;2020-11-06
4656;outfit.bfad6e38299544e991b1c5f0d92073f6;2023-09-04;2023-10-03
7041;outfit.5494f9123a164880a3ed401be7abcd8b;2022-01-03;2022-02-03
7041;outfit.93d11b40e1db46198d34109e7d0ebfe9;2021-11-16;2021-12-16
7041;outfit.83b1e08b46bf0031;2022-02-07;2022-03-07
7041;outfit.b4e582b38a10f6bf;2021-11-22;2021-12-13
7041;outfit.012a4c0079984d719f3f2626bb60b374;2022-01-03;2022-02-03
3267;outfit.dad7a49a6dd54b0797b841af3ffaad7f;2021-09-20;2021-10-20
3267;outfit.9b0a47dc97c7ecc8;2021-09-20;2021-10-20
3267;outfit.8db90f1e88eb432e9422eaf57fc55562;2021-09-20;2021-10-20
3267;outfit.05a3c99a55404dc8984fde902ccaad18;2021-09-20;2021-10-20
2831;outfit.535d7a56f1a44289b93c6bd46f656d8f;2022-03-27;2022-04-26
1172;outfit.369422f2e567409b88d925e916f3a555;2022-03-14;2022-04-14
4731;outfit.3ae8377476ab4594b00bd3a7790e9549;2022-10-10;2022-11-09
785;outfit.b0d5835cfb6f4f918690a79fd842e7a6;2024-05-07;2024-06-06
2617;outfit.af3cb94171784fff803b50e9a99cd890;2021-10-20;2021-11-22
2617;outfit.0a5a3a2e1ff34f1792e1f2dad95cbc2b;2021-11-22;2021-12-20
2617;outfit.6f038b817a5a4220a8dea6bbc464c4a2;2021-11-22;2021-12-20
2617;outfit.06ac471d39bf42989d65d70dc6e65967;2021-10-20;2021-11-22
2617;outfit.76443d6db496494dbb26ac275ecbdb3b;2021-12-20;2022-01-20
7376;outfit.e837786453834dce89358fa547d891c2;2021-07-20;2021-08-20
2085;outfit.b4e582b38a10f6bf;2022-12-26;2023-01-25
3094;outfit.6f809ac4449f4502a6eee8832eabcb60;2021-02-01;2021-03-01
3094;outfit.1f534d95ccf6415a8af3b5799dd959e7;2021-02-01;2021-03-01
1444;outfit.2846db8e50bc49a7a1b5f37be769f364;2022-11-02;2022-12-01
2892;outfit.d933a0b2120d4102bcfe5f51886dc0e1;2022-01-27;2022-02-26
3458;outfit.7bf81ddabaf04521afae88cc4b70ef8f;2022-02-10;2022-03-10
3267;outfit.a34cdcaefffe44c89674b55f96a03950;2021-04-20;2021-05-20
3267;outfit.f3c849f608834dc0ba962f2a2aa39c9e;2021-04-20;2021-05-20
6212;outfit.e042570478134b1bb5b4be84c6a87e97;2022-01-18;2022-02-18
3669;outfit.0fdacd78ea72476d9688afaa61fc5c42;2022-06-24;2022-07-23
3669;outfit.a2ecd990912ca6bd;2022-07-24;2022-08-23
3669;outfit.43e73eedf7134d04afd27ea87948ce03;2022-07-24;2022-08-23
2383;outfit.4c41406859e04bc7b29036c62ea1b7df;2021-12-10;2022-01-11
4218;outfit.abd7e59260904f73ba0937d81996a9f2;2021-08-13;2021-09-14
4218;outfit.33af134887eb422baed2c7207f9cd5bc;2021-08-13;2021-09-14
4218;outfit.37391d71588c40bd82003f14276d6f92;2021-08-13;2021-09-14
4452;outfit.b934e446df5c498bb47e93a83c8bbc5e;2020-12-04;2021-01-06
2714;outfit.10702960934e47ca8b83d90cb167b470;2021-09-27;2021-10-27
2714;outfit.a83b27ea0df44e4d9773f8e7b5096ab9;2021-09-27;2021-10-27
3684;outfit.dd04098010f74a67ac9bf82eeb4b976c;2023-10-30;2023-11-29
3684;outfit.dd04098010f74a67ac9bf82eeb4b976c;2023-12-30;2024-01-29
2831;outfit.0a769485844446769b0609c505933bab;2022-08-27;2022-09-26
5100;outfit.f376dd31f0194adead88365684ce1e14;2023-07-17;2023-08-16
1735;outfit.12ca1b6aaefb46af8208fe008f3eb4e3;2022-12-17;2023-01-16
1382;outfit.35e53b748ea043f79cd9a2caca3a995b;2020-12-21;2021-01-26
1382;outfit.11c67729744647cea4955a4e21881e05;2021-01-26;2021-02-26
1382;outfit.4b2a9c705f844b229cb293ba66c8ddf5;2021-02-26;2021-03-26
3740;outfit.7cc254ca61fd49189825e315d9507a3d;2020-12-02;2020-12-21
3740;outfit.2a1a73c9f78d4dd09b2333fde8036160;2020-12-02;2020-12-21
6303;outfit.46fd30ba34534c96b133e88f257cb7e1;2022-09-01;2022-09-30
6303;outfit.7c3e32e564f84de28c9ab8a6f06a2e24;2022-10-01;2022-10-31
2250;outfit.3aec93f22b9a450ab7dfc26095abc609;2023-02-22;2023-03-21
7411;outfit.006b61bc5e404f37a41b85e6ae915723;2023-06-19;2023-07-18
2703;outfit.8e0381dffb04d62e;2022-04-16;2022-05-15
6858;outfit.75f72fc891604734a37a5ab96b006367;2024-02-15;2024-03-14
4817;outfit.a92d76f887cc44bd855fd1192a72ef23;2020-09-01;2020-10-01
4817;outfit.a5d5bfee852848c18596d844a3a9025e;2020-10-03;2020-10-04
4817;outfit.9b4637003c444b1d9c75e5eb5487d669;2020-10-03;2020-10-04
4817;outfit.f5cdd470173a4cbb913353aac985eebe;2020-09-01;2020-10-01
4817;outfit.fc591bc905fd4943a8d1022f6576efe1;2020-09-01;2020-10-01
4817;outfit.9d97d017a5c747ac89d59efab886369a;2020-10-03;2020-10-04
1518;outfit.d002aedf1e0d4058aaa82dabbbd74c52;2023-08-30;2023-09-29
576;outfit.060cbfa6f9024404bd6a4ed96b7bd41b;2022-07-27;2022-08-26
576;outfit.f22393069eb34b0e9b70e5d2501bb668;2022-07-27;2022-08-26
576;outfit.3c7fb52f06a2409eb3b9b1587c8f6619;2022-07-27;2022-08-26
576;outfit.bcdb248c57283524;2022-07-27;2022-08-26
2617;outfit.84cd1706c63f4fb686232cb5d102d36c;2021-09-20;2021-10-20
2617;outfit.e6abf593ad3949cd8a2b345ed4249ff6;2021-09-20;2021-10-20
3896;outfit.0af9759a37b84904b1335e0847fcbb60;2022-12-01;2022-12-31
2329;outfit.9c101c6da5bfc6e1;2022-08-22;2022-09-21
2329;outfit.b28818ece07e4d079ab89fa18b117415;2022-08-22;2022-09-21
4471;outfit.81e2654ac69b478bbeecd08e8348c6da;2023-12-27;2024-01-26
4471;outfit.31d5bc7c60334b9889e9ed768f05e578;2023-12-27;2024-01-26
731;outfit.f5cdd470173a4cbb913353aac985eebe;2022-04-09;2022-05-08
313;outfit.b768912b0eaf45f19918f8ef07d1bd1b;2023-04-07;2023-05-06
1706;outfit.25cf652454ab4f9fa1b636cbd555cfa6;2022-04-18;2022-05-17
414;outfit.bb9941f03f84490bb44a844ee73753ad;2023-07-23;2023-08-22
414;outfit.c05f7a4778004af4b50ca321d248f1e9;2023-07-23;2023-09-22
2022;outfit.da552355bfd04649a987a3881b99d09c;2023-05-22;2023-06-21
4656;outfit.5e1b9778e36d475699772148e5d4e27b;2023-10-04;2023-11-03
3080;outfit.804540f3384690cf;2021-08-20;2021-09-20
3080;outfit.a1efdc0d88774773957da6e703852211;2021-08-20;2021-09-20
3080;outfit.6d6fe6b3b2514ecc8c47947292874f90;2021-08-20;2021-09-20
3080;outfit.9e3bea6a01d94e03a43bfefac24422e4;2021-11-22;2021-12-22
7233;outfit.81c2ee9d12b442ecbad61d22061364f3;2023-11-10;2024-01-09
2364;outfit.9e90ada207a84d58941638aa284a4827;2022-01-27;2022-02-28
2364;outfit.048fe7f87ee34a4095f2141bd51e3b80;2022-01-27;2022-02-28
2364;outfit.b6f7358d6feb42ceaec950e6b66f4a34;2022-01-27;2022-02-28
7152;outfit.0392ab260e644b338316a915c76e18c6;2021-01-18;2021-03-19
7152;outfit.b45f71cef3bf96b3;2021-01-18;2021-03-19
7152;outfit.6f728ba37a6a48c79e1755dd50f191c6;2021-01-18;2021-03-19
7152;outfit.b0816b262fa40eac;2021-01-18;2021-03-19
7152;outfit.9df5c2cae194400e88fa8072fe524e08;2021-01-18;2021-03-19
640;outfit.29a4e469a1354981b601de67474f6d66;2023-10-07;2023-11-06
640;outfit.6a8a9e4b00374d0e953550820b496573;2023-12-07;2024-01-06
640;outfit.124195196333488e8ba4d195b96ecbdf;2023-09-07;2023-10-06
1706;outfit.32722b47b465460e91c775e73609e78b;2021-10-01;2021-10-29
1382;outfit.aca18f7f7df3a642;2021-04-26;2021-05-26
1382;outfit.142a3686d9ec47afb71932e592f45a92;2021-04-26;2021-05-26
3769;outfit.d89c1051a315434d90b87a3ea5aa1ea3;2022-06-16;2022-07-15
3769;outfit.b619b14568c94d46ac314ae0983703bd;2022-05-16;2022-06-15
6364;outfit.26a9eb230d0b4820a0fcc230f0fe8cf2;2021-07-16;2021-08-16
6051;outfit.f02905d4e5ac4f7e8d6e47288d92c154;2023-02-02;2023-03-01
454;outfit.86b2fd508097409d;2022-02-24;2022-03-24
731;outfit.6753fee0b6894243869c63032302de22;2022-04-09;2022-05-08
1382;outfit.abe970f711444589b6ce9e81bf35615d;2020-12-21;2021-01-26
1169;outfit.7f12d0cbd88d440f84b259599e625b69;2023-06-06;2023-07-05
1773;outfit.d751f378f5214d2e941994a9ecc4b046;2023-10-06;2023-11-05
3094;outfit.4b5c2be520b045e490ca17fcb9d87b90;2020-11-27;2021-01-06
3094;outfit.fdc3cdbad50644ad97fc0a903f967e15;2021-01-06;2021-02-05
3094;outfit.a95a05ea858446c38ffd5535ab65a392;2020-11-27;2021-01-06
3094;outfit.5a7e3301a60341d0957331a181335cff;2020-11-27;2021-01-06
3094;outfit.81e7d3487b0e4c3b80aa064790d9992a;2020-11-27;2021-01-06
3094;outfit.a6b9c3792d6a4ad4;2021-01-06;2021-02-05
1922;outfit.260d02e82bbd415bbe1e18918e98e0b6;2021-07-15;2021-07-16
1706;outfit.6f809ac4449f4502a6eee8832eabcb60;2021-12-01;2021-12-31
1706;outfit.2901f306ff3a4e7e8288cc48ec400f5f;2021-12-01;2021-12-30
1998;outfit.688665113d8c4d13bae1db16e822454c;2022-09-18;2022-10-17
5694;outfit.fdc3cdbad50644ad97fc0a903f967e15;2022-01-03;2022-03-04
3320;outfit.9481d2d7251be70f;2023-05-09;2023-06-08
5144;outfit.5b1de7457379489c8e57a3c22844550b;2021-09-20;2021-10-20
7009;outfit.37886c165da3410ca29761ac81f95bf9;2022-05-10;2022-06-09
4819;outfit.95b998c29f9af2fd;2022-02-12;2022-03-11
4819;outfit.d78cbfab144149069da04737d98450a1;2022-02-12;2022-03-11
4819;outfit.935ea85c252f9586;2022-02-12;2022-03-11
262;outfit.875635fa72e9a84a;2022-01-25;2022-02-25
948;outfit.9e20be28268142a1a6a917fe7ae1b237;2022-04-03;2022-05-02
6817;outfit.9a0283b3b9e34e39a0038cb7b7044c75;2022-12-23;2023-01-22
4336;outfit.28b064407198448db7149be19f0161f4;2022-08-30;2022-09-29
4336;outfit.5bf05f8589804ae290c997e60400cb6c;2022-09-30;2022-10-29
4336;outfit.767ecbf6b9bb4969ad78de1a78dbf039;2022-08-30;2022-09-29
4336;outfit.d24b8b64d37f4ea29ccc8aeb0c1bbb2f;2022-09-30;2022-10-29
4634;outfit.98aa99e47dee4f019d8b2620a9745f98;2022-08-14;2022-09-13
3189;outfit.1c78096241a04da2bb89cb692f3953b0;2022-02-24;2022-03-23
1382;outfit.af3a5e4cc2959d66;2022-01-26;2022-03-07
5695;outfit.4ee818d5bdbb409397fa9157da2e96b1;2021-05-05;2021-06-04
5914;outfit.326753f766be46ea82c771b041c4dd32;2023-05-28;2023-06-27
3749;outfit.09b4eec28e5c4672ae712982a2a32bfe;2022-02-24;2022-03-11
3749;outfit.e5fd898057d54a5f8373fd8381b33a1b;2022-02-24;2022-03-11
5160;outfit.cdf556b326334303a52f2df9eb42dd3a;2022-02-25;2022-03-24
4463;outfit.359ce2bd2e40491686ce3ebc4a13ead6;2023-05-22;2023-06-21
4463;outfit.5b56622d721d4a359d14507923450d0f;2023-05-22;2023-06-21
4463;outfit.a40883a05a5d406b985e7ad5451a61b8;2023-08-22;2023-09-21
4746;outfit.f32718341e9443d8a36121a8913ff304;2022-09-06;2022-10-05
4746;outfit.961a17ab05934b81a815e365bfe692d4;2022-09-06;2022-10-05
4464;outfit.c93e99cc15dc4420994f40954bf9d8a8;2023-10-19;2023-11-18
7367;outfit.23596174e2b1478385adda8f5f48416f;2023-02-03;2023-03-02
2168;outfit.8a91fcc1f1f612e6;2022-11-28;2022-12-27
996;outfit.a7b55780d1764599a3ee339fff38d002;2023-02-15;2023-03-14
3624;outfit.e7f85074d17849e8acb4fa1eaa62bcf0;2022-07-28;2022-08-27
3624;outfit.ce53377b121b4648abc0a3c97e58bff1;2022-07-28;2022-08-27
6940;outfit.8feb7001275554c8;2023-01-08;2023-02-07
6940;outfit.229cc0c550f54fb3b3b937bab2abda35;2023-01-08;2023-02-07
3896;outfit.0af9759a37b84904b1335e0847fcbb60;2023-03-01;2023-03-31
3896;outfit.80820b9138cd4205885caaa0a65dd6a4;2023-03-01;2023-03-31
3308;outfit.ada6bb8993e7a05e;2021-10-29;2021-11-15
3308;outfit.2b9a47fa00e642a1ba23dae6a67ae88c;2021-10-29;2021-11-29
5531;outfit.80333429732852d4;2021-10-01;2021-11-01
5531;outfit.f75f6043c5814e998e72b925ef7a21dd;2021-10-01;2021-11-01
5100;outfit.6b8d0d5720af4e33af8dff7afe7b0ed3;2023-02-17;2023-03-16
1382;outfit.af3a5e4cc2959d66;2022-11-15;2023-02-15
6081;outfit.97ec221c84bcfbe3;2020-11-06;2020-12-04
6081;outfit.af4c1536e8d62d77;2020-11-06;2020-12-04
6081;outfit.8d6bd94d09354d22a77928a01bac9d25;2020-11-06;2020-12-04
2714;outfit.3ae8377476ab4594b00bd3a7790e9549;2021-12-01;2022-01-03
1374;outfit.db019075c1344988a8148ff887ce6534;2020-12-07;2021-01-06
1374;outfit.37391d71588c40bd82003f14276d6f92;2020-12-07;2021-01-06
1374;outfit.e5503fe6f5f243fc90c526bcdb75c942;2020-12-07;2021-01-06
1878;outfit.945c07b5abe74714bf79b94a7b9a9383;2022-05-27;2022-06-26
1878;outfit.127cbdac62d948a1827499f13034becf;2022-05-27;2022-06-26
1878;outfit.43d5741ca13a453bb378172945b47fc8;2022-08-27;2022-09-26
3727;outfit.af0ed14f93f042fa8c43dc0ff2da97e6;2023-01-14;2023-02-13
3727;outfit.ed9017ac844a486fac95996bcc5b4b84;2023-01-14;2023-02-13
3510;outfit.2cc1bf3b23ce4811b7cc78ec9e50c379;2023-05-28;2023-06-27
3510;outfit.2cc1bf3b23ce4811b7cc78ec9e50c379;2023-04-28;2023-05-27
7089;outfit.7f13839eeae444e79acb75451f623074;2021-12-10;2022-01-07
266;outfit.bf8385f15d6d468880c5e654f7599cf1;2024-03-29;2024-04-28
1792;outfit.98296ce41570cae0;2023-12-07;2024-01-06
675;outfit.9b7e2e060c874d3287c4cee69860679a;2024-04-02;2024-05-01
2619;outfit.5330ecb4f53c4f7a865f99a6fdd37773;2023-10-28;2023-11-27
1710;outfit.8302402a6e8e8e8c;2020-10-21;2020-11-20
1710;outfit.2392f0645935482bb171c7fd35384587;2020-10-21;2020-11-20
4823;outfit.ccf6f723db264c30b9e45b89203c4a28;2023-10-26;2023-11-25
6319;outfit.3f51dbc828b74034899009dd1a0177b5;2021-07-29;2021-08-13
4725;outfit.ceda10a556b24c7c9ceeb2cc1601429a;2023-08-28;2023-09-27
6955;outfit.d5dec0c3b00d49d991202de754c91ab7;2022-03-31;2022-04-29
99;outfit.d948ea24ce8a484db5bd640400d50cce;2021-08-16;2021-10-16
99;outfit.89fab8d7d294457fa493f087c68b6bc1;2021-11-22;2021-12-21
99;outfit.a3d27b283d42172d;2021-10-26;2021-11-25
99;outfit.e18310c477cb4fa38cd9ba31e9997c4f;2021-10-26;2021-11-25
4725;outfit.b401ac00dd8e441c8e698a5eaad7a645;2023-03-28;2023-04-27
4725;outfit.851c21ffa4468a82;2023-03-28;2023-04-27
4725;outfit.3c0e2b952c024f85b23f3db26403df81;2023-03-28;2023-04-27
3735;outfit.22b16afebcf749d08ab2a83d88406516;2023-06-13;2023-07-12
3735;outfit.cf321774b9de4035802e1829303fd3da;2023-03-13;2023-04-12
1382;outfit.7f0e983a1e8f464a8761e005e931fc48;2023-11-15;2023-12-14
414;outfit.c05f7a4778004af4b50ca321d248f1e9;2023-11-23;2023-12-22
3848;outfit.00ec4faf65344485a80b53a650badc79;2021-06-18;2021-07-19
3533;outfit.ced7a70fdb8c4168ad6b7264244de2e0;2020-11-13;2020-12-14
3533;outfit.085fb811e8144319a18fe29c43325329;2020-11-13;2020-12-14
3533;outfit.89fab8d7d294457fa493f087c68b6bc1;2020-11-13;2020-12-14
1382;outfit.ade5433e25b54fbbb66a54f8fe113132;2020-12-21;2021-01-21
1382;outfit.760587419305432581b1c2dd2d29e27f;2020-11-26;2021-01-26
1193;outfit.4060d4c7c61443afa5fd7dc4f18a9aec;2022-03-26;2022-04-25
416;outfit.ff08dd87bf144defaa332eac0bf5bd4e;2020-10-05;2020-11-04
416;outfit.9333d13d00a6460aab2f7ac3da1c96ef;2020-10-05;2020-11-04
416;outfit.e965f8f929a345ecab825313cd4b3f24;2020-10-05;2020-11-04
3053;outfit.338c7b24bb1140d7aa47279c9490cfe7;2021-04-14;2021-05-19
3053;outfit.a95a05ea858446c38ffd5535ab65a392;2021-04-14;2021-05-19
996;outfit.a6275beb200f40c7a6b422d5c8b3d4b7;2024-04-15;2024-05-14
1586;outfit.aa76777d3b9d4073a342e2093e4ea1e2;2022-12-16;2023-01-15
1586;outfit.b7ebd99d748b28d0;2022-12-16;2023-01-15
3017;outfit.7cc6bd8e645a41d2837976a0d09e3ca9;2021-12-06;2022-01-05
6601;outfit.f3067ef490224ffba4c9a8b16458c624;2023-10-05;2023-11-04
733;outfit.d89c1051a315434d90b87a3ea5aa1ea3;2023-09-16;2023-10-15
7411;outfit.892c3befd668414cabc0bda22c3f48ff;2021-09-13;2021-10-15
7411;outfit.bf299b7d8eeed1e5;2021-09-13;2021-10-15
2687;outfit.8e330b28328c4558a9523168b34d4d86;2022-10-02;2022-11-01
2687;outfit.2fe31ac153bc422c945294c342de95a2;2023-01-02;2023-02-01
3357;outfit.92db973be0926d3f;2023-10-21;2023-11-20
1792;outfit.944185e8eec8066a;2021-03-03;2021-03-30
573;outfit.bb925d82b43cfc38;2022-05-23;2022-06-22
3094;outfit.31edccd419de4fc5ae6aeb7eed4327ab;2020-09-25;2020-10-30
3094;outfit.ccae6ec63d494a5eadd0d6b001597c42;2020-09-25;2020-10-30
3094;outfit.d4d71ae7c0194db7b38fa774db0981f4;2020-09-25;2020-10-30
3279;outfit.8163acb883b84e0182dff9eff43290ab;2021-10-01;2021-11-01
5694;outfit.801f1b35886e42f6907ec4709420c7e3;2021-03-08;2021-04-09
3291;outfit.0dba9d16e2e54e58ad650f0ecc2b3ea5;2022-08-28;2022-09-27
3040;outfit.67c7e051a163432eadc34be683ea3d44;2023-04-12;2023-05-11
2762;outfit.d70247c33e4b42569675e32cc3727701;2021-01-06;2021-02-18
4175;outfit.e11253de97ba42eb819cf53373fcbe8d;2024-01-14;2024-02-13
2508;outfit.3230795e6aed435ab96c8fcf5e56fd08;2021-11-23;2022-01-03
2168;outfit.8a91fcc1f1f612e6;2022-07-28;2022-10-27
4463;outfit.a8c3007784dfc486;2023-06-22;2023-07-21
7152;outfit.588d78c7613f4e10b418317946a7a186;2021-02-01;2021-03-18
6907;outfit.595a88f3986340b9b7ee163cbe32c85d;2021-12-01;2022-01-03
606;outfit.ae538ccb6bf14a858b0f66458e592872;2023-05-26;2023-06-25
3521;outfit.bdf0b714576b2118;2023-06-05;2023-08-04
4696;outfit.bf8385f15d6d468880c5e654f7599cf1;2022-10-07;2022-11-06
6319;outfit.e7180235b62040eb9afeab19f74c5a73;2022-09-05;2022-10-04
757;outfit.33775c3acbcf408aadc5a2436d0750ec;2022-10-08;2022-11-07
3649;outfit.3b8ec1aa02f64daebc17177ba35efcd2;2021-01-18;2021-02-17
3649;outfit.0ea2ed06e62c495195f67005f3057721;2021-01-18;2021-02-17
872;outfit.a5f369e8f0504905bd14d3a58f8dc8cb;2022-07-17;2022-09-16
4943;outfit.837d79eeae2a466cab88d515bd1aa409;2020-11-20;2020-12-18
4943;outfit.8fbf386b8fef8664;2020-11-20;2020-12-18
7411;outfit.f4a5306ea45d4ab9b40340f016bab653;2023-11-19;2023-12-18
7411;outfit.0f545b5ba1274c66b2896afdcc48c5d9;2023-11-19;2023-12-18
3267;outfit.811eea1f363f4d37;2021-10-20;2021-11-22
2085;outfit.ec43e546a9d543ee8c15c07cb70608a9;2023-03-26;2023-04-25
3267;outfit.6e5ff70fac6443cfa4cb2de5077ed77d;2021-08-20;2021-09-20
3267;outfit.81e52ba208d55e4d;2021-08-20;2021-09-20
3267;outfit.a7e848f47d2643d988bbaf47dae4a136;2021-10-20;2021-11-22
3267;outfit.81b7059db24a1c94;2021-08-20;2021-09-20
3577;outfit.8da5362b4130a623;2022-11-16;2022-12-15
3577;outfit.91d906d5cfcadc9b;2022-11-16;2022-12-15
4463;outfit.6587d43842ed43958181f9925d52806c;2024-05-22;2024-06-21
3749;outfit.97ec221c84bcfbe3;2021-04-23;2021-05-21
5459;outfit.b2dc9f23d8d34e6fa62981cf887be220;2023-11-25;2023-12-24
4638;outfit.5e96c1bc9f964af2b1a6e391db346131;2021-05-03;2021-06-01
4638;outfit.6b1d1739830a4f3cbe5530716d9890a2;2021-05-03;2021-06-01
4638;outfit.abce86c0d08341ed96a999cb4425d840;2021-05-03;2021-06-01
2465;outfit.97f20b8380c34615a30aed080071aa96;2022-09-19;2022-10-18
4276;outfit.ee35f79e0dc64dc6b321dcccc476d68e;2022-11-30;2022-12-29
1585;outfit.38ef91e51ef14bb19df9094a40bcb7f7;2022-11-25;2022-12-24
1585;outfit.447e5486379147879a59e168c261d9e2;2023-01-25;2023-02-24
1585;outfit.55e47b50f0dc4852a5784fffafa63488;2022-11-25;2022-12-24
3649;outfit.3f10ec37bde34db685d87cbdb7ad1575;2020-09-17;2020-10-19
3649;outfit.76443d6db496494dbb26ac275ecbdb3b;2020-09-17;2020-10-19
3649;outfit.2a307327642c41fda6f4f1b9d8a8080a;2020-09-17;2020-10-19
4218;outfit.7b4f2169219844b0841ffb1a8c602ee2;2021-06-14;2021-07-14
4218;outfit.fea3bb7d8ff54872ad84977465e29da4;2021-06-14;2021-07-14
4218;outfit.305bde2827b34ff192d1271ddb0e50bb;2021-06-15;2021-07-15
1589;outfit.140ebf984d2f4e80b9e23431c24fe75c;2023-06-19;2023-07-18
5645;outfit.fe07e41596d841c6943aa7819488c565;2023-04-28;2023-05-27
2556;outfit.89954cb83fe420c2;2021-05-10;2021-06-04
1831;outfit.7ca0d67e06f7491f926b46e7fbdbd32c;2023-12-18;2024-01-17
3312;outfit.3c6978266dfb4b9793e2c730496089d1;2021-09-13;2021-10-15
7411;outfit.501f59ab11f94aa1a28a566911f8a8be;2020-06-17;2020-07-20
7411;outfit.1a265d0988ad4e86966114062e4ca547;2020-06-17;2020-07-20
7411;outfit.6e67b1da956c4635b7d67622604d2bbb;2020-06-17;2020-07-20
5100;outfit.8e970ddf2f28404c9bf2a08b022c576a;2022-11-17;2022-12-16
5100;outfit.75f72fc891604734a37a5ab96b006367;2022-11-17;2022-12-16
5100;outfit.f89a59931cff4d4b8e63dd23cecd0e2d;2022-12-17;2023-01-16
5100;outfit.a743bd93e1a86501;2022-11-17;2022-12-16
3432;outfit.d60c7801271e488d88f0f13a0b28e6b6;2022-04-29;2022-05-28
1193;outfit.6fd4e1ca2f474faa9366763ac28adb3c;2021-09-07;2021-09-24
1193;outfit.22c011b90cf34e56a9613321cd35514b;2021-09-07;2021-09-24
6526;outfit.1642071c303e44a19ce63dfbbf8384bd;2023-10-09;2023-11-08
1706;outfit.806a7fef96ec97e0;2022-08-18;2022-09-17
3147;outfit.f8e95f5fd1b641a4823ea3c6010e19cb;2021-09-01;2021-10-01
6650;outfit.a1bd30435ab14461af069cf262f1e1eb;2024-01-01;2024-01-31
1998;outfit.1f534d95ccf6415a8af3b5799dd959e7;2022-01-11;2022-02-03
123;outfit.95a9732c69cb1e4c;2021-11-29;2022-01-07
123;outfit.5d300bde08e848898bfb5e15c1269b43;2021-08-17;2021-09-17
123;outfit.4d87f217c19241cf9a4feb9d75638e1a;2021-10-06;2021-11-02
123;outfit.df13ea56a17d4fad9fca92caa307b02c;2021-08-17;2021-09-17
123;outfit.250a41fd89bf4548bb8c5db06f1cfbf1;2021-11-29;2022-01-07
123;outfit.02b7dbe5f5f94207ba29423997168b74;2021-08-17;2021-09-17
123;outfit.3f10ec37bde34db685d87cbdb7ad1575;2021-10-06;2021-10-28
3749;outfit.839e3ef745704a72a86272840cf862d4;2020-11-23;2020-12-21
3749;outfit.17996f09f2a84c078a7b0bd718bcddd6;2020-11-25;2020-12-21
3749;outfit.fabccb7729514b23b386e2f93064548c;2021-02-22;2021-03-22
824;outfit.1233866861b14f0bb1e9116e90d9a492;2021-10-05;2021-11-15
7089;outfit.4a6ed2fa953e43f98d557f0c98f04f7f;2023-12-01;2023-12-31
932;outfit.b9bffddb2fa945e6a3d076ea97f1c5cb;2022-07-31;2022-08-30
932;outfit.bcc71d0caf95dc33;2022-06-30;2022-07-30
932;outfit.a5bbbf5301db4e5b8b1e2532cfd23a24;2022-04-30;2022-05-30
2995;outfit.8de67bc21e388b19;2021-11-26;2021-12-17
416;outfit.c0fa278a2de845a8b72cc0f20ce18227;2020-10-05;2020-11-04
1336;outfit.a8544eb2962547d1bb80da530b4c377a;2023-04-22;2023-05-21
1336;outfit.0149e9cdd92241a7a8c73a98eb397928;2023-04-22;2023-05-21
1336;outfit.9e371154c9be4c08b587ea8e5da833b3;2023-05-22;2023-06-21
3669;outfit.3b49ff8bbdf2444a83abcdc0fbb45f01;2023-12-24;2024-01-23
3192;outfit.12ca1b6aaefb46af8208fe008f3eb4e3;2021-12-16;2022-01-14
5929;outfit.46796cfb57174c9cb04ef0489123a073;2022-01-14;2022-02-14
5929;outfit.60a1072927ca4f13ae03d6f876c42cb3;2021-11-15;2021-12-15
5929;outfit.6a0ee820e93d45bb86077aa56e1c231a;2021-11-15;2021-12-15
5929;outfit.8046647faecd43129ae560e955ebc8e5;2021-12-15;2022-01-14
5929;outfit.3cd520846acc415fa68f1a7d6f1b7cee;2021-12-15;2022-01-14
5929;outfit.28b064407198448db7149be19f0161f4;2022-01-14;2022-02-14
1354;outfit.3fb6cd2d1f454b85937d1540dcf212f0;2023-12-06;2024-01-05
7009;outfit.9c101c6da5bfc6e1;2022-02-10;2022-04-09
2703;outfit.1431039944fe4be88f8890a04a346b09;2022-03-16;2022-04-15
2762;outfit.f39f4017b82e4737b36b3674369af562;2021-03-18;2021-04-19
6085;outfit.cc2a4ea6b82044d2804ee26e593fbc00;2021-11-04;2021-12-03
3740;outfit.8102ab9ef36547d1b50627b45fe5be95;2020-04-16;2020-05-22
3740;outfit.b9e21535cf624b6eac04d3a9708f213b;2020-04-16;2020-05-22
3740;outfit.7b3050921c08481b93e761760834c5f7;2020-04-16;2020-05-22
3740;outfit.e9a6c652ea8d42dc8752d70dce0c57c6;2020-04-16;2020-05-22
3740;outfit.aec255abd8714065996db11cc150f061;2020-04-16;2020-05-22
2766;outfit.a8c3007784dfc486;2023-12-02;2024-01-01
6319;outfit.adf3063b0cdf501d;2022-07-05;2022-08-04
5694;outfit.d26a681dbdd54f448ef373de80e065d6;2021-04-09;2021-06-11
5694;outfit.e6abf593ad3949cd8a2b345ed4249ff6;2021-03-08;2021-04-09
5694;outfit.4d91614bd70b4799a861fe5ea43db494;2021-05-14;2021-06-25
572;outfit.2bb91a54c63d4f72a11a6ad7a00b35cf;2021-12-06;2022-01-06
572;outfit.9a5a00800acbac31;2021-12-06;2022-01-06
572;outfit.3b32e75fb8984ec9ad5d8ccb79999327;2021-12-06;2022-01-06
572;outfit.bb72f30cdb4246d1bc47ff8b17cf4162;2021-12-06;2022-01-06
3308;outfit.b8d5df5f249150ce;2021-12-31;2022-01-27
3572;outfit.f23993293d944d1b9bf173ca5be1a409;2020-11-11;2020-12-04
5118;outfit.326753f766be46ea82c771b041c4dd32;2020-08-17;2020-09-21
5118;outfit.da7886916bfb4f4dae18d06d28aca900;2020-08-17;2020-09-21
5118;outfit.6e67b1da956c4635b7d67622604d2bbb;2020-08-17;2020-09-21
5490;outfit.b768912b0eaf45f19918f8ef07d1bd1b;2022-08-30;2022-09-29
5490;outfit.453a4c074a164ad0bbef87ee09a09616;2022-09-30;2022-10-29
4696;outfit.5c6bcfee583b4d7aa6fa807279637d59;2022-08-07;2022-09-06
5694;outfit.78d16995b62e40d48f06a20dbf72d844;2021-09-14;2021-10-08
996;outfit.a3d27b283d42172d;2023-08-15;2023-09-14
6295;outfit.8a9a59a3ebbb46a8bea05ebe9599a1c0;2022-11-18;2022-12-17
6429;outfit.b21aec5d36074eb790d69c5c40b7d77c;2023-03-16;2023-04-15
1684;outfit.8022397c5e3d4ab4bc8e421da9236d29;2024-02-20;2024-03-19
910;outfit.f11efd8c7b064175b4997b1ab65b5458;2020-09-28;2020-10-28
2102;outfit.8cddb9b88c984068a92d14c539dd24e6;2021-12-15;2022-01-14
6988;outfit.1c434db5b4cc42b8a656625c4d93fba4;2022-08-19;2022-09-18
6988;outfit.0af9759a37b84904b1335e0847fcbb60;2022-08-19;2022-09-18
804;outfit.f233488767cf4bdf93f717f7d42c0cbf;2021-08-30;2021-09-30
804;outfit.483fb847ee6542288ebaf7de6888de41;2021-08-30;2021-09-30
804;outfit.dbfe1373a2f840979196fe10b912e0c5;2021-08-30;2021-09-30
5285;outfit.030be8f1ab0549db86e542e2ad08a5b2;2023-08-06;2023-09-05
4193;outfit.9b0a47dc97c7ecc8;2023-03-09;2023-04-08
2687;outfit.b4e582b38a10f6bf;2022-09-02;2022-10-01
2808;outfit.2463040b4a624400a85cd400d0ae0e7e;2020-08-20;2020-08-28
2808;outfit.3c0da42b00f94123aad9c641ff5073ad;2020-08-20;2020-08-28
2808;outfit.77198ec009ad4cc98e710f5bcd1a6ab2;2020-08-20;2020-08-28
7270;outfit.a38b3b3e20364b78bfcf0bb1eadcc0e5;2023-04-06;2023-05-05
731;outfit.b4e7c58304d74b64b8b2ddf13ba93c6d;2021-10-01;2021-11-01
731;outfit.bb72f30cdb4246d1bc47ff8b17cf4162;2021-10-01;2021-11-01
454;outfit.021142f5924f4280bd3948268d35db64;2022-02-24;2022-03-24
1237;outfit.85244edf68884b9fa35758fe33b84612;2022-03-09;2022-04-08
1237;outfit.5b1de7457379489c8e57a3c22844550b;2022-03-09;2022-04-08
1237;outfit.55aa098dd93644fe961d0137a79adbea;2022-03-09;2022-04-08
4667;outfit.8b6cfd197842456c9460f246e3779c99;2020-11-25;2021-01-06
4667;outfit.0a5a3a2e1ff34f1792e1f2dad95cbc2b;2020-11-25;2021-01-06
4667;outfit.292fc161ab8a48d59af997f56cce1cb4;2020-11-25;2021-01-06
4667;outfit.090bd507e982425ab2a610ccdc3942d8;2020-11-25;2021-01-06
4667;outfit.be4b8e3a8d59b79f;2020-11-25;2021-01-06
6988;outfit.fd816aa2311d45c78fd0ab2d663a177a;2023-06-19;2023-07-18
1684;outfit.8ed02140f93ffa8c;2022-01-20;2022-03-19
1684;outfit.8ed02140f93ffa8c;2022-01-20;2022-02-19
3189;outfit.e0f170b8b51f4ae4a7e00047b9ea8d79;2022-07-24;2022-08-23
3279;outfit.4431d4e34e6a4c0fba43aa50395893f7;2021-09-01;2021-09-30
3279;outfit.8f6c3fbd7db0400caaf95a95ab29a97d;2022-01-03;2022-01-31
3279;outfit.af879b315e9e04fc;2021-09-01;2021-09-30
3279;outfit.fd816aa2311d45c78fd0ab2d663a177a;2021-10-01;2021-11-01
3878;outfit.1b9ab78223b843e08e1daeb660783adf;2020-11-20;2020-12-21
490;outfit.cd58f268e9e54fc08e5656e6f095975e;2022-09-12;2022-10-11
2703;outfit.02323792c3fc471186d9e7c2debd393b;2023-09-16;2023-10-15
5615;outfit.9617c0965077556e;2024-02-03;2024-03-02
5615;outfit.adf3063b0cdf501d;2024-01-03;2024-03-02
6592;outfit.980eb1c72e1e71f6;2023-09-02;2023-10-01
3510;outfit.92db973be0926d3f;2022-10-28;2022-11-27
5887;outfit.106726e45449496989051f9f0ff73af0;2022-02-09;2022-02-25
5887;outfit.3b32be97a62d43eebed1287be7cf5988;2022-02-09;2022-02-25
3028;outfit.34b2a2a9779a47f0a1aff663fe8d1c86;2022-06-18;2022-07-17
6907;outfit.de9c4f2245104d7b807e819b9ea7a4e8;2021-12-01;2022-01-03
6907;outfit.b80a7f8948aefe75;2021-12-01;2022-01-03
3103;outfit.b1ddecd27b94476d833c0ea2c2bb6d3a;2021-07-02;2021-08-02
3103;outfit.346aca2ad2134d0e95967b333990925c;2021-08-03;2021-09-03
3103;outfit.adeaa758e4b292c5;2021-08-03;2021-09-03
3103;outfit.e653ec25eed74f058794c2aa846b8c9e;2021-08-03;2021-09-03
2402;outfit.70bfcd7059a248ba9b8337bad5ce56fa;2020-11-02;2020-11-27
2402;outfit.3ef1542d099048efa539e8c67a385732;2020-11-02;2020-11-27
7244;outfit.d751f378f5214d2e941994a9ecc4b046;2023-06-26;2023-07-25
1522;outfit.ada6bb8993e7a05e;2020-06-15;2020-07-19
1522;outfit.78d16995b62e40d48f06a20dbf72d844;2020-06-15;2020-07-19
1522;outfit.816fb1b6edef8b59;2020-06-15;2020-07-19
4570;outfit.ac93e6bc39c341dd9592de80ee57e522;2022-03-28;2022-04-27
4570;outfit.78392fa87e224d719c89da109d9e263f;2022-03-28;2022-04-27
3094;outfit.0af9759a37b84904b1335e0847fcbb60;2020-08-21;2020-09-25
2675;outfit.c69fd3c4befc43c08273d51d292c74e2;2023-09-11;2023-10-10
130;outfit.030be8f1ab0549db86e542e2ad08a5b2;2022-08-05;2022-09-04
454;outfit.298d036f8c334821bbdc97c61fcc122d;2022-06-03;2022-07-02
454;outfit.d7bff1b799a34575a47ce0f531791c9f;2022-06-03;2022-07-02
454;outfit.0b721ca6ffdd489d91fa63f960ca64ec;2022-06-03;2022-07-02
7114;outfit.61a93a8506024e779db658f842e26625;2024-01-15;2024-02-14
2762;outfit.beb24dfdb4829222;2022-01-07;2022-02-07
1201;outfit.1cac5f6638f140a3bcd41d5c1cf4bdc5;2021-12-14;2022-01-14
1881;outfit.648db79508724c99ab948e953e4813a7;2023-07-26;2023-08-25
1840;outfit.021142f5924f4280bd3948268d35db64;2024-06-09;2024-07-08
7244;outfit.00c68b581a95458991a876f791e739ab;2022-07-26;2022-08-25
572;outfit.da552355bfd04649a987a3881b99d09c;2022-02-07;2022-03-07
5398;outfit.0533ed8c59ce4cf29172f502a3a93a91;2021-10-13;2021-11-12
3577;outfit.b4e582b38a10f6bf;2021-04-08;2021-05-10
1073;outfit.88e9a4b11d284db686be6be18502f641;2020-08-03;2020-09-04
1073;outfit.043a430a63b34151a6489d2863ea11aa;2020-08-03;2020-09-04
1073;outfit.6377a711bdf04683819c6fc08921cfaf;2020-08-03;2020-09-04
1073;outfit.b2f9d48f3d4c4549b8d51fcd04979a79;2020-08-03;2020-09-04
1073;outfit.adc57b4886354fdcafea896cdd2609b8;2020-08-03;2020-09-04
4501;outfit.0ed1568a6b6545e4932bee98c84aa544;2023-06-06;2023-08-05
2130;outfit.db01c7586017469ea4cc561b59fa2aca;2021-01-18;2021-02-18
2130;outfit.6e50879668384d469557b1c93bc1d7a6;2021-01-18;2021-02-18
3878;outfit.d996a07dfe044baaae7e995c4e6d67a9;2020-10-20;2020-11-20
1354;outfit.0aab21277b674f7fbb146ca7e853eef6;2023-10-06;2023-11-05
1973;outfit.6ea93b224a3c4027861e62805e0bd3f8;2023-07-25;2023-08-24
1973;outfit.9ff74f4f2a2f4454a7a629777cff27a6;2023-07-25;2023-08-24
1973;outfit.37af7c19c13949819ca971b380a9f97c;2023-07-25;2023-08-24
6519;outfit.0ed1568a6b6545e4932bee98c84aa544;2021-07-20;2021-08-19
2714;outfit.b9311cecf65f795b;2022-12-19;2023-01-18
1248;outfit.1cb90c4ef4cd4941913e9ab5a095b0d8;2021-10-13;2021-11-15
5852;outfit.d5dec0c3b00d49d991202de754c91ab7;2021-08-24;2021-09-24
5852;outfit.234ce093695f4773aba7287620cee9ca;2021-08-18;2021-09-17
5852;outfit.67c7e051a163432eadc34be683ea3d44;2021-11-02;2021-12-02
5852;outfit.97228689c245bc79;2021-08-18;2021-09-17
5852;outfit.b619b14568c94d46ac314ae0983703bd;2021-08-18;2021-09-17
6447;outfit.9ae9443798cb496ba7848d3c3616ab1c;2021-09-28;2021-10-25
7411;outfit.25847fedcdc640569e0b07e0b38fef30;2023-08-19;2023-09-18
4906;outfit.dbe73a98b209457299a8c8591381e1e8;2020-06-24;2020-08-09
4906;outfit.c929e1bd6aa940f7a34c16471389c460;2020-07-30;2020-09-04
4906;outfit.83f21a4b1d7c7acb;2020-06-24;2020-08-09
4906;outfit.50968c211b5941648f6519e289b84da7;2020-07-30;2020-09-04
4906;outfit.849c7f2e055c46478710a291b5ffa5db;2020-08-04;2020-08-07
4906;outfit.9a6b734068749450;2020-07-30;2020-09-04
4906;outfit.48dec5565f454acf903fe1ce1f41a39e;2020-07-30;2020-09-04
4906;outfit.305bde2827b34ff192d1271ddb0e50bb;2020-07-30;2020-09-04
4906;outfit.767c953e45b8447eb7ff8d44dd5b65e1;2020-07-30;2020-09-04
4906;outfit.d363ee8631554dccb9ced5babed2ce6a;2020-07-30;2020-09-04
4906;outfit.9d470d5e4955bb54;2020-06-24;2020-08-09
7376;outfit.edf01c8ca8f64059a8afaf72b4ba5eb3;2021-07-19;2021-08-19
2329;outfit.d21f3628771b4dcebc478c94a456d999;2022-04-22;2022-05-21
2329;outfit.138c6d460dc14dd4a223e9f2a484ad6d;2022-04-22;2022-05-21
2329;outfit.fd816aa2311d45c78fd0ab2d663a177a;2022-06-22;2022-07-21
2329;outfit.b232dfc2ba4bd49f;2022-06-22;2022-07-21
2329;outfit.d4d71ae7c0194db7b38fa774db0981f4;2022-05-22;2022-06-21
6818;outfit.925b3a37354592ef;2020-06-17;2020-07-31
6818;outfit.3c6978266dfb4b9793e2c730496089d1;2020-06-17;2020-07-31
6818;outfit.a6c2cc1cde584657b1748339cee96a5a;2020-06-17;2020-07-31
3267;outfit.203f5d33e7324d65a1d8175b3b910416;2023-02-27;2023-03-26
2716;outfit.75fd35081c884af28940d854e0a8c67f;2020-12-02;2021-01-06
2716;outfit.8238ed2091e347149ddd6114aeeb2655;2020-12-02;2021-01-06
2716;outfit.fcd37df89e7341dfb75d074f0d092396;2020-12-02;2021-01-06
2716;outfit.b04f116bc3224f22a8f17d62934fe2cd;2020-12-02;2021-01-06
4289;outfit.c560abcbbf2b40edbacbd51dfa99bf58;2022-11-19;2022-12-18
4289;outfit.d1404a07cbda4bf68dd8d57cb0e32207;2022-11-19;2022-12-18
3259;outfit.fa64859a68bd4aaeb18d40c34b32c2e7;2020-07-31;2020-08-14
3259;outfit.c5b61903ca9849fe830fd86f7cb4da50;2020-07-31;2020-08-14
3259;outfit.924f4c42857340e68e7e874fcd5c6775;2020-07-31;2020-08-14
6591;outfit.439ff276a34d4993ad9cf68d06c67d96;2024-05-09;2024-06-08
2297;outfit.e4da524a49fe4b5ea3eb8983e8dff52a;2022-12-09;2023-01-08
2297;outfit.98aa99e47dee4f019d8b2620a9745f98;2022-11-09;2022-12-08
2297;outfit.dc7abe1bb20f423a8356cb4d089c56ff;2022-12-09;2023-01-08
1374;outfit.34fb4047b75346ba9ced8912198506ff;2021-07-07;2021-07-08
1374;outfit.2174208dffe5493fa440e48d290a11bb;2021-07-07;2021-07-08
1374;outfit.a95a05ea858446c38ffd5535ab65a392;2021-07-07;2021-08-09
5620;outfit.f60a93dd961d4856a6d40e366ef90717;2022-10-31;2022-11-29
7082;outfit.29d4c138b56e4579898dbb7f47f6cafc;2023-12-14;2024-01-13
6642;outfit.24e1bde79f694d5aa980e0c889fa29c4;2021-05-03;2021-06-03
2775;outfit.ee40e812ed554b87a45637339c72cbd6;2022-06-26;2022-07-25
6319;outfit.1096c0a926c244b39b44ff523a6ad9e0;2021-11-23;2021-12-02
2290;outfit.7b4f2169219844b0841ffb1a8c602ee2;2022-05-27;2022-06-26
4608;outfit.80603a3d95e4beb7;2021-06-07;2021-07-07
5694;outfit.9b0a47dc97c7ecc8;2022-02-28;2022-04-22
1248;outfit.a867d0ea463b4d6dbd0f750bc1962f49;2021-11-05;2021-12-06
1248;outfit.c5fa2da94b8a48ce893b4a3722f02cba;2021-11-05;2021-12-06
1193;outfit.048fe7f87ee34a4095f2141bd51e3b80;2021-05-26;2021-06-18
1193;outfit.2a4decf449b64584804dad1d704f4ef1;2021-05-26;2021-06-18
1735;outfit.7e3fe1b3b1dc45909d172224682a28f1;2022-06-17;2022-07-16
1735;outfit.298b9f94af66454b9f07ebed997e9f9a;2022-05-17;2022-06-16
3749;outfit.03b18817e1894e588c3ae117a47d830c;2022-07-12;2022-08-11
3749;outfit.2ea36f84cb12427686eed685f97f2a8f;2022-07-12;2022-08-11
1684;outfit.1e4a3ce9976a4d9a9061c167255f3875;2021-06-21;2021-07-02
462;outfit.a7e848f47d2643d988bbaf47dae4a136;2021-03-25;2021-04-30
6988;outfit.7b4f2169219844b0841ffb1a8c602ee2;2023-05-19;2023-06-18
2170;outfit.ede0d0fd9315467c868825bcb20d2fe6;2023-02-26;2023-03-25
2170;outfit.89fab8d7d294457fa493f087c68b6bc1;2023-02-26;2023-03-25
416;outfit.1642071c303e44a19ce63dfbbf8384bd;2023-06-07;2023-07-06
3189;outfit.f1a25e8f1def4f2fa805aefcbb91bb62;2021-11-01;2021-11-30
5617;outfit.eb3fd90e14dd49d2844a6dfc41d36f40;2023-05-17;2023-06-16
6051;outfit.d4d71ae7c0194db7b38fa774db0981f4;2023-12-02;2024-01-01
4640;outfit.3f9b25249293481cac7469b68f545c7b;2021-07-30;2021-08-30
4564;outfit.139187a6eb1540b6b2b8aef96bd12601;2021-11-19;2021-12-17
1586;outfit.aa160ca041de17bb;2022-10-16;2022-11-15
5760;outfit.ad848f726cd93e66;2023-08-05;2023-09-04
5760;outfit.4c41406859e04bc7b29036c62ea1b7df;2023-08-05;2023-09-04
1586;outfit.bb1024860d8f559e;2022-09-16;2022-10-15
6310;outfit.0654b5aaef694f20ace802009972a59e;2021-12-06;2022-01-06
6310;outfit.8400c26ee9d435bb;2021-12-06;2022-01-05
2762;outfit.1cda37cc756345aeb22ccfc54fef10a4;2021-02-19;2021-03-22
4384;outfit.28e8c652c74547b9ad1485f752f3e125;2021-11-18;2021-12-10
1589;outfit.b6a27dfa0198a9bb;2023-07-19;2023-08-18
2815;outfit.e9e6ef522291496dacaad16160c8a8f2;2022-08-10;2022-09-09
4258;outfit.aa76777d3b9d4073a342e2093e4ea1e2;2023-04-13;2023-05-12
1735;outfit.af3a0f7fe64e49fc81c4d13f6ac481ec;2022-11-17;2022-12-16
6361;outfit.8ad1c89174094a26bd4cbcfdcad4aecc;2021-10-05;2021-10-29
4853;outfit.89954cb83fe420c2;2022-06-08;2022-07-07
1902;outfit.15c97a5fde81407f8cd5be88a178efdc;2023-05-28;2023-06-27
2340;outfit.e2c4d90753314eddbdf3a836e28a0209;2021-05-21;2021-06-21
3094;outfit.08dbb547a168423fa28b156f63acf8c4;2020-10-30;2020-11-27
3624;outfit.7d5e7df1d7e44528bca8d9859759042d;2023-11-28;2023-12-27
2714;outfit.b9311cecf65f795b;2022-10-19;2022-11-18
1626;outfit.8e330b28328c4558a9523168b34d4d86;2022-10-16;2022-11-15
1626;outfit.6e50879668384d469557b1c93bc1d7a6;2022-06-16;2022-07-15
1626;outfit.379ed2da3cb6428c9c9402855dfd61f8;2022-06-16;2022-07-15
1626;outfit.e1a782a63cf54c7aa654d30392da1daa;2022-10-16;2022-11-15
1626;outfit.8023680619aa366a;2022-06-16;2022-07-15
1626;outfit.e9e6ef522291496dacaad16160c8a8f2;2022-10-16;2022-11-15
1933;outfit.d0c6cd30a1f146a8a1ae6f73b34a0103;2023-12-12;2024-01-11
1933;outfit.e98a6e485b1941d98e43c0e74cc6885b;2023-12-12;2024-01-11
576;outfit.11c67729744647cea4955a4e21881e05;2021-04-21;2021-05-21
5208;outfit.71cb13dfda4d475b9fcb509ecd701ce1;2021-12-10;2022-01-03
4564;outfit.d24b8b64d37f4ea29ccc8aeb0c1bbb2f;2021-10-26;2021-11-19
4564;outfit.961a17ab05934b81a815e365bfe692d4;2021-10-25;2021-12-19
4564;outfit.a273058ddb56de19;2021-10-25;2021-11-19
4564;outfit.bf8385f15d6d468880c5e654f7599cf1;2021-10-25;2021-11-19
4564;outfit.173b6b1204df4f128bcbdd843d91351e;2021-10-25;2021-11-19
7411;outfit.bf00e652d6b83df2;2023-12-19;2024-01-18
3094;outfit.8ed6ba09f55049c59f9462e07cc30bb8;2021-01-06;2021-02-05
3608;outfit.ada989bbc2322203;2020-11-02;2020-11-30
3608;outfit.79d8ad807b5a4fbc86d21e759e3c7342;2020-11-02;2020-11-30
3608;outfit.2ead65a1ecf54c38a27bebc2bf47b9b1;2020-11-02;2020-11-30
3608;outfit.897c161625314c1a993188bc0a5ca063;2020-11-02;2020-11-30
549;outfit.39be0294d5cf4e26b4faaa07e7750686;2022-06-06;2022-07-05
3189;outfit.6dea8453a7dd4701830624eeea14bf9b;2022-10-24;2022-11-23
6688;outfit.e3beae7266754b369fb289ece8c757ba;2020-06-12;2020-07-17
6688;outfit.bb72f30cdb4246d1bc47ff8b17cf4162;2020-06-12;2020-07-17
3533;outfit.60c345cbd0924fe7800ac38922a74cb1;2022-05-19;2022-06-18
3533;outfit.e6bbfedb420c40059c5a6515c0f94dfd;2022-07-19;2022-08-18
948;outfit.e947dbab69e64c5a85f1fe565b5f3a49;2022-08-03;2022-09-02
824;outfit.233cc1a575934df38cc3c307901345e5;2022-02-16;2022-03-16
2799;outfit.298b9f94af66454b9f07ebed997e9f9a;2023-07-27;2023-08-26
490;outfit.f32718341e9443d8a36121a8913ff304;2022-05-12;2022-06-11
5169;outfit.1b9ab78223b843e08e1daeb660783adf;2022-08-31;2022-09-29
5169;outfit.915d00f05ea74ed9872f00dbf6367ac4;2022-07-31;2022-08-30
5169;outfit.a1efdc0d88774773957da6e703852211;2022-09-30;2022-10-30
785;outfit.127cbdac62d948a1827499f13034becf;2022-03-07;2022-04-06
6858;outfit.abd2e79be5f941a5aa407cc34ff63105;2023-07-15;2023-08-14
1382;outfit.1d7da339dc6b48e68c801f5862573aad;2021-07-29;2021-08-26
1382;outfit.ade5433e25b54fbbb66a54f8fe113132;2021-07-26;2021-08-26
1382;outfit.007a4828b12b40ed9ed3db0c5803b813;2021-07-26;2021-08-26
1589;outfit.d0c649c31ecc49a18d0cf19d7270073c;2023-04-19;2023-05-18
3669;outfit.4c4d89bf0fcb4b32a9015ce1a7bade19;2023-10-24;2023-11-23
3227;outfit.6f809ac4449f4502a6eee8832eabcb60;2022-02-14;2022-02-23
3291;outfit.2766e5ad48a2427a898f60aaacf85622;2021-01-26;2021-02-26
3291;outfit.1dc2bd9dc2ae421883e8845f3e335449;2021-01-26;2021-02-26
3518;outfit.82ee7c9d4d1e4274b0c706c82653ab79;2023-11-15;2023-12-14
3608;outfit.e319ab9f2a9143da8cc4defb08ce33cc;2020-12-01;2020-12-31
3608;outfit.aac9da3df1d5b519;2020-12-01;2020-12-31
3608;outfit.18aab8c241324685bff0b4d2afffd4d2;2020-12-01;2020-12-31
572;outfit.c5b61903ca9849fe830fd86f7cb4da50;2022-12-12;2023-01-11
1706;outfit.9565d4d6787ad71f;2022-09-18;2022-10-17
2329;outfit.173b6b1204df4f128bcbdd843d91351e;2023-06-25;2023-07-24
2329;outfit.c7b2894a9f3c4c568f982ca6c89ea6d8;2023-06-25;2023-07-24
2329;outfit.e17a0df1f70743e590827d7df93bb7f4;2023-09-25;2023-11-24
6733;outfit.3f65ab1185ed4b06a4feab44d8fdc748;2022-09-06;2022-10-05
5760;outfit.b6f7358d6feb42ceaec950e6b66f4a34;2022-10-05;2022-11-04
5615;outfit.8d7319b7cde9526b;2023-12-03;2024-01-02
6414;outfit.95a9732c69cb1e4c;2022-04-15;2022-05-16
6414;outfit.efbeb50344e54028b243698b3dd1b700;2022-03-14;2022-04-01
6526;outfit.fd816aa2311d45c78fd0ab2d663a177a;2023-04-09;2023-05-08
5481;outfit.9fa57e24a7bd4595b697f8ed050cb335;2022-05-16;2022-06-15
6526;outfit.1e1ade9c992d4eb8b7f11cd398a928c7;2023-05-09;2023-06-08
2762;outfit.77115f3958a24ad98cc8568e3fbe0da8;2020-12-18;2021-01-06
2762;outfit.66dd95a10af54a18ae4b24b3702f869e;2020-12-18;2021-01-06
2085;outfit.944185e8eec8066a;2023-01-26;2023-02-25
5680;outfit.af314667889c49cfab85a0e890642a31;2021-11-25;2021-12-23
1207;outfit.95736bee85ac4163ad8a60e8e6a0ddf5;2021-10-19;2021-11-19
2812;outfit.8a130c68d99c4023ad5d0551e483cec9;2021-08-02;2021-09-02
1589;outfit.ef37915fe2f546378750595366833b79;2023-05-19;2023-06-18
3127;outfit.a83b27ea0df44e4d9773f8e7b5096ab9;2022-02-10;2022-03-10
4725;outfit.acb94cbb42e1b894;2022-01-11;2022-02-10
5398;outfit.bb1024860d8f559e;2021-03-12;2021-04-16
5398;outfit.2208707dcf134558b4d335f1e3534655;2021-03-12;2021-04-16
4696;outfit.8302402a6e8e8e8c;2022-05-07;2022-06-06
4696;outfit.05ee1828c13a47c29f06de6d993fbafe;2024-01-07;2024-03-06
2170;outfit.9f515fbe4fef48e0bbdebca645ea96c8;2022-05-26;2022-06-25
572;outfit.d363ee8631554dccb9ced5babed2ce6a;2021-09-07;2021-10-06
572;outfit.a6275beb200f40c7a6b422d5c8b3d4b7;2021-10-06;2021-11-05
572;outfit.a40883a05a5d406b985e7ad5451a61b8;2021-09-06;2021-10-06
572;outfit.1e4e6b9f7f984a5f81d68773e0165c44;2021-09-06;2021-10-06
572;outfit.97071c364d1944db8c7ae6a9d768a51a;2021-10-06;2021-11-05
2148;outfit.173b6b1204df4f128bcbdd843d91351e;2023-01-21;2023-02-20
7367;outfit.7ee7542297f944ecb49f4fe5b44728f7;2023-04-03;2023-05-02
4746;outfit.beb7edd11cd741538175c927a81cbf89;2022-10-06;2022-11-05
4404;outfit.b8a404e6aad069ba;2022-05-14;2022-06-13
5459;outfit.944efade730744e38b3b678dae890f98;2023-09-25;2023-10-24
4608;outfit.b768912b0eaf45f19918f8ef07d1bd1b;2021-05-07;2021-06-07
1840;outfit.ccf6f723db264c30b9e45b89203c4a28;2021-11-05;2021-12-06
1840;outfit.a02f335a26704f80a01232079d662ff4;2021-09-06;2021-10-05
1840;outfit.816fb1b6edef8b59;2021-09-06;2021-10-05
3727;outfit.beb7edd11cd741538175c927a81cbf89;2022-11-14;2022-12-13
3727;outfit.9cfd3798e4b27f4c;2022-11-14;2022-12-13
230;outfit.c38212ead8334e87ad9103b67932eaf5;2022-05-10;2022-06-09
4404;outfit.1d0adb4c93e04425ae2f85e9efc54905;2022-03-14;2022-05-13
1138;outfit.8238ed2091e347149ddd6114aeeb2655;2023-03-17;2023-04-16
204;outfit.b5812826d5eb41f39aa282e64b91ebb6;2022-11-22;2022-12-21
4218;outfit.0ed1568a6b6545e4932bee98c84aa544;2023-03-26;2023-04-25
996;outfit.992bf5adcd39d953;2022-08-15;2022-09-14
2250;outfit.0512cb21a4bc4326971af84ccc563495;2023-02-22;2023-03-21
902;outfit.2a4decf449b64584804dad1d704f4ef1;2022-12-22;2023-01-21
902;outfit.181629c720b548f4a77a22851f1fbbce;2022-12-22;2023-01-21
7371;outfit.3ccefaac1825408c82d9980a3ea5964a;2020-06-17;2020-08-03
7371;outfit.d91c416ae1584028ba0c20f1329bbb97;2020-06-17;2020-08-03
7371;outfit.ab1e952330087c99;2020-06-17;2020-08-03
5645;outfit.df13ea56a17d4fad9fca92caa307b02c;2023-01-28;2023-02-27
7100;outfit.ac93e6bc39c341dd9592de80ee57e522;2021-11-17;2021-12-16
4858;outfit.9739950a93f6aa90;2020-11-23;2021-01-06
4858;outfit.60c345cbd0924fe7800ac38922a74cb1;2020-11-23;2021-01-06
4858;outfit.3f9b25249293481cac7469b68f545c7b;2020-11-23;2021-01-06
892;outfit.f062df328d7842e4bc5b0c41e309393b;2021-09-20;2021-10-20
5405;outfit.833b2280ae99434db2fb843f78d79e25;2021-04-20;2021-05-20
5405;outfit.b49e6f1cc73f48f9a6329311214ee57f;2021-04-20;2021-05-20
5405;outfit.58e553ab746b44d98763f86d0ceeac9f;2021-04-20;2021-05-20
5405;outfit.66dd95a10af54a18ae4b24b3702f869e;2021-04-20;2021-05-20
5405;outfit.d92a7bb56d3149b8983caa966d7868fa;2021-05-20;2021-06-21
4107;outfit.924f4c42857340e68e7e874fcd5c6775;2021-05-18;2021-06-18
5694;outfit.9481d2d7251be70f;2020-04-03;2020-05-04
5694;outfit.a83b27ea0df44e4d9773f8e7b5096ab9;2020-04-03;2020-05-04
150;outfit.7ee7542297f944ecb49f4fe5b44728f7;2022-06-29;2022-07-28
4696;outfit.a7b955473f2248a8a818455cb08c9e79;2023-02-07;2023-03-06
7150;outfit.2fac9258e5a64ac9a7658f54bd2056a8;2021-04-12;2021-05-12
7150;outfit.2c789fb5fc554dbd8dd86e423e809ff4;2021-04-12;2021-05-12
7150;outfit.9e90ada207a84d58941638aa284a4827;2021-04-12;2021-05-12
7150;outfit.bab0a29ca356113c;2021-04-12;2021-05-12
4819;outfit.e989b8cb4a814d97b642e1cb326f47e6;2021-11-08;2021-12-03
6733;outfit.1f534d95ccf6415a8af3b5799dd959e7;2023-03-06;2023-04-05
6965;outfit.7eb16fe1e199414bbb7f88d71fe7cb56;2020-11-09;2020-12-09
6965;outfit.293b6f34465a4a28abffbfc87ad78849;2020-11-09;2020-12-09
6965;outfit.9e28084ee8e94a1d8afe4abe643fa8d5;2020-11-09;2020-12-09
1809;outfit.62d7da11abfd412185d3323c4ea67939;2022-03-20;2022-04-20
1809;outfit.ae538ccb6bf14a858b0f66458e592872;2022-03-20;2022-04-19
3991;outfit.f8b69667089d42f7aa7b03df283f125f;2020-09-21;2020-10-21
3991;outfit.9a864c1333f6ce88;2020-09-21;2020-10-21
2649;outfit.99495169e3ffdfa4;2024-04-02;2024-05-01
3320;outfit.a7b955473f2248a8a818455cb08c9e79;2022-11-09;2023-01-08
3320;outfit.98d6cf4fef49ec24;2023-01-09;2023-02-08
4810;outfit.b22fef4426ce72f9;2023-04-27;2023-05-26
1585;outfit.d3972ad336174608b061e6224cb1fad4;2022-09-25;2022-10-24
1902;outfit.94f471a5d48f3464;2023-04-28;2023-05-27
1878;outfit.9288ff153f8d405e89ce6b6cfd08171c;2022-03-27;2022-04-26
1878;outfit.7395b78d10084aebb906f8f83bfd89cc;2022-07-27;2022-08-26
1878;outfit.338c7b24bb1140d7aa47279c9490cfe7;2022-06-27;2022-07-26
1878;outfit.43d5741ca13a453bb378172945b47fc8;2022-07-27;2022-08-26
3382;outfit.372a132f8fe4463f8fdb8d7a8b3f5206;2022-01-03;2022-02-03
2465;outfit.148857ae81d84843ae1671986a4e145e;2023-08-19;2023-09-18
3017;outfit.cf2fa10de8ea412186fd6dd1f658e3ff;2021-12-06;2022-01-05
2250;outfit.91d906d5cfcadc9b;2023-09-22;2023-10-21
3103;outfit.8632cef7c2524f1ea8f213f5398eb754;2020-10-05;2020-11-02
1386;outfit.9e90ada207a84d58941638aa284a4827;2023-10-05;2023-11-04
2205;outfit.ac5bdf39908e44dabf5536871716d1c9;2023-09-01;2023-09-30
5451;outfit.34afd8b7f33d434c8e0ac2849eab231d;2022-04-06;2022-05-05
5303;outfit.82ec1db640c48b3f;2024-05-17;2024-06-16
5379;outfit.ccf811c5b8f847758b9d79c74514890f;2021-11-18;2021-12-17
5379;outfit.f233488767cf4bdf93f717f7d42c0cbf;2021-11-18;2021-12-17
6535;outfit.9b7577b41e374c5d8debce0abc0466de;2021-10-22;2021-11-05
6535;outfit.9c60137e95ac47c4b54413f4226d4206;2021-10-12;2021-11-12
6535;outfit.efc9e86a0cd84fd28d55609e33bff657;2021-10-12;2021-11-12
6918;outfit.447e5486379147879a59e168c261d9e2;2021-01-11;2021-02-11
7411;outfit.a0a46d933783476c9109aafdeeeb550e;2023-08-19;2023-09-18
5754;outfit.363a3d3fbf64484293b96404b1bdd504;2020-07-20;2020-08-21
5754;outfit.ce53377b121b4648abc0a3c97e58bff1;2020-08-03;2020-09-04
5754;outfit.8b5a2517b2af41318c55379528814fee;2020-08-10;2020-09-11
3017;outfit.2d059d6a6a3c4f02abe8e2f5cd7dea69;2021-07-05;2021-08-05
3017;outfit.80603a3d95e4beb7;2021-07-05;2021-08-05
3459;outfit.67d14062b639450faef4ae16726d3a50;2021-05-20;2021-06-18
3459;outfit.4b20b3ccd3cd41fe98d0225f47276e2c;2021-05-20;2021-06-18
3459;outfit.2766e5ad48a2427a898f60aaacf85622;2021-05-20;2021-06-18
3459;outfit.0fdacd78ea72476d9688afaa61fc5c42;2021-05-20;2021-06-18
675;outfit.13e5c6482ae340a696f30c156512408b;2022-01-28;2022-02-28
675;outfit.a9a4918501579729;2022-01-28;2022-02-28
996;outfit.b1eeff303fb44f10a6c2ac36c0136514;2021-12-08;2022-01-07
1193;outfit.0e79f46fd9f344bdb7c714ffce9e98aa;2021-04-08;2021-05-07
1193;outfit.fcd37df89e7341dfb75d074f0d092396;2021-04-08;2021-05-07
496;outfit.05a3c99a55404dc8984fde902ccaad18;2023-01-10;2023-02-09
7128;outfit.95cf185dc27fb18b;2022-04-29;2022-05-28
785;outfit.db6e87de63f347a0af3ecbf3b7463a55;2023-12-07;2024-01-06
3189;outfit.f062df328d7842e4bc5b0c41e309393b;2022-08-24;2022-09-23
454;outfit.801f1b35886e42f6907ec4709420c7e3;2022-11-03;2022-12-02
454;outfit.eb60db20ed1d4ddeb7e2b03e05cae83c;2022-11-03;2022-12-02
2052;outfit.a841b2acdc119218;2022-03-27;2022-05-26
5760;outfit.a5f369e8f0504905bd14d3a58f8dc8cb;2023-05-05;2023-06-04
5100;outfit.80333429732852d4;2023-04-17;2023-05-16
5100;outfit.03b18817e1894e588c3ae117a47d830c;2023-05-17;2023-06-16
5100;outfit.8ad0bb9029424a069f82d58c44b0d7fa;2023-05-17;2023-06-16
6907;outfit.595a88f3986340b9b7ee163cbe32c85d;2022-09-06;2022-10-05
7342;outfit.f1e688d410884ee0940d861fb2f620ac;2024-02-22;2024-03-21
6036;outfit.8428c700eb194931835b34f2860d3432;2022-05-25;2022-06-24
3259;outfit.6705bc03d5e649f4bec363e6367cd89a;2021-12-10;2022-01-10
4638;outfit.369422f2e567409b88d925e916f3a555;2022-09-12;2022-10-11
7411;outfit.2d872cbfe6434c0c9ec15ebfa518a6e7;2023-01-19;2023-02-18
572;outfit.a8fae88d2b7640e2b28161d301fc5e08;2021-09-06;2021-10-05
5615;outfit.eea233ccf31b454e997d24e78c888869;2024-02-03;2024-03-02
2130;outfit.1b1e586b3bb2432f91b4a2e15dc719e1;2021-02-18;2021-03-18
2130;outfit.cdf556b326334303a52f2df9eb42dd3a;2021-02-18;2021-03-18
2130;outfit.94f96de6e74f4a51b85f15018f9ad0fa;2021-02-18;2021-03-18
3518;outfit.a9f2bcb6885fe60a;2023-09-15;2023-10-14
2170;outfit.d0570fc4a5d740cc94871d73471a5043;2021-02-22;2021-03-19
2170;outfit.0cbd53213ed74084a4ca1774dbe09e03;2021-03-22;2021-04-21
2170;outfit.e837786453834dce89358fa547d891c2;2021-03-22;2021-04-21
2170;outfit.ce7d171c13174b21b05e2764491dc73d;2021-02-22;2021-03-19
2170;outfit.c05f7a4778004af4b50ca321d248f1e9;2021-04-21;2021-05-21
2170;outfit.6dea8453a7dd4701830624eeea14bf9b;2021-03-22;2021-04-21
2170;outfit.394d965b33b8430692c31984bf51e554;2021-02-22;2021-03-19
2170;outfit.9f515fbe4fef48e0bbdebca645ea96c8;2021-04-21;2021-05-21
2812;outfit.8f95b3473abb4a40ac2dc0956628e873;2021-09-02;2021-10-04
3227;outfit.16f24c4eb69a48f1a34117fc6c0a691f;2022-02-15;2022-02-23
2273;outfit.bb1024860d8f559e;2023-03-18;2023-04-17
3147;outfit.b49e6f1cc73f48f9a6329311214ee57f;2021-07-01;2021-08-02
606;outfit.ad50bddf369641b0827aad7ce9f36022;2023-08-26;2023-09-25
7082;outfit.a743bd93e1a86501;2023-08-14;2023-09-13
6526;outfit.99d3c1ea30367e62;2023-01-09;2023-02-08
1792;outfit.226376c162234c77ac8d2df07b262caa;2021-10-01;2021-10-29
1792;outfit.8feb7001275554c8;2021-10-01;2021-10-29
4218;outfit.841869bb72cf0dd1;2020-11-16;2020-12-14
7413;outfit.d78cbfab144149069da04737d98450a1;2020-09-01;2020-09-30
7413;outfit.2208707dcf134558b4d335f1e3534655;2020-09-01;2020-09-30
7413;outfit.78778f72774d4269abd8410a9511fdf6;2020-09-01;2020-09-30
3267;outfit.3f4efea108664d0fbdd0ebe5d724e275;2020-06-12;2020-07-17
3267;outfit.5bb0f49f3f5b4c37af8c4f0269dec907;2020-06-12;2020-07-17
3267;outfit.5c6bcfee583b4d7aa6fa807279637d59;2020-06-12;2020-08-20
3267;outfit.ae538ccb6bf14a858b0f66458e592872;2020-06-12;2020-07-17
3267;outfit.911cfceec45d9996;2020-06-12;2020-07-17
3477;outfit.8302402a6e8e8e8c;2019-11-25;2019-11-29
3477;outfit.ae3c94e801eb4aebb7c3714ec981521c;2019-11-11;2019-11-18
3477;outfit.b3c827a7bc271120;2019-11-11;2019-11-18
3477;outfit.2ead65a1ecf54c38a27bebc2bf47b9b1;2019-11-25;2019-11-29
3477;outfit.7406df88036f4f16bfc1a4c03002d315;2019-10-24;2019-11-04
3477;outfit.ad3a9ba9fa902fc0;2019-11-25;2019-11-29
3477;outfit.1a00ea6f566c40b3865a214d062a462d;2019-10-24;2019-11-04
6733;outfit.3619c49a78674b0bb3c2803ee199cd92;2022-08-06;2022-09-05
3577;outfit.adf3063b0cdf501d;2021-01-11;2021-02-08
3577;outfit.8f34384795bfc03e;2021-01-11;2021-02-08
4779;outfit.8c8215f7c0a7445b9b09d3da37b462c6;2021-04-30;2021-05-28
5379;outfit.11c8bc7fcf3145f29a1b9be52483b41a;2020-07-27;2020-08-24
5379;outfit.1cac5f6638f140a3bcd41d5c1cf4bdc5;2020-07-27;2020-08-24
5379;outfit.af4c1536e8d62d77;2020-07-27;2020-08-24
5379;outfit.1642071c303e44a19ce63dfbbf8384bd;2020-07-27;2020-08-24
5379;outfit.863d6ab504fd48319623a4e6936259db;2020-07-27;2020-08-24
3189;outfit.5330ecb4f53c4f7a865f99a6fdd37773;2023-02-24;2023-03-23
3416;outfit.9d3b8dd5711d3657;2021-06-15;2021-07-15
2040;outfit.8ccfe9b6e0b0473b95bc91b156139d89;2020-07-13;2020-09-07
2040;outfit.d948ea24ce8a484db5bd640400d50cce;2020-07-13;2020-09-07
2040;outfit.6dea8453a7dd4701830624eeea14bf9b;2020-07-13;2020-08-10
2040;outfit.f78250a23a6d4a97ba23c8194eb9c5cb;2020-07-13;2020-08-10
2040;outfit.6fb87aa78e6343ba811fe22dc8fe0217;2020-07-13;2020-08-10
1840;outfit.95b998c29f9af2fd;2021-11-06;2022-01-06
1840;outfit.ed0bda9223004815822e8eaff7b7688f;2021-11-05;2021-12-06
1840;outfit.b7cc6c38b121a845;2021-12-06;2022-01-06
5615;outfit.b619b14568c94d46ac314ae0983703bd;2024-02-03;2024-04-02
7009;outfit.b58b4d9011806e34;2022-03-10;2022-04-09
7009;outfit.bbd6ae88b44bfd29;2022-03-10;2022-04-09
6592;outfit.929220a63bf843f99474bc2644fcb53d;2023-01-02;2023-02-01
3956;outfit.0fdacd78ea72476d9688afaa61fc5c42;2023-05-05;2023-06-04
4452;outfit.a935f1495271461689278b60c8d1a25d;2020-06-22;2020-08-10
4452;outfit.ad848f726cd93e66;2020-06-22;2020-07-27
1259;outfit.91d7bcbd88004c9e939fb7877dc4a1f7;2023-07-07;2023-08-06
1386;outfit.f14e9c44441c4a5ca2e109af309be3ce;2023-04-05;2023-05-04
4674;outfit.346aca2ad2134d0e95967b333990925c;2020-10-09;2020-11-09
4674;outfit.6382007b5e4e4e5ba3ddd8571427ecb6;2020-10-09;2020-11-09
4674;outfit.3aba9737d2f445478a8ce23b2fc22da8;2020-10-09;2020-11-09
4674;outfit.3dac69d72aed4d1ca4fc6bcff6b7cd4f;2020-11-09;2020-12-09
7026;outfit.9a32f8a3fb1d4a8b8089a102068ef9bc;2021-01-18;2021-02-16
4276;outfit.d89c1051a315434d90b87a3ea5aa1ea3;2022-10-30;2022-11-29
4276;outfit.9617c0965077556e;2022-11-30;2022-12-29
5144;outfit.1f0ae1de64a54ab8ade3151460b27eb6;2021-04-08;2021-05-07
5144;outfit.4d15ca1915cf4639a9029a016640f7da;2021-04-08;2021-05-07
1626;outfit.d0faaa3486494e7d8ee3298104bc8adb;2022-08-16;2022-09-15
1710;outfit.233cc1a575934df38cc3c307901345e5;2020-09-21;2020-10-21
1710;outfit.ce0b5207f51545bfbb1ec5cc1b01a8b7;2020-09-21;2020-10-21
1710;outfit.a9a4918501579729;2020-09-21;2020-10-21
1819;outfit.fb060da6c30143fd9735e8fd364910e0;2022-06-19;2022-07-18
1819;outfit.9cd6c1a82e884a77b55b6113de55fea7;2022-05-19;2022-06-18
1501;outfit.b1adfc4204c602e5;2022-06-06;2022-07-05
6075;outfit.a50024ea71e6453c9c09d6d65d21a5ea;2023-02-14;2023-04-13
7100;outfit.34b2a2a9779a47f0a1aff663fe8d1c86;2022-05-17;2022-06-16
6177;outfit.f8e95f5fd1b641a4823ea3c6010e19cb;2022-03-21;2022-04-11
2102;outfit.cd58f268e9e54fc08e5656e6f095975e;2022-01-18;2022-02-17
7280;outfit.a068099d1b3e4019;2023-11-08;2024-01-07
1735;outfit.56e3cc906a444a569d6b057189a361bf;2022-09-17;2022-10-16
4218;outfit.8609dd7995e147efbdf631d515d34bed;2023-02-26;2023-03-25
5805;outfit.cd58f268e9e54fc08e5656e6f095975e;2022-04-01;2022-04-25
4168;outfit.98aa99e47dee4f019d8b2620a9745f98;2022-06-09;2022-07-08
3041;outfit.4aca0c3e3ac7443ea02b74ab3e06675a;2022-06-06;2022-07-05
6817;outfit.98d6cf4fef49ec24;2022-10-23;2022-11-22
6817;outfit.b3d31d76ede3d815;2022-10-23;2022-11-22
1382;outfit.4b2a9c705f844b229cb293ba66c8ddf5;2020-09-25;2020-11-25
4193;outfit.4be27307ae1c4611ad56aca101c8a6b4;2022-02-15;2022-03-15
4193;outfit.3f65ab1185ed4b06a4feab44d8fdc748;2022-02-15;2022-03-15
1770;outfit.55e47b50f0dc4852a5784fffafa63488;2023-04-17;2023-05-16
6885;outfit.2fe31ac153bc422c945294c342de95a2;2021-01-08;2021-02-12
825;outfit.bbd662557126462f84e4912812fc1be0;2021-07-27;2021-08-27
825;outfit.88a780cac1d40972;2021-07-27;2021-08-27
4258;outfit.9abd359ee8d44269ab15d6cbfcd8eb81;2022-06-13;2022-07-12
3577;outfit.ae7389834f0c49c49b2ef43ff9cc1be9;2023-06-16;2023-08-15
3103;outfit.4ee818d5bdbb409397fa9157da2e96b1;2020-10-02;2020-11-02
3103;outfit.b36a2b4ce3d90e1b;2020-09-02;2020-10-02
3103;outfit.b42337853cae4f66a2e7640b6845d2e5;2020-11-02;2020-12-02
3103;outfit.d91c416ae1584028ba0c20f1329bbb97;2020-10-02;2020-11-02
3103;outfit.d72f9d58cad643e9964ced2cf3bd30a3;2020-09-02;2020-10-02
3103;outfit.5b87f52aec9f4c749cf6769993136db3;2020-09-02;2020-10-02
172;outfit.9481d2d7251be70f;2022-03-13;2022-04-12
5318;outfit.a33786c65b0f40f78b8c15ac4748d862;2022-08-17;2022-09-16
3713;outfit.8f6c3fbd7db0400caaf95a95ab29a97d;2020-12-01;2021-01-04
2085;outfit.b26dea94dbd147919dbe9c6378c9c52f;2022-08-26;2022-09-25
6212;outfit.e457a3fb8aeb44b99d9ebae19bab9fae;2022-04-18;2022-05-17
1770;outfit.d21f3628771b4dcebc478c94a456d999;2023-05-17;2023-06-16
1336;outfit.cb29aca3f7be4551b07a9d1b02957e02;2024-01-22;2024-02-21
3749;outfit.dbfb7bbacf6f4fb1afa5c192c42d19ec;2021-07-30;2021-08-27
3749;outfit.bdf0b714576b2118;2021-04-23;2021-05-21
3749;outfit.682446def1c34a79890b62c1397c7afb;2021-07-23;2021-08-18
3749;outfit.0e978d0344f44a11accd476e3397df84;2021-03-23;2021-04-23
3749;outfit.81e52ba208d55e4d;2021-03-23;2021-04-23
6907;outfit.5c6bcfee583b4d7aa6fa807279637d59;2024-06-06;2024-07-05
4170;outfit.ded9a0e26ca846ba86ae2eb4f12fe831;2022-01-28;2022-02-04
6663;outfit.a294399ed5bfba8f;2022-10-01;2022-10-31
6212;outfit.8632cef7c2524f1ea8f213f5398eb754;2022-03-18;2022-04-18
1336;outfit.9b0a47dc97c7ecc8;2023-12-22;2024-01-21
6456;outfit.f4608a1f01534d818dd6424ed99428cd;2022-04-22;2022-05-21
6456;outfit.f4608a1f01534d818dd6424ed99428cd;2022-03-22;2022-08-21
6456;outfit.f4608a1f01534d818dd6424ed99428cd;2022-03-22;2022-04-21
1933;outfit.9acab5019c4d4b24bd8ad51412404e87;2023-12-12;2024-01-11
2448;outfit.b5db150f4740b356;2022-07-21;2022-08-20
2448;outfit.afd3af027be275f2;2022-07-21;2022-08-20
5089;outfit.da7886916bfb4f4dae18d06d28aca900;2021-10-06;2021-11-05
5089;outfit.2174208dffe5493fa440e48d290a11bb;2021-10-06;2021-11-05
4746;outfit.2e4ccc3463a74e7cb674e891ca098271;2022-04-06;2022-05-05
4746;outfit.4158a6fc47074d23b6591ae8583673a8;2022-04-06;2022-05-05
7048;outfit.80820b9138cd4205885caaa0a65dd6a4;2021-08-20;2021-09-20
1248;outfit.27a162bde20b4961ba8d94a8828e036b;2021-07-12;2021-08-12
1248;outfit.79408facac1b4c5f8dc158b26dc1fffb;2021-07-12;2021-08-12
4218;outfit.84258d84646b3955;2021-09-14;2021-10-14
4218;outfit.6e67b1da956c4635b7d67622604d2bbb;2021-09-14;2021-10-14
1922;outfit.012a4c0079984d719f3f2626bb60b374;2021-09-16;2021-10-08
4333;outfit.b6f7358d6feb42ceaec950e6b66f4a34;2021-10-08;2021-11-05
4819;outfit.a1bd30435ab14461af069cf262f1e1eb;2022-03-12;2022-04-11
4819;outfit.4b4a8f000a6b46d7a97df90ba4cd9874;2022-03-12;2022-04-11
4819;outfit.682cad04f9644aa692e0326d850b670d;2022-03-12;2022-04-11
5972;outfit.b3f1440da3494c0280c45a7ae215fe49;2021-03-15;2021-04-15
5972;outfit.03a5ffb8c27947de936564061de3d046;2021-03-15;2021-04-15
5972;outfit.d40f6349368b4e47b521138ba35d8ebc;2021-03-15;2021-04-15
3189;outfit.1c78096241a04da2bb89cb692f3953b0;2022-03-01;2022-04-01
1382;outfit.1cac5f6638f140a3bcd41d5c1cf4bdc5;2021-09-27;2021-10-26
1382;outfit.760587419305432581b1c2dd2d29e27f;2021-11-26;2021-12-23
1382;outfit.74034e464b524fad81e47ac5df3f4aad;2021-11-26;2021-12-23
7244;outfit.b28818ece07e4d079ab89fa18b117415;2021-08-09;2021-09-08
7244;outfit.2208707dcf134558b4d335f1e3534655;2021-08-09;2021-09-08
4824;outfit.8619bf33395941ca8a9e98931e1462ff;2022-11-06;2022-12-05
6955;outfit.3fb6cd2d1f454b85937d1540dcf212f0;2024-03-28;2024-04-27
996;outfit.d0c649c31ecc49a18d0cf19d7270073c;2022-03-08;2022-04-08
2273;outfit.34c4b585b0854a158c2b7e53478e3c00;2021-10-05;2021-10-12
6879;outfit.e0a3899c698544c4bf205f2a6eae496c;2021-07-15;2021-08-13
6284;outfit.becc5bd9847a7c10;2022-07-17;2022-08-16
6284;outfit.cdca688f6a2b48c598ce6c5459088301;2022-06-17;2022-07-16
2085;outfit.145c644d683b4ccfa07d073d8c4efa6a;2022-08-26;2022-09-25
2085;outfit.8e2e2acae5583042;2022-08-26;2022-09-25
4880;outfit.e22f9123cb4e4c1081a4b831ff586b32;2022-12-29;2023-01-28
996;outfit.b222a31335f7533c;2024-06-15;2024-07-14
1277;outfit.9e5db8a02f39402aaa9ee148d10ce073;2022-03-01;2022-03-31
1277;outfit.88a780cac1d40972;2022-08-01;2022-08-31
1277;outfit.6f038b817a5a4220a8dea6bbc464c4a2;2022-03-01;2022-03-31
2869;outfit.c5b61903ca9849fe830fd86f7cb4da50;2022-11-06;2022-12-05
4218;outfit.75fd35081c884af28940d854e0a8c67f;2022-02-15;2022-03-15
1735;outfit.91d906d5cfcadc9b;2021-10-12;2021-12-08
3769;outfit.8f4c967492cd42a6a0afec84b3500e93;2022-10-16;2022-11-15
5309;outfit.987e9a7da88098db;2022-09-20;2022-10-19
4218;outfit.75fd35081c884af28940d854e0a8c67f;2023-05-26;2023-07-25
2576;outfit.a84d98da9b0b4c8d95457d446a4df5fd;2022-07-23;2022-08-22
6212;outfit.98aa99e47dee4f019d8b2620a9745f98;2022-04-18;2022-05-18
6212;outfit.9f58acfe6b554e4ca880e378aa7e8e56;2022-04-18;2022-05-18
1505;outfit.9f58acfe6b554e4ca880e378aa7e8e56;2022-06-13;2022-07-12
1505;outfit.b068cf45c37e4aeaa1cff939a86e759f;2022-06-13;2022-07-12
1505;outfit.cd218662a26c4c29b372ed1563cf0ced;2022-05-13;2022-06-12
1505;outfit.c41b5bc7cfa0435abe71b09cfccc17ea;2022-05-13;2022-06-12
2492;outfit.b619ba973b4b49d79c89863737097ab3;2023-01-23;2023-02-22
2492;outfit.1eb6accbfe2d4edd8358e67200384784;2022-09-23;2022-10-22
3094;outfit.92396971987c812b;2020-09-25;2020-10-30
1382;outfit.760587419305432581b1c2dd2d29e27f;2024-03-15;2024-04-14
4899;outfit.524627d9e5544cb8ab8c738c64a440c4;2020-10-14;2020-11-16
4899;outfit.b2e035a8cce61dcb;2020-11-16;2020-12-14
4899;outfit.11c67729744647cea4955a4e21881e05;2020-10-14;2020-11-16
4073;outfit.207232e414dd46e5b7352becfd9e53e5;2022-11-09;2022-12-08
4073;outfit.7f12d0cbd88d440f84b259599e625b69;2022-11-09;2022-12-08
4324;outfit.b9bbc6e2b165450c9d23bd2236684cd3;2021-05-21;2021-06-25
4324;outfit.e653ec25eed74f058794c2aa846b8c9e;2021-05-21;2021-06-25
3533;outfit.b2194a655acd4fc683da0607aed980aa;2020-09-14;2020-10-14
3533;outfit.9d09514916e0a13c;2020-09-14;2020-10-14
3533;outfit.aa76777d3b9d4073a342e2093e4ea1e2;2020-09-14;2020-10-14
948;outfit.b2e035a8cce61dcb;2022-06-03;2022-07-02
1412;outfit.338c7b24bb1140d7aa47279c9490cfe7;2021-07-07;2021-08-09
4193;outfit.2ea096cf542544bcb75743104ad4e9b0;2021-11-03;2021-12-01
4193;outfit.94f96de6e74f4a51b85f15018f9ad0fa;2021-09-15;2021-10-13
4608;outfit.fdc3cdbad50644ad97fc0a903f967e15;2022-10-14;2022-11-13
4817;outfit.9a8a18eecd5649eda11bf75987a90efa;2020-10-03;2020-10-30
4175;outfit.b52ecf537c5a473391d9695d108c041c;2023-12-14;2024-01-13
3175;outfit.fdc3cdbad50644ad97fc0a903f967e15;2024-03-08;2024-04-07
2329;outfit.a710f88458e381e1;2023-04-22;2023-06-21
2329;outfit.611ba8f831e449f0a5bf0dfcc78e35a6;2023-01-22;2023-02-21
2329;outfit.03a5ffb8c27947de936564061de3d046;2023-05-22;2023-06-21
2329;outfit.a8c3007784dfc486;2023-01-22;2023-02-21
4404;outfit.8a130c68d99c4023ad5d0551e483cec9;2022-01-10;2022-02-10
7100;outfit.13db1499701e46f5b6e98d5e6d34267a;2022-02-17;2022-03-16
3521;outfit.c71e9a58962a404b9d6c8df867b4b392;2024-05-05;2024-06-04
2762;outfit.841f070dd5a12094;2021-03-19;2021-04-19
2762;outfit.6f809ac4449f4502a6eee8832eabcb60;2021-06-18;2021-07-19
2762;outfit.676f2b8ab3894ff293c0fbd62398bc05;2021-06-25;2021-07-20
2762;outfit.95a9732c69cb1e4c;2021-03-19;2021-04-20
2762;outfit.be670e741ed74f9597a28f8bb3e5e537;2021-06-18;2021-07-19
2762;outfit.ed9017ac844a486fac95996bcc5b4b84;2021-04-05;2021-05-05
3458;outfit.334b374309d442f3bd75b6e93d6f9b15;2021-11-01;2021-12-01
513;outfit.1a00ea6f566c40b3865a214d062a462d;2022-07-01;2022-07-31
1706;outfit.aa76777d3b9d4073a342e2093e4ea1e2;2022-03-01;2022-03-31
4887;outfit.2d4ed8658aa045b29663902f1e0ce84a;2023-03-19;2023-04-18
5201;outfit.f5fb40c43d174f799509d01145b1ed1f;2021-08-19;2021-09-16
5201;outfit.819bf34ba04d4748b9232e1df3bf9c8e;2021-08-19;2021-09-16
6284;outfit.2d7a170f85b04d2bb2ab4eb41d795d0f;2020-12-21;2021-01-19
2675;outfit.9e371154c9be4c08b587ea8e5da833b3;2023-03-11;2023-04-10
4725;outfit.1f0ae1de64a54ab8ade3151460b27eb6;2023-11-28;2023-12-27
4725;outfit.a6b9c3792d6a4ad4;2023-11-28;2023-12-27
675;outfit.b40a8b62f26f47cea8ece55873794e76;2020-07-27;2020-08-28
675;outfit.12ca1b6aaefb46af8208fe008f3eb4e3;2020-07-27;2020-08-28
675;outfit.6b027f465816489f83945f85bd6f1c17;2020-07-27;2020-08-28
675;outfit.908c317a79634a2f9f14d86283135c0b;2020-07-27;2020-10-05
675;outfit.b6fe67d2c969451f8f1ffc1de395b9d1;2020-07-27;2020-08-28
4452;outfit.2b4d4715fb6d4d7282a048e2a94cb802;2020-12-04;2021-02-04
4906;outfit.9f8b081ec48c605c;2020-08-10;2020-09-11
4906;outfit.756c7b6b56d64e75a760eefb71b200ce;2020-08-10;2020-09-11
4906;outfit.c929e1bd6aa940f7a34c16471389c460;2020-08-10;2020-09-11
4193;outfit.4be27307ae1c4611ad56aca101c8a6b4;2022-08-09;2022-10-08
1735;outfit.9e90ada207a84d58941638aa284a4827;2022-04-17;2022-05-16
6284;outfit.e7180235b62040eb9afeab19f74c5a73;2021-01-06;2021-01-21
6284;outfit.8fda8ef6cb62ebcc;2021-01-06;2021-01-21
3441;outfit.91d906d5cfcadc9b;2023-01-29;2023-02-27
1792;outfit.8feb7001275554c8;2021-03-22;2021-04-30
1792;outfit.32e640b3fc894710a096ec7ad3f7a976;2021-03-22;2021-04-30
4823;outfit.7ee7542297f944ecb49f4fe5b44728f7;2023-12-26;2024-01-25
572;outfit.91d906d5cfcadc9b;2022-09-12;2022-10-11
5679;outfit.3f51dbc828b74034899009dd1a0177b5;2021-11-05;2021-12-03
5679;outfit.074a10af152c489ab0ecd8d67fa60fb9;2021-11-05;2021-12-03
3312;outfit.2ab1a79e73cd419fb4479cea44e12c84;2021-08-09;2021-09-10
3312;outfit.677e278365724e15b4d109ecefe6483a;2021-08-09;2021-09-10
3312;outfit.23596174e2b1478385adda8f5f48416f;2021-08-09;2021-09-10
1878;outfit.8594e5715536955a;2021-10-11;2021-12-10
1878;outfit.f5fb40c43d174f799509d01145b1ed1f;2021-10-11;2021-12-10
1735;outfit.853ff9245b124c84bb0973a6065e64de;2022-12-17;2023-01-16
6817;outfit.b8b6253b118140448c36fb7b55fdce90;2022-04-23;2022-05-22
3308;outfit.978ae36482bb4c1bb32f8a6524cfdb76;2022-06-23;2022-07-22
3308;outfit.ef37915fe2f546378750595366833b79;2022-05-23;2022-06-22
7225;outfit.c8855506fa9d47308b87aa0fe5efe3ca;2022-05-26;2022-06-25
2057;outfit.af0ed14f93f042fa8c43dc0ff2da97e6;2023-12-03;2024-01-02
3291;outfit.f75f6043c5814e998e72b925ef7a21dd;2022-02-25;2022-03-25
6786;outfit.96cb494dcb47696b;2023-07-05;2023-08-04
416;outfit.0f8322b7e0a64bcf8a0ac8936262049c;2022-07-07;2022-08-06
5734;outfit.66da7242210f4c3fa7a47285efe37504;2021-09-08;2021-10-08
5734;outfit.f465c31c406c4fc69448ba6a62d76ea6;2021-09-08;2021-10-08
5734;outfit.b9311cecf65f795b;2021-12-20;2022-02-10
5303;outfit.966d40d94c15445a8c0e51c0931e1a9f;2024-01-17;2024-02-16
172;outfit.9b1b854fc8a535ae;2022-04-13;2022-05-12
6429;outfit.bbd662557126462f84e4912812fc1be0;2023-09-16;2023-10-15
2085;outfit.03d688ca88f84e89aeb31592d6394247;2022-11-26;2022-12-25
606;outfit.1431039944fe4be88f8890a04a346b09;2022-09-26;2022-10-25
55;outfit.897c161625314c1a993188bc0a5ca063;2022-04-06;2022-05-05
6051;outfit.82303d2b1b524d6795661a1f5426a134;2024-03-02;2024-04-01
4979;outfit.a0d1107baf5919d5;2022-02-25;2022-03-24
3267;outfit.838393c0f12c45068f90821c83acac89;2020-12-18;2021-01-20
3267;outfit.abe450dff4d74a5ba0d20c3a5d55e409;2020-12-18;2021-01-20
3267;outfit.005031a3c94b4073b25088b0e19f0e99;2020-12-18;2021-01-20
3267;outfit.36654cc2920c42b7a8c294cf349544fe;2020-12-18;2021-01-20
3267;outfit.848a85ca39d3fda6;2020-12-18;2021-01-20
230;outfit.96520672b1fc4ebdb9bd3b431609192c;2022-06-10;2022-07-09
4603;outfit.a3d27b283d42172d;2022-03-31;2022-04-18
3320;outfit.d7f1bc7197b6469db1b9c4faf4071cb7;2024-05-09;2024-06-08
6733;outfit.841fdd28d3f644c0bb8efd874e818027;2022-09-06;2022-10-05
4463;outfit.e3bf7fedde71456db683e017a65e9814;2021-01-06;2021-02-04
4463;outfit.b8c30d318f9d0554;2021-01-06;2021-02-04
4463;outfit.9b7f4ea284e640d19bb177049cd1c7af;2021-01-06;2021-02-04
4463;outfit.d8cabdaf5af9426dad953821aefb0ba8;2021-01-06;2021-02-04
4589;outfit.43d5741ca13a453bb378172945b47fc8;2021-05-25;2021-06-18
4589;outfit.7f7033499dca4282b0608e106de787c0;2021-05-25;2021-07-19
6981;outfit.ebfe6bcdfcb7442686f24eecaba39c1c;2021-08-06;2021-09-06
89;outfit.aa10e3ab93793dc9;2022-02-01;2022-02-25
5760;outfit.aecdd6d2249e8bc7;2022-05-05;2022-06-04
5144;outfit.8154323d7dae46d3b98fb5e85b96a41a;2022-04-10;2022-05-09
1819;outfit.5242edab1a064713b3c92f329d51b514;2021-09-28;2021-10-28
1819;outfit.feaa16af0f6b4a96b65f8a29ace77979;2021-09-28;2021-10-28
1819;outfit.9373e29ec69b488d9cbb22abfaed3b0d;2021-10-05;2021-10-08
1819;outfit.cc5b53a2d9f44413afdd86c5d0dfd1c1;2021-09-28;2021-10-28
1819;outfit.7f0c68b095a14d7fa001117bc2c75827;2022-01-03;2022-02-03
4818;outfit.80820b9138cd4205885caaa0a65dd6a4;2023-07-27;2023-08-26
1248;outfit.bf74b8813bc14a0a9ef9ad2f2234ff20;2023-09-12;2023-10-11
4175;outfit.0ff0d877678e4755b088d1c5d09bee11;2022-07-14;2022-08-13
2207;outfit.d9c02686a2094291837d95d09384481b;2023-09-08;2023-10-07
4981;outfit.760587419305432581b1c2dd2d29e27f;2022-02-11;2022-04-11
1586;outfit.87cafc24da73f5a4;2022-02-07;2022-03-07
1390;outfit.c7f8c0ab1c36417eb3a7dea515d2a0e7;2021-12-01;2022-01-03
5646;outfit.c9ba76ae33c44aa5a06b23a4e4229fb1;2023-08-05;2023-09-04
5646;outfit.44e9f273236b4ecd8185e5853fb2ef34;2023-08-05;2023-09-04
757;outfit.d73105249af8497a8400a0f75a825741;2021-12-06;2022-01-06
3094;outfit.4cbda361e12e4d65a5fb502dfd38076a;2021-02-01;2021-03-01
4769;outfit.3dac69d72aed4d1ca4fc6bcff6b7cd4f;2021-01-18;2021-02-19
5645;outfit.89ce51a125971793;2021-09-17;2021-10-18
5645;outfit.55aa098dd93644fe961d0137a79adbea;2021-09-17;2021-10-18
4960;outfit.fc14b8a036fa4ac196b9160b9b1fe0d2;2022-09-09;2022-10-08
3267;outfit.3bc2c4bc9f78482ca5451922ffd57bdb;2022-02-21;2022-03-21
6907;outfit.03d688ca88f84e89aeb31592d6394247;2020-10-01;2020-10-30
6907;outfit.b82c3360fbcd411683eb135b6450e7fd;2020-10-01;2020-10-30
6907;outfit.22c917473fe54dcb9b969d99a35ee10e;2020-10-01;2020-10-30
2170;outfit.21474001bd3e48a19da3a75c2f3819fa;2023-08-26;2023-09-25
3669;outfit.4c4d89bf0fcb4b32a9015ce1a7bade19;2023-04-24;2023-05-23
272;outfit.b1ddecd27b94476d833c0ea2c2bb6d3a;2023-04-15;2023-05-14
272;outfit.aa10e3ab93793dc9;2023-04-15;2023-05-14
3814;outfit.e89fab0bbc574d6c89242ff808d537e6;2020-09-09;2020-10-09
3814;outfit.b6a27dfa0198a9bb;2020-09-09;2020-10-09
3814;outfit.374273ffb79943b7be144ceb14529592;2020-10-09;2020-11-09
1749;outfit.2ff0f8356ee34f6fb2ebe48716840e5c;2024-01-10;2024-02-09
4169;outfit.06ac471d39bf42989d65d70dc6e65967;2020-09-28;2020-10-23
4169;outfit.462ca91031c54d7593a2e3d1da41aba9;2020-10-05;2020-10-20
1481;outfit.1506b275d9894b3da75f83343e25a122;2021-09-20;2021-10-19
5306;outfit.6d042743afa04727815f717cce0b2ac0;2023-12-31;2024-01-30
262;outfit.abe970f711444589b6ce9e81bf35615d;2021-10-26;2021-11-25
262;outfit.24f7bb6f025640bb9f3d5df253dbefb5;2021-09-17;2021-10-15
262;outfit.37886c165da3410ca29761ac81f95bf9;2021-09-17;2021-10-15
4558;outfit.31661e90877148d9bbe3846f087063f7;2020-08-14;2020-09-11
4558;outfit.35331fbfbbe04b9ca3dfc1535cf148fc;2020-08-14;2020-09-11
4558;outfit.9a0feb1d3ddde6f2;2020-08-14;2020-09-11
4558;outfit.5a7e4814596a482f8350a95702a5b83f;2020-08-14;2020-09-11
4558;outfit.0ca44af5dc0d4bfb8cb409023716c0a5;2020-08-14;2020-09-11
5844;outfit.2386f5b10f544de1a8f7a53a4b3bb92f;2019-10-21;2019-11-29
5844;outfit.124195196333488e8ba4d195b96ecbdf;2019-11-19;2019-11-29
5844;outfit.fa20f4d239044e7a922e27c5b5fd9f4f;2019-11-14;2019-11-29
5844;outfit.9d09514916e0a13c;2019-10-11;2019-11-04
5844;outfit.33deb9ecdab843c59db67aeb7a8e3d35;2019-10-21;2019-11-04
5844;outfit.03b18817e1894e588c3ae117a47d830c;2019-11-07;2019-11-29
5844;outfit.0fd1ffa75a364aba8427034859879e25;2019-10-21;2019-11-04
5844;outfit.f7826f04ea8643d3b68964a5ab27b0a2;2019-10-21;2019-11-08
5844;outfit.d89c1051a315434d90b87a3ea5aa1ea3;2019-10-11;2019-11-04
5844;outfit.bcd7efc3918cf15b;2019-10-11;2019-11-04
5844;outfit.a66ab9f04f63457fb8f729349bff7c8e;2019-10-11;2019-10-28
5844;outfit.8302402a6e8e8e8c;2019-10-21;2019-11-04
5844;outfit.3d6a6e8b147447cb94f5f2b8056018de;2019-10-28;2019-11-08
6907;outfit.46fd30ba34534c96b133e88f257cb7e1;2022-05-06;2022-06-05
5224;outfit.804540f3384690cf;2022-03-02;2022-04-01
5224;outfit.e5503fe6f5f243fc90c526bcdb75c942;2022-02-08;2022-03-08
5224;outfit.e18310c477cb4fa38cd9ba31e9997c4f;2022-03-21;2022-04-11
5224;outfit.50c5d21a8bb0414b9b8d7ae5d0f9754f;2022-02-03;2022-03-02
5224;outfit.bb1024860d8f559e;2022-03-22;2022-04-11
6456;outfit.f4608a1f01534d818dd6424ed99428cd;2022-06-22;2022-08-21
6051;outfit.9b1b854fc8a535ae;2024-05-02;2024-06-01
4175;outfit.9d2ae3e74d7f4d9bbde82be334a3a21b;2022-05-14;2022-06-13
5303;outfit.292fc161ab8a48d59af997f56cce1cb4;2023-12-17;2024-01-16
4463;outfit.be1e83bfcede6836;2022-03-06;2022-04-05
3848;outfit.6345f9fdf4f340bdb2781ee8fd68deb6;2021-07-26;2021-08-19
4218;outfit.02323792c3fc471186d9e7c2debd393b;2020-10-14;2020-11-16
5531;outfit.5dc101d7bfbe4f49858db5913a5a7203;2022-04-07;2022-05-06
5531;outfit.33d5d4c82b5f4d1688a04dac513e2740;2022-04-07;2022-05-06
5531;outfit.819fe443b574445a979f4f0571a65677;2022-04-07;2022-05-06
6642;outfit.bf8385f15d6d468880c5e654f7599cf1;2021-03-02;2021-04-05
5303;outfit.9df47f2be7324ffa9fe6cd184656a7ed;2024-06-17;2024-07-16
2102;outfit.56cc017ee10f4e77a002829e408687ba;2021-11-15;2021-12-15
5914;outfit.853997984302460e92bb9f8335ca5a0b;2020-07-20;2020-09-04
5914;outfit.50c5d21a8bb0414b9b8d7ae5d0f9754f;2020-08-01;2020-08-31
5914;outfit.42a71b8c872f470c8350ac507497071e;2020-09-04;2020-10-09
5914;outfit.02d71eaf66044b1283932f9e612cfd7b;2020-07-20;2020-09-04
5914;outfit.c9be10d661bc4a4992a6c757b6e75ca8;2020-06-12;2020-07-27
5914;outfit.6df9fd60925949a5acdd17de4dd4e7a1;2020-06-12;2020-07-27
2250;outfit.83126fbdb1962feb;2022-11-22;2022-12-21
3123;outfit.7d29eb8d2f0341b2a1c2eeb8c76416f4;2021-11-30;2022-01-03
3147;outfit.9d5c2d8415063b7e;2021-06-09;2021-07-01
3147;outfit.9e3bea6a01d94e03a43bfefac24422e4;2021-06-09;2021-07-01
5130;outfit.506146e24b7042b1a1b3d0c829f446a4;2022-07-09;2022-08-08
5130;outfit.b5f45ee9fdaaa13e;2022-08-09;2022-09-08
5130;outfit.fc774521956e43c1b7b989272f5dca23;2022-07-09;2022-08-08
107;outfit.5a0e04a9018a4904990fc85f1c8cd1ce;2021-10-11;2021-11-05
107;outfit.3cfe6cce6fc744489c7bf129187ea836;2021-10-11;2021-11-05
6129;outfit.181629c720b548f4a77a22851f1fbbce;2022-04-16;2022-05-15
6129;outfit.ec471fe2ed734d1fa37ce1b2b0088619;2022-07-16;2022-08-15
1248;outfit.07dcb037d0ed4eea9bf29230e6f2abec;2023-06-12;2023-08-11
5760;outfit.f4a5306ea45d4ab9b40340f016bab653;2023-04-05;2023-05-04
6526;outfit.cf321774b9de4035802e1829303fd3da;2023-08-09;2023-09-08
560;outfit.f7826f04ea8643d3b68964a5ab27b0a2;2022-07-22;2022-08-21
560;outfit.127cbdac62d948a1827499f13034becf;2022-07-22;2022-08-21
3432;outfit.a867d0ea463b4d6dbd0f750bc1962f49;2021-11-29;2021-12-29
3432;outfit.d40f6349368b4e47b521138ba35d8ebc;2021-12-28;2022-01-28
3432;outfit.171c86f3627845c08df08a82deb2241f;2021-10-29;2021-11-29
4640;outfit.ddf5ea0fe07746eb95e15f4cda0b5e4d;2021-07-05;2021-07-29
4640;outfit.5b607271e3ee467bb4188f977c0336b8;2021-07-05;2021-07-29
6038;outfit.32e640b3fc894710a096ec7ad3f7a976;2022-08-10;2022-09-09
6380;outfit.3984754756394c3e95ade4b2080508c6;2021-08-17;2021-09-17
6380;outfit.ccf811c5b8f847758b9d79c74514890f;2021-08-17;2021-09-17
6380;outfit.34fb4047b75346ba9ced8912198506ff;2021-08-17;2021-09-17
3669;outfit.b0d5835cfb6f4f918690a79fd842e7a6;2023-05-24;2023-06-23
7367;outfit.1e33dfb5c66847f29088ba6717b10f75;2023-03-03;2023-04-02
2905;outfit.476b7bf9f9a74be3ae1a2152fee9fc3b;2023-08-26;2023-09-25
3267;outfit.4898f8ea3d4942e5bb9e1b63f07d163e;2022-10-27;2022-11-26
3267;outfit.811eea1f363f4d37;2022-10-27;2022-11-26
3267;outfit.22e47ac833dc47889bf2c9bf6baed182;2022-10-27;2022-11-26
606;outfit.c7b2894a9f3c4c568f982ca6c89ea6d8;2023-12-26;2024-01-25
2500;outfit.b21aec5d36074eb790d69c5c40b7d77c;2023-07-22;2023-08-21
6734;outfit.8154323d7dae46d3b98fb5e85b96a41a;2022-07-10;2022-08-09
6734;outfit.8ce5277fd36a4926b5203cfcdb72fd72;2022-06-10;2022-07-09
6734;outfit.3037fa72ade7482e8c13863bc447c11c;2022-07-10;2022-08-09
6118;outfit.5862a9386cbc4ff29e9892f49274c243;2019-10-08;2019-10-14
3521;outfit.915d00f05ea74ed9872f00dbf6367ac4;2022-06-05;2022-07-04
996;outfit.bc3fd0ccde3142df8d22eaf0508699a6;2022-10-15;2022-11-14
5285;outfit.1a05c2e6ba8c4de28923f683bef9c1ae;2023-07-06;2023-08-05
4193;outfit.df81c6ba86ef4c3c8fd2976934eb4078;2022-09-09;2022-11-08
3094;outfit.b09e135ba34c46daaf3a5495dcec6e83;2020-10-30;2020-11-27
5972;outfit.65bf9afca9c94299a8ea0b0b8fc4e03f;2021-01-15;2021-02-15
4725;outfit.a1e7bca1ce3791d6;2023-01-29;2023-02-27
4725;outfit.2cc1bf3b23ce4811b7cc78ec9e50c379;2023-01-29;2023-02-27
1684;outfit.611ba8f831e449f0a5bf0dfcc78e35a6;2023-06-20;2023-07-19
2273;outfit.d21f3628771b4dcebc478c94a456d999;2022-08-18;2022-09-17
2085;outfit.a38554cc5999458397c5f190f0f3c38d;2023-01-26;2023-02-25
2085;outfit.9a5a00800acbac31;2023-01-26;2023-02-25
3518;outfit.a0a46d933783476c9109aafdeeeb550e;2023-06-15;2023-07-14
293;outfit.18463cd95aa04dbba9610a91b4f71be4;2019-10-24;2019-10-28
293;outfit.293f074047f34fda9bd95d96c5b9f906;2019-10-24;2019-10-28
293;outfit.becc5bd9847a7c10;2019-10-24;2019-10-28
293;outfit.f51e3b6fec2d44f59e21f3dc2334231b;2019-10-24;2019-10-28
1138;outfit.ebfe6bcdfcb7442686f24eecaba39c1c;2023-04-17;2023-05-16
5481;outfit.ae451567693540fbb1bb66c05d3f8951;2023-11-28;2023-12-27
576;outfit.37af7c19c13949819ca971b380a9f97c;2021-12-03;2022-01-03
2892;outfit.43226226462b46ef9545ea320348ff21;2021-07-05;2021-08-04
4608;outfit.80603a3d95e4beb7;2022-07-14;2022-08-13
1138;outfit.915272dd8393bc1d;2022-10-17;2022-11-16
1553;outfit.a38b3b3e20364b78bfcf0bb1eadcc0e5;2021-11-15;2021-12-14
6955;outfit.48b43358755242c4bf529574c171b675;2023-04-28;2023-05-27
2448;outfit.97071c364d1944db8c7ae6a9d768a51a;2022-06-21;2022-07-20
5760;outfit.ada6bb8993e7a05e;2022-05-05;2022-06-04
2465;outfit.931ef0d0cada4965a8ea693f7a520b64;2022-08-19;2022-09-18
1447;outfit.ae3c94e801eb4aebb7c3714ec981521c;2022-06-02;2022-07-01
1447;outfit.b4e897cae6915720;2022-06-02;2022-07-01
4998;outfit.77441845458641bcb87eb64f10b76c12;2021-10-27;2021-11-26
456;outfit.a7e848f47d2643d988bbaf47dae4a136;2021-08-30;2021-09-20
4810;outfit.c815d15af6ba46c580927f9bf81122f0;2022-08-27;2022-09-26
2815;outfit.ada989bbc2322203;2022-06-10;2022-07-09
2815;outfit.293b6f34465a4a28abffbfc87ad78849;2022-06-10;2022-07-09
7411;outfit.a4699b3b33b4d99c;2020-10-30;2020-11-30
2148;outfit.33775c3acbcf408aadc5a2436d0750ec;2023-04-21;2023-05-20
414;outfit.d3f2083ec04f4429bae5660f2a3db238;2023-09-23;2023-10-22
5760;outfit.524627d9e5544cb8ab8c738c64a440c4;2023-06-05;2023-07-04
1354;outfit.3260a6894aef41329983b153a3c022ed;2023-12-06;2024-01-05
5490;outfit.36654cc2920c42b7a8c294cf349544fe;2023-11-28;2023-12-27
6907;outfit.f1ed4ff2e21a436997e35b1c918c304b;2022-05-02;2022-05-31
6907;outfit.96f7210a2ae0aa93;2022-05-02;2022-05-31
7247;outfit.49e0781692bf413fb78ecfe466524e36;2023-01-09;2023-02-08
4258;outfit.27a162bde20b4961ba8d94a8828e036b;2022-05-13;2022-06-12
4884;outfit.379ed2da3cb6428c9c9402855dfd61f8;2023-11-11;2023-12-10
2340;outfit.ad848f726cd93e66;2021-06-21;2021-07-21
2040;outfit.db01c7586017469ea4cc561b59fa2aca;2020-11-02;2020-11-30
2040;outfit.a20f428f90cb4198b1864b1ea5cc54a7;2020-11-30;2021-01-06
2040;outfit.085fb811e8144319a18fe29c43325329;2021-01-06;2021-02-01
1942;outfit.fbda7f830faf4caf9b0a085054f22e54;2021-11-26;2021-12-27
6212;outfit.c05f7a4778004af4b50ca321d248f1e9;2021-11-24;2021-12-17
6706;outfit.ed9017ac844a486fac95996bcc5b4b84;2020-10-12;2020-11-09
6706;outfit.0533ed8c59ce4cf29172f502a3a93a91;2020-10-12;2020-11-09
6706;outfit.c2c7871b40df44969ba85dea0f927f42;2020-10-12;2020-11-09
3721;outfit.29a0d66e916c4bc690cf393bcea980e4;2020-07-20;2020-08-21
3721;outfit.a5c559f08448bea7;2020-07-20;2020-08-21
3721;outfit.422bc3cc7f6a429086cf8c49273ecd90;2020-07-20;2020-08-21
2205;outfit.9cfd3798e4b27f4c;2023-05-01;2023-05-31
2205;outfit.060cbfa6f9024404bd6a4ed96b7bd41b;2023-05-01;2023-05-31
3189;outfit.23596174e2b1478385adda8f5f48416f;2022-12-24;2023-01-23
2508;outfit.df13ea56a17d4fad9fca92caa307b02c;2022-06-24;2022-07-23
2485;outfit.d6241a805f5e4108abfbdbc9f58fcb23;2022-03-02;2022-04-01
2485;outfit.5c3e94100ece4badabb0d1835ab78377;2022-02-02;2022-03-01
3040;outfit.ddf5ea0fe07746eb95e15f4cda0b5e4d;2023-03-12;2023-04-11
3749;outfit.68d7e3b9e8be4f07b3b200682d7dc456;2022-06-12;2022-07-11
1481;outfit.839e3ef745704a72a86272840cf862d4;2021-07-15;2021-08-16
1481;outfit.947023ca62c57b96;2021-07-15;2021-08-16
3094;outfit.866385e680f6475e8b2899e2bc30a1fe;2022-02-03;2022-03-03
3094;outfit.20ae7885d88441348ab7a255bcc2173e;2022-02-03;2022-03-03
2402;outfit.85ef135795fc4b9fb082438789d4daa9;2020-09-04;2020-10-05
2402;outfit.7d48fb77be2340e3be0de8ab4f9a97a3;2020-09-04;2020-10-05
2402;outfit.bf0bc59908734a2a9c7a47a1442bf744;2020-09-04;2020-10-05
2402;outfit.127cbdac62d948a1827499f13034becf;2020-09-04;2020-09-05
2402;outfit.337cc518c38b4bc18d879987d91b073c;2020-09-04;2020-10-05
3103;outfit.9dc1abebc456d310;2020-11-02;2020-12-02
3103;outfit.ada989bbc2322203;2020-11-02;2020-12-02
1922;outfit.d81ef5af6f7b43358348ff1113aeb904;2022-05-19;2022-06-18
5130;outfit.40de51943eb44f01b6504c863bb5e741;2022-07-09;2022-08-08
5130;outfit.8e3a6e9e196cfbc0;2022-07-09;2022-08-08
2056;outfit.69510e71049843628dabe5ef896f1b04;2022-06-06;2022-07-05
2056;outfit.338c7b24bb1140d7aa47279c9490cfe7;2022-06-06;2022-07-05
5760;outfit.929220a63bf843f99474bc2644fcb53d;2023-03-05;2023-04-04
3320;outfit.5024e38969364cc2bcb0025151e4ec55;2022-09-09;2022-10-08
313;outfit.338c7b24bb1140d7aa47279c9490cfe7;2023-07-07;2023-08-06
2148;outfit.ecd27d5311ba4d3d95b9b5c3071ed764;2021-12-17;2022-01-14
3749;outfit.9e50c4cb7e564151b3494f501b7d893d;2020-10-21;2020-11-23
3749;outfit.aac7f6af58ec7121;2020-10-21;2020-12-21
4404;outfit.654e48473404490fbb74d6a48db9ce9b;2023-07-14;2023-08-13
2920;outfit.8e3a6e9e196cfbc0;2021-08-06;2021-09-03
2920;outfit.3ae8377476ab4594b00bd3a7790e9549;2021-08-06;2021-09-03
5695;outfit.35e53b748ea043f79cd9a2caca3a995b;2021-04-06;2021-05-05
5695;outfit.503dfd75a3f84d38901d135120cdf40b;2021-05-05;2021-06-04
3875;outfit.7bf81ddabaf04521afae88cc4b70ef8f;2021-07-06;2021-07-06
5100;outfit.5a4fb1545a1448fb970821a7bcb8c581;2024-01-17;2024-02-16
5736;outfit.849c7f2e055c46478710a291b5ffa5db;2022-12-17;2023-01-16
6038;outfit.944185e8eec8066a;2022-11-10;2022-12-09
6038;outfit.961a17ab05934b81a815e365bfe692d4;2022-11-10;2022-12-09
4709;outfit.55e47b50f0dc4852a5784fffafa63488;2021-11-10;2021-12-10
6903;outfit.3260a6894aef41329983b153a3c022ed;2020-09-21;2020-10-21
6903;outfit.be1953ddbefacff3;2020-09-21;2020-10-21
6903;outfit.bf6df4f0abba9e2f;2020-09-21;2020-10-21
6903;outfit.a3b4b48a9ca2414cadf862281cc384d8;2020-09-21;2020-10-21
6903;outfit.b2924603fbe14557b4e7175a3bbe4d5e;2020-09-21;2020-10-21
67;outfit.e9e6ef522291496dacaad16160c8a8f2;2022-11-30;2022-12-30
2687;outfit.ee0dfdf3b9a349b591e78712514e2f5b;2022-03-02;2022-04-01
55;outfit.8e3a6e9e196cfbc0;2022-03-06;2022-04-05
55;outfit.fc774521956e43c1b7b989272f5dca23;2022-03-06;2022-04-05
6429;outfit.aa76777d3b9d4073a342e2093e4ea1e2;2023-06-16;2023-07-15
456;outfit.ef37915fe2f546378750595366833b79;2021-07-19;2021-08-23
456;outfit.817cf154a066e6e0;2021-07-19;2021-08-23
3062;outfit.ede0d0fd9315467c868825bcb20d2fe6;2022-12-09;2023-01-08
1389;outfit.940d8268582284b6;2022-11-24;2022-12-23
266;outfit.bf8385f15d6d468880c5e654f7599cf1;2023-10-31;2023-11-29
1382;outfit.e839f20d4c8a4086bd22a8b7bb71271d;2021-05-14;2021-06-07
3577;outfit.b3d31d76ede3d815;2021-05-18;2021-06-11
6601;outfit.0f8c445a9a334c6984277bd96513a37f;2023-12-05;2024-01-04
4175;outfit.e11253de97ba42eb819cf53373fcbe8d;2024-02-14;2024-03-13
5661;outfit.fc774521956e43c1b7b989272f5dca23;2022-11-08;2022-12-07
5661;outfit.8a458a93e4cd4214a520074f16d5b9fa;2022-11-08;2022-12-07
5760;outfit.78d16995b62e40d48f06a20dbf72d844;2022-03-05;2022-04-04
6592;outfit.beb7edd11cd741538175c927a81cbf89;2020-10-07;2020-11-04
6592;outfit.fabccb7729514b23b386e2f93064548c;2020-10-07;2020-11-04
3259;outfit.d4498e3094f048d8808f056832637685;2021-04-06;2021-05-06
1586;outfit.89a1a2941012477c83e6f9aaf2f144c8;2024-06-16;2024-07-15
4240;outfit.8d6bd94d09354d22a77928a01bac9d25;2021-11-18;2021-12-16
7400;outfit.e608f9225d314a12a390b165d222cc28;2021-02-08;2021-03-08
7400;outfit.ed5a5a066ca647b6a9aaeb1ec8e7ee87;2021-02-08;2021-03-08
1878;outfit.ad412f59706c86b8;2022-02-10;2022-03-10
1386;outfit.113cdf3f57984c3a9cc75afd5bf45c03;2022-12-05;2023-01-04
4501;outfit.b28818ece07e4d079ab89fa18b117415;2024-02-06;2024-03-05
4501;outfit.14b7969c5bef4051848ecc977eef38a2;2024-02-06;2024-03-05
4258;outfit.9c0b47f4d629c3f3;2023-01-13;2023-02-12
5733;outfit.93d7a4479c7f446b80995278ada5874b;2022-09-05;2022-10-04
5733;outfit.23596174e2b1478385adda8f5f48416f;2022-08-05;2022-09-04
5879;outfit.9dc1abebc456d310;2021-07-23;2021-08-17
5879;outfit.91d906d5cfcadc9b;2021-07-23;2021-08-17
4486;outfit.b7ebd99d748b28d0;2021-12-08;2022-01-03
6212;outfit.23596174e2b1478385adda8f5f48416f;2022-05-18;2022-06-17
6212;outfit.453a4c074a164ad0bbef87ee09a09616;2022-05-18;2022-06-17
6212;outfit.9cb602e5b83949d49bc50bbbfa5b7d04;2022-05-18;2022-06-17
6817;outfit.92f2e542b76f7d6d;2023-01-23;2023-02-22
2799;outfit.b5db150f4740b356;2023-04-27;2023-05-26
3459;outfit.e1a782a63cf54c7aa654d30392da1daa;2020-10-01;2020-11-02
3459;outfit.841fdd28d3f644c0bb8efd874e818027;2021-01-06;2021-02-01
3459;outfit.96cb494dcb47696b;2020-12-01;2021-01-06
1585;outfit.804540f3384690cf;2022-09-25;2022-10-24
1585;outfit.980eb1c72e1e71f6;2022-10-25;2022-11-24
4218;outfit.d04fbe1240ef405c867fb813b5aa8779;2023-03-26;2023-04-25
1412;outfit.535d7a56f1a44289b93c6bd46f656d8f;2021-06-07;2021-07-07
6734;outfit.ad6f853b5c31b6f5;2021-07-09;2021-07-29
6734;outfit.67c7e051a163432eadc34be683ea3d44;2021-07-09;2021-07-29
4656;outfit.8f34384795bfc03e;2023-05-04;2023-06-03
4656;outfit.48dec5565f454acf903fe1ce1f41a39e;2023-05-04;2023-06-03
1706;outfit.16f24c4eb69a48f1a34117fc6c0a691f;2022-04-11;2022-05-06
1706;outfit.4be27307ae1c4611ad56aca101c8a6b4;2022-04-11;2022-05-06
3320;outfit.b1eeff303fb44f10a6c2ac36c0136514;2024-02-09;2024-03-08
6303;outfit.682446def1c34a79890b62c1397c7afb;2022-08-01;2022-08-31
4725;outfit.8fc193be35a546b987480b6cb5323beb;2021-12-09;2022-01-07
996;outfit.a5650c1bada909fd;2022-05-09;2022-06-14
2271;outfit.4431d4e34e6a4c0fba43aa50395893f7;2021-01-19;2021-02-12
2271;outfit.30d1aee07a924c969deb23980fe0949b;2021-01-19;2021-02-12
2271;outfit.af0ed14f93f042fa8c43dc0ff2da97e6;2021-01-19;2021-02-12
2812;outfit.bbd662557126462f84e4912812fc1be0;2021-05-03;2021-06-03
7411;outfit.e6abf593ad3949cd8a2b345ed4249ff6;2023-12-19;2024-01-18
4986;outfit.fdb60816253847178ab8a51f0ccbbe56;2023-12-08;2024-01-07
2489;outfit.993dfa12c54fc46f;2020-12-11;2021-01-06
2489;outfit.aa79d60774804d869aef12b033762513;2020-12-11;2021-01-11
2489;outfit.ae3b425f7b70953b;2020-12-11;2021-01-11
3669;outfit.4c4d89bf0fcb4b32a9015ce1a7bade19;2023-08-24;2023-09-23
1412;outfit.992bf5adcd39d953;2021-03-08;2021-04-07
757;outfit.e2b3417940d44a5a8202c0a7b39604e1;2022-09-08;2022-10-07
1626;outfit.7ba3a82d83c24f4096668fa3c59b2c54;2022-02-15;2022-03-15
4409;outfit.14e59903e2184edb963cf2e3f1b55e0c;2023-07-05;2023-08-04
4725;outfit.c71e9a58962a404b9d6c8df867b4b392;2022-03-29;2022-04-28
4725;outfit.abe970f711444589b6ce9e81bf35615d;2022-03-29;2022-04-28
4725;outfit.14b7969c5bef4051848ecc977eef38a2;2022-02-28;2022-03-28
4725;outfit.2766e5ad48a2427a898f60aaacf85622;2022-02-28;2022-03-28
3147;outfit.d8909288c79b4df6b6547aa381d360f1;2022-03-07;2022-04-06
3291;outfit.b4e7c58304d74b64b8b2ddf13ba93c6d;2024-03-28;2024-04-27
1626;outfit.767c953e45b8447eb7ff8d44dd5b65e1;2022-11-16;2022-12-15
1626;outfit.ed26f73fdcad4071a6efa9ea84e9de3c;2022-11-16;2022-12-15
1586;outfit.f8e95f5fd1b641a4823ea3c6010e19cb;2022-05-16;2022-06-15
1586;outfit.e947dbab69e64c5a85f1fe565b5f3a49;2022-05-16;2022-06-15
3784;outfit.841f070dd5a12094;2020-09-07;2020-10-06
3784;outfit.4555578a3d454839a343bd1f6448f523;2020-09-07;2020-10-06
3784;outfit.a95a05ea858446c38ffd5535ab65a392;2020-09-07;2020-10-06
1684;outfit.16f24c4eb69a48f1a34117fc6c0a691f;2021-09-10;2021-10-08
2576;outfit.df79806b22844eae8e38a61b63ffeee3;2022-08-23;2022-09-22
3875;outfit.e319ab9f2a9143da8cc4defb08ce33cc;2021-11-01;2021-12-01
5303;outfit.897c161625314c1a993188bc0a5ca063;2024-02-17;2024-03-16
1282;outfit.bb925d82b43cfc38;2023-09-22;2023-10-21
2762;outfit.ade5433e25b54fbbb66a54f8fe113132;2021-04-20;2021-05-20
4218;outfit.9341a89b191cd49f;2021-07-15;2021-08-16
4218;outfit.d1404a07cbda4bf68dd8d57cb0e32207;2021-07-15;2021-08-16
7342;outfit.6d6fe6b3b2514ecc8c47947292874f90;2023-05-22;2023-06-21
7342;outfit.671c37e96f5247e68b198e2a61dbe34e;2023-05-22;2023-06-21
416;outfit.e0758c1aad1d4207a476a4186dddad11;2020-12-04;2021-01-06
416;outfit.c1647a6e778d4245931b540ef1505b1f;2020-12-04;2021-01-06
416;outfit.9237685700e6542b;2020-12-04;2021-01-06
416;outfit.896f0af4aaaa4d56a26ab9e37e94ad14;2020-12-04;2021-01-06
1173;outfit.89b7c4936135cfb5;2023-06-24;2023-07-23
1770;outfit.8594e5715536955a;2022-12-17;2023-01-16
1749;outfit.25cf652454ab4f9fa1b636cbd555cfa6;2023-09-10;2023-10-09
660;outfit.8f4c967492cd42a6a0afec84b3500e93;2021-11-29;2022-01-03
660;outfit.ffd83466cdb84a0dba02339aa0c72f73;2021-11-26;2022-01-03
4834;outfit.74ab95aa86ea40c484d1b833605eecc7;2021-08-30;2021-09-30
4834;outfit.63bcf26d934447e1aa4d53214cef7d4f;2021-08-30;2021-09-30
4834;outfit.d4498e3094f048d8808f056832637685;2021-08-30;2021-09-30
6212;outfit.d8909288c79b4df6b6547aa381d360f1;2022-03-25;2022-04-12
3727;outfit.b3aca8927927e99d;2022-04-14;2022-05-13
3727;outfit.353d5f65327e4dc7a10203844a59c560;2022-04-14;2022-05-13
2714;outfit.93d7a4479c7f446b80995278ada5874b;2022-04-04;2022-05-02
2714;outfit.9d97d017a5c747ac89d59efab886369a;2022-03-03;2022-04-04
416;outfit.be54589074780d08;2023-07-07;2023-08-06
1816;outfit.d91c416ae1584028ba0c20f1329bbb97;2021-09-16;2021-10-15
1816;outfit.5bf05f8589804ae290c997e60400cb6c;2021-09-16;2021-10-15
5236;outfit.c18d614b53ad40d9ac3f3c48278fa09f;2022-11-04;2022-12-03
4194;outfit.37af7c19c13949819ca971b380a9f97c;2022-10-04;2022-11-03
2649;outfit.94fee721c94da3bd;2024-03-02;2024-04-01
2649;outfit.7ee7542297f944ecb49f4fe5b44728f7;2024-03-02;2024-04-01
2649;outfit.b5812826d5eb41f39aa282e64b91ebb6;2024-03-02;2024-04-01
2649;outfit.e17a0df1f70743e590827d7df93bb7f4;2024-03-02;2024-04-01
4638;outfit.816fb1b6edef8b59;2020-10-01;2020-11-02
4638;outfit.fa737f8bee584d309426410002edac0e;2020-10-01;2020-11-02
5236;outfit.c95b16794434474e8d02306d2f1b6a0a;2022-10-04;2022-11-03
5236;outfit.b80429b20d914612960e3cdbfcc0602c;2022-09-04;2022-10-03
7411;outfit.1af9826548074bb894ddfd86db27c9d9;2022-08-19;2022-09-18
7411;outfit.8fbf386b8fef8664;2022-07-19;2022-08-18
3192;outfit.9341a89b191cd49f;2021-03-16;2021-04-16
3713;outfit.13830724df15455ebac964c87af6997e;2020-09-01;2020-10-01
3713;outfit.4bd8e39e3d5442c4b76dcd9797725b38;2020-09-01;2020-10-01
3713;outfit.91d7bcbd88004c9e939fb7877dc4a1f7;2020-10-01;2020-11-02
3713;outfit.41aa40088a25428985b642adaf4e7d84;2020-09-01;2020-10-01
5736;outfit.030be8f1ab0549db86e542e2ad08a5b2;2023-10-17;2024-01-16
5736;outfit.030be8f1ab0549db86e542e2ad08a5b2;2023-12-17;2024-01-16
5736;outfit.e3beae7266754b369fb289ece8c757ba;2023-08-17;2023-09-16
5736;outfit.f11efd8c7b064175b4997b1ab65b5458;2023-11-17;2023-12-16
2519;outfit.55e47b50f0dc4852a5784fffafa63488;2020-12-01;2021-01-01
2519;outfit.38ef91e51ef14bb19df9094a40bcb7f7;2020-12-01;2021-01-01
2687;outfit.118f15046d0b45d48929bb91df474761;2021-09-29;2021-10-27
2687;outfit.3f9b25249293481cac7469b68f545c7b;2021-09-29;2021-10-27
1840;outfit.a294399ed5bfba8f;2022-02-28;2022-03-29
1365;outfit.ddf9204937fc40069fe13a0c546e1df9;2022-03-24;2022-04-23
4986;outfit.de582935a0ae42e28c735362403e5ca4;2021-10-11;2021-11-10
6592;outfit.8a9297abf702469b88dcdb1ce6cd35bd;2023-10-02;2023-12-01
5805;outfit.72b64826af9f427e9b51b108ff3d5ba2;2021-09-28;2021-10-01
2250;outfit.946ae92e21374e0d8935761e881bb94b;2023-04-22;2023-06-21
2687;outfit.b8dc734193a541e28856ad6b60c524e5;2022-02-02;2022-03-01
4137;outfit.abd7e59260904f73ba0937d81996a9f2;2021-11-30;2022-01-07
3094;outfit.6753fee0b6894243869c63032302de22;2020-11-27;2021-01-01
3094;outfit.fabaa18896e64e6ba835286d7f1d44e3;2020-11-27;2021-01-01
675;outfit.fe06ae3e05fe48d1ac80a4d182cc8cb7;2023-12-02;2024-01-01
675;outfit.f3067ef490224ffba4c9a8b16458c624;2023-12-02;2024-02-01
2675;outfit.dc762a7b6d30497b983f8127846123b0;2023-04-11;2023-05-10
4853;outfit.676f2b8ab3894ff293c0fbd62398bc05;2021-07-01;2021-08-02
4998;outfit.bbd6ae88b44bfd29;2022-04-20;2022-05-19
3510;outfit.57ffd059f0374d6995a1f8fd4ee0d2ed;2022-08-28;2022-09-27
3510;outfit.b8b6253b118140448c36fb7b55fdce90;2022-12-28;2023-01-27
3510;outfit.09f131a3a13141da9b70638289d27de3;2022-08-28;2022-09-27
3510;outfit.e6bbfedb420c40059c5a6515c0f94dfd;2022-09-28;2022-10-27
2217;outfit.609f102d66db422da0587164e5faba1a;2020-12-04;2021-01-06
2217;outfit.9a8a18eecd5649eda11bf75987a90efa;2021-02-04;2021-03-04
2217;outfit.9b7f4ea284e640d19bb177049cd1c7af;2021-03-04;2021-04-05
2217;outfit.bd9dca3a7c0d808c;2021-03-04;2021-04-05
2217;outfit.0c3cac26eb674e35a4602a369b146592;2021-03-04;2021-04-05
2217;outfit.588d78c7613f4e10b418317946a7a186;2020-12-04;2021-01-06
2217;outfit.93d7a4479c7f446b80995278ada5874b;2021-02-04;2021-03-04
2329;outfit.fd816aa2311d45c78fd0ab2d663a177a;2023-11-25;2023-12-24
222;outfit.9565d4d6787ad71f;2023-12-21;2024-01-20
3459;outfit.d91c416ae1584028ba0c20f1329bbb97;2021-01-06;2021-02-01
4985;outfit.00fa8d1fd5804fe78ac284c2e0c28b4e;2022-01-31;2022-02-28
5646;outfit.1bf5c2c096dc490f8e8efd7d09e6769c;2023-08-05;2023-09-04
5646;outfit.1ff1200dca844ecd8ac042bd3363b7c5;2023-08-05;2023-09-04
864;outfit.5f638bee24e542c2ad2eaef2f5227087;2023-09-06;2023-10-05
384;outfit.badb81ea53ce4b62b54387b26501b6c9;2022-08-10;2022-09-09
4017;outfit.3a5aeafe771d488f84bc18af5db17114;2024-07-09;2024-08-08
5251;outfit.257570a5166f43fba7f231ab1e0e2d11;2021-11-25;2021-12-17
5251;outfit.148857ae81d84843ae1671986a4e145e;2021-11-25;2021-12-17
5251;outfit.c2c7871b40df44969ba85dea0f927f42;2021-11-25;2021-12-17
4603;outfit.478c7aaed8f8413d9618e508ddd7d59b;2021-10-22;2021-10-29
4603;outfit.35040533aa374146acdf6819785d4b85;2021-10-25;2021-11-25
5236;outfit.e89fab0bbc574d6c89242ff808d537e6;2022-09-04;2022-10-03
3951;outfit.2f5079f4f8384977a9ac6bb4b465c23c;2022-08-14;2022-09-13
3951;outfit.8cbb77c85f07443e9c2e6687e4131a45;2022-08-14;2022-09-13
3951;outfit.ad062450831242c091c3cfc78407df6d;2022-06-14;2022-08-13
267;outfit.98c77b103c834bec95a332ea8b683db1;2022-03-13;2022-04-12
6372;outfit.202c5658aee14e4180cd074aa81842a1;2021-03-05;2021-04-08
7244;outfit.32684b5443394c4a91606c9aab8d3cdb;2021-04-30;2021-05-28
1700;outfit.b9c0bbd563524653;2023-04-21;2023-05-20
5236;outfit.c18d614b53ad40d9ac3f3c48278fa09f;2022-12-04;2023-01-03
5760;outfit.f4a5306ea45d4ab9b40340f016bab653;2023-06-05;2023-07-04
3041;outfit.9b1b854fc8a535ae;2022-03-18;2022-04-13
4834;outfit.fec66293d37940b79dde2c1acd761fe3;2022-04-25;2022-05-24
4638;outfit.44c8e590e1df4f6ab23cf81b9ed39374;2022-01-04;2022-02-01
3624;outfit.b2dc9f23d8d34e6fa62981cf887be220;2022-05-28;2022-06-27
3956;outfit.3e47b084ad704fb5b25b38809fae38a7;2022-06-05;2022-07-04
3956;outfit.923f3fd476b5450b9582d1f525604546;2022-06-05;2022-07-04
3956;outfit.b6f4e6d64e3144d2b528b6bf75e5ddcd;2022-06-05;2022-07-04
3956;outfit.22b16afebcf749d08ab2a83d88406516;2022-06-05;2022-07-04
1390;outfit.a9f2bcb6885fe60a;2021-11-01;2021-12-01
572;outfit.ac52d51d1863129e;2021-12-06;2022-01-06
1716;outfit.d73105249af8497a8400a0f75a825741;2021-04-12;2021-05-10
1684;outfit.ae922e922588454591edca7cabf0db48;2022-01-06;2022-02-04
4674;outfit.3a08f6654ee4454bb0b5ba8dbbf765b0;2024-01-26;2024-02-25
667;outfit.50fef96d33b04473aead4117f52c1338;2022-08-02;2022-09-01
667;outfit.6ef1d02f358a4299bd11943f5b5258c4;2022-08-02;2022-09-01
6907;outfit.b8a404e6aad069ba;2022-01-03;2022-01-31
6907;outfit.abcb318cd2f62d3b;2022-01-03;2022-01-31
3227;outfit.b42337853cae4f66a2e7640b6845d2e5;2022-07-26;2022-08-25
3189;outfit.89bb81f29b0f44698d89fb39fd4402a5;2022-11-24;2022-12-23
3572;outfit.4c41406859e04bc7b29036c62ea1b7df;2020-10-07;2020-11-06
3572;outfit.2a4decf449b64584804dad1d704f4ef1;2020-10-07;2020-11-06
3572;outfit.5eda9383bba2444aa517f17c3edd4453;2020-10-07;2020-11-06
3841;outfit.c41b5bc7cfa0435abe71b09cfccc17ea;2020-10-16;2020-11-16
204;outfit.f566554a9cea4c0fb77e1f9a7708c398;2022-11-22;2022-12-21
4183;outfit.853a99845bbe4b4884e0a6a1c289bd05;2023-06-17;2023-07-16
4183;outfit.940d8268582284b6;2023-06-17;2023-07-16
2870;outfit.99d3c1ea30367e62;2022-10-26;2022-11-25
825;outfit.efabac44ce104279a8c819af8d14e5d6;2024-04-22;2024-05-21
4170;outfit.6c68130ccc5b41a79388037d5bd3004f;2022-02-04;2022-03-03
4170;outfit.68619657037e49be85070ff82067b940;2022-02-07;2022-03-03
4170;outfit.3dac69d72aed4d1ca4fc6bcff6b7cd4f;2022-04-26;2022-05-03
4170;outfit.f5cdd470173a4cbb913353aac985eebe;2022-02-11;2022-03-03
4170;outfit.9bb6cde5e7d143db8e60793ec409d58b;2022-01-03;2022-02-03
4170;outfit.60dced53fd414aec99d569404f19c4ee;2022-03-08;2022-04-01
4170;outfit.3b8ec1aa02f64daebc17177ba35efcd2;2022-05-03;2022-05-10
5303;outfit.8e330b28328c4558a9523168b34d4d86;2024-01-17;2024-02-16
416;outfit.ea4cdef4b083408eb9410d077f9c929b;2022-02-07;2022-03-06
1626;outfit.5048c556741f4513ade4ab8607e5a46f;2024-01-16;2024-02-15
4030;outfit.75fd35081c884af28940d854e0a8c67f;2022-10-07;2022-11-06
3267;outfit.1ba9e80c87c84ac98d59fd5fbecf6f32;2023-05-27;2023-07-26
4725;outfit.bf299b7d8eeed1e5;2022-11-29;2022-12-28
4725;outfit.955f2239f0b38561;2022-11-29;2022-12-28
1032;outfit.ad0e0bb9c3ab3cb3;2022-04-11;2022-05-10
1032;outfit.9abd359ee8d44269ab15d6cbfcd8eb81;2022-03-11;2022-04-10
1032;outfit.841f070dd5a12094;2022-03-11;2022-04-10
996;outfit.234ce093695f4773aba7287620cee9ca;2021-11-08;2021-12-08
2703;outfit.8ce5277fd36a4926b5203cfcdb72fd72;2022-10-16;2022-11-15
2703;outfit.113c7b9e83d0435894562f0b5ef41fc9;2022-10-16;2022-11-15
5695;outfit.f13af5d893714a7abcbca1ca15163fe9;2020-08-07;2020-08-24
576;outfit.ee94b77c56794feab26ffb22c2b9e2ca;2022-01-03;2022-02-03
4709;outfit.372a132f8fe4463f8fdb8d7a8b3f5206;2021-12-13;2022-01-10
731;outfit.1d7da339dc6b48e68c801f5862573aad;2022-06-09;2022-07-08
7118;outfit.7cc6bd8e645a41d2837976a0d09e3ca9;2023-09-14;2023-10-13
6372;outfit.00fa8d1fd5804fe78ac284c2e0c28b4e;2020-03-13;2020-04-14
6372;outfit.2386f5b10f544de1a8f7a53a4b3bb92f;2020-03-13;2020-04-14
6372;outfit.ed5a5a066ca647b6a9aaeb1ec8e7ee87;2020-03-13;2020-04-14
4834;outfit.fec66293d37940b79dde2c1acd761fe3;2022-02-28;2022-03-29
2485;outfit.7a9ac6aae6de40d4b1a260d95de95988;2022-03-02;2022-04-01
2485;outfit.074a10af152c489ab0ecd8d67fa60fb9;2022-03-02;2022-04-01
6519;outfit.234ce093695f4773aba7287620cee9ca;2021-04-13;2021-05-12
2576;outfit.30c1385e9d714fa5b2000abce92e6c91;2022-06-23;2022-07-22
1922;outfit.79d8ad807b5a4fbc86d21e759e3c7342;2021-10-28;2021-11-25
6977;outfit.50fef96d33b04473aead4117f52c1338;2022-12-15;2023-02-14
6601;outfit.b0677486667c446c9f61ae24522c6b26;2024-02-05;2024-03-04
6601;outfit.b26dea94dbd147919dbe9c6378c9c52f;2023-12-05;2024-01-04
446;outfit.16d009b7c441450183dbace1c9e64dce;2021-01-18;2021-03-15
1382;outfit.b68b720dbd521460;2021-11-26;2021-12-20
3749;outfit.16c67c6789f94fb8a10de95277e1a321;2022-03-12;2022-04-11
3749;outfit.70bfcd7059a248ba9b8337bad5ce56fa;2022-03-12;2022-04-11
2168;outfit.8a1cf5ac88bb4b80930feda22d5dcc49;2022-07-28;2022-08-27
3047;outfit.be1e83bfcede6836;2022-11-16;2022-12-15
731;outfit.a7e848f47d2643d988bbaf47dae4a136;2022-03-09;2022-04-08
731;outfit.b5efe9b9e6104f0796fe1adc5650e75d;2022-05-09;2022-06-08
731;outfit.b5efe9b9e6104f0796fe1adc5650e75d;2022-07-09;2022-08-08
4463;outfit.d89c1051a315434d90b87a3ea5aa1ea3;2023-06-22;2023-07-21
4834;outfit.40f5c15e6ca0486293b24bdf66d40393;2022-06-25;2022-07-24
6177;outfit.374273ffb79943b7be144ceb14529592;2021-11-29;2022-01-03
6177;outfit.afcfeb5d7cda41318a080365f05c9075;2021-11-29;2022-01-03
2040;outfit.8619bf33395941ca8a9e98931e1462ff;2020-08-10;2020-10-07
2040;outfit.bb8aa151e5f63d31;2020-08-10;2020-09-07
2040;outfit.37af7c19c13949819ca971b380a9f97c;2020-08-10;2020-09-07
2040;outfit.ede0d0fd9315467c868825bcb20d2fe6;2020-08-10;2020-09-07
3896;outfit.8a9297abf702469b88dcdb1ce6cd35bd;2022-11-01;2022-11-30
7110;outfit.388d5e71d8ca46a59067b8f07c7a0760;2024-04-29;2024-05-28
3572;outfit.f4a5306ea45d4ab9b40340f016bab653;2020-09-07;2020-10-07
3572;outfit.841fdd28d3f644c0bb8efd874e818027;2020-09-07;2020-10-07
3572;outfit.37dfcefd9016441b96537a6b3de58e29;2020-09-07;2020-10-07
1553;outfit.de9c4f2245104d7b807e819b9ea7a4e8;2022-05-16;2022-06-15
1553;outfit.ebfe6bcdfcb7442686f24eecaba39c1c;2022-05-16;2022-06-15
6361;outfit.a8c3007784dfc486;2024-02-01;2024-02-29
6;outfit.0e79f46fd9f344bdb7c714ffce9e98aa;2021-10-26;2021-11-25
6;outfit.3bf44cf3a9d8493eb057521c2f3e88e2;2021-11-24;2021-12-23
5490;outfit.29a0d66e916c4bc690cf393bcea980e4;2023-03-28;2023-04-27
5490;outfit.4688b412bce3457a9c1727fd38ab4a06;2023-04-28;2023-05-27
416;outfit.ed0bda9223004815822e8eaff7b7688f;2023-11-07;2023-12-06
416;outfit.f66d734ea0fa4854b73f96714fd19ecf;2023-11-07;2023-12-06
4981;outfit.c26dfa3343fe4ba3823eff356e24750f;2022-01-13;2022-02-11
4981;outfit.9956752d78a44dea91307b82661d85aa;2022-01-13;2022-01-13
3896;outfit.fbc31b2005504087aa980bf59e078b7e;2023-04-01;2023-04-30
675;outfit.6ef37d8d2ee744229ed6350d8a94f308;2023-04-02;2023-05-01
3924;outfit.bf6df4f0abba9e2f;2024-01-28;2024-02-27
5760;outfit.8cddb9b88c984068a92d14c539dd24e6;2022-08-05;2022-09-04
5760;outfit.82ca4f1985ca4966ac81db79cc5a5bc1;2022-08-05;2022-09-04
3608;outfit.3aec93f22b9a450ab7dfc26095abc609;2020-10-01;2020-10-30
3608;outfit.2fe31ac153bc422c945294c342de95a2;2020-10-01;2020-10-30
658;outfit.b8dc734193a541e28856ad6b60c524e5;2022-10-18;2022-11-17
1585;outfit.f66d734ea0fa4854b73f96714fd19ecf;2021-10-29;2021-11-29
4724;outfit.b04f116bc3224f22a8f17d62934fe2cd;2023-03-19;2023-04-18
6364;outfit.31db3530dd7749a5b342e0650a8c8b7a;2021-06-21;2021-07-16
6364;outfit.82857c0f835c4c8b8fea971653673d20;2021-06-21;2021-07-16
4409;outfit.af3a5e4cc2959d66;2024-03-05;2024-04-04
6903;outfit.8c5e53894f0ca50e;2020-09-23;2020-10-23
6903;outfit.fdc3cdbad50644ad97fc0a903f967e15;2020-09-23;2020-10-23
6903;outfit.c4c75ed0869147faa31911d6b9919b7a;2020-09-23;2020-10-23
4464;outfit.bae42664f07a447e;2022-06-19;2022-07-18
6319;outfit.9e28084ee8e94a1d8afe4abe643fa8d5;2021-10-01;2021-10-29
2402;outfit.80d81410fa5f0ae4;2020-07-31;2020-09-04
2402;outfit.8491b9cfec31254c;2020-07-31;2020-09-04
2402;outfit.5b607271e3ee467bb4188f977c0336b8;2020-07-31;2020-09-04
2402;outfit.bbd662557126462f84e4912812fc1be0;2020-07-31;2020-10-05
2402;outfit.9aee78d90d74477a8709a5f6baf24e74;2020-07-31;2020-09-04
1518;outfit.a5f369e8f0504905bd14d3a58f8dc8cb;2023-07-30;2023-08-29
1518;outfit.151898f52a9a4e1a9862b376db9195e9;2023-07-30;2023-08-29
3094;outfit.b1adfc4204c602e5;2020-07-17;2020-08-21
4638;outfit.69510e71049843628dabe5ef896f1b04;2021-05-03;2021-06-01
5318;outfit.bcdb248c57283524;2023-03-17;2023-04-16
4463;outfit.a7b955473f2248a8a818455cb08c9e79;2023-10-22;2023-11-21
5160;outfit.edf01c8ca8f64059a8afaf72b4ba5eb3;2022-07-25;2022-08-24
5160;outfit.012a4c0079984d719f3f2626bb60b374;2022-07-25;2022-08-24
6592;outfit.756079160a3e402d87df01062ec3b941;2023-05-02;2023-06-01
6592;outfit.1da2e77fd6594cb7bf3e7f4dd0e187b3;2023-05-02;2023-06-01
6907;outfit.b2cb4b87e0f8fce5;2021-03-25;2021-04-30
1700;outfit.e947dbab69e64c5a85f1fe565b5f3a49;2022-10-21;2022-11-20
2516;outfit.3a5aeafe771d488f84bc18af5db17114;2022-05-27;2022-06-26
6601;outfit.cb29aca3f7be4551b07a9d1b02957e02;2023-09-05;2023-10-04
6601;outfit.dd5c21e0c1ee4428b7019e5740e3e8aa;2023-09-05;2023-10-04
6601;outfit.fec66293d37940b79dde2c1acd761fe3;2023-09-05;2023-10-04
6955;outfit.3fb6cd2d1f454b85937d1540dcf212f0;2022-04-30;2022-05-30
6907;outfit.b80a7f8948aefe75;2023-01-06;2023-02-05
6907;outfit.af879b315e9e04fc;2023-01-06;2023-02-05
2649;outfit.da552355bfd04649a987a3881b99d09c;2023-07-02;2023-08-01
2649;outfit.3b49ff8bbdf2444a83abcdc0fbb45f01;2023-07-02;2023-08-01
3510;outfit.9b8cb306a9fd4315bbda3cd2b056e36a;2023-12-28;2024-01-27
5760;outfit.1f534d95ccf6415a8af3b5799dd959e7;2022-12-05;2023-02-04
5760;outfit.9f16b609a91c48e3;2022-12-05;2023-01-04
5760;outfit.77198ec009ad4cc98e710f5bcd1a6ab2;2022-12-05;2023-01-04
6907;outfit.57d3d071648f425f900f33b203e013c8;2021-07-01;2021-07-30
6212;outfit.6962210a388343c2a203996ee7a30eb0;2021-12-17;2022-01-17
5661;outfit.3e47b084ad704fb5b25b38809fae38a7;2023-04-08;2023-05-07
4858;outfit.a8cbaf4636a74bf7ab5f86d15121ea2b;2019-11-18;2019-11-23
2681;outfit.8cbb77c85f07443e9c2e6687e4131a45;2021-09-20;2021-10-20
2681;outfit.7d69ae2f5dc641bca0eed4b1dfc17ac8;2021-09-20;2021-10-20
2623;outfit.f4336a1909704b3fb0843ec7496c2884;2021-08-02;2021-09-02
3291;outfit.8ccfe9b6e0b0473b95bc91b156139d89;2022-11-28;2022-12-27
2102;outfit.6c4dd0c71db040ae9ac85030d4403e3e;2022-03-18;2022-04-17
2102;outfit.4f39670d27b14b41994aa1f388d86260;2022-03-18;2022-04-17
2762;outfit.0dba9d16e2e54e58ad650f0ecc2b3ea5;2021-02-18;2021-03-22
4674;outfit.f75f6043c5814e998e72b925ef7a21dd;2021-12-06;2022-01-06
4674;outfit.d628edcdb5d743e09c72d3482c5df99c;2021-09-09;2021-10-08
4674;outfit.d91c416ae1584028ba0c20f1329bbb97;2021-09-09;2021-10-08
582;outfit.ce331a7cc22d4aaf82548e873c59e6cd;2021-06-28;2021-07-26
582;outfit.f926e8589d9147c5822d152566769240;2021-06-01;2021-06-30
6075;outfit.98fa1b5287182a9d;2022-12-14;2023-01-13
6103;outfit.0e1bd47c2f09419d84217b3a6b5e265f;2024-01-08;2024-02-07
4336;outfit.c8c5d18e8365419eba926afed7344dd7;2022-05-30;2022-06-29
4336;outfit.7395b78d10084aebb906f8f83bfd89cc;2022-05-30;2022-06-29
4336;outfit.74d1bc8ef8b3401a98e92e3f1826c0e3;2022-05-30;2022-06-29
4336;outfit.cd218662a26c4c29b372ed1563cf0ced;2022-05-30;2022-06-29
496;outfit.8cbb77c85f07443e9c2e6687e4131a45;2023-05-10;2023-06-09
3028;outfit.3b8a8f44f52f4b92b4935f08f4d2b9d7;2021-12-17;2022-01-17
3028;outfit.cdc50f2c7fc54079a32bdf91b2d65e78;2021-12-17;2022-01-17
3875;outfit.4c7025a42af74e9bb6aa71afac57324a;2021-08-09;2021-09-09
2576;outfit.29c39d6085f345dfbccc23a2f8e274a6;2022-06-23;2022-07-22
2623;outfit.f4336a1909704b3fb0843ec7496c2884;2021-06-01;2021-07-01
1201;outfit.6a0ee820e93d45bb86077aa56e1c231a;2022-01-14;2022-02-14
1201;outfit.e8f877d97bec44b49a40abd355d69d51;2022-01-14;2022-02-14
4409;outfit.3dac69d72aed4d1ca4fc6bcff6b7cd4f;2024-01-05;2024-02-04
4853;outfit.25cf652454ab4f9fa1b636cbd555cfa6;2021-08-02;2021-09-02
3846;outfit.b9e21535cf624b6eac04d3a9708f213b;2021-01-07;2021-03-08
3846;outfit.944efade730744e38b3b678dae890f98;2021-01-07;2021-03-08
67;outfit.7abb8ad021294be3863e5ea746538347;2023-01-31;2023-02-27
7371;outfit.ed0bda9223004815822e8eaff7b7688f;2020-08-03;2020-09-04
7371;outfit.d263cb821a244b41b4c47ac08fa10596;2020-08-03;2020-10-05
7371;outfit.6382007b5e4e4e5ba3ddd8571427ecb6;2020-08-03;2020-09-04
5236;outfit.838393c0f12c45068f90821c83acac89;2022-01-04;2022-02-01
5236;outfit.9f58acfe6b554e4ca880e378aa7e8e56;2022-01-04;2022-02-01
4463;outfit.f102748bf7fe46a2a9a3eb170410b6bb;2023-10-22;2023-11-21
6817;outfit.9653e8c2cb5f44eeb2a9015e4b11c162;2023-04-23;2023-05-22
4656;outfit.302a96af11cd4c54b7cc0215f48103b0;2024-02-04;2024-04-03
6663;outfit.705792b3c7c2487ea489a85c1be84122;2022-05-01;2022-05-31
1684;outfit.d6896eaf6b734f40943d6cce5d23c1e3;2022-06-20;2022-08-19
1684;outfit.f1ed4ff2e21a436997e35b1c918c304b;2022-03-20;2022-04-19
3896;outfit.713570ccf2364240b906d668908737ff;2023-04-01;2023-05-31
2085;outfit.4f88de908942498980138fc606c745fb;2023-01-26;2023-02-25
4463;outfit.656dc77e8bd948e6bc85d9284c79af19;2024-05-22;2024-06-21
3749;outfit.ef9f4ad754194793ab95e6c30f5606ae;2021-12-20;2022-01-24
3749;outfit.a34cdcaefffe44c89674b55f96a03950;2022-01-24;2022-02-24
3749;outfit.8a130c68d99c4023ad5d0551e483cec9;2021-12-20;2022-01-24
6911;outfit.29d43c48eee84539b3e1597c9cd55194;2022-07-11;2022-08-10
6295;outfit.0f545b5ba1274c66b2896afdcc48c5d9;2022-06-01;2022-06-17
5039;outfit.4f70cab1b988484a9af2f69e488e30ce;2021-10-05;2021-11-05
6526;outfit.b09e135ba34c46daaf3a5495dcec6e83;2024-04-09;2024-05-08
1248;outfit.07dcb037d0ed4eea9bf29230e6f2abec;2021-06-10;2021-08-16
1248;outfit.819fe443b574445a979f4f0571a65677;2021-06-10;2021-07-12
1390;outfit.940d8268582284b6;2022-04-26;2022-05-25
4810;outfit.bab0a29ca356113c;2023-05-27;2023-06-26
1382;outfit.59866b2b0d7949f5845bd9774a9ce330;2021-01-26;2021-02-26
1382;outfit.b04f116bc3224f22a8f17d62934fe2cd;2021-01-26;2021-02-26
2071;outfit.89ce51a125971793;2021-11-19;2021-12-17
1586;outfit.8e3a6e9e196cfbc0;2022-10-16;2022-11-15
2383;outfit.d04fbe1240ef405c867fb813b5aa8779;2021-11-30;2021-12-17
5169;outfit.2846db8e50bc49a7a1b5f37be769f364;2023-04-28;2023-05-27
5169;outfit.ed0bda9223004815822e8eaff7b7688f;2023-04-28;2023-05-27
2022;outfit.b62a06fd0f523bac;2022-12-07;2023-01-06
5251;outfit.df1d0f1d24dc4629b4769b6a3dc89b43;2022-11-12;2022-12-11
5251;outfit.527e5a69558c404f81d9d3c68272f67b;2022-11-12;2022-12-11
5251;outfit.447e5486379147879a59e168c261d9e2;2022-09-12;2022-10-11
5251;outfit.0e79f46fd9f344bdb7c714ffce9e98aa;2022-08-12;2022-09-11
5778;outfit.bb8aa151e5f63d31;2023-01-18;2023-02-17
5778;outfit.ed9017ac844a486fac95996bcc5b4b84;2023-01-18;2023-02-17
3094;outfit.92f2e542b76f7d6d;2023-07-26;2023-08-25
4725;outfit.82ca4f1985ca4966ac81db79cc5a5bc1;2022-02-28;2022-03-28
1809;outfit.4c8d6c10b08440fcb06d8893d705124b;2022-07-20;2022-08-19
1809;outfit.853a99845bbe4b4884e0a6a1c289bd05;2022-04-20;2022-06-19
7366;outfit.8ce5277fd36a4926b5203cfcdb72fd72;2022-08-25;2022-09-24
7366;outfit.a0361d1da07f4cf4929c58bd45782fae;2022-08-25;2022-09-24
1193;outfit.6fd4e1ca2f474faa9366763ac28adb3c;2022-02-26;2022-03-25
5734;outfit.9c19cb240c0c06d1;2022-01-07;2022-02-10
5734;outfit.b3d31d76ede3d815;2021-12-29;2022-02-10
5734;outfit.478c7aaed8f8413d9618e508ddd7d59b;2021-12-08;2022-02-10
7100;outfit.70bfcd7059a248ba9b8337bad5ce56fa;2022-11-17;2022-12-16
7244;outfit.33775c3acbcf408aadc5a2436d0750ec;2023-04-26;2023-05-25
4501;outfit.e457a3fb8aeb44b99d9ebae19bab9fae;2022-09-06;2022-10-05
5490;outfit.11395b1173644fedbcfc219469f27b84;2022-01-06;2022-02-04
5490;outfit.a488106c64f04db6bab3a40dfdc7832e;2022-01-06;2022-02-04
5490;outfit.98d6cf4fef49ec24;2022-01-10;2022-02-04
5490;outfit.a1c7ea9aa83e32c8;2022-01-06;2022-02-04
5914;outfit.01601322d21a422fbc2db49c7866e264;2022-05-29;2022-06-28
3320;outfit.5024e38969364cc2bcb0025151e4ec55;2023-12-09;2024-01-08
1248;outfit.5494f9123a164880a3ed401be7abcd8b;2022-02-12;2022-03-11
1248;outfit.ee40e812ed554b87a45637339c72cbd6;2022-02-12;2022-03-11
4463;outfit.e17a0df1f70743e590827d7df93bb7f4;2023-10-22;2023-11-21
1735;outfit.3b2ed909c25f4ba28abf27a3ba98f5d0;2023-01-17;2023-02-16
2617;outfit.37886c165da3410ca29761ac81f95bf9;2020-09-23;2020-10-23
2617;outfit.8d9f00f7e6494b03beae69bfed8e6c58;2020-09-23;2020-10-23
2833;outfit.4158a6fc47074d23b6591ae8583673a8;2022-01-31;2022-02-28
2833;outfit.7f44b4762bda4246a1aa7cd533047141;2022-01-31;2022-02-28
5734;outfit.e98a6e485b1941d98e43c0e74cc6885b;2021-10-08;2021-11-08
5734;outfit.eafae74f4ff24c29862f7dba09874920;2021-10-08;2021-11-08
6907;outfit.595a88f3986340b9b7ee163cbe32c85d;2022-05-06;2022-06-05
824;outfit.9acd6a788f014e9b81fb32f2c97f53d8;2022-04-24;2022-05-23
3103;outfit.9341a89b191cd49f;2021-01-04;2021-02-02
4696;outfit.eb104cb68a534166899c4cce84b0fa55;2023-10-07;2023-11-06
2675;outfit.944ba4bd2e6441f39a9e45ef42121224;2022-10-11;2022-11-10
2675;outfit.9e371154c9be4c08b587ea8e5da833b3;2023-01-11;2023-02-10
2675;outfit.13341577ef954838a87bf016b1501ebb;2022-11-11;2022-12-10
1522;outfit.97acaefe61dad4d4;2020-07-29;2020-08-28
1522;outfit.a8c3007784dfc486;2020-07-29;2020-09-28
1522;outfit.66da7242210f4c3fa7a47285efe37504;2020-07-29;2020-08-28
6304;outfit.139187a6eb1540b6b2b8aef96bd12601;2021-08-05;2021-09-06
6304;outfit.2a4ac5ffa2a44630a5295e135713963f;2021-09-06;2021-10-06
7400;outfit.31d5bc7c60334b9889e9ed768f05e578;2021-03-08;2021-04-08
7411;outfit.c51bd8f0c3464297b89ffa73328c3275;2024-02-19;2024-03-18
549;outfit.0f9681d7171142aa84399d37dc7b4ed3;2022-06-06;2022-07-05
549;outfit.4f39670d27b14b41994aa1f388d86260;2022-06-06;2022-07-05
490;outfit.9288ff153f8d405e89ce6b6cfd08171c;2021-05-14;2021-06-14
490;outfit.a1f38765322e65b2;2021-05-14;2021-06-14
3432;outfit.5330ecb4f53c4f7a865f99a6fdd37773;2021-12-29;2022-01-28
3291;outfit.56dec64c8c834afaace780273bbde124;2021-10-26;2021-11-26
5100;outfit.e0a3899c698544c4bf205f2a6eae496c;2022-02-17;2022-03-16
6010;outfit.eb60db20ed1d4ddeb7e2b03e05cae83c;2020-12-17;2021-01-18
6010;outfit.0fce955a2b0840ff8630eb10804ccb99;2020-12-17;2021-01-18
6010;outfit.98fa1b5287182a9d;2020-12-17;2021-01-18
2489;outfit.b8edf89f3a5949949ae1188cd3283d6f;2021-01-13;2021-02-11
2489;outfit.fdc3cdbad50644ad97fc0a903f967e15;2021-01-11;2021-02-11
1982;outfit.c69fd3c4befc43c08273d51d292c74e2;2021-11-11;2021-12-10
1982;outfit.d60c7801271e488d88f0f13a0b28e6b6;2021-11-11;2021-12-10
1982;outfit.5d2d7dca81534a789407bce8180af049;2021-11-23;2021-12-10
5236;outfit.7395b78d10084aebb906f8f83bfd89cc;2022-02-01;2022-03-01
5236;outfit.838393c0f12c45068f90821c83acac89;2022-01-11;2022-02-01
1735;outfit.85244edf68884b9fa35758fe33b84612;2021-06-15;2021-06-28
1735;outfit.11395b1173644fedbcfc219469f27b84;2021-07-26;2021-08-26
5617;outfit.be54589074780d08;2023-09-17;2023-10-16
3769;outfit.f82bfbc5af1c4997956e63f92ea51907;2023-05-16;2023-06-15
6038;outfit.91d7bcbd88004c9e939fb7877dc4a1f7;2021-08-02;2021-08-30
3040;outfit.a24ec8c88040844e;2022-04-25;2022-05-24
6936;outfit.26a6d5aa3fea4de08cb8723770250042;2021-12-01;2022-01-03
3749;outfit.268878c3e3e24d98bbc6e9770e2eb44c;2021-05-21;2021-06-21
3749;outfit.bb1024860d8f559e;2021-05-21;2021-07-21
454;outfit.542f3e3ae20d42bea4c81a418f7adb7b;2022-09-03;2022-10-02
6591;outfit.071f256faafb419a9d235186bcf44c81;2024-06-09;2024-07-08
3320;outfit.ad50bddf369641b0827aad7ce9f36022;2024-02-09;2024-03-08
5531;outfit.15d79dfee61f4e1a840f3fa2368563de;2021-01-06;2021-02-02
5531;outfit.d24b8b64d37f4ea29ccc8aeb0c1bbb2f;2021-01-06;2021-02-02
5531;outfit.65489efb22d947a8865099ddde5b790d;2021-01-06;2021-02-02
1443;outfit.8ad56e42a7bfeb00;2020-10-26;2020-11-20
7411;outfit.0e978d0344f44a11accd476e3397df84;2020-11-30;2021-01-04
7411;outfit.f398680c9638415dbe02347d447dd922;2020-11-30;2021-01-04
7411;outfit.a294399ed5bfba8f;2020-09-30;2020-10-30
1008;outfit.e6abf593ad3949cd8a2b345ed4249ff6;2023-09-30;2023-10-30
2475;outfit.6f6ace195ce44ccdbafbb72c1b4cde13;2021-09-22;2021-10-22
7041;outfit.93d11b40e1db46198d34109e7d0ebfe9;2021-09-22;2021-10-22
7041;outfit.96520672b1fc4ebdb9bd3b431609192c;2021-09-22;2021-10-22
7041;outfit.3ae8377476ab4594b00bd3a7790e9549;2021-09-28;2021-10-22
6304;outfit.75fd35081c884af28940d854e0a8c67f;2023-10-25;2023-11-24
3028;outfit.e5503fe6f5f243fc90c526bcdb75c942;2023-01-18;2023-02-17
3028;outfit.cdc50f2c7fc54079a32bdf91b2d65e78;2022-09-18;2022-10-17
456;outfit.790f5da62cbc479694f4df750c3a76c7;2021-07-19;2021-08-19
456;outfit.900dd323358401b1;2021-06-24;2021-07-19
456;outfit.65880fd633594bf4ab0b833b9c09d29a;2021-06-24;2021-07-19
2114;outfit.ac5bdf39908e44dabf5536871716d1c9;2020-05-20;2020-07-01
2114;outfit.2ead65a1ecf54c38a27bebc2bf47b9b1;2020-05-20;2020-07-01
2576;outfit.cf1d104fc65c4fd987d195e2a58e588a;2022-09-23;2022-10-22
6798;outfit.f13af5d893714a7abcbca1ca15163fe9;2024-05-16;2024-06-15
2703;outfit.1b0e05e23cc047439c31fc35d0c34b55;2022-06-16;2022-07-15
2703;outfit.b46fdffcec7c6364;2022-06-16;2022-07-15
3924;outfit.d3739869edc74a0a855e399f5b75a567;2021-07-29;2021-08-27
6303;outfit.60a1072927ca4f13ae03d6f876c42cb3;2023-04-01;2023-04-30
2364;outfit.25ff5e5ef4b541d79324a66515f1d89a;2023-03-07;2023-04-06
5330;outfit.ddb15f8dac0c4e03a7c88805a98cfcc8;2022-05-13;2022-06-12
7100;outfit.1f8f1544736b40b99c3485150d68342b;2022-03-17;2022-04-16
6936;outfit.a647aca5ce17d71e;2022-03-26;2022-04-25
6456;outfit.a9cd4913d4d043c1803b8f7dec42d143;2023-08-22;2023-09-21
3291;outfit.60dced53fd414aec99d569404f19c4ee;2023-09-28;2023-11-27
69;outfit.8ed6e4fedeb67e87;2021-09-28;2021-10-29
69;outfit.b6e876bed3cff76c;2021-09-28;2021-10-29
69;outfit.8a458a93e4cd4214a520074f16d5b9fa;2021-11-08;2021-12-06
123;outfit.9d97d017a5c747ac89d59efab886369a;2022-01-07;2022-02-04
123;outfit.ac3e4eefb550471989769e1e4d1683d1;2022-01-07;2022-02-04
6907;outfit.4bd8e39e3d5442c4b76dcd9797725b38;2021-10-01;2021-11-01
2519;outfit.a657836d8fac6ede;2020-07-17;2020-08-17
2519;outfit.a2b8e80de6b525a9;2020-07-17;2020-08-17
2519;outfit.8776f5d660d948c9bf3243220d6b1f16;2020-07-17;2020-08-17
2519;outfit.8e683c0cb1da5481;2020-07-17;2020-08-17
2519;outfit.849ace7e1811150d;2020-07-17;2020-08-17
5464;outfit.b45f71cef3bf96b3;2021-12-14;2021-12-27
5464;outfit.900dd323358401b1;2021-10-05;2021-11-05
6907;outfit.542f3e3ae20d42bea4c81a418f7adb7b;2024-04-06;2024-05-05
3533;outfit.cf7f6a83f16a490aa765d3ead2b2b82e;2020-07-14;2020-08-14
3533;outfit.cdcd1bdbc00e4a1cb9b80f7f5bbddd49;2020-07-13;2020-08-13
3533;outfit.ba1df248f1cd432a8bb58292b7b31e7b;2020-07-14;2020-08-14
3533;outfit.be670e741ed74f9597a28f8bb3e5e537;2020-07-13;2020-08-13
6907;outfit.24c32dd0323c4873949167fe0d1db421;2023-07-06;2023-08-05
2168;outfit.9565d4d6787ad71f;2023-02-28;2023-03-27
6592;outfit.7d29eb8d2f0341b2a1c2eeb8c76416f4;2022-06-02;2022-07-01
6212;outfit.d071fd1e083f4a08966866c856a0c5e8;2022-02-18;2022-03-18
6212;outfit.880e71e3568b6812;2022-02-18;2022-03-18
454;outfit.98fa1b5287182a9d;2023-03-03;2023-04-02
887;outfit.234ce093695f4773aba7287620cee9ca;2021-10-26;2021-11-26
3094;outfit.88c3d13d70dc4e97bf5cb6557c7ce49e;2021-03-31;2021-04-14
825;outfit.be1e83bfcede6836;2022-06-22;2022-07-21
4501;outfit.171c86f3627845c08df08a82deb2241f;2022-06-06;2022-08-05
2329;outfit.1506b275d9894b3da75f83343e25a122;2022-03-22;2022-04-21
2329;outfit.f23993293d944d1b9bf173ca5be1a409;2022-03-22;2022-04-21
4170;outfit.b25f7c6a65a2459c8819de57f27a2684;2022-05-03;2022-05-10
4170;outfit.e538cc03e9244a16910db1b27f7132db;2022-05-03;2022-05-10
4170;outfit.6c68130ccc5b41a79388037d5bd3004f;2022-04-05;2022-05-03
1894;outfit.e9f82d690d5a452ca833a578fd0f0dd0;2020-11-16;2020-12-14
1894;outfit.6962210a388343c2a203996ee7a30eb0;2020-11-16;2020-12-14
1894;outfit.39d30bdd02814cfbae737840b8e01321;2020-11-16;2020-12-14
3051;outfit.f45e25a44bdd429991e9186db7fa64e5;2020-06-17;2020-09-04
3051;outfit.dbfedaf11d78498fb877e892e0c9a5c7;2020-06-17;2020-08-01
3051;outfit.7cc6bd8e645a41d2837976a0d09e3ca9;2020-06-17;2020-09-04
3051;outfit.b068cf45c37e4aeaa1cff939a86e759f;2020-06-17;2020-08-01
3051;outfit.2a4decf449b64584804dad1d704f4ef1;2020-06-17;2020-08-01
1248;outfit.3ae8377476ab4594b00bd3a7790e9549;2022-06-12;2022-07-11
4240;outfit.a3d27b283d42172d;2021-10-27;2021-11-29
4240;outfit.bc490bc7db204af498825badd2d59285;2021-08-16;2021-09-16
4240;outfit.7cff339e7950448c8485a2b44205adc0;2021-08-16;2021-09-16
6591;outfit.a9f2bcb6885fe60a;2024-06-09;2024-07-08
1382;outfit.3c0da42b00f94123aad9c641ff5073ad;2022-06-06;2022-08-15
4175;outfit.e11253de97ba42eb819cf53373fcbe8d;2024-02-14;2024-03-13
3147;outfit.be670e741ed74f9597a28f8bb3e5e537;2021-06-15;2021-07-01
675;outfit.92423563b1ab408ea4e1137abf9774d6;2022-09-02;2022-11-01
7089;outfit.b701b51a404a44418a375258167ad442;2023-05-01;2023-05-31
7089;outfit.03162ec177a444ba847e97fe64db5ff9;2023-05-01;2023-05-31
7089;outfit.8023680619aa366a;2023-09-01;2023-09-30
7089;outfit.173b6b1204df4f128bcbdd843d91351e;2023-09-01;2023-09-30
6879;outfit.252b5f88ee66462e9aef2ea071969700;2020-10-15;2020-11-13
6879;outfit.12ca1b6aaefb46af8208fe008f3eb4e3;2021-01-15;2021-02-12
6879;outfit.9d97d017a5c747ac89d59efab886369a;2020-10-15;2020-11-13
6879;outfit.7d29eb8d2f0341b2a1c2eeb8c76416f4;2020-11-13;2020-12-15
713;outfit.7d48fb77be2340e3be0de8ab4f9a97a3;2023-09-26;2023-10-25
1386;outfit.fea3bb7d8ff54872ad84977465e29da4;2023-08-05;2023-09-04
3935;outfit.514093f168604338b66059bf9e4e900c;2022-05-28;2022-06-27
446;outfit.1edb2c8f4ff048c4b2f715329ccd7a93;2021-12-06;2022-01-06
446;outfit.1ba9e80c87c84ac98d59fd5fbecf6f32;2021-12-06;2022-01-06
446;outfit.d141393e8f8247db9c62121a790ed9be;2021-12-06;2022-01-06
6781;outfit.29d43c48eee84539b3e1597c9cd55194;2022-03-19;2022-04-18
6781;outfit.2846db8e50bc49a7a1b5f37be769f364;2022-03-19;2022-04-18
2250;outfit.946ae92e21374e0d8935761e881bb94b;2022-12-22;2023-01-21
2383;outfit.206df08f735c415bbcaca8d70e762971;2023-08-06;2023-09-05
5730;outfit.d7a7b1a15fe04fd886b31c47431ebcb6;2022-05-11;2022-06-10
6907;outfit.5235ff1f43e94601b30e4f25d6abcb39;2021-03-25;2021-04-30
6907;outfit.3fb6cd2d1f454b85937d1540dcf212f0;2021-04-01;2021-04-30
1201;outfit.a9f2bcb6885fe60a;2023-03-15;2023-04-14
1201;outfit.a841b2acdc119218;2023-03-15;2023-04-14
1586;outfit.abd7e59260904f73ba0937d81996a9f2;2021-10-08;2021-11-08
1559;outfit.3aba9737d2f445478a8ce23b2fc22da8;2023-09-28;2023-10-27
3041;outfit.4688b412bce3457a9c1727fd38ab4a06;2022-05-06;2022-06-05
3041;outfit.ba1d7e7d9f4746388a8628d6c57812b3;2022-04-06;2022-05-05
1522;outfit.83cae242e7d54be496b50e98f34e346e;2020-09-21;2020-10-26
1522;outfit.048fe7f87ee34a4095f2141bd51e3b80;2020-09-21;2020-10-26
1522;outfit.49e0781692bf413fb78ecfe466524e36;2020-09-21;2020-10-26
1522;outfit.a2883b9efb1b4eb889e269c98e09f661;2020-09-21;2020-10-26
1522;outfit.2701e5369cbe4015a19e9074113cb899;2020-09-21;2020-10-26
7411;outfit.09f131a3a13141da9b70638289d27de3;2022-11-19;2022-12-18
996;outfit.1b47c924e1684b9c94c76fa971ec8115;2022-03-15;2022-04-14
6447;outfit.17753fa2c9914d659fe5432c2a06f1fa;2022-10-30;2022-12-29
6212;outfit.b701b51a404a44418a375258167ad442;2022-08-18;2022-09-17
6212;outfit.95a9732c69cb1e4c;2022-08-18;2022-09-17
2488;outfit.8e5ef2b79973d23f;2021-11-08;2021-12-08
6284;outfit.1dd897589a5148198aea6c403d613063;2021-05-04;2021-06-04
6284;outfit.9b0a47dc97c7ecc8;2021-05-04;2021-06-04
6284;outfit.9237685700e6542b;2021-05-04;2021-06-04
6798;outfit.29d43c48eee84539b3e1597c9cd55194;2022-09-16;2022-10-15
4481;outfit.ad6f853b5c31b6f5;2023-04-18;2023-05-17
272;outfit.a520a9aa8147d618;2022-12-15;2023-01-14
2273;outfit.cc5b53a2d9f44413afdd86c5d0dfd1c1;2022-07-18;2022-08-17
2273;outfit.6fca7e059a914e899fc6d816ef943972;2022-07-18;2022-08-17
2273;outfit.690dcda28d044c5f8f134ffcb66cc02b;2022-07-18;2022-08-17
1586;outfit.95cf185dc27fb18b;2023-09-16;2023-10-15
7411;outfit.549dd7bf94d4442abfd053dc32ee54cc;2020-08-03;2020-08-31
7411;outfit.142a3686d9ec47afb71932e592f45a92;2020-08-03;2020-08-31
2869;outfit.cafdca5ad56a4f6ea824cc20fab5b5ae;2024-03-06;2024-04-05
4696;outfit.b75d871f45424868baa650472e43193a;2022-04-04;2022-05-03
6256;outfit.b36a2b4ce3d90e1b;2020-10-16;2020-11-16
6256;outfit.ceda10a556b24c7c9ceeb2cc1601429a;2020-10-16;2020-11-16
6256;outfit.8caf3408b63342d889fe6f8afb90fe0a;2020-10-16;2020-11-16
6256;outfit.9ae9443798cb496ba7848d3c3616ab1c;2020-10-16;2020-11-16
5490;outfit.5df05df81eb54ba999e64c211780b556;2023-06-28;2023-07-27
6601;outfit.3f93a64eb5c5449096f841fe5fdc2b8a;2023-10-05;2023-11-04
5459;outfit.99d3c1ea30367e62;2023-08-25;2023-09-24
454;outfit.ff08dd87bf144defaa332eac0bf5bd4e;2021-12-01;2022-01-03
6526;outfit.89954cb83fe420c2;2023-06-09;2023-07-08
4318;outfit.77441845458641bcb87eb64f10b76c12;2022-07-05;2022-08-04
4318;outfit.c9250e31721a4e16842c1c648df90ea0;2022-06-05;2022-07-04
4318;outfit.c2354df57f454e33bf2ff3ae5a9c7dea;2022-07-05;2022-08-04
4318;outfit.896f0af4aaaa4d56a26ab9e37e94ad14;2022-07-05;2022-08-04
4318;outfit.0fdacd78ea72476d9688afaa61fc5c42;2022-07-05;2022-08-04
4318;outfit.2ac58ac5808446649bf9adbb74a55dab;2022-06-05;2022-07-04
3749;outfit.883321945299904e;2023-08-29;2023-09-28
4834;outfit.d8cabdaf5af9426dad953821aefb0ba8;2022-04-25;2022-05-24
5481;outfit.1f8f1544736b40b99c3485150d68342b;2023-08-28;2023-09-27
5800;outfit.70b441e6ee444f86a12921f85e5c2002;2023-06-04;2023-07-03
2573;outfit.394609460a3549928924f3a0dc5a6e3d;2020-11-05;2020-12-04
2573;outfit.95b998c29f9af2fd;2020-12-04;2021-01-06
2573;outfit.78d16995b62e40d48f06a20dbf72d844;2021-01-06;2021-03-05
2573;outfit.b8b6253b118140448c36fb7b55fdce90;2020-11-05;2020-12-04
2573;outfit.af314667889c49cfab85a0e890642a31;2020-11-05;2020-12-04
2573;outfit.b1adfc4204c602e5;2021-02-05;2021-03-05
2573;outfit.8d9f00f7e6494b03beae69bfed8e6c58;2021-01-06;2021-02-05
2573;outfit.a1bd30435ab14461af069cf262f1e1eb;2020-11-05;2020-12-04
2573;outfit.44c8e590e1df4f6ab23cf81b9ed39374;2021-03-05;2021-04-05
2573;outfit.a38b3b3e20364b78bfcf0bb1eadcc0e5;2021-03-05;2021-04-05
1626;outfit.35040533aa374146acdf6819785d4b85;2022-01-17;2022-02-15
3291;outfit.36462b7293ae423fb6b7180022cfcb58;2021-07-26;2021-08-26
3291;outfit.09a274c103524f30bd8e3fcc3cbab7c1;2021-07-26;2021-08-26
3291;outfit.0149e9cdd92241a7a8c73a98eb397928;2021-08-26;2021-09-24
996;outfit.d0c649c31ecc49a18d0cf19d7270073c;2023-11-15;2023-12-14
1706;outfit.7df2526a1c3c4b10b3017e7935c30629;2022-04-18;2022-05-17
2869;outfit.b26dea94dbd147919dbe9c6378c9c52f;2024-06-06;2024-07-05
2869;outfit.388d5e71d8ca46a59067b8f07c7a0760;2024-07-06;2024-08-05
572;outfit.b1adfc4204c602e5;2022-04-12;2022-05-11
572;outfit.e17a0df1f70743e590827d7df93bb7f4;2022-05-12;2022-06-11
572;outfit.b3aca8927927e99d;2022-05-12;2022-06-11
3267;outfit.ea4cdef4b083408eb9410d077f9c929b;2023-09-27;2023-10-26
3227;outfit.d8909288c79b4df6b6547aa381d360f1;2021-11-23;2022-01-24
3227;outfit.374273ffb79943b7be144ceb14529592;2022-01-26;2022-02-16
4020;outfit.fa737f8bee584d309426410002edac0e;2021-09-02;2021-10-04
4979;outfit.b619b14568c94d46ac314ae0983703bd;2021-11-01;2022-01-03
3116;outfit.69000b1e14de4f0fa3ab832be40c6f04;2022-09-10;2022-10-09
6907;outfit.57d3d071648f425f900f33b203e013c8;2023-08-06;2023-09-05
6163;outfit.8d7319b7cde9526b;2022-11-01;2022-11-30
4193;outfit.1c195032518b4aba942f6b4fb6ae4690;2023-11-09;2024-01-08
1412;outfit.535d7a56f1a44289b93c6bd46f656d8f;2021-06-07;2021-07-07
6858;outfit.f4608a1f01534d818dd6424ed99428cd;2023-07-15;2023-08-14
6818;outfit.0ff0d877678e4755b088d1c5d09bee11;2020-09-25;2020-10-30
3041;outfit.148857ae81d84843ae1671986a4e145e;2021-11-15;2021-12-15
4834;outfit.b58b4d9011806e34;2021-09-30;2021-10-29
2022;outfit.24d73455126347c3b71e4b1ebb1ed3fe;2022-12-07;2023-01-06
1626;outfit.c258add24a7a4550b115b749ea07524e;2024-04-16;2024-05-15
7150;outfit.a34cdcaefffe44c89674b55f96a03950;2021-09-15;2021-10-15
5531;outfit.9617c0965077556e;2024-01-07;2024-02-06
4834;outfit.769849cd28044a7188d9fce349c06156;2022-11-25;2022-12-24
5224;outfit.682446def1c34a79890b62c1397c7afb;2021-06-29;2021-07-29
5224;outfit.a7b55780d1764599a3ee339fff38d002;2021-06-28;2021-07-28
1998;outfit.29c39d6085f345dfbccc23a2f8e274a6;2023-07-18;2023-08-17
1998;outfit.c663f1c85a344f039eacb889398b6b91;2023-06-18;2023-07-17
3103;outfit.4b5c2be520b045e490ca17fcb9d87b90;2021-04-02;2021-05-03
3896;outfit.80820b9138cd4205885caaa0a65dd6a4;2023-09-01;2023-09-30
1248;outfit.8f892d2a86a7024f;2021-03-10;2021-04-08
713;outfit.e14ebf07096246dbb7bf4e241b4c5b32;2022-08-06;2022-09-05
2040;outfit.9c0b47f4d629c3f3;2021-02-11;2021-03-11
2040;outfit.f1a25e8f1def4f2fa805aefcbb91bb62;2021-02-11;2021-03-11
1840;outfit.bc5aa99812bd420fae43972060ba092e;2022-04-30;2022-05-29
1840;outfit.806a7fef96ec97e0;2022-05-30;2022-06-29
948;outfit.8b2bcd93f2f8004f;2022-01-07;2022-02-07
948;outfit.8f18f5ec1142ff1f;2022-01-07;2022-02-07
3094;outfit.a9f2bcb6885fe60a;2022-06-14;2022-07-13
3094;outfit.e5503fe6f5f243fc90c526bcdb75c942;2022-06-14;2022-07-13
1008;outfit.53bf6ed2516f473a87497e8170d4c8e1;2023-12-31;2024-01-30
3103;outfit.155567585a3c417fa6043924c2867d0e;2020-11-02;2020-12-02
3103;outfit.bf0bc59908734a2a9c7a47a1442bf744;2020-11-02;2020-12-02
6118;outfit.31edccd419de4fc5ae6aeb7eed4327ab;2019-11-21;2019-12-02
6118;outfit.34bd3ce2dd644974b9e945a8d91d8bca;2019-11-21;2019-11-25
6118;outfit.e8f877d97bec44b49a40abd355d69d51;2019-11-21;2019-11-25
6118;outfit.5862a9386cbc4ff29e9892f49274c243;2019-11-25;2019-12-02
6118;outfit.b45f71cef3bf96b3;2019-11-28;2019-12-02
6591;outfit.fabaa18896e64e6ba835286d7f1d44e3;2024-02-09;2024-03-08
825;outfit.dbfe1373a2f840979196fe10b912e0c5;2023-12-22;2024-01-21
2687;outfit.edf01c8ca8f64059a8afaf72b4ba5eb3;2021-11-08;2021-12-01
2687;outfit.e796e7141e9246b5a7a9cd70ed30fdeb;2021-11-08;2021-12-01
5661;outfit.0e1bd47c2f09419d84217b3a6b5e265f;2023-01-08;2023-02-07
1684;outfit.8ed02140f93ffa8c;2022-06-20;2022-08-19
2273;outfit.24204aa044c44df084bf383e731cc535;2021-12-17;2022-01-17
2273;outfit.7cff339e7950448c8485a2b44205adc0;2021-12-17;2022-01-17
2273;outfit.b4e582b38a10f6bf;2021-11-19;2021-12-17
4725;outfit.207232e414dd46e5b7352becfd9e53e5;2023-05-28;2023-06-27
1412;outfit.75f72fc891604734a37a5ab96b006367;2021-04-07;2021-05-07
5730;outfit.3ef1542d099048efa539e8c67a385732;2022-08-11;2022-09-10
1684;outfit.cf321774b9de4035802e1829303fd3da;2024-03-20;2024-04-19
5144;outfit.0bb30c1818f44d50b81b7ddf2663b839;2023-12-10;2024-01-09
6036;outfit.b1a8ed1f5b6d4a2f86fb528cc029006e;2022-05-25;2022-06-24
6303;outfit.1642071c303e44a19ce63dfbbf8384bd;2023-03-01;2023-03-31
4634;outfit.359ce2bd2e40491686ce3ebc4a13ead6;2022-10-14;2022-11-13
2102;outfit.34afd8b7f33d434c8e0ac2849eab231d;2023-04-18;2023-05-17
1942;outfit.0e35a8a758734c2b98adfc8630b4e029;2020-09-10;2020-10-09
1942;outfit.ddb15f8dac0c4e03a7c88805a98cfcc8;2020-09-10;2020-10-09
1942;outfit.2392f0645935482bb171c7fd35384587;2020-08-21;2020-09-10
1942;outfit.c8855506fa9d47308b87aa0fe5efe3ca;2020-08-21;2020-09-10
1942;outfit.b813cd40d27344839e74b8b40ead859b;2020-08-21;2020-09-10
1942;outfit.1d7da339dc6b48e68c801f5862573aad;2020-08-21;2020-09-10
1942;outfit.7a9ac6aae6de40d4b1a260d95de95988;2020-09-10;2020-10-09
1942;outfit.abd7e59260904f73ba0937d81996a9f2;2020-09-16;2020-10-09
4464;outfit.a388427605b34a2ab0e19304e54facc6;2022-05-19;2022-06-18
4464;outfit.4a42bebcc6534e8697fd6f7656839c29;2022-05-19;2022-06-18
2649;outfit.b5812826d5eb41f39aa282e64b91ebb6;2024-01-02;2024-02-01
2649;outfit.363a3d3fbf64484293b96404b1bdd504;2024-05-02;2024-06-01
2649;outfit.aa76777d3b9d4073a342e2093e4ea1e2;2024-05-02;2024-06-01
3291;outfit.60dced53fd414aec99d569404f19c4ee;2022-09-28;2022-10-27
6310;outfit.d04fbe1240ef405c867fb813b5aa8779;2021-12-06;2022-01-06
7118;outfit.164ec220792945e99be76a1f7291a9b8;2023-11-14;2023-12-13
6781;outfit.353d5f65327e4dc7a10203844a59c560;2022-06-19;2022-07-18
2649;outfit.0197563e06d44a0086f2cbe146a7ff7b;2023-11-02;2023-12-01
2649;outfit.94fee721c94da3bd;2024-01-02;2024-02-01
2649;outfit.b701b51a404a44418a375258167ad442;2023-12-02;2024-01-01
2649;outfit.ef5fdc0209e74d39a8a24fcd05cbdce6;2023-10-02;2023-11-01
2649;outfit.b45f71cef3bf96b3;2024-01-02;2024-02-01
2649;outfit.2bb91a54c63d4f72a11a6ad7a00b35cf;2024-01-02;2024-02-01
5760;outfit.9e28084ee8e94a1d8afe4abe643fa8d5;2023-01-05;2023-02-04
3291;outfit.a38b3b3e20364b78bfcf0bb1eadcc0e5;2023-03-28;2023-04-27
1980;outfit.890012ec91261ee6;2021-09-10;2021-10-08
675;outfit.24f7bb6f025640bb9f3d5df253dbefb5;2023-04-02;2023-05-01
3094;outfit.90a6743a8ffb95ab;2020-07-27;2020-08-21
4834;outfit.1bd222290ef949289385cfdc1a02c20d;2021-11-29;2021-12-29
1749;outfit.c663f1c85a344f039eacb889398b6b91;2024-03-10;2024-04-09
6936;outfit.0106cbd7e23f41da92e3081146b4ad03;2022-04-26;2022-05-25
7411;outfit.01601322d21a422fbc2db49c7866e264;2021-11-15;2021-12-15
3521;outfit.ae538ccb6bf14a858b0f66458e592872;2023-08-05;2023-09-04
454;outfit.fc14b8a036fa4ac196b9160b9b1fe0d2;2021-12-01;2021-12-31
3041;outfit.206df08f735c415bbcaca8d70e762971;2022-07-06;2022-08-05
1585;outfit.447e5486379147879a59e168c261d9e2;2022-11-25;2022-12-24
6592;outfit.756079160a3e402d87df01062ec3b941;2023-07-02;2023-09-01
2465;outfit.abce86c0d08341ed96a999cb4425d840;2024-01-19;2024-02-18
4218;outfit.4dd6b2524e5b4379baa90d5f3f80280a;2021-03-15;2021-04-15
4218;outfit.02323792c3fc471186d9e7c2debd393b;2021-03-15;2021-04-15
4507;outfit.85a2fe3ce0c532c8;2022-06-06;2022-07-05
4638;outfit.50db4782a8974ff281b43ea28f455d88;2023-09-12;2023-10-11
3359;outfit.292fc161ab8a48d59af997f56cce1cb4;2023-12-06;2024-01-05
6818;outfit.7af577a567bc490485605eab05781961;2020-08-04;2020-10-01
6818;outfit.305bde2827b34ff192d1271ddb0e50bb;2020-08-04;2020-09-01
6818;outfit.b70defa54d04468fa8318bbece5d3933;2020-08-04;2020-10-01
7198;outfit.a3d25f31c9758d32;2022-07-24;2022-08-23
1138;outfit.adf3063b0cdf501d;2023-10-17;2023-11-16
4731;outfit.98d6cf4fef49ec24;2022-08-10;2022-09-09
4774;outfit.47ffcece5f244f9a9cf888f7f6d16e29;2022-02-14;2022-03-14
4774;outfit.56cc017ee10f4e77a002829e408687ba;2022-02-14;2022-03-14
4774;outfit.bccadadafedf47d8b394517cf1668424;2022-02-14;2022-03-14
2833;outfit.70b441e6ee444f86a12921f85e5c2002;2021-11-08;2021-12-08
2833;outfit.c08f7356b17643258f50b4cc3eb25fa6;2021-10-08;2021-11-08
2833;outfit.badb81ea53ce4b62b54387b26501b6c9;2021-10-08;2021-11-08
2833;outfit.944efade730744e38b3b678dae890f98;2021-10-08;2021-11-08
4486;outfit.677e278365724e15b4d109ecefe6483a;2022-01-03;2022-02-03
3896;outfit.99cc91aeda7eb778;2023-04-01;2023-04-30
3896;outfit.978ae36482bb4c1bb32f8a6524cfdb76;2023-06-01;2023-06-30
4674;outfit.4c41406859e04bc7b29036c62ea1b7df;2022-09-26;2022-10-25
1840;outfit.a32232b1ae5445e39801fd606d444610;2022-04-30;2022-05-29
6284;outfit.139187a6eb1540b6b2b8aef96bd12601;2022-02-17;2022-03-16
6284;outfit.adf3063b0cdf501d;2022-02-17;2022-03-16
6907;outfit.8d182cff0398384c;2020-11-30;2021-01-06
6907;outfit.4158a6fc47074d23b6591ae8583673a8;2020-11-30;2021-01-06
6907;outfit.4bd8e39e3d5442c4b76dcd9797725b38;2020-10-30;2020-11-30
6907;outfit.b80a7f8948aefe75;2020-10-30;2021-02-01
5490;outfit.338c7b24bb1140d7aa47279c9490cfe7;2022-02-28;2022-03-29
5490;outfit.8594e5715536955a;2022-02-28;2022-03-29
5490;outfit.81b7059db24a1c94;2022-02-28;2022-03-29
1881;outfit.50968c211b5941648f6519e289b84da7;2023-08-26;2023-09-25
1388;outfit.391478ac84d249b49a87a9d829590887;2023-05-30;2023-06-29
1388;outfit.524627d9e5544cb8ab8c738c64a440c4;2023-05-30;2023-06-29
6907;outfit.84cfd784c9dd4ad6;2021-12-01;2022-01-03
6734;outfit.be1cd8f914742de6;2022-03-07;2022-04-04
4463;outfit.0af9759a37b84904b1335e0847fcbb60;2022-07-06;2022-08-05
4463;outfit.cdca688f6a2b48c598ce6c5459088301;2022-06-06;2022-08-05
490;outfit.7b28d52de2cb4e4f8b00b14dd8512644;2022-08-12;2022-09-11
490;outfit.f28182fcffa64738813bde8ce70db7cb;2022-06-12;2022-07-11
490;outfit.b36a2b4ce3d90e1b;2022-08-12;2022-09-11
490;outfit.30a3ca6bb1c44394be44eff0548ed968;2022-07-12;2022-08-11
490;outfit.b2cb4b87e0f8fce5;2022-06-12;2022-08-11
4193;outfit.b1ddecd27b94476d833c0ea2c2bb6d3a;2023-06-09;2023-07-08
1354;outfit.181629c720b548f4a77a22851f1fbbce;2023-08-06;2023-09-05
5695;outfit.95a9732c69cb1e4c;2020-12-21;2021-01-22
2649;outfit.96d41e4ecb154101be678d4302a266ba;2024-03-02;2024-04-01
7244;outfit.e4bb08fb4a5f4f11843632fa2a227421;2021-12-13;2022-01-14
1700;outfit.0a5a3a2e1ff34f1792e1f2dad95cbc2b;2023-12-21;2024-01-20
7342;outfit.78778f72774d4269abd8410a9511fdf6;2024-01-22;2024-02-21
1770;outfit.bd2ab280ed364f26;2022-07-17;2022-08-16
356;outfit.b355a35d4bbe46fd8665c041839d6235;2021-07-21;2021-08-20
1201;outfit.0fdacd78ea72476d9688afaa61fc5c42;2021-07-14;2021-08-16
1201;outfit.bb35c791b2bfa191;2021-07-14;2021-08-16
6303;outfit.43d5741ca13a453bb378172945b47fc8;2022-10-01;2022-10-31
1819;outfit.5dbcbf03f1ec4ad280e3b90b688f0dc3;2022-10-19;2022-11-18
1819;outfit.061edd6d908049c5856935a0372ddc64;2022-10-19;2022-11-18
6526;outfit.7ae84d76f8634068b358e5f723942fa0;2022-10-09;2022-11-08
6936;outfit.05ee1828c13a47c29f06de6d993fbafe;2023-03-26;2023-04-25
2617;outfit.56dec64c8c834afaace780273bbde124;2020-12-21;2021-01-21
3432;outfit.a5c28a753eb74c56b002bad5da62309e;2022-03-07;2022-04-06
3432;outfit.1b1e586b3bb2432f91b4a2e15dc719e1;2022-03-07;2022-04-06
114;outfit.1a05c2e6ba8c4de28923f683bef9c1ae;2022-08-26;2022-09-25
114;outfit.93d7a4479c7f446b80995278ada5874b;2022-12-26;2023-01-25
3459;outfit.b7e42c6a4cc546d3936a1fc797a1b4ef;2020-09-01;2020-10-01
3459;outfit.d720fa6c17bf4c688054cbda17336d6c;2020-09-01;2020-10-01
3459;outfit.6753fee0b6894243869c63032302de22;2020-09-01;2020-10-01
4674;outfit.7eb16fe1e199414bbb7f88d71fe7cb56;2021-07-06;2021-08-06
1138;outfit.f376dd31f0194adead88365684ce1e14;2022-12-17;2023-01-16
1138;outfit.cd58f268e9e54fc08e5656e6f095975e;2022-12-17;2023-01-16
1516;outfit.16f24c4eb69a48f1a34117fc6c0a691f;2021-07-15;2021-08-13
1516;outfit.b9e21535cf624b6eac04d3a9708f213b;2021-07-15;2021-08-13
1516;outfit.106726e45449496989051f9f0ff73af0;2021-07-15;2021-08-13
1516;outfit.9827e0aa5b554cd4a6c02abfd990d3fd;2021-07-15;2021-08-13
6026;outfit.337cc518c38b4bc18d879987d91b073c;2021-05-14;2021-06-14
6026;outfit.ebfe6bcdfcb7442686f24eecaba39c1c;2021-05-14;2021-06-14
4640;outfit.33775c3acbcf408aadc5a2436d0750ec;2021-03-30;2021-05-07
4640;outfit.e796e7141e9246b5a7a9cd70ed30fdeb;2021-03-30;2021-05-07
2040;outfit.94f96de6e74f4a51b85f15018f9ad0fa;2020-09-07;2020-10-05
2040;outfit.706635d443e040d2a4ae9e6862a95961;2020-09-07;2020-10-05
2040;outfit.aa10e3ab93793dc9;2020-09-07;2020-10-05
2040;outfit.c0dd5faf2a294aa09fd7a39dc7a313bd;2020-09-07;2020-10-05
2040;outfit.7bf81ddabaf04521afae88cc4b70ef8f;2020-09-07;2020-10-05
3510;outfit.84b3db8e945423dc;2023-04-28;2023-05-27
1237;outfit.24e1bde79f694d5aa980e0c889fa29c4;2021-10-19;2021-11-19
4998;outfit.955f2239f0b38561;2022-03-20;2022-04-19
746;outfit.82c79105bea94ffc800e561a5c9512c0;2019-10-14;2019-10-21
746;outfit.676f2b8ab3894ff293c0fbd62398bc05;2019-10-21;2019-10-28
746;outfit.84a8c067a942482a8a358cfae822a3b1;2019-10-21;2019-11-01
6907;outfit.b80a7f8948aefe75;2023-10-06;2024-01-05
4853;outfit.594f2f8f9a604c168f60b00506f0cfb6;2021-09-01;2021-09-30
7041;outfit.b1a8ed1f5b6d4a2f86fb528cc029006e;2021-10-22;2021-11-22
2500;outfit.aa10e3ab93793dc9;2023-06-22;2023-07-21
6372;outfit.2ead65a1ecf54c38a27bebc2bf47b9b1;2020-08-31;2020-10-05
6372;outfit.00fa8d1fd5804fe78ac284c2e0c28b4e;2020-12-07;2021-01-08
6372;outfit.b25f7c6a65a2459c8819de57f27a2684;2020-08-31;2020-10-05
6372;outfit.9d09514916e0a13c;2020-12-07;2021-01-07
6372;outfit.8ad1c89174094a26bd4cbcfdcad4aecc;2020-11-06;2020-12-07
6372;outfit.e4bb08fb4a5f4f11843632fa2a227421;2020-08-31;2020-10-05
6372;outfit.c93e99cc15dc4420994f40954bf9d8a8;2020-11-06;2020-12-07
6372;outfit.67c7e051a163432eadc34be683ea3d44;2020-10-12;2020-11-05
6372;outfit.767c953e45b8447eb7ff8d44dd5b65e1;2020-10-05;2020-11-06
6885;outfit.ba4ea8e459d0dfcb;2020-09-14;2020-10-14
6885;outfit.33af134887eb422baed2c7207f9cd5bc;2020-09-14;2020-10-14
6885;outfit.d0c649c31ecc49a18d0cf19d7270073c;2020-09-14;2020-10-14
4463;outfit.b5db150f4740b356;2022-05-06;2022-06-05
150;outfit.fa20f4d239044e7a922e27c5b5fd9f4f;2022-04-29;2022-05-28
150;outfit.a5d5bfee852848c18596d844a3a9025e;2022-04-29;2022-05-28
150;outfit.9bd9226c247f4ee8a64be90ee310fd8b;2022-04-29;2022-05-28
5695;outfit.97ec221c84bcfbe3;2020-08-24;2020-10-01
5695;outfit.804540f3384690cf;2020-12-01;2021-01-04
5695;outfit.b8cb9d24af1f4c8f8845df6be4020db8;2020-11-02;2020-12-01
2085;outfit.17753fa2c9914d659fe5432c2a06f1fa;2022-07-25;2022-08-24
3291;outfit.8ba3b5b410c6466180b8bbecba6c7013;2021-05-26;2021-06-25
3291;outfit.3b756132543a45d4a94b9bebb0aaebfb;2021-05-26;2021-06-25
4404;outfit.d4a659e844e64b399669fe54284c3595;2022-09-14;2022-10-13
6583;outfit.527e5a69558c404f81d9d3c68272f67b;2022-04-23;2022-05-22
1735;outfit.1a83d9dec3424057a89f0342ea5b7be2;2021-08-30;2021-09-28
6977;outfit.22ff5d532d24420891c0292df8da84dd;2022-11-15;2022-12-14
6977;outfit.aa160ca041de17bb;2022-11-15;2022-12-14
5224;outfit.b1adfc4204c602e5;2023-03-01;2023-03-31
1840;outfit.e989b8cb4a814d97b642e1cb326f47e6;2022-10-30;2022-11-29
3740;outfit.4b4220f875c140e1b2e455317cf84184;2020-10-01;2020-10-30
3740;outfit.7d5e7df1d7e44528bca8d9859759042d;2020-10-01;2020-10-30
3740;outfit.bcfda2c04c124f0084c43aa7169c640c;2020-10-01;2020-10-30
272;outfit.0fdacd78ea72476d9688afaa61fc5c42;2023-07-15;2023-08-14
4674;outfit.3dac69d72aed4d1ca4fc6bcff6b7cd4f;2023-07-26;2023-08-25
1374;outfit.b9e21535cf624b6eac04d3a9708f213b;2021-09-09;2021-10-11
1374;outfit.b5f45ee9fdaaa13e;2021-09-09;2021-10-11
1374;outfit.b3d31d76ede3d815;2021-09-09;2021-10-11
1374;outfit.250a41fd89bf4548bb8c5db06f1cfbf1;2021-09-09;2021-10-11
1374;outfit.c52099f0269e4b6ebd66b79d3cca1d01;2021-09-09;2021-10-11
6075;outfit.7d48fb77be2340e3be0de8ab4f9a97a3;2023-03-14;2023-04-13
6284;outfit.84f782be1a41490f9223e753c8f180f3;2020-08-18;2020-09-18
6284;outfit.88a780cac1d40972;2020-08-18;2020-09-18
6526;outfit.b45f71cef3bf96b3;2023-03-09;2023-04-08
6319;outfit.207232e414dd46e5b7352becfd9e53e5;2022-09-05;2022-10-04
3458;outfit.67251d32508649cf8e2cb7d79817796e;2021-11-22;2021-12-01
4810;outfit.1cda37cc756345aeb22ccfc54fef10a4;2023-07-27;2023-08-26
576;outfit.81c2ee9d12b442ecbad61d22061364f3;2022-06-27;2022-07-26
3459;outfit.9d23dc455c9c4837a3fe26931f944833;2020-09-07;2020-10-01
3459;outfit.c52099f0269e4b6ebd66b79d3cca1d01;2020-09-07;2020-10-01
3459;outfit.b4e582b38a10f6bf;2020-12-01;2021-01-06
3459;outfit.2fac9258e5a64ac9a7658f54bd2056a8;2020-11-02;2020-12-01
3459;outfit.5241f5b777a147bbb786de5bd171be85;2020-10-01;2020-11-02
3459;outfit.d21f3628771b4dcebc478c94a456d999;2020-09-07;2020-10-01
4853;outfit.b2e035a8cce61dcb;2021-08-06;2021-09-06
5169;outfit.3b49ff8bbdf2444a83abcdc0fbb45f01;2023-01-30;2023-02-27
2775;outfit.625293137dad4142a7558c88b74e3644;2022-06-26;2022-07-25
3669;outfit.3bf44cf3a9d8493eb057521c2f3e88e2;2024-01-24;2024-02-23
5236;outfit.9f58acfe6b554e4ca880e378aa7e8e56;2022-01-11;2022-02-01
3642;outfit.4f88de908942498980138fc606c745fb;2020-10-01;2020-11-02
3642;outfit.aa160ca041de17bb;2020-10-01;2020-11-02
3642;outfit.f66d734ea0fa4854b73f96714fd19ecf;2020-10-01;2020-11-02
3642;outfit.f1e688d410884ee0940d861fb2f620ac;2020-10-01;2020-11-02
3642;outfit.5dbcbf03f1ec4ad280e3b90b688f0dc3;2020-10-01;2020-11-02
7100;outfit.1f0ae1de64a54ab8ade3151460b27eb6;2022-06-17;2022-07-16
7100;outfit.eb104cb68a534166899c4cce84b0fa55;2022-06-17;2022-08-16
5151;outfit.838cfe096d280c52;2020-12-02;2021-01-06
5151;outfit.e5f6db0c4d7f4e4cb4d754f1d8ff21f7;2020-12-02;2021-01-06
5151;outfit.43226226462b46ef9545ea320348ff21;2020-12-02;2021-01-06
6371;outfit.84258d84646b3955;2020-12-16;2021-01-15
5208;outfit.bb0b2a2f58aa9f0b;2021-12-10;2022-01-03
1626;outfit.93d7a4479c7f446b80995278ada5874b;2022-02-01;2022-02-28
3291;outfit.55aa098dd93644fe961d0137a79adbea;2023-06-28;2023-07-27
3123;outfit.9e90ada207a84d58941638aa284a4827;2023-09-18;2023-10-17
7244;outfit.f1ed4ff2e21a436997e35b1c918c304b;2020-08-10;2020-09-07
7244;outfit.439ff276a34d4993ad9cf68d06c67d96;2020-08-10;2020-09-07
7244;outfit.d4d71ae7c0194db7b38fa774db0981f4;2020-08-10;2020-09-07
3291;outfit.f86e075166ee4aee95fbdde5444221fc;2022-06-28;2022-07-27
3521;outfit.64524dbb801942fb9b9b0b5853183177;2022-10-05;2022-11-04
6212;outfit.dc0ccd196e79413d9c7216f3970942ec;2022-01-18;2022-02-18
3432;outfit.944ba4bd2e6441f39a9e45ef42121224;2022-12-29;2023-01-28
3432;outfit.98c77b103c834bec95a332ea8b683db1;2022-08-29;2022-09-28
6526;outfit.89954cb83fe420c2;2023-08-09;2023-09-08
572;outfit.2fe31ac153bc422c945294c342de95a2;2024-01-12;2024-02-11
572;outfit.98aa99e47dee4f019d8b2620a9745f98;2024-04-12;2024-05-11
1735;outfit.ef9f4ad754194793ab95e6c30f5606ae;2022-09-17;2022-10-16
5169;outfit.a1efdc0d88774773957da6e703852211;2023-03-28;2023-04-27
2762;outfit.2901f306ff3a4e7e8288cc48ec400f5f;2021-04-19;2021-05-18
6319;outfit.d7f1bc7197b6469db1b9c4faf4071cb7;2023-08-05;2023-09-04
1816;outfit.3f65ab1185ed4b06a4feab44d8fdc748;2021-10-27;2021-11-26
5490;outfit.36654cc2920c42b7a8c294cf349544fe;2022-11-30;2022-12-29
4746;outfit.767ecbf6b9bb4969ad78de1a78dbf039;2022-12-06;2023-01-05
3432;outfit.98c77b103c834bec95a332ea8b683db1;2022-07-29;2022-08-28
2995;outfit.84f134b06fbed5a0;2022-01-05;2022-02-04
1792;outfit.944185e8eec8066a;2021-08-31;2021-09-30
1792;outfit.97ec221c84bcfbe3;2021-08-31;2021-09-30
1792;outfit.2aad4629b66d435c8da4594d7a3f7eec;2021-05-28;2021-08-30
1792;outfit.dea118f1de544188ad16cda6259ba122;2021-05-28;2021-08-30
446;outfit.9aadfc9a1d195c33;2019-10-08;2019-10-25
446;outfit.7cc6bd8e645a41d2837976a0d09e3ca9;2019-10-08;2019-10-25
4570;outfit.67c7e051a163432eadc34be683ea3d44;2022-03-28;2022-04-27
5342;outfit.4222d99ee6974151a01942b79f1054f7;2022-06-01;2022-07-31
5694;outfit.cac751eeb8fe4846a26b1fc647bc5ef2;2021-01-06;2021-02-19
5694;outfit.9b0a47dc97c7ecc8;2020-09-24;2020-10-30
5694;outfit.4c96620b5f444f05adcd28bcfd3861d5;2020-09-24;2020-10-30
5694;outfit.d4220f5dd22c4d409d8121e26b11dc99;2020-11-04;2020-12-04
5694;outfit.f23993293d944d1b9bf173ca5be1a409;2020-09-24;2020-10-30
5694;outfit.fabaa18896e64e6ba835286d7f1d44e3;2021-01-06;2021-02-04
7244;outfit.f23993293d944d1b9bf173ca5be1a409;2023-08-26;2023-09-25
215;outfit.7ae84d76f8634068b358e5f723942fa0;2021-09-01;2021-09-30
215;outfit.eb2d7f4e04d648ab98ccc7a46934c459;2021-09-01;2021-09-30
3094;outfit.9d5c2d8415063b7e;2021-06-16;2021-07-07
3094;outfit.a9f2bcb6885fe60a;2021-06-16;2021-07-07
3094;outfit.89954cb83fe420c2;2021-06-16;2021-07-07
2276;outfit.935ea85c252f9586;2021-06-07;2021-07-07
446;outfit.3895e85d340f4339b7fef2e143e5e390;2020-06-17;2020-07-17
446;outfit.dfcd2c8c388a4466bb0d687b08a74d6e;2020-06-17;2020-07-17
446;outfit.8fbf386b8fef8664;2020-06-17;2020-07-17
1193;outfit.1af9826548074bb894ddfd86db27c9d9;2021-11-22;2021-12-22
1193;outfit.6fd4e1ca2f474faa9366763ac28adb3c;2021-11-22;2021-12-22
5694;outfit.cdca688f6a2b48c598ce6c5459088301;2020-06-05;2020-07-03
5694;outfit.1072872925cb416299b831528deb0b33;2020-06-05;2020-07-03
5694;outfit.5dc101d7bfbe4f49858db5913a5a7203;2020-06-05;2020-07-03
7376;outfit.0777834f7f1a4762a8c1ba09f2f4881d;2021-07-19;2021-08-20
3669;outfit.1b729a38bf964452b2683cb84a9e14c1;2022-05-24;2022-06-23
3669;outfit.9abd359ee8d44269ab15d6cbfcd8eb81;2023-01-24;2023-02-23
2170;outfit.b21aec5d36074eb790d69c5c40b7d77c;2021-10-21;2021-11-19
2170;outfit.a2626764264ace79;2021-09-21;2021-10-21
2170;outfit.897c161625314c1a993188bc0a5ca063;2021-12-21;2022-01-21
2170;outfit.dc762a7b6d30497b983f8127846123b0;2021-12-21;2022-01-21
2170;outfit.ede0d0fd9315467c868825bcb20d2fe6;2021-12-21;2022-01-21
2170;outfit.5f5573ff732d4b67824d71ebb7329db8;2021-10-21;2021-11-19
150;outfit.6626fef47af741b4b78767f044751453;2022-05-29;2022-06-28
3432;outfit.3cfe6cce6fc744489c7bf129187ea836;2022-05-29;2022-06-28
1248;outfit.bf74b8813bc14a0a9ef9ad2f2234ff20;2023-02-12;2023-03-11
1248;outfit.c5fa2da94b8a48ce893b4a3722f02cba;2023-02-12;2023-03-11
6295;outfit.14727804dc6945f9baabcd76ad96a744;2022-08-18;2022-09-17
1881;outfit.155567585a3c417fa6043924c2867d0e;2023-07-26;2023-08-25
313;outfit.a1bd30435ab14461af069cf262f1e1eb;2023-01-07;2023-02-06
2121;outfit.b0d5835cfb6f4f918690a79fd842e7a6;2023-05-15;2023-06-14
4656;outfit.9abd359ee8d44269ab15d6cbfcd8eb81;2023-12-04;2024-01-03
6046;outfit.29e6b2a21c5946d3a22772aa398a8361;2020-11-16;2020-12-04
6046;outfit.380abb0818d3434bab724eeef1f4de2a;2020-10-19;2020-11-06
6046;outfit.9e8dd974e09f44ef886fce0d3557d652;2020-10-19;2020-11-06
3094;outfit.2ea36f84cb12427686eed685f97f2a8f;2023-03-26;2023-04-25
3094;outfit.a4699b3b33b4d99c;2023-03-26;2023-04-25
212;outfit.0aab21277b674f7fbb146ca7e853eef6;2023-02-16;2023-03-15
3572;outfit.d8909288c79b4df6b6547aa381d360f1;2020-11-11;2020-12-04
3572;outfit.31edccd419de4fc5ae6aeb7eed4327ab;2020-11-11;2020-12-04
3572;outfit.fb060da6c30143fd9735e8fd364910e0;2020-11-11;2020-12-04
230;outfit.dce1b27e6e5944c08b7253d1ebae5a60;2022-06-10;2022-07-09
1585;outfit.82d7dcf690da4fc09bcf658816bccd3c;2022-03-25;2022-04-24
1585;outfit.fd816aa2311d45c78fd0ab2d663a177a;2022-06-25;2022-08-24
6663;outfit.2ea36f84cb12427686eed685f97f2a8f;2023-02-01;2023-02-28
3510;outfit.925c69db26f6bbae;2023-02-28;2023-03-27
3510;outfit.a8083cd1fd8b4da982f6f8b6364d96a6;2023-01-28;2023-02-27
3510;outfit.a0361d1da07f4cf4929c58bd45782fae;2023-02-28;2023-03-27
2870;outfit.feaa16af0f6b4a96b65f8a29ace77979;2023-04-26;2023-05-25
4608;outfit.53cd37dc1d6345ce89fa68e62e936c58;2022-06-14;2022-07-13
414;outfit.1b068bef871542b69522f45a4bb412db;2024-02-23;2024-03-22
4175;outfit.cb29aca3f7be4551b07a9d1b02957e02;2021-11-12;2021-12-13
69;outfit.acfea696146d1fca;2022-05-22;2022-06-21
3956;outfit.26a9eb230d0b4820a0fcc230f0fe8cf2;2022-08-05;2022-09-04
3956;outfit.f687126a10584fb5bb3ddcb1fc9ffae9;2022-08-05;2022-09-04
2949;outfit.9b440739a4ab0623;2021-09-02;2021-10-15
6013;outfit.76443d6db496494dbb26ac275ecbdb3b;2022-02-15;2022-03-10
3846;outfit.992bf5adcd39d953;2021-06-03;2021-07-05
3846;outfit.b6e876bed3cff76c;2021-06-03;2021-07-05
3846;outfit.9cd6c1a82e884a77b55b6113de55fea7;2021-05-03;2021-06-03
1706;outfit.86b2fd508097409d;2022-06-18;2022-07-17
5398;outfit.0d0727d0c03f453495eaa85dc17d382d;2021-04-16;2021-05-07
3308;outfit.c71e9a58962a404b9d6c8df867b4b392;2021-08-27;2021-09-24
3308;outfit.2a4decf449b64584804dad1d704f4ef1;2021-08-27;2021-09-24
6786;outfit.1c434db5b4cc42b8a656625c4d93fba4;2022-12-05;2023-01-04
6786;outfit.1b0e05e23cc047439c31fc35d0c34b55;2022-12-05;2023-01-04
4823;outfit.648dfae980884d3ab831ced525815111;2024-04-26;2024-05-25
5695;outfit.04bac9c52e4f40ba95d8a044093fcbe6;2021-05-05;2021-06-04
5695;outfit.bb1024860d8f559e;2021-08-05;2021-09-08
5695;outfit.ea4cdef4b083408eb9410d077f9c929b;2021-05-05;2021-06-04
3267;outfit.9effdad18841495bbd9239449480334c;2022-03-18;2022-04-20
576;outfit.486c4a01acce4c8c84a6faa49dd33332;2022-06-27;2022-07-26
576;outfit.1e4e6b9f7f984a5f81d68773e0165c44;2022-06-27;2022-07-26
576;outfit.fa64859a68bd4aaeb18d40c34b32c2e7;2022-06-27;2022-07-26
576;outfit.0a2ba9ba978f485d918a5fc89a032ddb;2022-06-27;2022-07-26
7411;outfit.a8cd42d443d608cc;2020-10-30;2020-11-30
7411;outfit.66208dc33bb64be483ecda5b9a4f66fa;2020-10-30;2020-11-30
7411;outfit.ed5a5a066ca647b6a9aaeb1ec8e7ee87;2021-03-01;2021-03-24
7411;outfit.6a8a9e4b00374d0e953550820b496573;2020-10-30;2020-11-30
2492;outfit.c0fa278a2de845a8b72cc0f20ce18227;2024-01-23;2024-02-22
2273;outfit.951c39634b6a4626;2022-07-18;2022-08-17
4960;outfit.5241f5b777a147bbb786de5bd171be85;2023-09-09;2023-10-08
3924;outfit.d26a681dbdd54f448ef373de80e065d6;2023-05-28;2023-06-27
6304;outfit.767ecbf6b9bb4969ad78de1a78dbf039;2023-09-25;2023-10-24
5879;outfit.3f65ab1185ed4b06a4feab44d8fdc748;2021-08-23;2021-09-17
5879;outfit.a0d1107baf5919d5;2021-08-23;2021-09-17
2056;outfit.74d1bc8ef8b3401a98e92e3f1826c0e3;2022-03-06;2022-04-05
3041;outfit.8fc193be35a546b987480b6cb5323beb;2022-02-04;2022-03-04
6583;outfit.fea3bb7d8ff54872ad84977465e29da4;2022-02-23;2022-04-22
6310;outfit.8cbb77c85f07443e9c2e6687e4131a45;2022-06-07;2022-07-06
606;outfit.a647aca5ce17d71e;2021-09-27;2021-10-27
606;outfit.a0a96262277c45ff82220ffe62a04f65;2021-09-27;2021-10-27
2329;outfit.8f34384795bfc03e;2023-02-22;2023-03-21
2329;outfit.a710f88458e381e1;2023-02-22;2023-03-21
675;outfit.145c644d683b4ccfa07d073d8c4efa6a;2023-12-02;2024-01-01
3320;outfit.514093f168604338b66059bf9e4e900c;2023-02-09;2023-03-08
7409;outfit.efeca2ca71b54ba49ec487475dfae85c;2022-05-04;2022-06-03
6858;outfit.8831dbbc9ac4aecc;2022-10-15;2022-11-14
1605;outfit.93fb65b596dc4d628b4812d30178a4dc;2021-12-09;2022-01-07
1605;outfit.d751f378f5214d2e941994a9ecc4b046;2021-12-09;2022-01-07
7101;outfit.bb72f30cdb4246d1bc47ff8b17cf4162;2021-04-21;2021-05-21
7101;outfit.f6e0ac328eac45939027a5dbf9d8a086;2021-04-21;2021-05-21
4769;outfit.866385e680f6475e8b2899e2bc30a1fe;2020-09-23;2020-10-19
4769;outfit.043a430a63b34151a6489d2863ea11aa;2020-09-23;2020-10-19
1626;outfit.4688b412bce3457a9c1727fd38ab4a06;2021-12-15;2022-01-14
1626;outfit.c663f1c85a344f039eacb889398b6b91;2021-11-16;2021-12-15
1626;outfit.7ba3a82d83c24f4096668fa3c59b2c54;2022-02-01;2022-02-28
1626;outfit.17753fa2c9914d659fe5432c2a06f1fa;2022-03-10;2022-04-08
1626;outfit.c17c4a7eb8284a26b0025919877d3023;2021-11-16;2021-12-15
1626;outfit.e9e6ef522291496dacaad16160c8a8f2;2022-03-15;2022-04-08
1589;outfit.c1e2e74fb2d84e07bec3185521fbea5b;2022-10-19;2022-11-18
6911;outfit.f75f6043c5814e998e72b925ef7a21dd;2022-05-11;2022-06-10
1354;outfit.80603a3d95e4beb7;2023-08-06;2023-09-05
500;outfit.1260ac1718974152b1294c75e13aae88;2022-05-05;2022-06-04
5531;outfit.15f39d4408a449febc2bd0d1afbb0f1f;2021-03-02;2021-04-02
5531;outfit.9b7e2e060c874d3287c4cee69860679a;2021-03-02;2021-04-02
416;outfit.bd029e8ff7cc4341bf48b2afaa0d9946;2021-12-06;2022-01-06
416;outfit.0fce955a2b0840ff8630eb10804ccb99;2021-12-06;2022-01-06
266;outfit.a3d5299f391ebf8b;2023-07-31;2023-08-30
266;outfit.8da5362b4130a623;2023-07-31;2023-08-30
266;outfit.31c50265a96d4e49aa5394db37e039f2;2023-07-31;2023-08-30
4452;outfit.eb4191b3e52b4a949d26b54262bd6c04;2020-07-27;2020-09-10
6318;outfit.0512cb21a4bc4326971af84ccc563495;2021-04-22;2021-05-21
6318;outfit.16e87e3968054dc8824ba7ff56aed7f4;2021-04-22;2021-05-21
4818;outfit.9341a89b191cd49f;2023-09-27;2023-10-26
4193;outfit.c39cd97f51b243e5855fb09a7513f94f;2022-01-17;2022-02-15
4193;outfit.efbeb50344e54028b243698b3dd1b700;2022-01-17;2022-02-15
2687;outfit.3b45aacc673049bdac58580de574f957;2023-04-02;2023-06-01
6284;outfit.2a4ac5ffa2a44630a5295e135713963f;2020-09-17;2020-10-19
6284;outfit.05b4c9d840a24bbe8656bc4bb3bce484;2020-09-17;2020-10-19
6284;outfit.98d6cf4fef49ec24;2020-09-21;2020-11-19
6284;outfit.2c4583bd98d748f29b7f7fb1cf6c43c4;2020-09-17;2020-10-19
6284;outfit.d751f378f5214d2e941994a9ecc4b046;2020-09-17;2020-10-19
6284;outfit.59f5e44d06e04f8994127e5f6cc8c05c;2020-09-17;2020-10-19
3279;outfit.7f6d08bebe2348729948104efde5179e;2022-01-04;2022-01-31
3279;outfit.5df05df81eb54ba999e64c211780b556;2021-11-01;2021-12-01
1735;outfit.af3a0f7fe64e49fc81c4d13f6ac481ec;2022-03-17;2022-04-16
1585;outfit.0af9759a37b84904b1335e0847fcbb60;2022-04-25;2022-05-24
4853;outfit.b133d563a5d54747ac3e2255486154f5;2021-06-07;2021-07-07
2148;outfit.d0faaa3486494e7d8ee3298104bc8adb;2023-04-21;2023-05-20
6212;outfit.ad062450831242c091c3cfc78407df6d;2022-09-18;2022-10-17
3624;outfit.b25a6a34cd1649f2a5eb69a01e11b21b;2024-01-28;2024-02-27
4725;outfit.914397611c9823ad;2023-06-28;2023-07-27
2703;outfit.b1bce95db2fd4e28befe26b0a6985c73;2023-06-16;2023-07-15
2703;outfit.5bf05f8589804ae290c997e60400cb6c;2023-08-16;2023-09-15
2703;outfit.c09187a8a8334f118324a6c4de5f7a91;2023-06-16;2023-07-15
2703;outfit.bbdd99b53f925ae3;2023-06-16;2023-07-15
2703;outfit.6d6fe6b3b2514ecc8c47947292874f90;2023-08-16;2023-09-15
2703;outfit.fc14b8a036fa4ac196b9160b9b1fe0d2;2023-07-16;2023-08-15
6163;outfit.36654cc2920c42b7a8c294cf349544fe;2022-10-01;2022-10-31
6163;outfit.8d6bd94d09354d22a77928a01bac9d25;2022-11-01;2022-11-30
4452;outfit.fa20f4d239044e7a922e27c5b5fd9f4f;2020-09-16;2020-11-09
4452;outfit.9a0283b3b9e34e39a0038cb7b7044c75;2020-09-16;2020-10-19
4452;outfit.95b998c29f9af2fd;2020-09-16;2020-10-14
6284;outfit.f904f5addd0f4a22863e3a689428b88b;2020-08-17;2020-09-17
6284;outfit.67c7e051a163432eadc34be683ea3d44;2020-08-17;2020-09-17
6284;outfit.8f107798337996b7;2020-08-17;2020-09-17
6284;outfit.3d6a6e8b147447cb94f5f2b8056018de;2020-08-17;2020-09-17
5100;outfit.4898f8ea3d4942e5bb9e1b63f07d163e;2021-10-14;2021-11-15
5100;outfit.c31bb29beac44217b5a6d572ca147130;2021-10-14;2021-11-15
5760;outfit.f7826f04ea8643d3b68964a5ab27b0a2;2023-08-05;2023-09-04
4640;outfit.5b607271e3ee467bb4188f977c0336b8;2021-09-30;2021-10-29
1248;outfit.5494f9123a164880a3ed401be7abcd8b;2022-04-12;2022-05-11
6781;outfit.48cf5d6579da4369b03b1f04719b322a;2021-04-12;2021-05-12
6781;outfit.929220a63bf843f99474bc2644fcb53d;2021-04-12;2021-05-12
6781;outfit.e4bb08fb4a5f4f11843632fa2a227421;2021-04-12;2021-05-12
6734;outfit.bbdd99b53f925ae3;2021-12-03;2022-01-03
6734;outfit.d91c416ae1584028ba0c20f1329bbb97;2021-12-03;2022-01-03
3267;outfit.6a8a9e4b00374d0e953550820b496573;2020-08-20;2020-09-21
3267;outfit.e2ac14f5ba454e0eaf3e7c0f926c65ee;2020-08-20;2020-09-21
3267;outfit.4d91614bd70b4799a861fe5ea43db494;2020-08-10;2020-09-10
3267;outfit.abe970f711444589b6ce9e81bf35615d;2020-08-20;2020-09-21
3267;outfit.595a88f3986340b9b7ee163cbe32c85d;2020-08-20;2020-09-21
3267;outfit.713570ccf2364240b906d668908737ff;2020-08-20;2020-09-21
1684;outfit.f376dd31f0194adead88365684ce1e14;2023-05-20;2023-06-19
1684;outfit.a02f335a26704f80a01232079d662ff4;2023-05-20;2023-06-19
1840;outfit.0fb3e70ac4cd4f60bbf584d3c075e8ed;2023-11-09;2023-12-08
1368;outfit.aca18f7f7df3a642;2021-10-14;2021-11-12
139;outfit.38572c7dec3b4460bf36ade1d517ce20;2022-06-16;2022-07-15
606;outfit.d1404a07cbda4bf68dd8d57cb0e32207;2022-02-28;2022-03-28
6051;outfit.9b1b854fc8a535ae;2024-04-02;2024-05-01
3577;outfit.bbdd99b53f925ae3;2022-03-16;2022-04-15
454;outfit.0fb3e70ac4cd4f60bbf584d3c075e8ed;2022-12-03;2023-01-02
3094;outfit.aa76777d3b9d4073a342e2093e4ea1e2;2020-11-27;2021-01-06
2276;outfit.9237685700e6542b;2021-08-02;2021-09-02
6907;outfit.84cfd784c9dd4ad6;2023-05-06;2023-06-05
4020;outfit.ad50bddf369641b0827aad7ce9f36022;2021-12-01;2022-01-03
4258;outfit.9f58acfe6b554e4ca880e378aa7e8e56;2022-09-13;2022-10-12
103;outfit.170d553601c744e393427a92c0cf58b3;2023-06-14;2023-07-13
2040;outfit.e3beae7266754b369fb289ece8c757ba;2021-01-11;2021-03-11
2869;outfit.f5cdd470173a4cbb913353aac985eebe;2024-06-06;2024-07-05
5344;outfit.369422f2e567409b88d925e916f3a555;2024-02-01;2024-02-29
5344;outfit.8302402a6e8e8e8c;2024-02-01;2024-02-29
932;outfit.0f8b461931a94b419de690621a0582f0;2022-03-31;2022-04-29
5236;outfit.68d7e3b9e8be4f07b3b200682d7dc456;2023-04-04;2023-05-03
6372;outfit.e4bb08fb4a5f4f11843632fa2a227421;2022-11-28;2022-12-27
6372;outfit.7d69ae2f5dc641bca0eed4b1dfc17ac8;2022-11-28;2022-12-27
6786;outfit.f14e9c44441c4a5ca2e109af309be3ce;2023-08-05;2023-09-04
6907;outfit.3b8b5f19d5fc4d66ab636569a6c9d030;2021-07-01;2021-07-02
6907;outfit.1b0e05e23cc047439c31fc35d0c34b55;2021-07-01;2021-08-02
3103;outfit.a824c0030f59545a;2021-06-02;2021-07-02
6372;outfit.d628edcdb5d743e09c72d3482c5df99c;2021-02-01;2021-03-05
6372;outfit.e4bb08fb4a5f4f11843632fa2a227421;2021-02-01;2021-03-05
6372;outfit.0e79f46fd9f344bdb7c714ffce9e98aa;2021-02-01;2021-03-05
3896;outfit.e14ebf07096246dbb7bf4e241b4c5b32;2022-03-23;2022-05-22
3896;outfit.522c1f5a3380421e9539663185f60fbc;2022-03-23;2022-05-22
107;outfit.06464642967c4d9fa0f8267dfd3d80c0;2021-09-27;2021-10-27
107;outfit.b3c16d971ae140519a806d5e2d47354b;2021-09-27;2021-10-27
6907;outfit.93fb65b596dc4d628b4812d30178a4dc;2021-10-01;2021-11-01
3147;outfit.b45f71cef3bf96b3;2021-11-02;2021-11-18
4404;outfit.a1efdc0d88774773957da6e703852211;2021-10-19;2021-11-12
1706;outfit.9e3bea6a01d94e03a43bfefac24422e4;2021-08-31;2021-09-30
1447;outfit.fa20f4d239044e7a922e27c5b5fd9f4f;2022-09-02;2022-10-01
1447;outfit.80d81410fa5f0ae4;2022-09-02;2022-10-01
2364;outfit.4b2a9c705f844b229cb293ba66c8ddf5;2021-09-27;2021-10-27
2364;outfit.25ff5e5ef4b541d79324a66515f1d89a;2021-09-27;2021-10-27
4853;outfit.33775c3acbcf408aadc5a2436d0750ec;2021-09-01;2021-10-01
6013;outfit.50a8ff8407894fcb9048249c78732fc4;2022-06-07;2022-07-06
4000;outfit.6b027f465816489f83945f85bd6f1c17;2023-10-04;2023-11-03
3320;outfit.5d29c975554e432eacf5e7d49c5342e3;2023-03-09;2023-04-08
675;outfit.925b3a37354592ef;2023-07-02;2023-08-01
675;outfit.a38554cc5999458397c5f190f0f3c38d;2023-07-02;2023-08-01
2649;outfit.4be27307ae1c4611ad56aca101c8a6b4;2024-02-02;2024-03-01
6129;outfit.5510ad19307f4fa88c6212271f573aa2;2022-07-16;2022-08-15
1553;outfit.9bf55c30dee14573ac0d46c03fce3a0e;2021-11-15;2021-12-14
1553;outfit.af4a7934c1e143efa7ff6dae227cc416;2021-11-15;2021-12-14
5224;outfit.10cdb2c115df4a9197e1471e536a0569;2021-09-01;2021-09-30
5224;outfit.915272dd8393bc1d;2021-08-02;2021-09-02
5224;outfit.fd299060de4749de80ac2d77720217df;2021-10-01;2021-11-01
5224;outfit.7d48fb77be2340e3be0de8ab4f9a97a3;2021-10-01;2021-11-01
5224;outfit.7d5887278cfb479b8c92081dc85ad698;2021-11-01;2021-12-01
5224;outfit.4be27307ae1c4611ad56aca101c8a6b4;2021-08-02;2021-09-02
2799;outfit.a8c3007784dfc486;2023-12-27;2024-01-26
675;outfit.a01f2c0fa05d3f98;2023-10-02;2024-01-01
675;outfit.d0c649c31ecc49a18d0cf19d7270073c;2023-09-02;2023-10-01
675;outfit.8302402a6e8e8e8c;2023-10-02;2023-11-01
3123;outfit.1506b275d9894b3da75f83343e25a122;2022-01-03;2022-01-28
1336;outfit.60c345cbd0924fe7800ac38922a74cb1;2023-10-22;2023-11-21
570;outfit.837d79eeae2a466cab88d515bd1aa409;2024-02-27;2024-03-26
2170;outfit.8e330b28328c4558a9523168b34d4d86;2022-07-26;2022-08-25
2170;outfit.0ca44af5dc0d4bfb8cb409023716c0a5;2022-06-26;2022-07-25
2170;outfit.a3d5299f391ebf8b;2022-08-26;2022-09-25
5736;outfit.8745fe6f294d4f41;2022-06-17;2022-07-16
5736;outfit.f3067ef490224ffba4c9a8b16458c624;2022-06-17;2022-07-16
3189;outfit.012a4c0079984d719f3f2626bb60b374;2022-01-03;2022-02-03
5657;outfit.ec471fe2ed734d1fa37ce1b2b0088619;2022-03-06;2022-04-05
1881;outfit.4be27307ae1c4611ad56aca101c8a6b4;2023-11-26;2023-12-25
6;outfit.f23993293d944d1b9bf173ca5be1a409;2021-10-25;2021-11-22
3227;outfit.6f809ac4449f4502a6eee8832eabcb60;2022-02-16;2022-03-16
3227;outfit.16f24c4eb69a48f1a34117fc6c0a691f;2022-02-16;2022-03-16
5800;outfit.7df2526a1c3c4b10b3017e7935c30629;2023-03-04;2023-04-03
5490;outfit.253fb654ace04cbb9280e54d54b62ed8;2021-04-29;2021-06-07
5490;outfit.804540f3384690cf;2021-04-29;2021-06-07
5490;outfit.8a458a93e4cd4214a520074f16d5b9fa;2021-04-29;2021-06-07
572;outfit.a824c0030f59545a;2022-03-07;2022-04-07
6513;outfit.e5503fe6f5f243fc90c526bcdb75c942;2021-10-04;2021-11-04
2340;outfit.bb8aa151e5f63d31;2021-03-22;2021-04-21
6318;outfit.cc03f27af19f42a483a2f03ad997279d;2020-12-16;2021-01-13
6318;outfit.369422f2e567409b88d925e916f3a555;2020-12-16;2021-01-13
6318;outfit.833effd849cb1526;2020-12-16;2021-01-13
6318;outfit.2684b038d1e64fa1814b56b51b834047;2021-01-13;2021-02-03
7050;outfit.688665113d8c4d13bae1db16e822454c;2021-11-01;2021-11-30
4463;outfit.ed5a5a066ca647b6a9aaeb1ec8e7ee87;2022-04-06;2022-05-05
3308;outfit.804540f3384690cf;2021-11-30;2021-12-30
3308;outfit.c7f8c0ab1c36417eb3a7dea515d2a0e7;2021-11-30;2021-12-30
3308;outfit.7ca0d67e06f7491f926b46e7fbdbd32c;2021-11-30;2021-12-30
2250;outfit.bbd6ae88b44bfd29;2022-09-22;2022-10-21
2250;outfit.1ef0bbcac4054678bea5622eec91880a;2022-08-22;2022-09-21
2250;outfit.e98a6e485b1941d98e43c0e74cc6885b;2022-09-22;2022-10-21
4355;outfit.f23993293d944d1b9bf173ca5be1a409;2023-01-10;2023-02-09
5224;outfit.8db90f1e88eb432e9422eaf57fc55562;2022-06-21;2022-07-20
5224;outfit.394609460a3549928924f3a0dc5a6e3d;2022-05-21;2022-06-20
5224;outfit.ef5fdc0209e74d39a8a24fcd05cbdce6;2022-04-21;2022-06-01
2465;outfit.935ea85c252f9586;2022-04-19;2022-05-18
269;outfit.656d8c9767e2417d8fad467465515b5d;2021-04-28;2021-05-28
269;outfit.595a88f3986340b9b7ee163cbe32c85d;2021-04-28;2021-05-28
5336;outfit.8c4d4f54e42a4ca391913811b6d17ab0;2023-08-12;2023-09-11
3533;outfit.acec36887b892738;2021-01-11;2021-02-12
3533;outfit.c815d15af6ba46c580927f9bf81122f0;2021-03-03;2021-04-05
3533;outfit.e2c4d90753314eddbdf3a836e28a0209;2021-03-03;2021-04-05
1041;outfit.2fe31ac153bc422c945294c342de95a2;2021-05-13;2021-06-14
1041;outfit.eb104cb68a534166899c4cce84b0fa55;2021-04-13;2021-05-13
446;outfit.7cc6bd8e645a41d2837976a0d09e3ca9;2021-06-22;2021-08-05
446;outfit.bcee8c80b45d64f9;2021-08-05;2021-08-31
5852;outfit.bcc71d0caf95dc33;2022-04-17;2022-05-16
6;outfit.8e0381dffb04d62e;2021-09-24;2021-10-25
6;outfit.9aadfc9a1d195c33;2021-09-24;2021-10-25
7198;outfit.f1a25e8f1def4f2fa805aefcbb91bb62;2022-06-24;2022-07-23
5733;outfit.8ad1c89174094a26bd4cbcfdcad4aecc;2022-12-05;2023-01-04
1232;outfit.e3bf7fedde71456db683e017a65e9814;2023-11-30;2023-12-29
6318;outfit.9b440739a4ab0623;2020-09-21;2020-10-21
6318;outfit.ccb9ff4f288f418d883547a0c1341f1c;2020-09-21;2020-10-21
319;outfit.8609dd7995e147efbdf631d515d34bed;2023-04-29;2023-05-28
6303;outfit.c38212ead8334e87ad9103b67932eaf5;2022-07-01;2022-07-31
804;outfit.7c3e32e564f84de28c9ab8a6f06a2e24;2022-01-05;2022-01-31
2273;outfit.1185a02614b947abbd217a5ba0b05a67;2021-12-23;2022-01-24
2273;outfit.9aa24eb08db9447da1e6f285b151b357;2021-10-20;2021-11-19
2273;outfit.e0f5195a15e748629ab2981e8900d008;2021-09-20;2021-10-20
2273;outfit.7d48fb77be2340e3be0de8ab4f9a97a3;2021-11-23;2021-12-23
2273;outfit.cb5a982c42784a9a834b5f15a47749b8;2021-10-20;2021-11-19
7244;outfit.8cbb77c85f07443e9c2e6687e4131a45;2022-08-26;2022-09-25
2995;outfit.f311d710c5e84c58ba695897a2d8afa0;2021-11-26;2021-12-17
5430;outfit.b51ab929ce045cce;2021-07-14;2021-08-13
5430;outfit.32bbe20e948d4839b63aa0f4b540b466;2021-07-14;2021-08-13
3533;outfit.c5ded4868d344a5bbf49e5c1a3c136f8;2021-04-06;2021-05-05
3533;outfit.148857ae81d84843ae1671986a4e145e;2021-05-05;2021-06-04
3094;outfit.c815d15af6ba46c580927f9bf81122f0;2021-10-11;2021-11-03
4336;outfit.f465c31c406c4fc69448ba6a62d76ea6;2022-11-30;2022-12-29
4336;outfit.467c000be2f9488a9a84e61bc6a6e3bb;2022-11-30;2022-12-29
4336;outfit.41e3a8155d734aa8a3c114e1dfbefe1b;2022-11-30;2022-12-29
4336;outfit.fd816aa2311d45c78fd0ab2d663a177a;2022-11-30;2022-12-29
57;outfit.29d43c48eee84539b3e1597c9cd55194;2020-10-08;2020-11-09
57;outfit.2e4ccc3463a74e7cb674e891ca098271;2020-10-14;2020-11-09
57;outfit.19f4932d209d4886bfe838d5677f09ed;2020-10-08;2020-11-09
57;outfit.1cac5f6638f140a3bcd41d5c1cf4bdc5;2020-10-08;2020-11-09
6591;outfit.b09e135ba34c46daaf3a5495dcec6e83;2024-06-09;2024-07-08
2918;outfit.206df08f735c415bbcaca8d70e762971;2023-02-09;2023-03-08
2918;outfit.5a0e04a9018a4904990fc85f1c8cd1ce;2023-03-09;2023-04-08
2918;outfit.4d87f217c19241cf9a4feb9d75638e1a;2023-01-09;2023-02-08
7089;outfit.0a5a3a2e1ff34f1792e1f2dad95cbc2b;2023-09-01;2023-09-30
454;outfit.96d41e4ecb154101be678d4302a266ba;2022-04-01;2022-05-02
7409;outfit.cf321774b9de4035802e1829303fd3da;2022-06-04;2022-07-03
3669;outfit.8e408fb4b2c64525966837c7789f2965;2022-07-24;2022-08-23
1586;outfit.a95a05ea858446c38ffd5535ab65a392;2022-04-07;2022-05-16
5805;outfit.bfad6e38299544e991b1c5f0d92073f6;2021-11-29;2021-12-17
4409;outfit.467c000be2f9488a9a84e61bc6a6e3bb;2024-02-05;2024-03-04
5760;outfit.16c67c6789f94fb8a10de95277e1a321;2023-06-05;2023-07-04
3343;outfit.7d48fb77be2340e3be0de8ab4f9a97a3;2023-01-15;2023-02-14
1237;outfit.f398680c9638415dbe02347d447dd922;2021-12-06;2022-01-03
1626;outfit.f3067ef490224ffba4c9a8b16458c624;2022-03-16;2022-04-15
1626;outfit.a6eb0912d6a74509a16c4ff327a439c7;2022-04-16;2022-05-15
1626;outfit.30c1385e9d714fa5b2000abce92e6c91;2022-04-16;2022-05-15
1626;outfit.978a2705fa024cc6986b47b035e78ff8;2022-05-16;2022-06-15
1626;outfit.df79806b22844eae8e38a61b63ffeee3;2022-05-16;2022-06-15
1626;outfit.5dc101d7bfbe4f49858db5913a5a7203;2022-06-16;2022-07-15
1626;outfit.c5b61903ca9849fe830fd86f7cb4da50;2022-03-16;2022-04-15
1626;outfit.df79806b22844eae8e38a61b63ffeee3;2022-06-16;2022-07-15
1626;outfit.b6dfe60b7a8c421f9de22342860f17bc;2022-04-16;2022-05-15
3267;outfit.f311d710c5e84c58ba695897a2d8afa0;2022-07-27;2022-08-26
4818;outfit.408993ce568a4791a30e71e38ffce749;2024-02-27;2024-03-26
416;outfit.ca45a9e1634c4664a5f9688d3eaf261e;2022-05-07;2022-06-06
5303;outfit.98fd2627236f7f19;2023-12-17;2024-01-16
6347;outfit.8de70e2a9b7f463eb44f6a072e14d1a2;2021-10-12;2021-11-12
6347;outfit.8745fe6f294d4f41;2021-10-12;2021-11-12
667;outfit.5eaea43d8e34424a95efef2f14b54092;2022-06-02;2022-07-01
7411;outfit.91605620213544c0b998da7831a483be;2022-06-19;2022-07-18
3041;outfit.206df08f735c415bbcaca8d70e762971;2022-08-06;2022-09-05
3041;outfit.f465c31c406c4fc69448ba6a62d76ea6;2022-07-06;2022-08-05
7118;outfit.2204df2016c84afd873a1d7e09f6ec75;2023-06-14;2023-07-13
2799;outfit.34bd3ce2dd644974b9e945a8d91d8bca;2023-11-27;2024-01-26
4107;outfit.9783b2f3f00040848624b655abd30cfa;2023-09-06;2023-10-05
4107;outfit.f1ec68c001974b238355b08a582e1b89;2023-09-06;2023-10-05
2712;outfit.34f5581736934174aa24aa69cefa8653;2021-10-01;2021-11-01
3841;outfit.75f72fc891604734a37a5ab96b006367;2021-01-15;2021-02-15
6319;outfit.ddb15f8dac0c4e03a7c88805a98cfcc8;2022-05-05;2022-06-04
746;outfit.7f0c68b095a14d7fa001117bc2c75827;2019-11-30;2019-12-03
6781;outfit.d3970e5f36ce440fb7ad9d7b74cc7f48;2021-02-12;2021-03-12
6781;outfit.a1bd30435ab14461af069cf262f1e1eb;2021-02-12;2021-03-12
6781;outfit.484e1d365d5b4f91adff228b6e9204b8;2021-02-12;2021-03-12
6781;outfit.b7c4ed0668334bd1b5f8e91059b88da5;2021-03-12;2021-04-12
1998;outfit.f926e8589d9147c5822d152566769240;2021-09-21;2021-10-21
1998;outfit.7ba3a82d83c24f4096668fa3c59b2c54;2021-11-09;2021-11-22
902;outfit.97f20b8380c34615a30aed080071aa96;2022-09-22;2022-10-21
902;outfit.2174208dffe5493fa440e48d290a11bb;2022-10-22;2022-11-21
6163;outfit.ad848f726cd93e66;2023-07-01;2023-07-31
6163;outfit.fc3f7855aa394fa5945bc8d90b6eee95;2023-06-01;2023-06-30
2485;outfit.93d11b40e1db46198d34109e7d0ebfe9;2022-10-02;2022-11-01
6526;outfit.82d7dcf690da4fc09bcf658816bccd3c;2023-12-09;2024-01-08
4463;outfit.ae3c94e801eb4aebb7c3714ec981521c;2023-09-22;2023-10-21
1591;outfit.e8df4af3451c46e5940238065ee6b401;2022-06-04;2022-07-03
2687;outfit.b4e582b38a10f6bf;2022-08-02;2022-09-01
1008;outfit.df1d0f1d24dc4629b4769b6a3dc89b43;2023-08-31;2023-09-29
606;outfit.8cddb9b88c984068a92d14c539dd24e6;2023-04-26;2023-05-25
606;outfit.fea3bb7d8ff54872ad84977465e29da4;2023-04-26;2023-05-25
6601;outfit.d4498e3094f048d8808f056832637685;2023-10-05;2023-11-04
3259;outfit.4e1793f5fd25419aa50f8373c40e5a0a;2020-09-30;2020-10-30
3259;outfit.e3cc0d4d05644110922e90f815d08d04;2020-09-30;2020-10-30
746;outfit.dc245aeac99d4052a26a3e0eb509d9ce;2019-10-10;2019-10-18
5405;outfit.66dd95a10af54a18ae4b24b3702f869e;2022-12-21;2023-01-20
5405;outfit.0fce955a2b0840ff8630eb10804ccb99;2022-11-21;2022-12-20
746;outfit.b3aca8927927e99d;2019-11-05;2019-11-12
746;outfit.28b064407198448db7149be19f0161f4;2019-11-05;2019-11-12
4853;outfit.bfad6e38299544e991b1c5f0d92073f6;2022-05-08;2022-06-07
7082;outfit.1096c0a926c244b39b44ff523a6ad9e0;2023-11-14;2023-12-13
3267;outfit.b1adfc4204c602e5;2024-02-27;2024-03-26
3669;outfit.83e56eb73d8f0127;2023-04-24;2023-05-23
6940;outfit.302a96af11cd4c54b7cc0215f48103b0;2023-12-08;2024-01-07
1390;outfit.940d8268582284b6;2022-05-03;2022-05-27
5398;outfit.03b18817e1894e588c3ae117a47d830c;2021-05-14;2021-06-14
1998;outfit.a294399ed5bfba8f;2021-08-30;2021-08-30
6526;outfit.f376dd31f0194adead88365684ce1e14;2022-09-09;2022-10-08
6526;outfit.0f9681d7171142aa84399d37dc7b4ed3;2022-12-09;2023-01-08
6526;outfit.e12b4be9f07a4da0937a29f9efe16965;2022-12-09;2023-01-08
6526;outfit.78778f72774d4269abd8410a9511fdf6;2022-08-09;2022-09-08
6526;outfit.0dcd9f8fa95a4d81a7bb43df05668e4d;2022-12-09;2023-01-08
6526;outfit.142a3686d9ec47afb71932e592f45a92;2022-10-09;2022-11-08
6526;outfit.4431d4e34e6a4c0fba43aa50395893f7;2022-11-09;2022-12-08
948;outfit.81e2654ac69b478bbeecd08e8348c6da;2022-07-03;2022-08-02
1819;outfit.dd04098010f74a67ac9bf82eeb4b976c;2021-12-07;2022-01-03
1819;outfit.648db79508724c99ab948e953e4813a7;2021-12-07;2022-01-03
1706;outfit.b657867a142340aaa12e133d9835c823;2022-04-25;2022-05-18
1706;outfit.b49e6f1cc73f48f9a6329311214ee57f;2022-04-25;2022-05-18
675;outfit.a2883b9efb1b4eb889e269c98e09f661;2023-08-02;2023-09-01
6696;outfit.a4ab5eefc7b4446cae48a64e14d95262;2021-09-16;2021-10-15
6696;outfit.26a6d5aa3fea4de08cb8723770250042;2021-09-16;2021-10-15
6036;outfit.b25f7c6a65a2459c8819de57f27a2684;2022-02-25;2022-03-24
1840;outfit.deb2675432704b1e8048f6f90c102a00;2021-11-05;2021-11-25
1840;outfit.e989b8cb4a814d97b642e1cb326f47e6;2021-09-06;2021-10-06
4289;outfit.ccae6ec63d494a5eadd0d6b001597c42;2023-09-19;2023-10-18
1388;outfit.234ce093695f4773aba7287620cee9ca;2023-09-15;2023-10-14
1386;outfit.f14e9c44441c4a5ca2e109af309be3ce;2022-12-05;2023-01-04
6075;outfit.e0f5195a15e748629ab2981e8900d008;2022-05-14;2022-06-13
6075;outfit.819bf34ba04d4748b9232e1df3bf9c8e;2022-05-14;2022-06-13
4463;outfit.5a5e28a29c694c5abf08514ba5b85937;2023-12-22;2024-01-21
7411;outfit.839e3ef745704a72a86272840cf862d4;2020-07-10;2020-08-03
7411;outfit.9373e29ec69b488d9cbb22abfaed3b0d;2020-08-03;2020-08-31
7411;outfit.f376dd31f0194adead88365684ce1e14;2020-07-10;2020-08-03
7411;outfit.ef7ddc016c5c46129c32f5676c077449;2020-08-12;2020-09-03
7411;outfit.17996f09f2a84c078a7b0bd718bcddd6;2020-08-03;2020-08-31
7411;outfit.67d14062b639450faef4ae16726d3a50;2020-07-10;2020-08-03
4463;outfit.ed5a5a066ca647b6a9aaeb1ec8e7ee87;2021-02-04;2021-03-04
4463;outfit.a3d27b283d42172d;2021-02-04;2021-03-04
4486;outfit.3cfe6cce6fc744489c7bf129187ea836;2021-12-02;2021-12-27
1525;outfit.fc14b8a036fa4ac196b9160b9b1fe0d2;2020-10-07;2020-11-06
1525;outfit.9ed854d660862b8f;2020-10-07;2020-11-06
5405;outfit.76443d6db496494dbb26ac275ecbdb3b;2023-01-21;2023-02-20
1412;outfit.a38b3b3e20364b78bfcf0bb1eadcc0e5;2021-09-07;2021-10-07
6526;outfit.4431d4e34e6a4c0fba43aa50395893f7;2023-03-09;2023-04-08
4986;outfit.cc2a4ea6b82044d2804ee26e593fbc00;2023-11-08;2023-12-07
267;outfit.cf1d104fc65c4fd987d195e2a58e588a;2021-11-30;2022-01-03
267;outfit.95cf185dc27fb18b;2021-10-29;2021-11-29
267;outfit.93d7a4479c7f446b80995278ada5874b;2021-12-01;2022-01-03
1705;outfit.f60a93dd961d4856a6d40e366ef90717;2023-03-06;2023-04-05
1705;outfit.27a3cd48834e43b2ad991c05136ee880;2023-03-06;2023-04-05
2532;outfit.f465c31c406c4fc69448ba6a62d76ea6;2021-05-07;2021-06-07
2532;outfit.8f34384795bfc03e;2021-05-07;2021-06-07
6038;outfit.7cff339e7950448c8485a2b44205adc0;2021-10-01;2021-10-29
272;outfit.9b4637003c444b1d9c75e5eb5487d669;2023-12-15;2024-01-14
272;outfit.978a2705fa024cc6986b47b035e78ff8;2023-12-15;2024-01-14
6129;outfit.2a307327642c41fda6f4f1b9d8a8080a;2021-10-26;2021-12-27
6129;outfit.8e408fb4b2c64525966837c7789f2965;2021-11-26;2022-01-28
4656;outfit.0cefd239bf11456ea05ab6b00f40b457;2023-12-04;2024-01-03
1819;outfit.164ec220792945e99be76a1f7291a9b8;2022-12-19;2023-01-18
3291;outfit.33af134887eb422baed2c7207f9cd5bc;2021-03-26;2021-05-26
3291;outfit.7ba3a82d83c24f4096668fa3c59b2c54;2021-03-26;2021-05-26
2619;outfit.5330ecb4f53c4f7a865f99a6fdd37773;2024-03-28;2024-04-27
4137;outfit.9cfd3798e4b27f4c;2021-08-17;2021-09-17
1522;outfit.c012d37926b545bf90d7c4a0c5634696;2020-06-22;2020-07-20
6591;outfit.b5812826d5eb41f39aa282e64b91ebb6;2024-07-09;2024-08-08
6526;outfit.b2453a30bd0746559282b2f06564d9af;2024-03-09;2024-04-08
2364;outfit.929220a63bf843f99474bc2644fcb53d;2021-08-02;2021-08-27
2364;outfit.f1ed4ff2e21a436997e35b1c918c304b;2021-08-02;2021-08-27
1585;outfit.5a7e3301a60341d0957331a181335cff;2021-10-01;2021-10-29
1585;outfit.ea4cdef4b083408eb9410d077f9c929b;2021-10-01;2021-10-29
3123;outfit.a0e08ec8c3ce46a0972972e9bbd03a04;2024-02-18;2024-03-17
1589;outfit.b619ba973b4b49d79c89863737097ab3;2023-07-19;2023-08-18
4877;outfit.c0dd5faf2a294aa09fd7a39dc7a313bd;2020-07-15;2020-08-17
4877;outfit.a824c0030f59545a;2020-07-15;2020-08-17
4877;outfit.e3bf7fedde71456db683e017a65e9814;2020-07-15;2020-08-17
2085;outfit.924f4c42857340e68e7e874fcd5c6775;2023-03-26;2023-04-25
4073;outfit.3c0e2b952c024f85b23f3db26403df81;2023-10-09;2023-11-08
5224;outfit.790f5da62cbc479694f4df750c3a76c7;2022-08-01;2022-08-31
7366;outfit.f8e95f5fd1b641a4823ea3c6010e19cb;2022-10-25;2022-11-24
4834;outfit.991252f75331465a9228cea0ae0bb890;2022-08-25;2022-09-24
6295;outfit.a935f1495271461689278b60c8d1a25d;2022-09-18;2022-10-17
675;outfit.9b7e2e060c874d3287c4cee69860679a;2024-02-02;2024-03-01
948;outfit.f60a93dd961d4856a6d40e366ef90717;2023-08-03;2023-09-02
1684;outfit.1e4a3ce9976a4d9a9061c167255f3875;2022-06-20;2022-08-19
1928;outfit.dce1b27e6e5944c08b7253d1ebae5a60;2022-07-19;2022-08-18
3158;outfit.eb687dffeab64aee8d3ab9da47d77d12;2024-03-19;2024-04-18
5661;outfit.6705bc03d5e649f4bec363e6367cd89a;2022-10-08;2022-11-07
4766;outfit.cd218662a26c4c29b372ed1563cf0ced;2021-06-01;2021-07-01
4333;outfit.b2cb4b87e0f8fce5;2022-01-31;2022-02-28
7247;outfit.92423563b1ab408ea4e1137abf9774d6;2023-06-09;2023-07-08
446;outfit.efbeb50344e54028b243698b3dd1b700;2021-06-17;2021-09-06
446;outfit.a38b3b3e20364b78bfcf0bb1eadcc0e5;2021-05-05;2021-06-17
6907;outfit.a8c3007784dfc486;2021-03-01;2021-03-31
6907;outfit.1b0e05e23cc047439c31fc35d0c34b55;2021-03-01;2021-03-31
6907;outfit.b82c3360fbcd411683eb135b6450e7fd;2021-03-01;2021-03-26
2363;outfit.0533ed8c59ce4cf29172f502a3a93a91;2022-03-15;2022-04-14
2363;outfit.170d553601c744e393427a92c0cf58b3;2022-07-15;2022-08-14
7411;outfit.badb81ea53ce4b62b54387b26501b6c9;2021-06-15;2021-07-15
4575;outfit.bff1e6d642824c8387d567c03f0b1d83;2021-09-01;2021-09-29
4575;outfit.ac365138f7722b8c;2021-12-01;2022-01-03
2833;outfit.648704eeb8f143c2ac81079d01853223;2022-10-05;2022-11-04
2833;outfit.3984754756394c3e95ade4b2080508c6;2022-09-05;2022-10-04
2833;outfit.4158a6fc47074d23b6591ae8583673a8;2022-10-05;2022-11-04
5344;outfit.b75d871f45424868baa650472e43193a;2022-03-01;2022-03-31
5344;outfit.3aba9737d2f445478a8ce23b2fc22da8;2022-03-01;2022-03-31
2250;outfit.ad062450831242c091c3cfc78407df6d;2023-10-22;2023-11-21
2250;outfit.8afbb76916e14187b0bc9aaabbc2bd24;2023-10-22;2023-11-21
4638;outfit.b6596a2ff7a748f3b9a67ac54db28b96;2022-09-12;2022-10-11
4638;outfit.39e26260f13d466b946601bafd691d36;2022-09-12;2022-10-11
278;outfit.1a265d0988ad4e86966114062e4ca547;2023-04-18;2023-05-17
278;outfit.c8855506fa9d47308b87aa0fe5efe3ca;2023-05-18;2023-06-17
3749;outfit.9d3b8dd5711d3657;2021-09-23;2021-10-22
6734;outfit.d2affda3780840e8bab443abbd2e5478;2022-11-10;2022-12-09
490;outfit.0d0727d0c03f453495eaa85dc17d382d;2023-12-12;2024-01-11
490;outfit.6587d43842ed43958181f9925d52806c;2023-12-12;2024-01-11
1998;outfit.9e90f563acb38233;2024-02-18;2024-03-17
1809;outfit.9b7e2e060c874d3287c4cee69860679a;2023-07-20;2023-08-19
6513;outfit.3fb6cd2d1f454b85937d1540dcf212f0;2021-08-17;2021-09-17
6513;outfit.4fa890c8bbf54547a3cacaa898e5b7d5;2021-07-13;2021-07-14
6513;outfit.a8175a1b696f4b85;2021-08-03;2021-09-03
6513;outfit.944185e8eec8066a;2021-07-13;2021-08-05
6513;outfit.83f21a4b1d7c7acb;2021-07-27;2021-08-26
6513;outfit.b09e135ba34c46daaf3a5495dcec6e83;2021-08-16;2021-09-16
6513;outfit.b09e135ba34c46daaf3a5495dcec6e83;2021-07-13;2021-08-13
6513;outfit.95a9732c69cb1e4c;2021-11-23;2021-12-16
5169;outfit.96cb494dcb47696b;2022-12-30;2023-01-29
4834;outfit.3f9b25249293481cac7469b68f545c7b;2021-11-29;2021-12-29
6103;outfit.92f2e542b76f7d6d;2024-03-08;2024-04-07
5695;outfit.6f809ac4449f4502a6eee8832eabcb60;2021-04-05;2021-05-05
5695;outfit.93d1f684375e6e8c;2021-02-04;2021-03-04
4810;outfit.eb104cb68a534166899c4cce84b0fa55;2022-12-27;2023-01-26
2056;outfit.80333429732852d4;2022-02-06;2022-03-05
2056;outfit.804540f3384690cf;2022-02-06;2022-03-05
4017;outfit.7ee7542297f944ecb49f4fe5b44728f7;2023-09-09;2023-10-08
4638;outfit.f0362cb6059c40938c0945eca21b572e;2021-08-03;2021-09-01
454;outfit.37d643c47053474a96acb8ca1069368b;2023-05-03;2023-06-02
6212;outfit.8ccfe9b6e0b0473b95bc91b156139d89;2023-10-18;2023-11-17
1032;outfit.8046647faecd43129ae560e955ebc8e5;2022-05-11;2022-06-10
2465;outfit.bd061db386d78a56;2022-05-19;2022-06-18
1083;outfit.fe07e41596d841c6943aa7819488c565;2021-10-26;2021-11-25
4834;outfit.ad6f853b5c31b6f5;2021-11-03;2021-12-03
4834;outfit.aecdd6d2249e8bc7;2021-11-01;2021-11-30
2329;outfit.02d71eaf66044b1283932f9e612cfd7b;2023-04-22;2023-05-21
6592;outfit.57e0110f769d47ea863ebea78235fd23;2020-09-03;2020-10-07
6592;outfit.d3970e5f36ce440fb7ad9d7b74cc7f48;2020-09-03;2020-10-07
6592;outfit.f376dd31f0194adead88365684ce1e14;2020-09-03;2020-10-07
3669;outfit.1dd897589a5148198aea6c403d613063;2022-12-24;2023-01-23
1586;outfit.95cf185dc27fb18b;2023-09-16;2023-10-15
6298;outfit.e5503fe6f5f243fc90c526bcdb75c942;2021-06-28;2021-07-27
6298;outfit.848a85ca39d3fda6;2021-05-27;2021-06-28
6298;outfit.ec43e546a9d543ee8c15c07cb70608a9;2021-05-27;2021-06-28
6592;outfit.80603a3d95e4beb7;2023-06-02;2023-07-01
1923;outfit.260d02e82bbd415bbe1e18918e98e0b6;2023-12-26;2024-01-25
1625;outfit.9ae9443798cb496ba7848d3c3616ab1c;2022-03-31;2022-04-29
4960;outfit.9bf55c30dee14573ac0d46c03fce3a0e;2023-03-09;2023-04-08
2712;outfit.9d3b8dd5711d3657;2021-08-12;2021-08-26
2712;outfit.e5fd898057d54a5f8373fd8381b33a1b;2021-08-12;2021-08-26
1589;outfit.aa76777d3b9d4073a342e2093e4ea1e2;2023-02-19;2023-03-18
1589;outfit.8540f9229614257a;2022-11-19;2023-01-18
1589;outfit.fbc31b2005504087aa980bf59e078b7e;2022-11-19;2022-12-18
6988;outfit.1c434db5b4cc42b8a656625c4d93fba4;2023-03-19;2023-04-18
6988;outfit.173b6b1204df4f128bcbdd843d91351e;2023-03-19;2023-04-18
1591;outfit.671c37e96f5247e68b198e2a61dbe34e;2022-07-04;2022-08-03
1591;outfit.1cda37cc756345aeb22ccfc54fef10a4;2022-07-04;2022-08-03
1591;outfit.2c4583bd98d748f29b7f7fb1cf6c43c4;2022-06-04;2022-07-03
1591;outfit.e8df4af3451c46e5940238065ee6b401;2022-08-04;2022-09-03
2148;outfit.f82bfbc5af1c4997956e63f92ea51907;2024-02-21;2024-03-20
824;outfit.b701b51a404a44418a375258167ad442;2022-02-16;2022-03-16
4725;outfit.f89a59931cff4d4b8e63dd23cecd0e2d;2022-08-29;2022-09-28
4725;outfit.24e1bde79f694d5aa980e0c889fa29c4;2022-08-29;2022-09-28
4725;outfit.a1e7bca1ce3791d6;2022-11-29;2022-12-28
4464;outfit.379ed2da3cb6428c9c9402855dfd61f8;2023-01-19;2023-02-18
4810;outfit.7d5e7df1d7e44528bca8d9859759042d;2022-09-27;2022-10-26
887;outfit.32684b5443394c4a91606c9aab8d3cdb;2021-10-26;2021-11-26
887;outfit.ada989bbc2322203;2021-10-26;2021-11-26
5430;outfit.391478ac84d249b49a87a9d829590887;2022-12-03;2023-01-02
3279;outfit.b768912b0eaf45f19918f8ef07d1bd1b;2021-08-10;2021-08-31
3279;outfit.944efade730744e38b3b678dae890f98;2021-09-14;2021-10-14
3279;outfit.b7cc6c38b121a845;2021-08-17;2021-09-17
3279;outfit.1ad84bc953124a988db708611153a286;2021-08-10;2021-08-31
4509;outfit.89fab8d7d294457fa493f087c68b6bc1;2023-09-03;2023-10-02
5303;outfit.a396d7bd18eb4fd888ca77e30adf911e;2024-02-17;2024-03-16
3312;outfit.6db79c15132b4860a7e3a34cbf5c44c2;2021-02-01;2021-02-22
3312;outfit.d071fd1e083f4a08966866c856a0c5e8;2021-02-01;2021-02-22
3312;outfit.893fa92eb13185cf;2021-02-01;2021-02-22
3312;outfit.1233866861b14f0bb1e9116e90d9a492;2021-02-01;2021-02-22
5160;outfit.e43d27b277bb4ad7aff36a857ce6f766;2022-05-25;2022-06-24
6988;outfit.b09e135ba34c46daaf3a5495dcec6e83;2023-01-19;2023-02-18
6907;outfit.84cfd784c9dd4ad6;2023-05-06;2023-06-05
6907;outfit.abcb318cd2f62d3b;2023-05-06;2023-06-05
5031;outfit.113cdf3f57984c3a9cc75afd5bf45c03;2022-01-06;2022-02-04
4507;outfit.ae3c94e801eb4aebb7c3714ec981521c;2022-08-06;2022-09-05
6965;outfit.be1e83bfcede6836;2020-08-26;2020-09-25
6965;outfit.aac7f6af58ec7121;2020-08-26;2020-09-25
6965;outfit.a824c0030f59545a;2020-08-26;2020-09-25
5645;outfit.1f8f1544736b40b99c3485150d68342b;2022-10-28;2022-11-27
5645;outfit.a5bbbf5301db4e5b8b1e2532cfd23a24;2022-10-28;2022-11-27
904;outfit.43d5741ca13a453bb378172945b47fc8;2023-01-06;2023-02-05
2048;outfit.98aa99e47dee4f019d8b2620a9745f98;2023-04-11;2023-05-10
3320;outfit.f28182fcffa64738813bde8ce70db7cb;2023-04-09;2023-05-08
3320;outfit.ef5fdc0209e74d39a8a24fcd05cbdce6;2023-01-09;2023-02-08
3320;outfit.2766e5ad48a2427a898f60aaacf85622;2023-02-09;2023-03-08
6429;outfit.c0dd5faf2a294aa09fd7a39dc7a313bd;2022-06-16;2022-08-15
5733;outfit.23596174e2b1478385adda8f5f48416f;2022-08-05;2022-09-04
5318;outfit.55e47b50f0dc4852a5784fffafa63488;2023-02-17;2023-03-16
6642;outfit.5862a9386cbc4ff29e9892f49274c243;2021-03-02;2021-04-05
89;outfit.81b89124e1d24dfe9196537c3d03cd7e;2021-11-01;2021-12-01
3053;outfit.3cd520846acc415fa68f1a7d6f1b7cee;2020-12-14;2021-01-14
3053;outfit.b62a06fd0f523bac;2020-12-14;2021-01-14
6129;outfit.ade5433e25b54fbbb66a54f8fe113132;2021-12-07;2021-12-23
4463;outfit.2a1a34d38ac64414b5d7878a719984e9;2023-12-22;2024-01-21
1684;outfit.d6896eaf6b734f40943d6cce5d23c1e3;2023-06-20;2023-07-19
4183;outfit.82303d2b1b524d6795661a1f5426a134;2023-08-17;2023-09-16
4183;outfit.bf00e652d6b83df2;2023-08-17;2023-09-16
3267;outfit.944efade730744e38b3b678dae890f98;2021-07-21;2021-08-20
3267;outfit.94f142c01ddd4b179568eb535b745439;2021-07-21;2021-08-20
3267;outfit.fd816aa2311d45c78fd0ab2d663a177a;2021-07-21;2021-08-20
3267;outfit.286ed5dbbdfc48caafe68d5122b21c8f;2021-07-21;2021-08-20
5531;outfit.02d71eaf66044b1283932f9e612cfd7b;2021-05-31;2021-07-05
4218;outfit.b768912b0eaf45f19918f8ef07d1bd1b;2021-11-15;2021-12-15
4218;outfit.64524dbb801942fb9b9b0b5853183177;2021-11-15;2021-12-15
5415;outfit.6fd4e1ca2f474faa9366763ac28adb3c;2021-05-10;2021-06-10
5415;outfit.1939ac235e8f48398419c34020295399;2021-05-10;2021-06-10
5415;outfit.55aa098dd93644fe961d0137a79adbea;2021-05-10;2021-06-10
4960;outfit.5241f5b777a147bbb786de5bd171be85;2023-10-09;2023-11-08
5531;outfit.a5a7231c342d45cca35cf536be58d63e;2022-09-07;2022-10-06
5531;outfit.de582935a0ae42e28c735362403e5ca4;2022-09-07;2022-10-06
86;outfit.d8909288c79b4df6b6547aa381d360f1;2022-05-18;2022-06-14
1706;outfit.9e3bea6a01d94e03a43bfefac24422e4;2022-07-18;2022-08-17
1706;outfit.b657867a142340aaa12e133d9835c823;2022-07-18;2022-08-17
6818;outfit.3098cd84903e4d039cf41205f3c88cae;2020-08-06;2020-09-01
3713;outfit.8f3c92feb1d346a38c17825713a9cb12;2020-11-02;2020-11-30
3713;outfit.49c64ac752d4452886a0f505007df0fd;2020-11-02;2020-11-30
269;outfit.fd299060de4749de80ac2d77720217df;2021-03-29;2021-04-28
2248;outfit.bc45deb17b3a3e75;2023-07-23;2023-08-22
4674;outfit.d24b8b64d37f4ea29ccc8aeb0c1bbb2f;2022-01-12;2022-02-11
4853;outfit.9178d6f714280d40;2021-07-30;2021-08-30
384;outfit.43d5741ca13a453bb378172945b47fc8;2022-03-10;2022-04-09
4107;outfit.1bf5c2c096dc490f8e8efd7d09e6769c;2022-05-06;2022-06-05
4107;outfit.2802e9d00cc84b788fd1184e5be2fe03;2022-05-06;2022-06-05
6879;outfit.b33b5cbbea204ab79a1060c3a17546b3;2021-03-15;2021-04-15
6879;outfit.8609dd7995e147efbdf631d515d34bed;2021-04-15;2021-05-14
6879;outfit.875635fa72e9a84a;2021-03-15;2021-04-15
6879;outfit.3f4efea108664d0fbdd0ebe5d724e275;2021-01-15;2021-02-15
6879;outfit.3ef1542d099048efa539e8c67a385732;2021-04-15;2021-05-14
6879;outfit.e17a0df1f70743e590827d7df93bb7f4;2021-04-15;2021-05-14
6879;outfit.5b607271e3ee467bb4188f977c0336b8;2021-04-19;2021-05-14
6879;outfit.df13ea56a17d4fad9fca92caa307b02c;2021-01-15;2021-02-15
6879;outfit.b26fbbc9102f42adb861b732c927826c;2021-04-15;2021-05-14
6879;outfit.deb2675432704b1e8048f6f90c102a00;2021-04-15;2021-05-14
6879;outfit.12ca1b6aaefb46af8208fe008f3eb4e3;2021-03-15;2021-04-15
7041;outfit.e168a6a83cb445d7ac51819b190b8922;2022-01-07;2022-02-07
4837;outfit.5241f5b777a147bbb786de5bd171be85;2024-01-03;2024-02-02
5695;outfit.fcd37df89e7341dfb75d074f0d092396;2020-12-01;2021-01-04
5695;outfit.d70247c33e4b42569675e32cc3727701;2020-11-02;2020-12-01
5695;outfit.ed9017ac844a486fac95996bcc5b4b84;2020-12-01;2021-01-04
3320;outfit.f7826f04ea8643d3b68964a5ab27b0a2;2024-04-09;2024-05-08
605;outfit.a759980bd9c72584;2021-03-01;2021-03-29
605;outfit.936f3862e0395377;2021-03-01;2021-03-29
1412;outfit.ce331a7cc22d4aaf82548e873c59e6cd;2021-05-07;2021-06-07
7270;outfit.8459e55ea3800598;2022-12-06;2023-01-05
7270;outfit.3b45aacc673049bdac58580de574f957;2022-11-06;2022-12-05
7270;outfit.9e90ada207a84d58941638aa284a4827;2023-01-06;2023-02-05
6907;outfit.ed9017ac844a486fac95996bcc5b4b84;2023-10-06;2023-11-05
1382;outfit.77198ec009ad4cc98e710f5bcd1a6ab2;2020-12-21;2021-01-26
1700;outfit.29c39d6085f345dfbccc23a2f8e274a6;2022-10-21;2022-11-20
1980;outfit.57e0110f769d47ea863ebea78235fd23;2021-10-08;2021-11-08
1173;outfit.13341577ef954838a87bf016b1501ebb;2023-10-24;2023-11-23
2812;outfit.91b2efcbbd50491e89267d079de15ab2;2024-01-21;2024-02-20
2812;outfit.c71e9a58962a404b9d6c8df867b4b392;2021-03-10;2021-04-09
2812;outfit.74034e464b524fad81e47ac5df3f4aad;2021-03-10;2021-04-09
2812;outfit.d720fa6c17bf4c688054cbda17336d6c;2021-03-10;2021-04-09
4656;outfit.1023091eb7324562a4153373934bcb64;2023-10-04;2023-11-03
6361;outfit.ada6bb8993e7a05e;2023-08-01;2023-08-31
4884;outfit.f6e0ac328eac45939027a5dbf9d8a086;2022-11-11;2022-12-10
2703;outfit.9ec98510baa9411d905131e4377e154d;2023-05-16;2023-06-15
2703;outfit.4431d4e34e6a4c0fba43aa50395893f7;2023-05-16;2023-06-15
2703;outfit.cd58f268e9e54fc08e5656e6f095975e;2023-05-16;2023-06-15
470;outfit.d002aedf1e0d4058aaa82dabbbd74c52;2020-12-07;2021-01-07
470;outfit.9d3b8dd5711d3657;2020-12-07;2021-01-07
470;outfit.083b787389954cc09d79eab4ed0424a6;2020-12-07;2021-01-07
470;outfit.c31bb29beac44217b5a6d572ca147130;2020-12-07;2021-01-07
3080;outfit.82d7dcf690da4fc09bcf658816bccd3c;2021-07-21;2021-08-23
3080;outfit.794483397da8425a813301eecf9828c6;2021-07-21;2021-08-23
7041;outfit.93d11b40e1db46198d34109e7d0ebfe9;2022-01-07;2022-02-07
7041;outfit.012a4c0079984d719f3f2626bb60b374;2022-01-07;2022-02-07
6310;outfit.fcd37df89e7341dfb75d074f0d092396;2022-01-10;2022-02-04
6310;outfit.3f10ec37bde34db685d87cbdb7ad1575;2022-01-10;2022-02-15
2716;outfit.b82c3360fbcd411683eb135b6450e7fd;2021-01-11;2021-02-02
4774;outfit.164ec220792945e99be76a1f7291a9b8;2022-10-04;2022-11-03
4774;outfit.df04bf46dbd54868a63d2db542a5fa3d;2022-09-04;2022-10-03
4774;outfit.7d273c5424a34a9cb3217beeed7070d4;2022-09-04;2022-10-03
4877;outfit.64096b7f0ef1430d9871e92fc198f693;2020-06-15;2020-07-15
4877;outfit.767ecbf6b9bb4969ad78de1a78dbf039;2020-06-15;2020-07-15
4149;outfit.a5b02d479256493ea45ba0405d9c6587;2021-04-12;2021-05-11
4149;outfit.40d4710206044ca5924846d3ebd83d04;2021-04-12;2021-05-11
1586;outfit.5d29c975554e432eacf5e7d49c5342e3;2023-03-16;2023-04-15
1505;outfit.234ce093695f4773aba7287620cee9ca;2022-06-13;2022-07-12
5778;outfit.f32718341e9443d8a36121a8913ff304;2022-11-18;2022-12-17
5778;outfit.8d6bd94d09354d22a77928a01bac9d25;2022-11-18;2022-12-17
3094;outfit.a6b9c3792d6a4ad4;2023-01-26;2023-02-25
4452;outfit.f1a50d26ea6e4b81bc647433e60958db;2020-11-09;2020-12-04
573;outfit.1f534d95ccf6415a8af3b5799dd959e7;2021-11-25;2021-12-15
6402;outfit.f376dd31f0194adead88365684ce1e14;2022-12-20;2023-01-19
3094;outfit.abd7e59260904f73ba0937d81996a9f2;2021-05-25;2021-06-16
3094;outfit.4f88de908942498980138fc606c745fb;2021-05-25;2021-06-16
3094;outfit.f8e95f5fd1b641a4823ea3c6010e19cb;2021-05-25;2021-06-16
6447;outfit.369422f2e567409b88d925e916f3a555;2021-10-25;2021-11-01
4667;outfit.a38b3b3e20364b78bfcf0bb1eadcc0e5;2021-01-08;2021-02-01
4667;outfit.75f72fc891604734a37a5ab96b006367;2021-01-08;2021-01-21
4667;outfit.8e2e2acae5583042;2021-01-08;2021-02-01
5100;outfit.083b787389954cc09d79eab4ed0424a6;2021-11-16;2021-12-16
3308;outfit.0dcd9f8fa95a4d81a7bb43df05668e4d;2021-07-29;2021-08-27
3308;outfit.fb060da6c30143fd9735e8fd364910e0;2021-07-29;2021-08-27
3308;outfit.ab1e952330087c99;2021-07-29;2021-08-27
3308;outfit.8ed6e4fedeb67e87;2021-08-27;2021-09-24
3308;outfit.2b9a47fa00e642a1ba23dae6a67ae88c;2021-08-27;2021-09-24
887;outfit.853997984302460e92bb9f8335ca5a0b;2021-11-26;2021-12-27
887;outfit.207232e414dd46e5b7352becfd9e53e5;2021-11-26;2021-12-27
2071;outfit.90913fe41f7b45abb3ec29e857df6352;2021-12-17;2022-01-17
2071;outfit.15c97a5fde81407f8cd5be88a178efdc;2021-12-17;2022-01-17
4463;outfit.298b9f94af66454b9f07ebed997e9f9a;2022-04-06;2022-05-05
2500;outfit.6705bc03d5e649f4bec363e6367cd89a;2023-08-22;2023-09-21
950;outfit.ea9e6f475b914f0c9a49f0fbcfffc447;2021-08-10;2021-09-10
4558;outfit.33deb9ecdab843c59db67aeb7a8e3d35;2020-08-19;2020-09-16
5617;outfit.f82bfbc5af1c4997956e63f92ea51907;2024-01-17;2024-02-16
3227;outfit.374273ffb79943b7be144ceb14529592;2022-03-16;2022-04-18
3227;outfit.9b0a47dc97c7ecc8;2022-03-16;2022-04-18
1382;outfit.2ab1a79e73cd419fb4479cea44e12c84;2022-01-26;2022-02-28
1706;outfit.8cbb77c85f07443e9c2e6687e4131a45;2021-09-14;2021-09-30
1382;outfit.1b11be15702b4c59ba76f79ed71df7ce;2022-06-15;2022-08-15
4336;outfit.036fa904ea5446f6bed6470693f19128;2022-05-30;2022-06-29
5303;outfit.37af7c19c13949819ca971b380a9f97c;2024-06-17;2024-07-16
3577;outfit.a7b955473f2248a8a818455cb08c9e79;2021-10-14;2021-11-15
3577;outfit.8e0be7c7028e4b8f8a6f69a1f0192d2b;2021-10-14;2021-11-15
757;outfit.b671b224915f0b73;2022-07-08;2022-08-07
6932;outfit.a0361d1da07f4cf4929c58bd45782fae;2021-07-19;2021-08-10
6932;outfit.ab5cd68b34421ba3;2021-07-19;2021-08-10
6932;outfit.abd2e79be5f941a5aa407cc34ff63105;2021-07-19;2021-09-10
3312;outfit.3b756132543a45d4a94b9bebb0aaebfb;2020-11-06;2020-12-07
2273;outfit.690dcda28d044c5f8f134ffcb66cc02b;2022-07-18;2022-08-17
1589;outfit.3ef1542d099048efa539e8c67a385732;2022-11-19;2022-12-18
436;outfit.e22e6d77ffc3457487c554f0dd91fbd0;2021-07-29;2021-08-02
785;outfit.8fda8ef6cb62ebcc;2021-09-01;2021-09-30
3896;outfit.34b2a2a9779a47f0a1aff663fe8d1c86;2022-09-23;2022-10-22
3896;outfit.841fdd28d3f644c0bb8efd874e818027;2022-12-01;2022-12-31
3896;outfit.2b9a47fa00e642a1ba23dae6a67ae88c;2022-10-01;2022-10-31
3896;outfit.9b8cb306a9fd4315bbda3cd2b056e36a;2022-11-01;2023-01-31
3896;outfit.34b2a2a9779a47f0a1aff663fe8d1c86;2022-09-01;2022-10-30
6696;outfit.113c7b9e83d0435894562f0b5ef41fc9;2021-04-19;2021-05-19
6696;outfit.514093f168604338b66059bf9e4e900c;2021-04-19;2021-05-19
6696;outfit.841fdd28d3f644c0bb8efd874e818027;2021-04-19;2021-05-19
6696;outfit.b42337853cae4f66a2e7640b6845d2e5;2021-04-19;2021-05-19
6737;outfit.7f7033499dca4282b0608e106de787c0;2021-09-30;2021-10-29
4746;outfit.93fb65b596dc4d628b4812d30178a4dc;2022-07-06;2022-08-05
5201;outfit.c1e2e74fb2d84e07bec3185521fbea5b;2021-07-05;2021-08-06
5201;outfit.427ef0e6b9c847fba4200cfcfe1abce9;2021-07-05;2021-07-27
2383;outfit.33775c3acbcf408aadc5a2436d0750ec;2022-08-06;2022-09-05
7114;outfit.37af7c19c13949819ca971b380a9f97c;2023-02-15;2023-03-14
7114;outfit.52d1f28b96d6412b8143411eb00fa1d0;2023-04-15;2023-05-14
7114;outfit.64910701f4974360acc6851b2b0fd7cf;2023-02-15;2023-03-14
4471;outfit.ed9017ac844a486fac95996bcc5b4b84;2023-09-27;2023-10-26
2775;outfit.155567585a3c417fa6043924c2867d0e;2022-10-26;2022-11-25
5344;outfit.167c1898ccab4dbcb3d0a74591e1902f;2022-09-01;2022-09-30
3459;outfit.99d3c1ea30367e62;2021-04-14;2021-05-14
5852;outfit.a01f2c0fa05d3f98;2022-03-17;2022-04-16
1382;outfit.d78cbfab144149069da04737d98450a1;2021-10-26;2021-11-26
1710;outfit.8feb7001275554c8;2020-10-21;2020-11-20
4674;outfit.d363ee8631554dccb9ced5babed2ce6a;2020-11-09;2020-12-09
4674;outfit.6345f9fdf4f340bdb2781ee8fd68deb6;2020-11-09;2020-12-09
2703;outfit.bb8aa151e5f63d31;2023-05-16;2023-06-15
2703;outfit.00c68b581a95458991a876f791e739ab;2023-04-16;2023-05-15
7181;outfit.ae922e922588454591edca7cabf0db48;2023-06-27;2023-07-26
2619;outfit.9f515fbe4fef48e0bbdebca645ea96c8;2023-03-28;2023-04-27
2619;outfit.e5c71f9ecf564fb39b2815a07e3c7fd6;2023-03-28;2023-04-27
4640;outfit.f75f6043c5814e998e72b925ef7a21dd;2021-08-30;2021-09-30
6414;outfit.b9311cecf65f795b;2022-02-21;2022-03-20
3320;outfit.e2b3417940d44a5a8202c0a7b39604e1;2023-07-09;2023-08-08
640;outfit.148764d766b94842ab69e411e8bb3e75;2022-06-07;2022-07-06
7244;outfit.99cc91aeda7eb778;2021-11-10;2021-12-10
605;outfit.1b0e05e23cc047439c31fc35d0c34b55;2021-04-28;2021-05-28
4370;outfit.91605620213544c0b998da7831a483be;2021-09-21;2021-09-27
996;outfit.a841b2acdc119218;2022-01-10;2022-02-08
3291;outfit.79408facac1b4c5f8dc158b26dc1fffb;2022-05-28;2022-06-27
3047;outfit.b619ba973b4b49d79c89863737097ab3;2022-09-16;2022-10-15
1585;outfit.24204aa044c44df084bf383e731cc535;2022-10-25;2022-11-24
6372;outfit.f7826f04ea8643d3b68964a5ab27b0a2;2020-10-05;2020-11-06
6372;outfit.9e90f563acb38233;2020-10-05;2020-11-06
436;outfit.24c32dd0323c4873949167fe0d1db421;2022-07-16;2022-08-15
5929;outfit.1edb2c8f4ff048c4b2f715329ccd7a93;2021-12-15;2021-12-23
5306;outfit.6d042743afa04727815f717cce0b2ac0;2024-03-31;2024-04-29
2905;outfit.2766e5ad48a2427a898f60aaacf85622;2023-06-26;2023-07-25
3321;outfit.dcf9da47ee4e4bd994d4faa2aaadb321;2022-06-17;2022-07-16
3321;outfit.9fa57e24a7bd4595b697f8ed050cb335;2022-06-17;2022-07-16
3577;outfit.2a1a34d38ac64414b5d7878a719984e9;2023-10-16;2023-11-15
3577;outfit.aeb4096f234e6c40;2023-11-16;2023-12-15
3577;outfit.a7b955473f2248a8a818455cb08c9e79;2023-12-16;2024-01-15
5490;outfit.b49e6f1cc73f48f9a6329311214ee57f;2022-03-22;2022-04-04
4175;outfit.52d1f28b96d6412b8143411eb00fa1d0;2023-07-14;2023-08-13
5430;outfit.ddb15f8dac0c4e03a7c88805a98cfcc8;2021-02-11;2021-03-11
5430;outfit.af0ed14f93f042fa8c43dc0ff2da97e6;2021-02-11;2021-03-11
5398;outfit.8a458a93e4cd4214a520074f16d5b9fa;2023-12-24;2024-01-23
6081;outfit.29a0d66e916c4bc690cf393bcea980e4;2021-01-06;2021-02-04
6081;outfit.a9f2bcb6885fe60a;2021-01-06;2021-02-04
6081;outfit.0533ed8c59ce4cf29172f502a3a93a91;2021-01-06;2021-02-04
6310;outfit.bcc71d0caf95dc33;2022-07-07;2022-08-06
313;outfit.2d4ed8658aa045b29663902f1e0ce84a;2023-04-07;2023-05-06
215;outfit.41e3a8155d734aa8a3c114e1dfbefe1b;2021-05-03;2021-06-01
215;outfit.62d7da11abfd412185d3323c4ea67939;2021-05-03;2021-06-01
215;outfit.b70defa54d04468fa8318bbece5d3933;2021-05-03;2021-06-01
496;outfit.9e20be28268142a1a6a917fe7ae1b237;2022-12-10;2023-01-09
496;outfit.422bc3cc7f6a429086cf8c49273ecd90;2022-11-10;2022-12-09
6429;outfit.94f96de6e74f4a51b85f15018f9ad0fa;2023-03-16;2023-04-15
4250;outfit.e0f170b8b51f4ae4a7e00047b9ea8d79;2021-09-10;2021-10-08
2273;outfit.81ce5109e01d4b7b9f944a3baa35c4d6;2023-08-18;2023-09-17
1982;outfit.ee40e812ed554b87a45637339c72cbd6;2021-10-07;2021-11-05
1982;outfit.8459e55ea3800598;2021-10-07;2021-11-05
1982;outfit.a8544eb2962547d1bb80da530b4c377a;2021-10-07;2021-10-07
2573;outfit.9c255f602b1e4455a79e0fe0cee938c1;2021-12-02;2022-01-03
2573;outfit.fd816aa2311d45c78fd0ab2d663a177a;2021-12-02;2022-01-03
2573;outfit.9cfd3798e4b27f4c;2021-11-03;2021-12-02
2573;outfit.0e79f46fd9f344bdb7c714ffce9e98aa;2021-11-03;2021-12-02
2573;outfit.a1bd30435ab14461af069cf262f1e1eb;2022-01-03;2022-02-03
2573;outfit.0aab21277b674f7fbb146ca7e853eef6;2021-11-04;2021-12-02
2573;outfit.8e0381dffb04d62e;2021-12-02;2022-01-03
2831;outfit.bfe2d9d71aa805a8;2022-08-27;2022-09-26
2831;outfit.925b3a37354592ef;2022-08-27;2022-09-26
1735;outfit.cf2fa10de8ea412186fd6dd1f658e3ff;2022-07-17;2022-08-16
1382;outfit.ba142263ccbf4c89848b29f8eeea4651;2021-07-26;2021-08-26
2649;outfit.81e7d3487b0e4c3b80aa064790d9992a;2023-09-02;2023-10-01
410;outfit.9a5d41c7a63e40a2b4a5f2aa902d768b;2022-08-13;2022-09-12
410;outfit.3192a1f5ab4b41c4ac530502ee7f5720;2022-09-13;2022-10-12
410;outfit.40de51943eb44f01b6504c863bb5e741;2022-09-13;2022-10-12
5330;outfit.a8c3007784dfc486;2022-08-13;2022-09-12
4774;outfit.bf00e652d6b83df2;2023-10-24;2023-11-23
3040;outfit.e3bf7fedde71456db683e017a65e9814;2023-02-12;2023-03-11
4107;outfit.b6bc32c8e1ead0b9;2021-07-19;2021-08-19
7411;outfit.ba142263ccbf4c89848b29f8eeea4651;2022-06-19;2022-07-18
7128;outfit.69000b1e14de4f0fa3ab832be40c6f04;2022-05-29;2022-06-28
2703;outfit.841869bb72cf0dd1;2022-05-16;2022-06-15
2703;outfit.62b7b6c55aa84d89a8bc7b99173f571e;2022-05-16;2022-06-15
2703;outfit.afd3af027be275f2;2022-05-16;2022-06-15
7100;outfit.fbc8b0687de1468c9a8517d5568431d9;2024-02-17;2024-03-16
1201;outfit.2463040b4a624400a85cd400d0ae0e7e;2021-08-17;2021-09-14
3127;outfit.dd62d98a9d3e40659b5438f7388d8e01;2021-12-03;2022-01-05
1354;outfit.6587d43842ed43958181f9925d52806c;2023-09-06;2023-10-05
606;outfit.391478ac84d249b49a87a9d829590887;2022-06-26;2022-07-25
606;outfit.a0a96262277c45ff82220ffe62a04f65;2022-06-26;2022-07-25
1626;outfit.3f9b25249293481cac7469b68f545c7b;2022-12-16;2023-01-15
1626;outfit.ac3e4eefb550471989769e1e4d1683d1;2022-12-16;2023-01-15
5680;outfit.6674a2d5df7e4c01bf1a6a5914f5d067;2021-10-18;2021-10-25
1700;outfit.71442f9043504300907b80e2385f9ae4;2022-07-21;2022-08-20
1700;outfit.0a5a3a2e1ff34f1792e1f2dad95cbc2b;2022-05-21;2022-06-20
1700;outfit.95a9732c69cb1e4c;2022-10-21;2022-11-20
1700;outfit.02885ab411b942b8b450097054217ebf;2022-05-21;2022-06-20
5695;outfit.c9be10d661bc4a4992a6c757b6e75ca8;2021-02-04;2021-03-04
5695;outfit.6e67b1da956c4635b7d67622604d2bbb;2021-01-06;2021-02-04
86;outfit.f11efd8c7b064175b4997b1ab65b5458;2022-03-21;2022-04-20
2205;outfit.d4d71ae7c0194db7b38fa774db0981f4;2023-06-01;2023-06-30
7225;outfit.bf5d4348f69b718f;2022-11-26;2022-12-25
7225;outfit.f062df328d7842e4bc5b0c41e309393b;2022-10-26;2022-11-25
6907;outfit.cd58f268e9e54fc08e5656e6f095975e;2023-12-06;2024-01-05
7026;outfit.9c19cb240c0c06d1;2021-02-16;2021-03-16
3432;outfit.9ff74f4f2a2f4454a7a629777cff27a6;2021-09-27;2021-10-27
6879;outfit.124195196333488e8ba4d195b96ecbdf;2020-09-15;2020-10-15
6879;outfit.bfdc262fa6ea40458a3ff1a4353e71f9;2020-09-15;2020-10-15
6879;outfit.767ecbf6b9bb4969ad78de1a78dbf039;2020-09-15;2020-10-15
1862;outfit.d363ee8631554dccb9ced5babed2ce6a;2021-11-16;2021-12-06
5736;outfit.a3d25f31c9758d32;2023-05-17;2023-06-16
4501;outfit.a189dca13d2e4274afe5758a78f49000;2022-07-06;2022-09-05
4464;outfit.4a42bebcc6534e8697fd6f7656839c29;2023-02-19;2023-03-18
5031;outfit.de582935a0ae42e28c735362403e5ca4;2023-11-12;2023-12-11
5309;outfit.b8edf89f3a5949949ae1188cd3283d6f;2022-10-20;2022-11-19
490;outfit.e3bf7fedde71456db683e017a65e9814;2021-09-14;2021-10-14
4185;outfit.f1e688d410884ee0940d861fb2f620ac;2023-04-01;2023-04-30
5303;outfit.30c1385e9d714fa5b2000abce92e6c91;2024-02-17;2024-03-16
5303;outfit.9e5db8a02f39402aaa9ee148d10ce073;2024-03-17;2024-04-16
5303;outfit.6f038b817a5a4220a8dea6bbc464c4a2;2024-03-17;2024-04-16
4667;outfit.d948ea24ce8a484db5bd640400d50cce;2021-01-22;2021-02-22
4667;outfit.b8cb9d24af1f4c8f8845df6be4020db8;2021-01-22;2021-02-22
5100;outfit.ea4cdef4b083408eb9410d077f9c929b;2022-11-17;2022-12-16
996;outfit.d2affda3780840e8bab443abbd2e5478;2021-11-08;2021-12-08
1626;outfit.e9e6ef522291496dacaad16160c8a8f2;2023-04-16;2023-05-15
1626;outfit.955f2239f0b38561;2023-04-16;2023-05-15
996;outfit.7599372461da4ca08c94fc2e6d9fa4e4;2021-11-08;2021-12-08
4185;outfit.113c7b9e83d0435894562f0b5ef41fc9;2023-01-01;2023-01-31
6585;outfit.89dbcc1289ee49c18bcb93fc69a52c02;2021-01-19;2021-02-19
6585;outfit.aa76777d3b9d4073a342e2093e4ea1e2;2021-01-19;2021-02-19
6585;outfit.a8175a1b696f4b85;2021-01-19;2021-02-19
6585;outfit.fd816aa2311d45c78fd0ab2d663a177a;2021-01-19;2021-02-19
6585;outfit.9d23dc455c9c4837a3fe26931f944833;2021-01-19;2021-02-19
6129;outfit.a477b4efb5b14d348d9c07782fa1c26f;2022-05-16;2022-06-15
2085;outfit.cf1d104fc65c4fd987d195e2a58e588a;2022-11-26;2022-12-25
2085;outfit.f4a5306ea45d4ab9b40340f016bab653;2022-11-26;2022-12-25
7114;outfit.f1a25e8f1def4f2fa805aefcbb91bb62;2023-03-15;2023-04-14
4656;outfit.a2820311cb51576b;2024-03-04;2024-04-03
851;outfit.3192a1f5ab4b41c4ac530502ee7f5720;2021-05-06;2021-06-04
851;outfit.afd208ad6e2c4771910f427504e634fe;2021-05-06;2021-06-04
851;outfit.6537917dc4e440fcb5793037388b3d7f;2021-05-06;2021-06-04
3320;outfit.372a132f8fe4463f8fdb8d7a8b3f5206;2023-12-09;2024-01-08
222;outfit.82303d2b1b524d6795661a1f5426a134;2024-02-21;2024-03-20
86;outfit.03d688ca88f84e89aeb31592d6394247;2022-01-18;2022-02-18
6911;outfit.95259e4b3bb245728928dadf026ce781;2023-12-11;2024-01-10
3956;outfit.0ca44af5dc0d4bfb8cb409023716c0a5;2023-10-05;2023-11-04
2759;outfit.d071fd1e083f4a08966866c856a0c5e8;2021-11-03;2021-12-03
1336;outfit.9b0a47dc97c7ecc8;2023-12-22;2024-01-21
785;outfit.ef5fdc0209e74d39a8a24fcd05cbdce6;2022-10-07;2022-11-06
785;outfit.648db79508724c99ab948e953e4813a7;2022-09-07;2022-10-06
785;outfit.5024e38969364cc2bcb0025151e4ec55;2022-11-07;2022-12-06
1516;outfit.b401ac00dd8e441c8e698a5eaad7a645;2021-08-13;2021-09-10
1516;outfit.0b544c65a87645459ce9844f749e178f;2021-08-13;2021-08-23
1516;outfit.900dd323358401b1;2021-08-13;2021-09-10
1516;outfit.cdc50f2c7fc54079a32bdf91b2d65e78;2021-08-13;2021-09-10
1516;outfit.97071c364d1944db8c7ae6a9d768a51a;2021-08-13;2021-09-10
4640;outfit.d0faaa3486494e7d8ee3298104bc8adb;2021-08-30;2021-09-30
6212;outfit.7f13839eeae444e79acb75451f623074;2022-11-18;2022-12-17
6212;outfit.d81ef5af6f7b43358348ff1113aeb904;2022-12-18;2023-01-17
6212;outfit.de1b2d84d80341d2bcc0adcd5ce60af4;2022-10-18;2022-11-17
6907;outfit.ed0bda9223004815822e8eaff7b7688f;2021-01-06;2021-02-01
6907;outfit.e989b8cb4a814d97b642e1cb326f47e6;2021-01-06;2021-02-01
5695;outfit.1185a02614b947abbd217a5ba0b05a67;2020-10-01;2020-11-02
5695;outfit.f8e95f5fd1b641a4823ea3c6010e19cb;2020-10-01;2020-11-02
5695;outfit.aec255abd8714065996db11cc150f061;2020-10-01;2020-11-02
5695;outfit.bc490bc7db204af498825badd2d59285;2020-11-02;2020-12-01
5695;outfit.4d91614bd70b4799a861fe5ea43db494;2020-08-24;2020-10-01
5695;outfit.a9f2bcb6885fe60a;2020-10-01;2020-12-01
3094;outfit.e0f170b8b51f4ae4a7e00047b9ea8d79;2021-08-26;2021-09-21
5694;outfit.c71e9a58962a404b9d6c8df867b4b392;2021-05-11;2021-06-04
5694;outfit.d3970e5f36ce440fb7ad9d7b74cc7f48;2021-09-10;2021-10-11
1374;outfit.250a41fd89bf4548bb8c5db06f1cfbf1;2020-11-05;2020-12-07
1998;outfit.34bd3ce2dd644974b9e945a8d91d8bca;2021-12-01;2022-02-03
6734;outfit.bb925d82b43cfc38;2022-09-10;2022-10-09
2340;outfit.a020ae6b34e6e0a8;2021-05-21;2021-06-21
785;outfit.03929cbe49e34b99bdd077380cc8d731;2022-04-07;2022-05-06
6304;outfit.bcdb248c57283524;2024-01-25;2024-02-24
5330;outfit.499d31bd36254c7191245e1d40745824;2022-09-13;2022-10-12
6026;outfit.a1c7ea9aa83e32c8;2021-10-15;2021-11-15
6026;outfit.df81c6ba86ef4c3c8fd2976934eb4078;2021-10-15;2021-11-15
996;outfit.85b4a99c5e6af89d;2023-11-15;2023-12-14
5303;outfit.5e1b9778e36d475699772148e5d4e27b;2024-02-17;2024-03-16
6907;outfit.a9d10e9af13c4e6d84c8b49d1dbd872b;2023-06-06;2023-07-05
3740;outfit.4ddc0d8a68be422b90e343d68361f262;2021-01-06;2021-02-05
4463;outfit.37886c165da3410ca29761ac81f95bf9;2022-02-07;2022-03-07
4463;outfit.c7f9aeee09fc44d5b7a764ce40b3e27d;2022-02-07;2022-03-07
1248;outfit.9e90f563acb38233;2022-01-07;2022-02-07
3227;outfit.9b0a47dc97c7ecc8;2024-02-26;2024-03-25
1773;outfit.bc2d17659e8b4d6b8bae2675b1c9dcd9;2024-01-06;2024-02-05
1107;outfit.7a9ac6aae6de40d4b1a260d95de95988;2022-06-18;2022-07-17
3017;outfit.af3a5e4cc2959d66;2022-01-05;2022-02-04
6734;outfit.467c000be2f9488a9a84e61bc6a6e3bb;2022-02-04;2022-03-04
6734;outfit.d8cabdaf5af9426dad953821aefb0ba8;2022-02-04;2022-03-04
5615;outfit.851c21ffa4468a82;2023-08-03;2023-09-02
1987;outfit.f233488767cf4bdf93f717f7d42c0cbf;2021-11-15;2021-12-15
6310;outfit.735aa66e915446a5be13642ee0dff5e5;2022-07-07;2022-08-06
6011;outfit.9df47f2be7324ffa9fe6cd184656a7ed;2023-01-01;2023-01-31
3147;outfit.b45f71cef3bf96b3;2022-04-01;2022-05-06
680;outfit.4b2a9c705f844b229cb293ba66c8ddf5;2023-04-12;2023-05-11
5914;outfit.756079160a3e402d87df01062ec3b941;2022-04-29;2022-05-28
3510;outfit.29d4c138b56e4579898dbb7f47f6cafc;2022-11-28;2022-12-27
2340;outfit.93d1f684375e6e8c;2021-03-22;2021-04-21
4193;outfit.00fa8d1fd5804fe78ac284c2e0c28b4e;2022-03-09;2022-04-08
5379;outfit.043a430a63b34151a6489d2863ea11aa;2021-08-25;2021-09-24
5379;outfit.c663f1c85a344f039eacb889398b6b91;2021-08-25;2021-09-24
5379;outfit.fbc8b0687de1468c9a8517d5568431d9;2021-08-25;2021-09-24
3189;outfit.c012d37926b545bf90d7c4a0c5634696;2022-09-24;2022-10-23
4818;outfit.1da2e77fd6594cb7bf3e7f4dd0e187b3;2024-05-27;2024-06-26
4240;outfit.5eda9383bba2444aa517f17c3edd4453;2021-07-14;2021-08-16
7244;outfit.372a132f8fe4463f8fdb8d7a8b3f5206;2022-03-26;2022-04-25
7244;outfit.c46affd5f8ee4749b1f8e7d4ff47f3ff;2022-03-26;2022-04-25
3147;outfit.a44036e74abd5cb1;2022-09-07;2022-10-06
2364;outfit.9f16b609a91c48e3;2021-02-08;2021-03-08
2364;outfit.f32718341e9443d8a36121a8913ff304;2021-01-08;2021-03-08
2364;outfit.7cff339e7950448c8485a2b44205adc0;2021-01-08;2021-03-08
2364;outfit.2b9a47fa00e642a1ba23dae6a67ae88c;2021-03-08;2021-04-08
2364;outfit.64524dbb801942fb9b9b0b5853183177;2021-03-08;2021-04-08
2364;outfit.34b2a2a9779a47f0a1aff663fe8d1c86;2021-02-08;2021-03-08
2364;outfit.e6abf593ad3949cd8a2b345ed4249ff6;2021-01-08;2021-02-08
2364;outfit.a1c7ea9aa83e32c8;2021-01-08;2021-02-08
2364;outfit.f8be16c68a624ee7bf9a5120adb0cbcc;2021-04-08;2021-05-07
2364;outfit.ccae6ec63d494a5eadd0d6b001597c42;2021-03-08;2021-04-08
2223;outfit.e965f8f929a345ecab825313cd4b3f24;2020-08-10;2020-09-07
2223;outfit.b9f26b79b0eb436fba1e05ca80196e47;2020-08-10;2020-10-07
2223;outfit.2195858f2ed34268bfd5e45eb4ae50d7;2020-08-10;2020-09-07
3814;outfit.2901f306ff3a4e7e8288cc48ec400f5f;2020-12-08;2021-01-08
3814;outfit.9ebd102e2b3b4b7484f86af242efad85;2020-12-08;2021-01-08
1735;outfit.0e35a8a758734c2b98adfc8630b4e029;2022-07-17;2022-08-16
6011;outfit.462ca91031c54d7593a2e3d1da41aba9;2023-08-01;2023-08-31
6011;outfit.c93e99cc15dc4420994f40954bf9d8a8;2023-08-01;2023-08-31
3291;outfit.6705bc03d5e649f4bec363e6367cd89a;2023-06-28;2023-07-27
1526;outfit.aad989fc0422b4eb;2022-06-01;2022-08-31
3227;outfit.beb24dfdb4829222;2024-03-26;2024-04-25
675;outfit.1e33dfb5c66847f29088ba6717b10f75;2021-07-28;2021-08-30
675;outfit.866385e680f6475e8b2899e2bc30a1fe;2021-09-28;2021-10-28
675;outfit.7f256b54c8ab4dbda7cb6cbc915c4ed7;2021-09-28;2021-10-28
675;outfit.2a1a34d38ac64414b5d7878a719984e9;2021-07-28;2021-08-30
675;outfit.a2883b9efb1b4eb889e269c98e09f661;2021-07-28;2021-08-30
550;outfit.10702960934e47ca8b83d90cb167b470;2023-11-20;2023-12-19
6940;outfit.97071c364d1944db8c7ae6a9d768a51a;2023-09-08;2023-10-07
2576;outfit.3f495adddb5143f8a5123973e907b1f2;2022-05-23;2022-06-22
675;outfit.3e47b084ad704fb5b25b38809fae38a7;2022-11-02;2023-01-01
6535;outfit.9a5d41c7a63e40a2b4a5f2aa902d768b;2021-11-08;2021-12-08
6535;outfit.55de9d399bf143ae94e88e0594b01fe4;2021-11-08;2021-12-08
2205;outfit.a38b3b3e20364b78bfcf0bb1eadcc0e5;2024-02-01;2024-02-29
2205;outfit.935ea85c252f9586;2024-01-01;2024-01-31
3749;outfit.b87b2a39d4f64871865834bdfc4cf1e6;2021-06-21;2021-07-21
3749;outfit.3c0da42b00f94123aad9c641ff5073ad;2021-06-21;2021-07-21
92;outfit.55e47b50f0dc4852a5784fffafa63488;2024-02-08;2024-03-07
92;outfit.a02f335a26704f80a01232079d662ff4;2024-02-08;2024-03-07
1998;outfit.0dba9d16e2e54e58ad650f0ecc2b3ea5;2022-02-04;2022-03-02
5805;outfit.b463faabc03163c8;2022-05-25;2022-06-24
5805;outfit.656dc77e8bd948e6bc85d9284c79af19;2022-05-25;2022-06-24
5645;outfit.34afd8b7f33d434c8e0ac2849eab231d;2021-12-17;2022-02-17
6817;outfit.9a0283b3b9e34e39a0038cb7b7044c75;2023-11-23;2023-12-22
4770;outfit.3a5aeafe771d488f84bc18af5db17114;2021-02-01;2021-02-26
4770;outfit.900dd323358401b1;2021-02-01;2021-02-26
4463;outfit.359ce2bd2e40491686ce3ebc4a13ead6;2022-05-06;2022-06-05
1515;outfit.253fb654ace04cbb9280e54d54b62ed8;2023-03-22;2023-04-21
3577;outfit.a7b955473f2248a8a818455cb08c9e79;2022-08-16;2022-09-15
3577;outfit.94f471a5d48f3464;2022-08-16;2022-09-15
1792;outfit.dc7abe1bb20f423a8356cb4d089c56ff;2023-05-07;2023-06-06
3127;outfit.ad062450831242c091c3cfc78407df6d;2022-05-04;2022-05-27
4834;outfit.5b9e33fd71784ae7bbdac93ef7e8dbf4;2022-06-25;2022-07-24
5778;outfit.af3cb94171784fff803b50e9a99cd890;2022-03-18;2022-04-17
313;outfit.d363ee8631554dccb9ced5babed2ce6a;2023-07-07;2023-08-06
3312;outfit.b3c827a7bc271120;2020-08-06;2020-09-07
3312;outfit.8fda8ef6cb62ebcc;2020-08-06;2020-09-07
3312;outfit.05164954243a4c5cac4930572105ed27;2020-08-06;2020-09-07
3312;outfit.bd9dca3a7c0d808c;2020-08-06;2020-09-07
3312;outfit.78d16995b62e40d48f06a20dbf72d844;2020-08-06;2020-09-07
6936;outfit.036fa904ea5446f6bed6470693f19128;2022-01-03;2022-02-01
5059;outfit.476b7bf9f9a74be3ae1a2152fee9fc3b;2021-09-10;2021-10-08
3094;outfit.29a0d66e916c4bc690cf393bcea980e4;2021-03-31;2021-04-30
6591;outfit.67c7e051a163432eadc34be683ea3d44;2023-03-09;2023-04-08
1412;outfit.8ed6ba09f55049c59f9462e07cc30bb8;2021-04-07;2021-05-07
1412;outfit.d9c02686a2094291837d95d09384481b;2021-04-07;2021-05-07
1354;outfit.b1adfc4204c602e5;2023-11-06;2023-12-05
1728;outfit.61c6e404ee8847fb9e1d95143f9d590c;2022-02-07;2022-03-06
1728;outfit.4ca0964f8f604f42b71268c44e41db7d;2022-02-07;2022-03-06
1728;outfit.b37b7ee0ee994bdaa199cba1c831b31d;2022-02-07;2022-03-06
6303;outfit.cd58f268e9e54fc08e5656e6f095975e;2022-12-01;2022-12-31
6447;outfit.9b7577b41e374c5d8debce0abc0466de;2021-10-25;2021-11-08
6447;outfit.369422f2e567409b88d925e916f3a555;2021-10-25;2021-11-08
361;outfit.0a5a3a2e1ff34f1792e1f2dad95cbc2b;2022-11-23;2022-12-22
6038;outfit.268878c3e3e24d98bbc6e9770e2eb44c;2021-08-02;2021-09-03
1382;outfit.2204df2016c84afd873a1d7e09f6ec75;2023-08-15;2023-09-14
361;outfit.ac52d51d1863129e;2022-12-23;2023-01-22
1531;outfit.0f545b5ba1274c66b2896afdcc48c5d9;2022-01-31;2022-02-25
3521;outfit.abf8682bf7784e73af89ebfd6d542df0;2024-03-05;2024-04-04
2703;outfit.78392fa87e224d719c89da109d9e263f;2023-01-16;2023-02-15
2703;outfit.4158a6fc47074d23b6591ae8583673a8;2023-01-16;2023-02-15
4998;outfit.5a7e3301a60341d0957331a181335cff;2021-11-26;2021-12-17
4998;outfit.85a2fe3ce0c532c8;2021-11-26;2021-12-17
416;outfit.ce0b5207f51545bfbb1ec5cc1b01a8b7;2021-05-06;2021-06-04
416;outfit.aa76777d3b9d4073a342e2093e4ea1e2;2021-08-06;2021-09-06
416;outfit.5242edab1a064713b3c92f329d51b514;2021-07-02;2021-08-02
416;outfit.96cb494dcb47696b;2021-08-06;2021-09-06
416;outfit.37886c165da3410ca29761ac81f95bf9;2021-05-06;2021-06-04
416;outfit.c5ded4868d344a5bbf49e5c1a3c136f8;2021-07-02;2021-08-02
416;outfit.ccf6f723db264c30b9e45b89203c4a28;2021-06-07;2021-07-06
416;outfit.2208707dcf134558b4d335f1e3534655;2021-06-07;2021-07-06
416;outfit.113cdf3f57984c3a9cc75afd5bf45c03;2020-11-04;2020-12-04
2949;outfit.8688e9d35c0dba13;2021-12-03;2022-01-11
3533;outfit.cf2fa10de8ea412186fd6dd1f658e3ff;2020-06-10;2020-07-13
3533;outfit.25c93e08d9064a1c85d877bf4157a626;2020-06-10;2020-08-14
3533;outfit.b0d4e86a8a76490790dd993b32a5ea8b;2020-06-10;2020-07-13
658;outfit.81c2ee9d12b442ecbad61d22061364f3;2022-11-18;2023-01-17
658;outfit.d5818e8c52bd4bb7ba4f58a76c026939;2022-11-18;2023-01-17
3094;outfit.4559b1568f5e436a85bf9c65ae525888;2020-07-17;2020-08-21
3094;outfit.8f6c3fbd7db0400caaf95a95ab29a97d;2020-07-17;2020-08-21
3094;outfit.e3908cb31aeb463dbd473b3e4c03c14d;2020-07-17;2020-08-21
3094;outfit.819bf34ba04d4748b9232e1df3bf9c8e;2020-07-17;2020-08-21
3094;outfit.3b756132543a45d4a94b9bebb0aaebfb;2020-07-17;2020-08-21
3094;outfit.ad50bddf369641b0827aad7ce9f36022;2020-07-17;2020-08-21
872;outfit.a5b02d479256493ea45ba0405d9c6587;2022-05-17;2022-06-16
4404;outfit.31c45f9a261b4631b76a98158841b8ff;2022-10-14;2022-11-13
5617;outfit.203f5d33e7324d65a1d8175b3b910416;2022-12-17;2023-01-16
6287;outfit.14b7969c5bef4051848ecc977eef38a2;2019-10-31;2019-11-14
6781;outfit.9f16b609a91c48e3;2022-12-19;2023-01-18
675;outfit.908c317a79634a2f9f14d86283135c0b;2022-08-02;2022-09-01
675;outfit.5b56622d721d4a359d14507923450d0f;2022-08-02;2022-09-01
675;outfit.13e5c6482ae340a696f30c156512408b;2022-09-02;2022-10-01
675;outfit.f11efd8c7b064175b4997b1ab65b5458;2022-06-02;2022-07-01
675;outfit.74013b892b4a4f75979af28137c31558;2022-05-02;2022-06-01
675;outfit.d91c416ae1584028ba0c20f1329bbb97;2022-06-02;2022-08-01
996;outfit.031a15e68a354f8cbe8f65c45da3f231;2022-07-15;2022-08-14
996;outfit.b4e83d1d9b50a7cc;2022-07-15;2022-08-14
1792;outfit.99cc91aeda7eb778;2021-04-30;2021-05-31
4218;outfit.7cc6bd8e645a41d2837976a0d09e3ca9;2021-01-14;2021-02-15
4218;outfit.d38e14c8ec254910be97725a7198f0fb;2021-01-14;2021-02-15
4218;outfit.8ad0bb9029424a069f82d58c44b0d7fa;2021-01-14;2021-02-15
1735;outfit.9aadfc9a1d195c33;2022-10-17;2022-11-16
1083;outfit.e98a6e485b1941d98e43c0e74cc6885b;2022-01-06;2022-02-04
4333;outfit.25ff5e5ef4b541d79324a66515f1d89a;2021-12-03;2021-12-31
4333;outfit.9617c0965077556e;2021-11-05;2021-12-03
5330;outfit.207232e414dd46e5b7352becfd9e53e5;2022-07-13;2022-08-12
666;outfit.fd299060de4749de80ac2d77720217df;2022-08-17;2022-09-16
666;outfit.3260a6894aef41329983b153a3c022ed;2022-06-17;2022-08-16
666;outfit.a38b3b3e20364b78bfcf0bb1eadcc0e5;2022-11-17;2022-12-16
666;outfit.931ef0d0cada4965a8ea693f7a520b64;2022-08-17;2022-09-16
666;outfit.1ba117ad1dfc4db98e92536c9d6724fe;2022-08-17;2022-09-16
666;outfit.e4bb08fb4a5f4f11843632fa2a227421;2022-06-17;2022-07-16
666;outfit.64a0e45c83dc4304becbf6218ac02fb8;2022-06-17;2022-08-16
666;outfit.f4a5306ea45d4ab9b40340f016bab653;2022-07-17;2022-08-16
103;outfit.6a0ee820e93d45bb86077aa56e1c231a;2023-06-14;2023-07-13
1922;outfit.14727804dc6945f9baabcd76ad96a744;2021-09-16;2021-10-14
1922;outfit.229f2207dc1e4409af99504f061ca0e7;2021-09-16;2021-10-14
3769;outfit.8a9a59a3ebbb46a8bea05ebe9599a1c0;2022-09-16;2022-10-15
6414;outfit.1ef0bbcac4054678bea5622eec91880a;2022-03-15;2022-04-15
4725;outfit.5b1de7457379489c8e57a3c22844550b;2024-02-28;2024-03-27
1193;outfit.fcd37df89e7341dfb75d074f0d092396;2022-07-26;2022-08-25
2273;outfit.34c4b585b0854a158c2b7e53478e3c00;2021-09-07;2021-09-13
2273;outfit.1d0adb4c93e04425ae2f85e9efc54905;2021-09-17;2021-09-24
2273;outfit.a32232b1ae5445e39801fd606d444610;2021-08-30;2021-09-06
2273;outfit.b8edf89f3a5949949ae1188cd3283d6f;2021-10-05;2021-10-11
2290;outfit.987e9a7da88098db;2022-02-27;2022-03-26
5144;outfit.756079160a3e402d87df01062ec3b941;2021-05-10;2021-06-04
5144;outfit.682446def1c34a79890b62c1397c7afb;2021-05-10;2021-06-04
3956;outfit.bae42664f07a447e;2023-06-05;2023-07-04
3956;outfit.27a162bde20b4961ba8d94a8828e036b;2023-05-05;2023-06-04
3343;outfit.96fdc91671d44285;2023-06-15;2023-07-14
1193;outfit.d21f3628771b4dcebc478c94a456d999;2021-10-21;2021-11-05
4627;outfit.467c000be2f9488a9a84e61bc6a6e3bb;2023-10-23;2023-11-22
3267;outfit.20ae7885d88441348ab7a255bcc2173e;2023-04-27;2023-05-26
4638;outfit.ef37915fe2f546378750595366833b79;2022-02-01;2022-03-01
4638;outfit.bd37bc0ed1857fb5;2022-02-01;2022-03-01
4746;outfit.0654b5aaef694f20ace802009972a59e;2022-08-06;2022-09-05
1443;outfit.03b18817e1894e588c3ae117a47d830c;2020-09-21;2020-10-21
1443;outfit.005031a3c94b4073b25088b0e19f0e99;2020-09-21;2020-10-21
1443;outfit.95b998c29f9af2fd;2020-09-21;2020-10-21
4656;outfit.bfad6e38299544e991b1c5f0d92073f6;2023-11-04;2023-12-03
6977;outfit.066124b928d44087851ad9a0fe809510;2022-12-15;2023-01-14
6977;outfit.f75f6043c5814e998e72b925ef7a21dd;2023-02-15;2023-03-14
1998;outfit.5b607271e3ee467bb4188f977c0336b8;2022-10-18;2022-11-17
2812;outfit.f4a5306ea45d4ab9b40340f016bab653;2024-02-21;2024-03-20
5760;outfit.dea118f1de544188ad16cda6259ba122;2024-01-05;2024-02-04
4000;outfit.d04fbe1240ef405c867fb813b5aa8779;2022-12-04;2023-01-03
3924;outfit.993dfa12c54fc46f;2023-03-28;2023-04-27
2273;outfit.2b9a47fa00e642a1ba23dae6a67ae88c;2024-03-18;2024-04-17
446;outfit.dd6c85fa43ab4ef7989ebb6a72302ca0;2019-10-25;2019-11-25
446;outfit.804540f3384690cf;2019-10-25;2019-11-25
446;outfit.af4c1536e8d62d77;2019-10-25;2019-11-25
446;outfit.d6578bc3024d48369705dc09bd28f070;2019-10-25;2019-11-25
1684;outfit.439ff276a34d4993ad9cf68d06c67d96;2021-11-22;2022-02-04
5852;outfit.0a769485844446769b0609c505933bab;2022-06-17;2022-07-16
5852;outfit.8e5ef2b79973d23f;2022-06-17;2022-07-16
2556;outfit.be670e741ed74f9597a28f8bb3e5e537;2021-10-04;2021-11-04
2556;outfit.ada6bb8993e7a05e;2021-06-04;2021-07-09
2556;outfit.5d29c975554e432eacf5e7d49c5342e3;2021-05-10;2021-06-04
2556;outfit.a520a9aa8147d618;2021-06-04;2021-07-09
5039;outfit.6b0e9219365c474194b0d0a0652e7a59;2021-11-01;2021-12-01
5039;outfit.8ed6ba09f55049c59f9462e07cc30bb8;2022-02-14;2022-03-10
3577;outfit.cc03f27af19f42a483a2f03ad997279d;2022-09-16;2022-10-15
1248;outfit.22d9e65ad5d54d439ce97df814e1dfbc;2021-01-11;2021-02-08
1248;outfit.466afa76adb144b7ad004be6382cfc54;2021-01-13;2021-02-08
6940;outfit.5b87f52aec9f4c749cf6769993136db3;2023-06-08;2023-07-07
1193;outfit.6fd4e1ca2f474faa9366763ac28adb3c;2021-03-12;2021-04-08
1193;outfit.9632d3d89d835c67;2021-03-12;2021-04-08
5694;outfit.e5503fe6f5f243fc90c526bcdb75c942;2021-03-03;2021-04-05
1412;outfit.fbda7f830faf4caf9b0a085054f22e54;2020-12-07;2021-01-07
4564;outfit.688665113d8c4d13bae1db16e822454c;2021-08-27;2021-09-24
5645;outfit.b00287a1864d4493a72b295b43caf3f1;2023-05-28;2023-06-27
3924;outfit.e3c17b42a98943bb878e77b93485e940;2022-03-31;2022-04-29
2918;outfit.897c161625314c1a993188bc0a5ca063;2022-09-09;2022-10-08
2918;outfit.13341577ef954838a87bf016b1501ebb;2022-06-09;2022-07-08
2918;outfit.a273058ddb56de19;2022-09-09;2022-10-08
2918;outfit.1b729a38bf964452b2683cb84a9e14c1;2022-08-09;2022-09-08
2918;outfit.b701b51a404a44418a375258167ad442;2022-11-09;2022-12-08
7244;outfit.81ce5109e01d4b7b9f944a3baa35c4d6;2023-07-26;2023-09-25
7244;outfit.c51bd8f0c3464297b89ffa73328c3275;2023-07-26;2023-08-25
7244;outfit.257570a5166f43fba7f231ab1e0e2d11;2023-07-26;2023-08-25
2815;outfit.7ee7542297f944ecb49f4fe5b44728f7;2022-07-10;2022-08-09
2799;outfit.36462b7293ae423fb6b7180022cfcb58;2023-07-27;2023-08-26
1784;outfit.a6b9c3792d6a4ad4;2023-02-18;2023-03-17
1784;outfit.5f5573ff732d4b67824d71ebb7329db8;2023-01-18;2023-02-17
6287;outfit.d8909288c79b4df6b6547aa381d360f1;2019-11-01;2019-11-22
6287;outfit.9f58acfe6b554e4ca880e378aa7e8e56;2019-10-31;2019-11-07
2556;outfit.676f2b8ab3894ff293c0fbd62398bc05;2021-08-24;2021-09-24
2556;outfit.32722b47b465460e91c775e73609e78b;2021-09-21;2021-10-14
7114;outfit.171c86f3627845c08df08a82deb2241f;2022-12-15;2023-01-14
7114;outfit.6dea8453a7dd4701830624eeea14bf9b;2022-12-15;2023-01-14
2488;outfit.77198ec009ad4cc98e710f5bcd1a6ab2;2022-04-10;2022-05-09
6011;outfit.f1a25e8f1def4f2fa805aefcbb91bb62;2023-09-01;2023-09-30
5694;outfit.d04fbe1240ef405c867fb813b5aa8779;2024-02-14;2024-03-13
6284;outfit.84f782be1a41490f9223e753c8f180f3;2022-03-17;2022-04-16
3533;outfit.4222d99ee6974151a01942b79f1054f7;2021-06-08;2021-07-02
3432;outfit.af5cb730014e66b0;2021-11-30;2021-12-29
6103;outfit.92f2e542b76f7d6d;2024-03-08;2024-04-07
4774;outfit.113cdf3f57984c3a9cc75afd5bf45c03;2021-10-12;2021-11-12
4774;outfit.84f134b06fbed5a0;2021-10-12;2021-11-12
6163;outfit.61c6e404ee8847fb9e1d95143f9d590c;2023-09-01;2023-09-30
3147;outfit.95a9732c69cb1e4c;2022-06-07;2022-07-06
1980;outfit.82303d2b1b524d6795661a1f5426a134;2023-02-14;2023-03-13
1980;outfit.2d4ed8658aa045b29663902f1e0ce84a;2023-05-14;2023-06-13
4522;outfit.138c6d460dc14dd4a223e9f2a484ad6d;2023-12-11;2024-01-10
5531;outfit.fe07e41596d841c6943aa7819488c565;2021-02-03;2021-03-02
5531;outfit.359ce2bd2e40491686ce3ebc4a13ead6;2021-02-03;2021-03-02
6662;outfit.394d965b33b8430692c31984bf51e554;2021-08-05;2021-09-03
6662;outfit.feaa16af0f6b4a96b65f8a29ace77979;2021-08-05;2021-09-03
3028;outfit.2d4ed8658aa045b29663902f1e0ce84a;2022-02-17;2022-03-17
3028;outfit.ceb25ee97e894d46869ca3eb799d48e0;2022-02-17;2022-03-17
4638;outfit.794483397da8425a813301eecf9828c6;2022-06-12;2022-07-11
4638;outfit.3f65ab1185ed4b06a4feab44d8fdc748;2022-07-12;2022-08-11
7376;outfit.3098cd84903e4d039cf41205f3c88cae;2021-06-21;2021-07-21
761;outfit.625293137dad4142a7558c88b74e3644;2021-10-04;2021-12-10
5367;outfit.26e0f5cc69634d079b4cd4a55b315809;2023-11-30;2023-12-29
1881;outfit.c5bee71e04014da8a068df3abe59a219;2023-12-26;2024-01-25
4608;outfit.8b14ea3bf7bc40ee;2020-09-07;2020-10-07
4608;outfit.1e4e6b9f7f984a5f81d68773e0165c44;2020-09-07;2020-10-07
4608;outfit.af3cb94171784fff803b50e9a99cd890;2020-09-07;2020-10-07
4608;outfit.9aadfc9a1d195c33;2020-09-07;2020-10-07
3103;outfit.eeee122cf40b4035b6ee0e26b194c531;2021-01-06;2021-02-02
3103;outfit.a83b27ea0df44e4d9773f8e7b5096ab9;2021-01-06;2021-02-02
3103;outfit.2d4ed8658aa045b29663902f1e0ce84a;2021-01-06;2021-02-02
3103;outfit.f062df328d7842e4bc5b0c41e309393b;2021-02-02;2021-03-02
3103;outfit.d72f9d58cad643e9964ced2cf3bd30a3;2021-02-02;2021-03-02
6414;outfit.b2e035a8cce61dcb;2022-03-08;2022-04-15
6414;outfit.2901f306ff3a4e7e8288cc48ec400f5f;2021-10-19;2021-10-21
6414;outfit.15d79dfee61f4e1a840f3fa2368563de;2021-10-12;2021-10-18
1382;outfit.96cb494dcb47696b;2021-05-26;2021-06-28
5531;outfit.feaa16af0f6b4a96b65f8a29ace77979;2022-07-07;2022-08-06
5694;outfit.a94fbc2c00c0d099;2022-03-15;2022-04-14
5694;outfit.203f5d33e7324d65a1d8175b3b910416;2022-05-15;2022-06-14
5694;outfit.2121de17fb604c6ea87a3f9b6d0030db;2022-03-15;2022-04-14
5694;outfit.f89a59931cff4d4b8e63dd23cecd0e2d;2022-06-15;2022-07-14
5100;outfit.b6f7358d6feb42ceaec950e6b66f4a34;2023-02-17;2023-03-16
606;outfit.fea3bb7d8ff54872ad84977465e29da4;2022-05-26;2022-06-25
490;outfit.8a458a93e4cd4214a520074f16d5b9fa;2023-02-12;2023-03-11
6364;outfit.8c8e4271cb4466db;2021-06-16;2021-07-16
3189;outfit.e0f170b8b51f4ae4a7e00047b9ea8d79;2022-12-24;2023-01-23
948;outfit.ad6f853b5c31b6f5;2023-08-03;2023-10-02
7199;outfit.81b7059db24a1c94;2021-11-11;2021-12-10
7199;outfit.890012ec91261ee6;2021-11-11;2021-12-10
5733;outfit.a1e7bca1ce3791d6;2022-04-05;2022-05-04
5733;outfit.9341a89b191cd49f;2022-04-05;2022-05-04
4774;outfit.10cdb2c115df4a9197e1471e536a0569;2022-11-04;2022-12-03
4774;outfit.22c011b90cf34e56a9613321cd35514b;2022-11-04;2022-12-03
1773;outfit.bc2d17659e8b4d6b8bae2675b1c9dcd9;2023-10-06;2023-11-05
1716;outfit.a0a46d933783476c9109aafdeeeb550e;2021-05-10;2021-06-10
1716;outfit.8046647faecd43129ae560e955ebc8e5;2021-05-10;2021-06-10
1589;outfit.cc5b53a2d9f44413afdd86c5d0dfd1c1;2022-11-19;2022-12-18
3642;outfit.5330ecb4f53c4f7a865f99a6fdd37773;2021-01-11;2021-02-08
6118;outfit.5be908ebbb1a448e9b2655a0d7a78a2e;2019-10-23;2019-10-26
6858;outfit.8d7319b7cde9526b;2022-08-15;2022-09-14
6858;outfit.1e33dfb5c66847f29088ba6717b10f75;2022-07-15;2022-08-14
2040;outfit.e43d27b277bb4ad7aff36a857ce6f766;2020-11-30;2021-01-06
7198;outfit.b619b14568c94d46ac314ae0983703bd;2022-07-24;2022-08-23
2714;outfit.5b607271e3ee467bb4188f977c0336b8;2022-02-03;2022-03-03
4774;outfit.ceda10a556b24c7c9ceeb2cc1601429a;2021-12-16;2022-01-14
4774;outfit.b4e897cae6915720;2021-12-16;2022-01-14
5169;outfit.9565d4d6787ad71f;2022-11-30;2022-12-29
4318;outfit.76182a281e89442eb859adbeed75c451;2022-05-05;2022-06-04
4318;outfit.987e9a7da88098db;2022-05-05;2022-06-04
6038;outfit.181629c720b548f4a77a22851f1fbbce;2021-09-07;2021-10-01
6038;outfit.32e640b3fc894710a096ec7ad3f7a976;2021-09-07;2021-10-08
5760;outfit.524627d9e5544cb8ab8c738c64a440c4;2022-08-05;2022-09-04
4258;outfit.8e330b28328c4558a9523168b34d4d86;2022-02-13;2022-03-12
5852;outfit.8619bf33395941ca8a9e98931e1462ff;2023-10-17;2023-11-16
5852;outfit.2fe31ac153bc422c945294c342de95a2;2023-10-17;2023-11-16
7411;outfit.c815d15af6ba46c580927f9bf81122f0;2021-02-10;2021-03-01
7411;outfit.cd58f268e9e54fc08e5656e6f095975e;2020-10-30;2020-11-30
6907;outfit.4b2a9c705f844b229cb293ba66c8ddf5;2024-01-06;2024-02-05
6591;outfit.adb851b71e828162;2024-07-09;2024-08-08
6361;outfit.f1e688d410884ee0940d861fb2f620ac;2024-01-01;2024-02-29
4564;outfit.851c21ffa4468a82;2021-12-17;2022-01-14
4656;outfit.b4e582b38a10f6bf;2024-04-04;2024-05-03
4656;outfit.1023091eb7324562a4153373934bcb64;2024-03-04;2024-04-03
4258;outfit.b6e876bed3cff76c;2022-11-13;2023-01-12
4258;outfit.0149e9cdd92241a7a8c73a98eb397928;2022-10-13;2022-11-12
4258;outfit.819fe443b574445a979f4f0571a65677;2022-10-13;2022-11-12
4258;outfit.a4ab5eefc7b4446cae48a64e14d95262;2022-11-13;2023-01-12
1008;outfit.9a0283b3b9e34e39a0038cb7b7044c75;2024-01-31;2024-02-28
7409;outfit.7ae84d76f8634068b358e5f723942fa0;2022-12-04;2023-01-03
7409;outfit.64524dbb801942fb9b9b0b5853183177;2022-12-04;2023-01-03
7104;outfit.84f782be1a41490f9223e753c8f180f3;2022-05-23;2022-06-22
7104;outfit.f7826f04ea8643d3b68964a5ab27b0a2;2022-05-23;2022-06-22
6011;outfit.8f892d2a86a7024f;2022-06-01;2022-06-30
6360;outfit.ad062450831242c091c3cfc78407df6d;2022-01-15;2022-02-14
1382;outfit.3c0da42b00f94123aad9c641ff5073ad;2023-05-15;2023-06-14
4724;outfit.b04f116bc3224f22a8f17d62934fe2cd;2023-10-19;2023-11-18
1232;outfit.f8e95f5fd1b641a4823ea3c6010e19cb;2023-08-31;2023-09-29
3727;outfit.7f6d08bebe2348729948104efde5179e;2021-11-09;2021-12-10
3727;outfit.3ef1542d099048efa539e8c67a385732;2021-11-09;2021-12-10
3727;outfit.f1ed4ff2e21a436997e35b1c918c304b;2021-11-09;2021-12-10
1008;outfit.ccae6ec63d494a5eadd0d6b001597c42;2024-01-31;2024-02-28
454;outfit.b9e21535cf624b6eac04d3a9708f213b;2022-02-01;2022-02-28
454;outfit.c95b16794434474e8d02306d2f1b6a0a;2022-02-01;2022-02-28
7181;outfit.1eb6accbfe2d4edd8358e67200384784;2023-05-27;2023-06-26
7181;outfit.96fdc91671d44285;2023-05-27;2023-06-26
7181;outfit.8a9297abf702469b88dcdb1ce6cd35bd;2023-05-27;2023-06-26
658;outfit.f1545647b834426291f0de8408206ced;2019-11-15;2019-11-30
658;outfit.c0dd5faf2a294aa09fd7a39dc7a313bd;2019-11-15;2019-11-30
658;outfit.53a31f7360074b1cb7eb8b9c6367986d;2019-11-15;2019-11-30
658;outfit.ccb9ff4f288f418d883547a0c1341f1c;2019-11-15;2019-11-30
658;outfit.cc30aac83a794a269779fc0b2984abba;2019-11-15;2019-11-30
1706;outfit.70b441e6ee444f86a12921f85e5c2002;2022-03-18;2022-04-17
5059;outfit.5862a9386cbc4ff29e9892f49274c243;2021-08-25;2021-09-27
5059;outfit.138c6d460dc14dd4a223e9f2a484ad6d;2021-12-06;2022-01-04
5059;outfit.2cc1bf3b23ce4811b7cc78ec9e50c379;2021-09-10;2021-10-08
5059;outfit.0512cb21a4bc4326971af84ccc563495;2021-12-06;2022-01-05
5059;outfit.e9e6ef522291496dacaad16160c8a8f2;2021-10-12;2021-11-11
67;outfit.bbd662557126462f84e4912812fc1be0;2022-08-31;2022-09-29
4656;outfit.388d5e71d8ca46a59067b8f07c7a0760;2023-08-04;2023-09-03
5224;outfit.70b441e6ee444f86a12921f85e5c2002;2021-09-02;2021-10-01
3846;outfit.a841b2acdc119218;2021-09-01;2021-09-30
3846;outfit.0ef30f9dcee4484eb104977918be6b1c;2021-09-01;2021-09-30
2892;outfit.9f58acfe6b554e4ca880e378aa7e8e56;2021-07-05;2021-08-04
2892;outfit.113c7b9e83d0435894562f0b5ef41fc9;2021-07-05;2021-08-04
2892;outfit.978ae36482bb4c1bb32f8a6524cfdb76;2021-07-05;2021-08-04
4709;outfit.253fb654ace04cbb9280e54d54b62ed8;2021-10-11;2021-11-11
3291;outfit.2a307327642c41fda6f4f1b9d8a8080a;2021-06-25;2021-07-26
3291;outfit.b6dfe60b7a8c421f9de22342860f17bc;2021-06-25;2021-07-26
6177;outfit.578a20ace62b4299a88b0ce610123797;2022-04-19;2022-05-18
7409;outfit.93fb65b596dc4d628b4812d30178a4dc;2024-01-04;2024-02-03
6642;outfit.388d5e71d8ca46a59067b8f07c7a0760;2021-05-03;2021-06-03
5760;outfit.3c0e2b952c024f85b23f3db26403df81;2023-11-05;2023-12-04
3192;outfit.b9bbc6e2b165450c9d23bd2236684cd3;2020-12-16;2021-01-18
6936;outfit.ab5f8f08a7379c5f;2022-05-02;2022-05-31
3577;outfit.a3c8e9b42ef07a32;2021-01-27;2021-02-24
2815;outfit.b4e897cae6915720;2022-08-10;2022-09-09
4336;outfit.b36a2b4ce3d90e1b;2022-10-30;2022-11-29
2052;outfit.a8770590533c28ad;2022-03-27;2022-04-26
2052;outfit.f02905d4e5ac4f7e8d6e47288d92c154;2022-02-27;2022-04-26
1336;outfit.b0d5835cfb6f4f918690a79fd842e7a6;2023-07-22;2023-08-21
6212;outfit.afd208ad6e2c4771910f427504e634fe;2023-09-18;2023-10-17
6212;outfit.b21aec5d36074eb790d69c5c40b7d77c;2023-11-18;2023-12-17
2465;outfit.ea4cdef4b083408eb9410d077f9c929b;2024-02-19;2024-03-18
7244;outfit.c46affd5f8ee4749b1f8e7d4ff47f3ff;2021-08-18;2021-09-13
1881;outfit.226376c162234c77ac8d2df07b262caa;2023-11-26;2023-12-25
4289;outfit.36654cc2920c42b7a8c294cf349544fe;2023-02-19;2023-03-18
1881;outfit.2ea36f84cb12427686eed685f97f2a8f;2023-12-26;2024-01-25
1219;outfit.74034e464b524fad81e47ac5df3f4aad;2022-09-21;2022-10-20
490;outfit.6a8a9e4b00374d0e953550820b496573;2022-12-12;2023-01-11
490;outfit.6b8d0d5720af4e33af8dff7afe7b0ed3;2022-12-12;2023-01-11
454;outfit.b8248f42bf864dabbf1f70840a474142;2024-06-03;2024-07-02
1586;outfit.80333429732852d4;2023-02-16;2023-03-15
1412;outfit.86a3e5e23b984060;2021-02-08;2021-03-08
1412;outfit.bf5d4348f69b718f;2021-01-07;2021-02-08
1412;outfit.a7b955473f2248a8a818455cb08c9e79;2021-02-08;2021-03-08
1412;outfit.b3d31d76ede3d815;2021-03-08;2021-04-07
1412;outfit.5b607271e3ee467bb4188f977c0336b8;2021-03-08;2021-04-07
1412;outfit.8b14ea3bf7bc40ee;2021-03-08;2021-04-07
490;outfit.7c8c2504d76d42f4a96766337d3dac03;2022-06-12;2022-08-11
490;outfit.b36a2b4ce3d90e1b;2022-08-12;2022-09-11
5031;outfit.3a5aeafe771d488f84bc18af5db17114;2023-07-12;2023-08-11
5694;outfit.91d7bcbd88004c9e939fb7877dc4a1f7;2021-06-16;2021-07-02
1447;outfit.5eaea43d8e34424a95efef2f14b54092;2022-11-02;2022-12-01
1447;outfit.5b99177128de4ffbbdf6b5255d411f15;2022-11-02;2022-12-01
6940;outfit.ddb15f8dac0c4e03a7c88805a98cfcc8;2022-10-08;2022-11-07
6940;outfit.ae3c94e801eb4aebb7c3714ec981521c;2022-10-08;2022-11-07
7100;outfit.b33b5cbbea204ab79a1060c3a17546b3;2024-01-17;2024-02-16
7135;outfit.2bb91a54c63d4f72a11a6ad7a00b35cf;2023-03-01;2023-03-31
55;outfit.80333429732852d4;2022-11-06;2022-12-05
55;outfit.afd3af027be275f2;2022-12-06;2023-01-05
2052;outfit.9cd6c1a82e884a77b55b6113de55fea7;2021-11-19;2021-12-09
2052;outfit.85b4a99c5e6af89d;2021-11-19;2021-12-22
4464;outfit.bb72f30cdb4246d1bc47ff8b17cf4162;2023-08-19;2023-09-18
2812;outfit.22b16afebcf749d08ab2a83d88406516;2022-12-21;2023-01-20
416;outfit.03a5ffb8c27947de936564061de3d046;2022-01-07;2022-02-07
416;outfit.4dd6b2524e5b4379baa90d5f3f80280a;2022-02-07;2022-03-07
416;outfit.ae77f7b917ff4730a2300bf43f24735e;2022-01-07;2022-02-04
2273;outfit.cc5b53a2d9f44413afdd86c5d0dfd1c1;2022-07-18;2022-08-17
2273;outfit.aa76777d3b9d4073a342e2093e4ea1e2;2022-10-18;2022-11-17
5241;outfit.00ec4faf65344485a80b53a650badc79;2020-08-10;2020-08-17
5241;outfit.a3d25f31c9758d32;2020-08-10;2020-08-17
5241;outfit.53a0c9e1c47d442dbdcfb14c54769e08;2020-08-10;2020-08-17
2271;outfit.bf8385f15d6d468880c5e654f7599cf1;2020-11-16;2020-12-16
446;outfit.8776f5d660d948c9bf3243220d6b1f16;2020-05-19;2020-06-19
446;outfit.a38b3b3e20364b78bfcf0bb1eadcc0e5;2020-05-19;2020-06-19
446;outfit.31edccd419de4fc5ae6aeb7eed4327ab;2020-05-19;2020-06-19
1586;outfit.f8be16c68a624ee7bf9a5120adb0cbcc;2021-09-08;2021-10-08
3175;outfit.92f2e542b76f7d6d;2024-01-08;2024-02-07
4638;outfit.beb7edd11cd741538175c927a81cbf89;2023-03-12;2023-04-11
7089;outfit.17753fa2c9914d659fe5432c2a06f1fa;2021-05-03;2021-06-04
7089;outfit.346aca2ad2134d0e95967b333990925c;2021-05-03;2021-06-04
266;outfit.8a458a93e4cd4214a520074f16d5b9fa;2023-12-31;2024-01-30
3189;outfit.39c98e12ea9942a0a2c98c6297aabfbf;2022-04-24;2022-05-23
3189;outfit.39c98e12ea9942a0a2c98c6297aabfbf;2022-07-24;2022-08-23
2085;outfit.89954cb83fe420c2;2023-03-26;2023-04-25
2205;outfit.e9a6c652ea8d42dc8752d70dce0c57c6;2023-03-01;2023-03-31
2205;outfit.b7cc6c38b121a845;2023-03-01;2023-03-31
3215;outfit.d363ee8631554dccb9ced5babed2ce6a;2021-02-01;2021-03-01
3215;outfit.c0dd5faf2a294aa09fd7a39dc7a313bd;2021-02-01;2021-03-01
3215;outfit.5a4fb1545a1448fb970821a7bcb8c581;2021-02-01;2021-03-01
3215;outfit.0f8b461931a94b419de690621a0582f0;2021-02-01;2021-03-01
3215;outfit.897c161625314c1a993188bc0a5ca063;2021-02-01;2021-03-01
1896;outfit.a824c0030f59545a;2021-01-18;2021-02-17
1896;outfit.1e4e6b9f7f984a5f81d68773e0165c44;2020-11-17;2020-12-17
1896;outfit.c95b16794434474e8d02306d2f1b6a0a;2020-12-17;2021-01-18
1896;outfit.7f44b4762bda4246a1aa7cd533047141;2020-12-17;2021-01-18
1896;outfit.61c6e404ee8847fb9e1d95143f9d590c;2020-10-19;2020-11-17
1896;outfit.a8e7915eda974714aa57df8f38a87546;2020-10-19;2020-11-17
1896;outfit.deb2675432704b1e8048f6f90c102a00;2020-12-17;2021-02-17
1896;outfit.b24fc57f02ac4e4c9061761ca18d9d3c;2020-10-19;2020-11-17
1896;outfit.5c6bcfee583b4d7aa6fa807279637d59;2020-11-17;2020-12-17
1896;outfit.9fbe0c9462e44696a73f5ffa75215ec0;2020-09-17;2020-10-19
1896;outfit.f82bfbc5af1c4997956e63f92ea51907;2021-01-18;2021-02-17
1896;outfit.efbeb50344e54028b243698b3dd1b700;2020-12-17;2021-01-18
1896;outfit.6b027f465816489f83945f85bd6f1c17;2021-01-18;2021-02-17
1896;outfit.e4bb08fb4a5f4f11843632fa2a227421;2020-11-17;2020-12-17
1896;outfit.484e1d365d5b4f91adff228b6e9204b8;2020-09-17;2020-10-19
6907;outfit.4d91614bd70b4799a861fe5ea43db494;2023-03-06;2023-04-05
3227;outfit.95a9732c69cb1e4c;2021-08-23;2021-09-23
3227;outfit.1eb6accbfe2d4edd8358e67200384784;2021-08-23;2021-09-23
4731;outfit.c17c4a7eb8284a26b0025919877d3023;2022-10-10;2022-11-09
3846;outfit.944185e8eec8066a;2021-11-01;2021-11-30
3846;outfit.4cd9a6b549d04973a044716c3448b739;2021-11-01;2021-11-30
3846;outfit.57e0110f769d47ea863ebea78235fd23;2021-08-10;2021-08-31
4696;outfit.2174208dffe5493fa440e48d290a11bb;2022-07-07;2022-08-06
2516;outfit.043a430a63b34151a6489d2863ea11aa;2022-04-27;2022-05-26
680;outfit.4b2a9c705f844b229cb293ba66c8ddf5;2022-03-12;2022-04-11
680;outfit.527e5a69558c404f81d9d3c68272f67b;2022-03-12;2022-04-11
680;outfit.8745fe6f294d4f41;2022-04-12;2022-05-11
680;outfit.1cda37cc756345aeb22ccfc54fef10a4;2022-04-12;2022-05-11
1173;outfit.13341577ef954838a87bf016b1501ebb;2023-05-24;2023-06-23
5615;outfit.0e35a8a758734c2b98adfc8630b4e029;2023-08-03;2023-09-02
1626;outfit.09a274c103524f30bd8e3fcc3cbab7c1;2023-07-16;2023-08-15
1626;outfit.202c5658aee14e4180cd074aa81842a1;2023-07-16;2023-08-15
4240;outfit.2121de17fb604c6ea87a3f9b6d0030db;2021-07-14;2021-08-16
1716;outfit.522c1f5a3380421e9539663185f60fbc;2021-03-12;2021-04-12
691;outfit.2ead65a1ecf54c38a27bebc2bf47b9b1;2020-08-17;2020-09-18
691;outfit.8f2d79606c6d4f44af3f6afd97a6ca3e;2020-08-17;2020-09-18
691;outfit.8ad1c89174094a26bd4cbcfdcad4aecc;2020-08-17;2020-09-18
1382;outfit.acefb4576277494ebf8a334cf8e4c43c;2021-07-26;2021-08-26
1382;outfit.c35c73041785478d8b7bff3ba75797eb;2021-01-26;2021-02-26
6081;outfit.53bf6ed2516f473a87497e8170d4c8e1;2020-12-04;2021-01-06
6081;outfit.f233488767cf4bdf93f717f7d42c0cbf;2020-12-04;2021-01-06
6081;outfit.2019c3e0c2ed451db8a83babc45d19af;2020-12-04;2021-01-06
4193;outfit.2ea096cf542544bcb75743104ad4e9b0;2021-11-15;2021-12-15
2556;outfit.b2e035a8cce61dcb;2021-10-04;2021-11-01
1998;outfit.a294399ed5bfba8f;2021-08-17;2021-09-23
1589;outfit.b6f4e6d64e3144d2b528b6bf75e5ddcd;2023-07-19;2023-08-18
2071;outfit.34b2a2a9779a47f0a1aff663fe8d1c86;2021-10-19;2021-11-19
2071;outfit.0fdacd78ea72476d9688afaa61fc5c42;2021-11-19;2021-12-20
675;outfit.298b9f94af66454b9f07ebed997e9f9a;2021-07-28;2021-08-30
675;outfit.095de7562bbf447f8dc83ec1a0e8edb4;2021-06-25;2021-07-28
675;outfit.1bf5c2c096dc490f8e8efd7d09e6769c;2021-06-25;2021-07-28
7411;outfit.bf00e652d6b83df2;2024-02-19;2024-03-18
5160;outfit.7f13839eeae444e79acb75451f623074;2022-09-25;2022-10-24
2364;outfit.d8909288c79b4df6b6547aa381d360f1;2021-08-02;2021-08-27
4107;outfit.9e90f563acb38233;2021-10-18;2021-11-18
4107;outfit.983bcd4ecb43a6f7;2021-10-18;2021-11-18
6298;outfit.81b7059db24a1c94;2021-04-27;2021-05-27
2949;outfit.2d50ae29c3194358b9b042edb8e61949;2021-08-19;2021-09-20
4818;outfit.b49e6f1cc73f48f9a6329311214ee57f;2023-04-27;2023-05-26
4818;outfit.ed9017ac844a486fac95996bcc5b4b84;2023-03-27;2023-04-26
2088;outfit.b6596a2ff7a748f3b9a67ac54db28b96;2021-09-24;2021-10-25
2088;outfit.43d5741ca13a453bb378172945b47fc8;2021-09-28;2021-10-25
3320;outfit.4a6ed2fa953e43f98d557f0c98f04f7f;2023-05-09;2023-06-08
1684;outfit.372a132f8fe4463f8fdb8d7a8b3f5206;2021-09-10;2021-10-08
572;outfit.c5a8b5900a2744589424bd5f8494497b;2021-04-06;2021-05-04
572;outfit.80333429732852d4;2021-05-05;2021-06-04
6977;outfit.2cca272e852c42448c449664b8d98693;2023-01-15;2023-02-14
6977;outfit.0392ab260e644b338316a915c76e18c6;2023-01-15;2023-02-14
573;outfit.5b56622d721d4a359d14507923450d0f;2022-04-23;2022-05-22
573;outfit.dcd2abde0c804a88ae1169c950cfbda1;2022-05-23;2022-06-22
5303;outfit.98fd2627236f7f19;2024-02-17;2024-03-16
5330;outfit.7abb8ad021294be3863e5ea746538347;2022-01-17;2022-02-17
4558;outfit.ba08fc9d3afae814;2020-08-21;2020-09-18
2762;outfit.3dac69d72aed4d1ca4fc6bcff6b7cd4f;2021-03-18;2021-04-19
7135;outfit.6705bc03d5e649f4bec363e6367cd89a;2023-05-01;2023-05-31
2649;outfit.fc33a7e64d794702a5d4b0ba40870c69;2023-09-02;2023-10-01
7026;outfit.b619ba973b4b49d79c89863737097ab3;2021-03-16;2021-04-16
5694;outfit.b068cf45c37e4aeaa1cff939a86e759f;2021-11-01;2021-12-06
5694;outfit.37886c165da3410ca29761ac81f95bf9;2021-09-06;2021-10-08
5694;outfit.8ba3b5b410c6466180b8bbecba6c7013;2021-08-02;2021-10-06
5694;outfit.91b2efcbbd50491e89267d079de15ab2;2021-08-02;2021-10-06
5694;outfit.37dfcefd9016441b96537a6b3de58e29;2021-08-02;2021-10-08
3649;outfit.26cdd2ae3a854c73a9d207dc298e3367;2020-11-17;2020-12-17
3649;outfit.e172da755f4248f4af3241dd47efae12;2020-11-17;2020-12-17
3053;outfit.be670e741ed74f9597a28f8bb3e5e537;2021-04-14;2021-05-19
4031;outfit.38572c7dec3b4460bf36ade1d517ce20;2021-08-02;2021-08-31
3267;outfit.d263cb821a244b41b4c47ac08fa10596;2020-11-20;2020-12-21
3267;outfit.828280fdcb0431d8;2020-11-20;2020-12-21
3267;outfit.4f7f49256cb04353a63a140320de900e;2020-11-20;2020-12-21
1792;outfit.dc7abe1bb20f423a8356cb4d089c56ff;2023-02-07;2023-03-06
6796;outfit.f4a2cebc0a544c9abc6305e9bd33b9c6;2022-08-15;2022-09-14
3991;outfit.8f18f5ec1142ff1f;2020-10-21;2020-11-23
3991;outfit.ad50bddf369641b0827aad7ce9f36022;2020-10-21;2020-11-23
3991;outfit.b8c30d318f9d0554;2020-10-21;2020-11-23
1792;outfit.32e640b3fc894710a096ec7ad3f7a976;2022-10-07;2022-11-06
3267;outfit.848a85ca39d3fda6;2022-06-27;2022-07-26
3267;outfit.1ba9e80c87c84ac98d59fd5fbecf6f32;2022-06-27;2022-07-26
3267;outfit.ae538ccb6bf14a858b0f66458e592872;2022-05-27;2022-07-26
3267;outfit.94f142c01ddd4b179568eb535b745439;2022-05-27;2022-07-26
1277;outfit.7f13839eeae444e79acb75451f623074;2022-04-01;2022-04-30
454;outfit.af879b315e9e04fc;2022-02-24;2022-03-24
454;outfit.a8083cd1fd8b4da982f6f8b6364d96a6;2022-01-04;2022-01-28
4638;outfit.c52099f0269e4b6ebd66b79d3cca1d01;2022-10-12;2022-11-11
4725;outfit.924f4c42857340e68e7e874fcd5c6775;2022-05-29;2022-06-28
4725;outfit.2b9a47fa00e642a1ba23dae6a67ae88c;2022-05-29;2022-06-28
5645;outfit.0e1bd47c2f09419d84217b3a6b5e265f;2022-10-28;2022-11-27
1232;outfit.4be27307ae1c4611ad56aca101c8a6b4;2023-11-30;2023-12-29
2884;outfit.cdf556b326334303a52f2df9eb42dd3a;2022-10-08;2022-11-07
2884;outfit.63fc53c3d8784dd39553a33d54ff4921;2022-10-08;2022-11-07
2884;outfit.1233866861b14f0bb1e9116e90d9a492;2022-10-08;2022-11-07
2869;outfit.145c644d683b4ccfa07d073d8c4efa6a;2024-05-06;2024-06-05
2869;outfit.5a5e28a29c694c5abf08514ba5b85937;2024-05-06;2024-06-05
3624;outfit.648db79508724c99ab948e953e4813a7;2024-03-28;2024-04-27
3291;outfit.ceb25ee97e894d46869ca3eb799d48e0;2020-11-26;2020-12-21
3291;outfit.83b1e08b46bf0031;2020-11-26;2020-12-21
1586;outfit.75fd35081c884af28940d854e0a8c67f;2022-08-16;2022-09-15
1586;outfit.92396971987c812b;2022-08-16;2022-09-15
5531;outfit.15f39d4408a449febc2bd0d1afbb0f1f;2021-04-30;2021-05-28
5531;outfit.cd92590952d54e1d8b3bec0bbecb901b;2021-04-30;2021-05-28
5531;outfit.9b7e2e060c874d3287c4cee69860679a;2021-04-30;2021-05-28
6965;outfit.900dd323358401b1;2020-09-01;2020-09-25
6965;outfit.d2affda3780840e8bab443abbd2e5478;2020-09-01;2020-09-25
3924;outfit.ecd20396b6454329b80dd3a7f3d5c0c4;2023-06-28;2023-07-27
4464;outfit.aa10e3ab93793dc9;2024-02-19;2024-03-18
1942;outfit.60c345cbd0924fe7800ac38922a74cb1;2021-10-25;2021-11-24
1942;outfit.2fe31ac153bc422c945294c342de95a2;2021-10-25;2021-11-24
1942;outfit.29e6b2a21c5946d3a22772aa398a8361;2021-10-26;2021-11-24
1942;outfit.206df08f735c415bbcaca8d70e762971;2021-12-21;2021-12-27
5805;outfit.caee00d04a954a69a3cca9e02cf67440;2022-08-25;2022-09-24
6380;outfit.207232e414dd46e5b7352becfd9e53e5;2024-03-16;2024-04-15
6380;outfit.bbdd99b53f925ae3;2023-11-16;2023-12-15
6380;outfit.f4a2cebc0a544c9abc6305e9bd33b9c6;2023-11-16;2023-12-15
6380;outfit.b4e582b38a10f6bf;2023-11-16;2023-12-15
6662;outfit.56663aaf60aa4b5c8267bed372c72677;2021-11-01;2021-12-01
1878;outfit.8a458a93e4cd4214a520074f16d5b9fa;2022-03-11;2022-04-11
446;outfit.84f134b06fbed5a0;2019-10-08;2019-10-25
446;outfit.989e3eb7e1be092f;2019-10-08;2019-10-25
446;outfit.5b219e65b35544769ae32989b15ff364;2019-10-08;2019-10-25
446;outfit.9edf55f5369fd779;2019-10-07;2019-10-25
1925;outfit.72b64826af9f427e9b51b108ff3d5ba2;2023-01-05;2023-02-04
1881;outfit.50968c211b5941648f6519e289b84da7;2023-08-26;2023-09-25
4981;outfit.17753fa2c9914d659fe5432c2a06f1fa;2021-12-13;2022-01-12
4981;outfit.b2f44b763c5942e295a5ef80c02c9cf1;2021-12-13;2022-01-12
4981;outfit.dd5c21e0c1ee4428b7019e5740e3e8aa;2021-12-13;2022-01-12
384;outfit.badb81ea53ce4b62b54387b26501b6c9;2023-08-10;2023-09-09
6051;outfit.9783b2f3f00040848624b655abd30cfa;2023-08-02;2023-09-01
6051;outfit.a83b27ea0df44e4d9773f8e7b5096ab9;2023-12-02;2024-01-01
1382;outfit.d3f2083ec04f4429bae5660f2a3db238;2020-09-25;2020-11-26
1382;outfit.b68b720dbd521460;2020-10-26;2021-01-26
1382;outfit.142a3686d9ec47afb71932e592f45a92;2020-10-26;2020-11-26
1382;outfit.9a52065e9e7b4814bb5707173819674f;2020-09-25;2020-10-26
3094;outfit.8776f5d660d948c9bf3243220d6b1f16;2020-10-30;2020-11-27
3094;outfit.8e970ddf2f28404c9bf2a08b022c576a;2020-10-30;2020-11-27
3094;outfit.7ae84d76f8634068b358e5f723942fa0;2020-10-30;2020-11-27
3094;outfit.b2194a655acd4fc683da0607aed980aa;2020-10-30;2020-11-27
6834;outfit.501f59ab11f94aa1a28a566911f8a8be;2022-07-28;2022-08-27
6834;outfit.91d7bcbd88004c9e939fb7877dc4a1f7;2022-06-28;2022-07-27
6834;outfit.de20bfe0e31a4a33b8f0a25e9d93f97e;2022-07-28;2022-09-27
6834;outfit.11395b1173644fedbcfc219469f27b84;2022-04-28;2022-05-27
6834;outfit.ccae6ec63d494a5eadd0d6b001597c42;2022-03-28;2022-04-27
6834;outfit.203f5d33e7324d65a1d8175b3b910416;2022-06-28;2022-07-27
3642;outfit.b8edf89f3a5949949ae1188cd3283d6f;2020-11-02;2020-12-01
3642;outfit.1c78096241a04da2bb89cb692f3953b0;2020-11-02;2020-12-01
3642;outfit.e608f9225d314a12a390b165d222cc28;2020-11-02;2020-12-01
3642;outfit.9bd220ce35b14c1b9b9d89dfc2b123c8;2020-11-02;2020-12-01
3956;outfit.1243dceca4be4ad99c5a651708f6d041;2022-09-05;2022-10-04
746;outfit.a95a05ea858446c38ffd5535ab65a392;2019-10-17;2019-11-11
746;outfit.c7be4c2774424a498f63ebe6ea4b5933;2019-10-17;2019-11-11
230;outfit.7d257832e2ef4cf7b78976d119a251e7;2023-12-02;2024-01-01
824;outfit.9936eee8f01a25d8;2021-11-16;2021-12-16
6907;outfit.f32718341e9443d8a36121a8913ff304;2021-05-03;2021-05-31
6212;outfit.ce331a7cc22d4aaf82548e873c59e6cd;2022-07-18;2022-08-17
1277;outfit.a2820311cb51576b;2022-10-01;2022-10-31
4409;outfit.b068cf45c37e4aeaa1cff939a86e759f;2024-03-05;2024-04-04
3577;outfit.9653e8c2cb5f44eeb2a9015e4b11c162;2024-01-16;2024-02-15
4463;outfit.e3bf7fedde71456db683e017a65e9814;2022-03-07;2022-04-06
4463;outfit.8ad1c89174094a26bd4cbcfdcad4aecc;2022-03-07;2022-04-06
2114;outfit.9e28084ee8e94a1d8afe4abe643fa8d5;2020-03-12;2020-05-18
2114;outfit.15f39d4408a449febc2bd0d1afbb0f1f;2020-03-12;2020-05-18
3749;outfit.8a6d7780e2644bbfaa7695900a8266dd;2020-12-21;2021-01-21
3749;outfit.522c1f5a3380421e9539663185f60fbc;2020-12-21;2021-01-21
3749;outfit.2766e5ad48a2427a898f60aaacf85622;2021-03-24;2021-04-09
4674;outfit.3dac69d72aed4d1ca4fc6bcff6b7cd4f;2022-06-26;2022-07-25
2273;outfit.57ffd059f0374d6995a1f8fd4ee0d2ed;2023-06-18;2023-07-17
1354;outfit.8de67bc21e388b19;2023-10-06;2023-11-05
1354;outfit.b7cc6c38b121a845;2023-10-06;2023-11-05
3243;outfit.e11253de97ba42eb819cf53373fcbe8d;2024-03-10;2024-04-09
1032;outfit.7cff339e7950448c8485a2b44205adc0;2022-02-28;2022-03-11
1706;outfit.d7e3f493b73c45c785ac6887d20f4069;2022-12-18;2023-01-17
6347;outfit.cf2fa10de8ea412186fd6dd1f658e3ff;2021-12-13;2022-01-13
5778;outfit.8a9297abf702469b88dcdb1ce6cd35bd;2023-07-18;2023-08-17
2383;outfit.cb29aca3f7be4551b07a9d1b02957e02;2021-08-02;2021-08-30
2383;outfit.8afbb76916e14187b0bc9aaabbc2bd24;2021-09-07;2021-10-05
2383;outfit.f5cdd470173a4cbb913353aac985eebe;2021-10-05;2021-10-19
1586;outfit.d52f6e55c56a4d6ea952522543d06fbf;2021-07-13;2021-08-09
1586;outfit.2386f5b10f544de1a8f7a53a4b3bb92f;2021-07-13;2021-08-09
1998;outfit.896f0af4aaaa4d56a26ab9e37e94ad14;2023-08-18;2023-09-17
5144;outfit.e8df4af3451c46e5940238065ee6b401;2023-07-10;2023-08-09
3507;outfit.1829ff6232b04c84b6666a8d0542eaef;2023-07-18;2023-08-17
6907;outfit.9e20be28268142a1a6a917fe7ae1b237;2021-03-25;2021-05-31
55;outfit.12ca1b6aaefb46af8208fe008f3eb4e3;2022-01-03;2022-01-31
2831;outfit.aa1b06f3dfd54e28891be222f496c377;2022-06-27;2022-07-26
2831;outfit.c5b61903ca9849fe830fd86f7cb4da50;2022-06-27;2022-07-26
4130;outfit.9341a89b191cd49f;2023-04-01;2023-04-30
4501;outfit.d071fd1e083f4a08966866c856a0c5e8;2022-11-06;2022-12-05
5694;outfit.a38554cc5999458397c5f190f0f3c38d;2021-09-20;2021-10-08
3192;outfit.bc490bc7db204af498825badd2d59285;2021-12-17;2022-01-17
6907;outfit.54324ee259f749ef9e2cb2e22446a2e6;2020-10-30;2020-11-30
6907;outfit.db025960e5494378bd81a48377b0a1bc;2021-01-06;2021-02-01
6907;outfit.7f12d0cbd88d440f84b259599e625b69;2020-11-30;2021-01-06
6456;outfit.44c8e590e1df4f6ab23cf81b9ed39374;2023-12-22;2024-01-21
1586;outfit.24a7d36225b342cf82d965567b6052ca;2022-06-16;2022-07-15
996;outfit.a495750db2b745b3b257ff60a9aacc76;2023-08-15;2023-09-14
3094;outfit.c815d15af6ba46c580927f9bf81122f0;2021-01-06;2021-02-05
4175;outfit.148857ae81d84843ae1671986a4e145e;2023-06-14;2023-07-13
4175;outfit.1b1e586b3bb2432f91b4a2e15dc719e1;2023-06-14;2023-07-13
1840;outfit.c196ec5cc8e1441fb57f8a082a9caafe;2024-02-09;2024-03-08
1374;outfit.24204aa044c44df084bf383e731cc535;2020-11-05;2020-12-07
1374;outfit.fd816aa2311d45c78fd0ab2d663a177a;2020-11-05;2020-12-07
1374;outfit.8bfd655a8e4d2788;2020-11-05;2020-12-07
1374;outfit.c7f8c0ab1c36417eb3a7dea515d2a0e7;2020-11-05;2020-12-07
1336;outfit.cb29aca3f7be4551b07a9d1b02957e02;2024-01-22;2024-02-21
996;outfit.234ce093695f4773aba7287620cee9ca;2021-10-15;2021-11-08
996;outfit.be54589074780d08;2021-10-15;2021-11-08
6051;outfit.9e90ada207a84d58941638aa284a4827;2024-03-02;2024-04-01
1248;outfit.c5fa2da94b8a48ce893b4a3722f02cba;2023-09-12;2023-10-11
2168;outfit.2ea36f84cb12427686eed685f97f2a8f;2022-09-28;2022-10-27
6212;outfit.4be27307ae1c4611ad56aca101c8a6b4;2023-05-18;2023-06-17
6585;outfit.a743bd93e1a86501;2020-11-19;2020-12-21
6585;outfit.0dcd9f8fa95a4d81a7bb43df05668e4d;2020-12-21;2021-01-19
6585;outfit.578e1906d41f4a07adb102e0a0235b4e;2020-12-21;2021-01-19
6585;outfit.f5fb40c43d174f799509d01145b1ed1f;2020-11-19;2020-12-21
6585;outfit.9ec98510baa9411d905131e4377e154d;2020-12-21;2021-01-19
6585;outfit.7f44b4762bda4246a1aa7cd533047141;2020-12-21;2021-01-19
6585;outfit.8273c17c394043b8affdf5c04ee019ed;2020-12-21;2021-01-19
6585;outfit.484e1d365d5b4f91adff228b6e9204b8;2020-11-19;2020-12-21
6585;outfit.5c282a76e71b4edd81ab7579454a9de3;2020-11-19;2020-12-21
2040;outfit.dce1b27e6e5944c08b7253d1ebae5a60;2021-06-14;2021-08-16
3227;outfit.656d8c9767e2417d8fad467465515b5d;2022-03-16;2022-04-18
2681;outfit.aec255abd8714065996db11cc150f061;2021-11-02;2021-12-02
2681;outfit.ec471fe2ed734d1fa37ce1b2b0088619;2021-11-19;2021-12-20
6601;outfit.f6e0ac328eac45939027a5dbf9d8a086;2024-04-05;2024-05-04
6907;outfit.57d3d071648f425f900f33b203e013c8;2023-05-06;2023-06-05
1553;outfit.ade5433e25b54fbbb66a54f8fe113132;2021-09-21;2021-10-14
2815;outfit.2c4583bd98d748f29b7f7fb1cf6c43c4;2022-08-10;2022-09-09
2870;outfit.394609460a3549928924f3a0dc5a6e3d;2023-05-26;2023-06-25
454;outfit.b9e21535cf624b6eac04d3a9708f213b;2023-01-03;2023-02-02
3385;outfit.1ba117ad1dfc4db98e92536c9d6724fe;2021-12-22;2022-01-21
3385;outfit.6e5ff70fac6443cfa4cb2de5077ed77d;2021-11-22;2021-12-22
3385;outfit.02de6177cfea418b8530f218f554f369;2021-12-22;2022-01-21
6287;outfit.fc774521956e43c1b7b989272f5dca23;2019-10-09;2019-10-23
6287;outfit.9d15759d591e8fe7;2019-10-09;2019-10-31
6287;outfit.92bfe824eed24b63bca70a7df494b8d4;2019-10-16;2019-10-31
5778;outfit.a2883b9efb1b4eb889e269c98e09f661;2022-09-18;2022-10-17
910;outfit.65eca5cdd70349c19294a6d34bf69ef1;2020-09-28;2020-10-28
910;outfit.00fa8d1fd5804fe78ac284c2e0c28b4e;2020-09-28;2020-10-28
910;outfit.880e57b54f5e4f44b0b2e6ced12e8905;2020-09-28;2020-10-28
910;outfit.8ee54df25e43382d;2020-09-28;2020-10-28
6907;outfit.4b4a8f000a6b46d7a97df90ba4cd9874;2021-11-01;2021-11-30
6907;outfit.b8a404e6aad069ba;2021-10-01;2021-11-01
7411;outfit.8fbf386b8fef8664;2021-07-09;2021-08-13
2949;outfit.b3d31d76ede3d815;2021-11-02;2021-12-02
950;outfit.35331fbfbbe04b9ca3dfc1535cf148fc;2021-10-19;2021-11-08
950;outfit.4b20b3ccd3cd41fe98d0225f47276e2c;2021-12-21;2022-01-10
950;outfit.ec471fe2ed734d1fa37ce1b2b0088619;2021-09-13;2021-10-13
2076;outfit.3fb6cd2d1f454b85937d1540dcf212f0;2021-10-01;2021-11-01
2076;outfit.f853a75ce5624944895a17b2f615d138;2021-10-01;2021-11-01
5617;outfit.a02f335a26704f80a01232079d662ff4;2023-03-17;2023-04-16
6932;outfit.cb5a982c42784a9a834b5f15a47749b8;2021-04-16;2021-05-12
1987;outfit.34c4b585b0854a158c2b7e53478e3c00;2021-12-10;2022-01-07
490;outfit.aec654b43e55ed6d;2020-09-14;2020-10-14
490;outfit.13341577ef954838a87bf016b1501ebb;2020-09-14;2020-10-14
490;outfit.56663aaf60aa4b5c8267bed372c72677;2020-09-14;2020-10-14
6907;outfit.2ea36f84cb12427686eed685f97f2a8f;2024-05-06;2024-06-05
6907;outfit.81e52ba208d55e4d;2024-05-06;2024-06-05
6907;outfit.4d91614bd70b4799a861fe5ea43db494;2024-04-06;2024-05-05
6907;outfit.4d91614bd70b4799a861fe5ea43db494;2024-03-06;2024-04-05
470;outfit.b182478178d89162;2020-09-17;2020-10-19
470;outfit.4be27307ae1c4611ad56aca101c8a6b4;2020-09-17;2020-10-19
470;outfit.7df2526a1c3c4b10b3017e7935c30629;2020-09-17;2020-10-19
2205;outfit.a1efdc0d88774773957da6e703852211;2023-08-01;2023-08-31
1319;outfit.0f8c445a9a334c6984277bd96513a37f;2022-09-26;2022-10-25
7167;outfit.03f24a5a208f481eab99f81ff4742928;2020-10-12;2020-11-11
7167;outfit.91a30aff3ad0422ea63780d69b21adc8;2020-10-12;2020-11-11
1878;outfit.91d906d5cfcadc9b;2022-11-27;2022-12-26
2775;outfit.5b56622d721d4a359d14507923450d0f;2022-06-26;2022-07-25
2364;outfit.2766e5ad48a2427a898f60aaacf85622;2022-09-07;2022-10-06
1967;outfit.9df47f2be7324ffa9fe6cd184656a7ed;2021-10-08;2021-11-05
5398;outfit.0d0727d0c03f453495eaa85dc17d382d;2021-04-12;2021-05-12
5398;outfit.e169ea04d96140928a856fbab4821a60;2021-05-14;2021-06-14
1819;outfit.c08f7356b17643258f50b4cc3eb25fa6;2022-04-19;2022-05-18
5617;outfit.6e2a3eeffbf4433c9d6e5085d8c083f2;2023-07-17;2023-08-16
2290;outfit.d0c6cd30a1f146a8a1ae6f73b34a0103;2022-03-21;2022-04-22
2290;outfit.e98a6e485b1941d98e43c0e74cc6885b;2022-03-21;2022-04-22
7135;outfit.a5d5bfee852848c18596d844a3a9025e;2022-10-01;2022-10-31
7135;outfit.30c1385e9d714fa5b2000abce92e6c91;2022-08-01;2022-08-31
3458;outfit.82857c0f835c4c8b8fea971653673d20;2022-06-20;2022-08-19
6287;outfit.82ec1db640c48b3f;2019-10-15;2019-10-22
6287;outfit.f32718341e9443d8a36121a8913ff304;2019-10-10;2019-10-31
6287;outfit.0a3e76e31d4e4cb9b1033fc93787943e;2019-10-10;2019-10-24
6287;outfit.25c93e08d9064a1c85d877bf4157a626;2019-10-16;2019-10-22
560;outfit.5a4fb1545a1448fb970821a7bcb8c581;2022-04-22;2022-05-21
2759;outfit.fd709e5fcf3c44569fcc59edf75d4193;2022-10-26;2022-11-25
6875;outfit.21474001bd3e48a19da3a75c2f3819fa;2024-01-06;2024-02-05
6875;outfit.23596174e2b1478385adda8f5f48416f;2024-05-06;2024-06-05
1784;outfit.f062df328d7842e4bc5b0c41e309393b;2023-10-18;2023-11-17
3320;outfit.372a132f8fe4463f8fdb8d7a8b3f5206;2024-02-09;2024-03-08
2812;outfit.d720fa6c17bf4c688054cbda17336d6c;2023-01-21;2023-02-20
4985;outfit.ac3e4eefb550471989769e1e4d1683d1;2021-04-30;2021-05-31
3320;outfit.ab5f8f08a7379c5f;2022-10-09;2022-11-08
3669;outfit.a5650c1bada909fd;2023-03-24;2023-04-23
3041;outfit.d6241a805f5e4108abfbdbc9f58fcb23;2023-12-06;2024-01-05
3041;outfit.e0f170b8b51f4ae4a7e00047b9ea8d79;2023-09-06;2023-10-05
6875;outfit.6dea8453a7dd4701830624eeea14bf9b;2023-10-06;2023-11-05
416;outfit.b24fc57f02ac4e4c9061761ca18d9d3c;2020-09-03;2020-10-05
416;outfit.fd816aa2311d45c78fd0ab2d663a177a;2020-09-03;2020-10-05
416;outfit.293b6f34465a4a28abffbfc87ad78849;2020-09-03;2020-10-05
6557;outfit.a38554cc5999458397c5f190f0f3c38d;2023-10-17;2023-11-16
4464;outfit.851c21ffa4468a82;2024-03-19;2024-04-18
4355;outfit.29a0d66e916c4bc690cf393bcea980e4;2023-01-10;2023-02-09
4355;outfit.bc2d17659e8b4d6b8bae2675b1c9dcd9;2022-12-10;2023-01-09
4355;outfit.fc14b8a036fa4ac196b9160b9b1fe0d2;2022-12-10;2023-01-09
3094;outfit.be3e7c4ec5718d36;2021-04-30;2021-05-25
5695;outfit.4c8d6c10b08440fcb06d8893d705124b;2021-03-04;2021-04-05
4209;outfit.625293137dad4142a7558c88b74e3644;2022-01-14;2022-02-14
4209;outfit.8f892d2a86a7024f;2022-01-14;2022-02-14
3924;outfit.dcf9da47ee4e4bd994d4faa2aaadb321;2022-04-30;2022-05-30
2273;outfit.992bf5adcd39d953;2022-05-18;2022-06-17
1526;outfit.7d9ffbf078f34b06af2f4a2765005db6;2022-02-18;2022-03-17
1526;outfit.3261057a0eba46f687d41af05ddee170;2022-02-18;2022-03-17
4818;outfit.519b363c010c4157a561e58cf3cd8c07;2023-01-27;2023-02-26
7244;outfit.8688e9d35c0dba13;2020-11-30;2020-12-30
7244;outfit.78392fa87e224d719c89da109d9e263f;2021-04-30;2021-05-28
2492;outfit.b09e135ba34c46daaf3a5495dcec6e83;2024-01-23;2024-02-22
2492;outfit.992bf5adcd39d953;2023-12-23;2024-01-22
3094;outfit.4431d4e34e6a4c0fba43aa50395893f7;2021-07-07;2021-08-03
3094;outfit.e18310c477cb4fa38cd9ba31e9997c4f;2021-07-07;2021-08-03
3312;outfit.3a5aeafe771d488f84bc18af5db17114;2020-11-06;2020-12-07
3312;outfit.de1b2d84d80341d2bcc0adcd5ce60af4;2020-11-06;2020-12-07
3312;outfit.05164954243a4c5cac4930572105ed27;2020-11-06;2020-12-07
3312;outfit.7bf81ddabaf04521afae88cc4b70ef8f;2020-11-06;2020-12-07
3312;outfit.c0dd5faf2a294aa09fd7a39dc7a313bd;2020-11-06;2020-12-07
1809;outfit.0e79f46fd9f344bdb7c714ffce9e98aa;2022-09-20;2022-10-19
3192;outfit.48cf5d6579da4369b03b1f04719b322a;2021-06-16;2021-07-16
4624;outfit.0ca44af5dc0d4bfb8cb409023716c0a5;2021-06-07;2021-07-05
4624;outfit.9acd6a788f014e9b81fb32f2c97f53d8;2021-06-07;2021-07-05
4624;outfit.b25f7c6a65a2459c8819de57f27a2684;2021-06-07;2021-07-05
6046;outfit.4688b412bce3457a9c1727fd38ab4a06;2022-08-06;2022-09-05
4696;outfit.8302402a6e8e8e8c;2023-03-07;2023-04-06
4696;outfit.1dd897589a5148198aea6c403d613063;2023-03-07;2023-04-06
5236;outfit.1ba117ad1dfc4db98e92536c9d6724fe;2023-01-04;2023-02-03
757;outfit.30d1aee07a924c969deb23980fe0949b;2022-02-09;2022-03-07
757;outfit.9ce064a4d8b5b825;2022-03-07;2022-04-04
4020;outfit.0533ed8c59ce4cf29172f502a3a93a91;2021-08-02;2021-09-02
3924;outfit.c35c73041785478d8b7bff3ba75797eb;2022-01-31;2022-02-27
5694;outfit.925c69db26f6bbae;2020-03-09;2020-04-17
5694;outfit.d720fa6c17bf4c688054cbda17336d6c;2020-03-09;2020-04-04
5694;outfit.e96d2e7204fb4c1ea24fe71b3f967e0c;2020-04-03;2020-05-04
5694;outfit.3b756132543a45d4a94b9bebb0aaebfb;2020-03-09;2020-06-05
996;outfit.9e3bea6a01d94e03a43bfefac24422e4;2022-02-25;2022-03-17
6907;outfit.915272dd8393bc1d;2022-04-01;2022-05-02
6907;outfit.65bf9afca9c94299a8ea0b0b8fc4e03f;2021-05-03;2021-05-31
4564;outfit.379ed2da3cb6428c9c9402855dfd61f8;2022-04-17;2022-05-16
5657;outfit.2c789fb5fc554dbd8dd86e423e809ff4;2022-11-26;2022-12-25
2131;outfit.1233866861b14f0bb1e9116e90d9a492;2022-03-16;2022-04-15
2131;outfit.0d19e03cbaa04339bd57439d7c22ec6c;2022-05-16;2022-06-15
2576;outfit.d0c6cd30a1f146a8a1ae6f73b34a0103;2022-05-23;2022-06-22
5615;outfit.3037fa72ade7482e8c13863bc447c11c;2024-05-03;2024-06-02
2812;outfit.c71e9a58962a404b9d6c8df867b4b392;2023-08-21;2023-09-20
2812;outfit.978b0bd3e4cb9afa;2023-04-21;2023-05-20
2812;outfit.164ec220792945e99be76a1f7291a9b8;2023-03-21;2023-04-20
2812;outfit.47ffcece5f244f9a9cf888f7f6d16e29;2023-08-21;2023-09-20
1138;outfit.0b721ca6ffdd489d91fa63f960ca64ec;2023-02-17;2023-03-16
1138;outfit.e963fb24badd417282a3db209349346c;2023-02-17;2023-03-16
7411;outfit.b09e135ba34c46daaf3a5495dcec6e83;2020-08-31;2020-09-30
7411;outfit.b1adfc4204c602e5;2020-09-30;2020-10-30
7411;outfit.29c4a457231a489cbffecc33717d3c5b;2020-09-16;2020-10-05
7280;outfit.8cab85b45b23bfec;2023-10-08;2023-11-07
5490;outfit.8831dbbc9ac4aecc;2022-12-30;2023-01-29
3267;outfit.0f545b5ba1274c66b2896afdcc48c5d9;2020-11-20;2020-12-21
3267;outfit.bcfda2c04c124f0084c43aa7169c640c;2020-11-20;2020-12-21
5760;outfit.8273c17c394043b8affdf5c04ee019ed;2022-05-05;2022-06-04
4193;outfit.3f65ab1185ed4b06a4feab44d8fdc748;2023-07-09;2023-09-08
1840;outfit.80d81410fa5f0ae4;2021-12-06;2022-01-06
3577;outfit.c5b61903ca9849fe830fd86f7cb4da50;2023-03-16;2023-04-15
757;outfit.ce53377b121b4648abc0a3c97e58bff1;2022-05-08;2022-06-07
1591;outfit.ae77f7b917ff4730a2300bf43f24735e;2022-06-04;2022-07-03
1591;outfit.43d5741ca13a453bb378172945b47fc8;2022-08-04;2022-09-03
1591;outfit.e0a3899c698544c4bf205f2a6eae496c;2022-05-04;2022-06-03
7070;outfit.95cf185dc27fb18b;2022-07-04;2022-08-03
7070;outfit.a388427605b34a2ab0e19304e54facc6;2022-09-04;2022-10-03
7070;outfit.f82bfbc5af1c4997956e63f92ea51907;2022-10-04;2022-11-03
7070;outfit.ddb15f8dac0c4e03a7c88805a98cfcc8;2022-08-04;2022-09-03
4170;outfit.9bb6cde5e7d143db8e60793ec409d58b;2021-12-03;2022-01-03
4170;outfit.005123277cc440ffbac2d52252cfcac1;2021-12-03;2022-01-03
2619;outfit.95cf185dc27fb18b;2024-04-28;2024-05-27
3227;outfit.03d688ca88f84e89aeb31592d6394247;2022-06-26;2022-07-25
6310;outfit.bd37bc0ed1857fb5;2022-09-07;2022-10-06
948;outfit.89b7c4936135cfb5;2022-09-03;2022-10-02
1831;outfit.9ce064a4d8b5b825;2023-11-18;2023-12-17
1831;outfit.3cd520846acc415fa68f1a7d6f1b7cee;2023-12-18;2024-01-17
1447;outfit.a3b797e5d17543b8a0a1f6d2b5112ce6;2023-01-02;2023-02-01
7400;outfit.1a05c2e6ba8c4de28923f683bef9c1ae;2021-05-14;2021-06-07
7400;outfit.b5efe9b9e6104f0796fe1adc5650e75d;2021-05-14;2021-06-14
6786;outfit.3230795e6aed435ab96c8fcf5e56fd08;2023-11-05;2023-12-04
361;outfit.8619bf33395941ca8a9e98931e1462ff;2022-04-23;2022-05-22
361;outfit.305bde2827b34ff192d1271ddb0e50bb;2022-04-23;2022-05-22
1412;outfit.ada989bbc2322203;2021-04-07;2021-05-07
1412;outfit.b1adfc4204c602e5;2021-04-07;2021-05-07
902;outfit.d1404a07cbda4bf68dd8d57cb0e32207;2022-10-17;2022-11-16
902;outfit.5e900f895ba8488db2bf88c9371a9b64;2022-05-22;2022-06-21
902;outfit.9f7434145481442191419433bd1aa953;2022-07-22;2022-08-21
680;outfit.4b2a9c705f844b229cb293ba66c8ddf5;2022-03-12;2022-04-11
5490;outfit.67a41f76b1dc4cffb6da5e9257d5910b;2022-04-30;2022-05-29
4834;outfit.8632cef7c2524f1ea8f213f5398eb754;2021-09-29;2021-10-29
4834;outfit.a022100a2a964f4d9b262749de0b15d4;2021-09-29;2021-10-29
4810;outfit.756079160a3e402d87df01062ec3b941;2022-09-27;2022-10-26
222;outfit.8ed6e4fedeb67e87;2024-01-21;2024-02-20
4558;outfit.75fd35081c884af28940d854e0a8c67f;2020-08-07;2020-09-07
6519;outfit.173b6b1204df4f128bcbdd843d91351e;2021-08-20;2021-09-20
6519;outfit.a273058ddb56de19;2021-08-20;2021-09-20
6981;outfit.e963fb24badd417282a3db209349346c;2020-11-04;2020-12-04
6981;outfit.25ff5e5ef4b541d79324a66515f1d89a;2020-11-02;2020-11-30
3189;outfit.61a93a8506024e779db658f842e26625;2021-11-02;2021-12-01
5303;outfit.61a93a8506024e779db658f842e26625;2024-02-17;2024-03-16
3343;outfit.29d43c48eee84539b3e1597c9cd55194;2022-11-15;2022-12-14
3821;outfit.a5a7231c342d45cca35cf536be58d63e;2021-11-23;2022-01-03
3821;outfit.80333429732852d4;2021-11-23;2021-12-07
4067;outfit.24c32dd0323c4873949167fe0d1db421;2023-04-27;2023-05-26
4067;outfit.98eebea274f23dd6;2023-05-27;2023-06-26
5852;outfit.9387d05b47f906c5;2021-07-13;2021-08-13
5852;outfit.b9c0bbd563524653;2021-07-13;2021-08-13
5852;outfit.924f4c42857340e68e7e874fcd5c6775;2021-07-13;2021-08-13
6212;outfit.cd92590952d54e1d8b3bec0bbecb901b;2021-12-17;2022-01-17
215;outfit.aa1e25055ec79871;2021-02-01;2021-03-01
215;outfit.bee0a33c3c774ae7b6eef6d298250ae4;2021-03-01;2021-04-01
215;outfit.17996f09f2a84c078a7b0bd718bcddd6;2021-02-01;2021-03-01
215;outfit.e965f8f929a345ecab825313cd4b3f24;2021-03-01;2021-04-01
215;outfit.32bbe20e948d4839b63aa0f4b540b466;2021-04-06;2021-05-03
215;outfit.7df2526a1c3c4b10b3017e7935c30629;2021-02-01;2021-03-01
215;outfit.8b5234b3619cf5fb;2021-04-06;2021-05-03
414;outfit.0ea2ed06e62c495195f67005f3057721;2023-07-23;2023-08-22
5059;outfit.e9e6ef522291496dacaad16160c8a8f2;2022-07-21;2022-08-20
272;outfit.925b3a37354592ef;2022-12-15;2023-01-14
6011;outfit.c05f7a4778004af4b50ca321d248f1e9;2023-05-01;2023-05-31
4461;outfit.84cfd784c9dd4ad6;2021-12-03;2021-12-06
4461;outfit.22c011b90cf34e56a9613321cd35514b;2021-12-03;2021-12-06
4461;outfit.7d69ae2f5dc641bca0eed4b1dfc17ac8;2021-12-03;2021-12-06
1374;outfit.8a6d7780e2644bbfaa7695900a8266dd;2021-05-05;2021-06-07
1374;outfit.326753f766be46ea82c771b041c4dd32;2021-05-05;2021-06-07
1374;outfit.944efade730744e38b3b678dae890f98;2021-05-05;2021-06-07
1987;outfit.ad0e0bb9c3ab3cb3;2021-10-11;2022-01-03
1987;outfit.d3972ad336174608b061e6224cb1fad4;2022-01-24;2022-02-24
5144;outfit.e89fab0bbc574d6c89242ff808d537e6;2022-12-10;2023-01-09
5144;outfit.9653e8c2cb5f44eeb2a9015e4b11c162;2022-12-10;2023-01-09
3094;outfit.d26a681dbdd54f448ef373de80e065d6;2023-05-26;2023-06-25
1248;outfit.1cb90c4ef4cd4941913e9ab5a095b0d8;2020-10-14;2020-11-03
1248;outfit.69000b1e14de4f0fa3ab832be40c6f04;2020-10-14;2020-11-03
7247;outfit.4024086987064c41b6bd30c6871358ac;2023-04-09;2023-05-08
416;outfit.ef9f4ad754194793ab95e6c30f5606ae;2020-11-04;2020-12-04
7244;outfit.892c3befd668414cabc0bda22c3f48ff;2022-02-25;2022-03-25
7244;outfit.24204aa044c44df084bf383e731cc535;2022-02-25;2022-03-25
4463;outfit.cb29aca3f7be4551b07a9d1b02957e02;2023-07-22;2023-08-21
6591;outfit.b4e582b38a10f6bf;2023-11-09;2023-12-08
4696;outfit.77441845458641bcb87eb64f10b76c12;2022-09-07;2022-10-06
4175;outfit.63bcf26d934447e1aa4d53214cef7d4f;2022-07-14;2022-08-13
6284;outfit.d14ca830a51d455ca672e1f11d4554d4;2022-08-17;2022-09-16
675;outfit.96d41e4ecb154101be678d4302a266ba;2023-04-02;2023-05-01
5615;outfit.d14ca830a51d455ca672e1f11d4554d4;2024-02-03;2024-03-02
2788;outfit.9ec98510baa9411d905131e4377e154d;2022-06-09;2022-07-08
2788;outfit.a0a46d933783476c9109aafdeeeb550e;2022-05-09;2022-06-08
2788;outfit.d6241a805f5e4108abfbdbc9f58fcb23;2022-05-09;2022-06-08
1544;outfit.466afa76adb144b7ad004be6382cfc54;2022-09-30;2022-10-29
2475;outfit.30c1385e9d714fa5b2000abce92e6c91;2021-09-24;2021-10-22
6118;outfit.b45f71cef3bf96b3;2019-10-12;2019-10-26
6118;outfit.2d7ae0bf1f84410fa230df577c9ead8a;2019-10-14;2019-10-23
6118;outfit.3ce016303b474839a95f7375cf891639;2019-10-14;2019-10-26
2617;outfit.75f72fc891604734a37a5ab96b006367;2022-02-21;2022-03-21
5330;outfit.a5a7231c342d45cca35cf536be58d63e;2022-02-13;2022-03-12
3189;outfit.012a4c0079984d719f3f2626bb60b374;2022-10-24;2022-11-23
1518;outfit.268878c3e3e24d98bbc6e9770e2eb44c;2023-02-28;2023-03-29
1354;outfit.49c64ac752d4452886a0f505007df0fd;2023-11-06;2023-12-05
1354;outfit.3dac69d72aed4d1ca4fc6bcff6b7cd4f;2023-11-06;2023-12-05
4258;outfit.13341577ef954838a87bf016b1501ebb;2022-08-13;2022-09-12
6650;outfit.ab93c31e243d4d19b90ca72c4ae17e25;2023-06-01;2023-06-30
5336;outfit.a8544eb2962547d1bb80da530b4c377a;2023-10-12;2023-11-11
5615;outfit.b619b14568c94d46ac314ae0983703bd;2024-04-03;2024-05-02
384;outfit.5d2d7dca81534a789407bce8180af049;2022-12-10;2023-01-09
2556;outfit.89954cb83fe420c2;2021-08-02;2021-09-02
2102;outfit.ae538ccb6bf14a858b0f66458e592872;2023-01-18;2023-02-17
3510;outfit.bdf0b714576b2118;2022-12-28;2023-01-27
4960;outfit.13ed9e9168f247308641b61eb258a756;2022-06-09;2022-07-08
2534;outfit.8cab85b45b23bfec;2021-10-12;2021-11-12
4651;outfit.df13ea56a17d4fad9fca92caa307b02c;2021-06-10;2021-07-01
6298;outfit.d61bd06b8b28429abe50d3f42eb685e0;2021-08-20;2021-09-20
4463;outfit.5eca705d63054d639d39074a939b25a4;2023-07-22;2023-08-21
3749;outfit.29d43c48eee84539b3e1597c9cd55194;2021-03-23;2021-04-23
6526;outfit.aa76777d3b9d4073a342e2093e4ea1e2;2024-02-09;2024-03-08
6526;outfit.aa76777d3b9d4073a342e2093e4ea1e2;2024-01-09;2024-02-08
384;outfit.bb1024860d8f559e;2022-11-10;2022-12-09
2088;outfit.abce86c0d08341ed96a999cb4425d840;2021-08-24;2021-09-24
5314;outfit.4c8d6c10b08440fcb06d8893d705124b;2022-05-07;2022-06-06
2329;outfit.138c6d460dc14dd4a223e9f2a484ad6d;2022-09-22;2022-10-21
2329;outfit.25ff5e5ef4b541d79324a66515f1d89a;2022-09-22;2022-10-21
1248;outfit.03162ec177a444ba847e97fe64db5ff9;2022-07-12;2022-08-11
1248;outfit.07dcb037d0ed4eea9bf29230e6f2abec;2022-07-12;2022-08-11
1248;outfit.1243dceca4be4ad99c5a651708f6d041;2022-07-12;2022-08-11
3094;outfit.676f2b8ab3894ff293c0fbd62398bc05;2021-11-03;2021-11-30
3533;outfit.3c0da42b00f94123aad9c641ff5073ad;2021-06-04;2021-07-02
3533;outfit.4ca0964f8f604f42b71268c44e41db7d;2021-07-02;2021-07-30
3533;outfit.8154323d7dae46d3b98fb5e85b96a41a;2021-07-02;2021-07-30
1412;outfit.048fe7f87ee34a4095f2141bd51e3b80;2022-04-07;2022-05-09
1382;outfit.eae8d66566254901a5401b8c38b4d608;2020-09-23;2020-11-09
6604;outfit.ddd870ed06d64892af526d056b438894;2020-08-24;2020-09-24
1784;outfit.1ef0bbcac4054678bea5622eec91880a;2021-07-09;2021-08-09
6936;outfit.24204aa044c44df084bf383e731cc535;2021-09-22;2021-11-01
266;outfit.bf8385f15d6d468880c5e654f7599cf1;2024-03-29;2024-04-28
3291;outfit.9f58acfe6b554e4ca880e378aa7e8e56;2023-04-28;2023-05-27
4834;outfit.030be8f1ab0549db86e542e2ad08a5b2;2022-04-29;2022-05-30
5778;outfit.d3ca7df0bdfc41fa91877417e2eb8315;2022-03-18;2022-04-17
1716;outfit.e7f85074d17849e8acb4fa1eaa62bcf0;2021-08-06;2021-09-03
1716;outfit.5e119d066b62498491b2919f0453d803;2021-08-06;2021-09-03
3227;outfit.900dd323358401b1;2021-12-27;2022-01-24
2290;outfit.5242edab1a064713b3c92f329d51b514;2022-04-27;2022-05-26
3385;outfit.9aa24eb08db9447da1e6f285b151b357;2022-01-21;2022-02-21
932;outfit.ac93e6bc39c341dd9592de80ee57e522;2022-07-31;2022-08-30
5342;outfit.5b99177128de4ffbbdf6b5255d411f15;2022-07-01;2022-07-31
5224;outfit.70bfcd7059a248ba9b8337bad5ce56fa;2021-12-31;2022-01-31
5314;outfit.d6789556754c4ce084d2fc7c354ae23d;2022-06-07;2022-07-06
6786;outfit.3fb6cd2d1f454b85937d1540dcf212f0;2023-11-05;2023-12-04
5645;outfit.7e3fe1b3b1dc45909d172224682a28f1;2021-10-18;2021-11-18
1987;outfit.4e1793f5fd25419aa50f8373c40e5a0a;2021-11-11;2021-12-10
4627;outfit.226376c162234c77ac8d2df07b262caa;2022-01-23;2022-02-22
2364;outfit.a94fbc2c00c0d099;2021-12-27;2022-01-27
2534;outfit.7ae84d76f8634068b358e5f723942fa0;2021-11-12;2021-12-13
6380;outfit.394609460a3549928924f3a0dc5a6e3d;2023-11-16;2023-12-15
6380;outfit.3984754756394c3e95ade4b2080508c6;2023-10-16;2023-11-15
6380;outfit.b619b14568c94d46ac314ae0983703bd;2024-01-16;2024-02-15
6380;outfit.90913fe41f7b45abb3ec29e857df6352;2023-11-16;2023-12-15
6380;outfit.f102748bf7fe46a2a9a3eb170410b6bb;2023-12-16;2024-01-15
6380;outfit.3c0e2b952c024f85b23f3db26403df81;2024-01-16;2024-02-15
6380;outfit.1b3e2ad0256b4c839afe49dcfcd50b40;2024-02-16;2024-03-15
6380;outfit.d0c649c31ecc49a18d0cf19d7270073c;2024-01-16;2024-02-15
5694;outfit.c563800deaac4b8c93de7689b707c71c;2021-12-01;2022-01-03
1840;outfit.2c789fb5fc554dbd8dd86e423e809ff4;2021-08-05;2021-09-06
1840;outfit.a294399ed5bfba8f;2021-11-05;2021-12-06
139;outfit.38572c7dec3b4460bf36ade1d517ce20;2022-08-16;2022-10-15
6526;outfit.1f495bf827154439abaeefcbd92449bc;2022-07-09;2022-08-08
6526;outfit.7ca0d67e06f7491f926b46e7fbdbd32c;2022-07-09;2022-08-08
6526;outfit.ae922e922588454591edca7cabf0db48;2022-08-09;2022-09-08
2759;outfit.f3067ef490224ffba4c9a8b16458c624;2021-12-03;2022-01-03
2759;outfit.f853a75ce5624944895a17b2f615d138;2021-12-03;2022-01-03
5224;outfit.70b441e6ee444f86a12921f85e5c2002;2022-09-01;2022-09-30
5224;outfit.a4699b3b33b4d99c;2022-10-01;2022-10-31
2364;outfit.6b8d0d5720af4e33af8dff7afe7b0ed3;2021-08-27;2021-09-27
2364;outfit.8ad0bb9029424a069f82d58c44b0d7fa;2021-08-27;2021-09-27
5617;outfit.be54589074780d08;2022-10-17;2022-11-16
2076;outfit.ddb15f8dac0c4e03a7c88805a98cfcc8;2021-09-01;2021-10-01
2076;outfit.d8cabdaf5af9426dad953821aefb0ba8;2021-09-01;2021-10-01
6940;outfit.f102748bf7fe46a2a9a3eb170410b6bb;2023-05-08;2023-06-07
5490;outfit.a824c0030f59545a;2022-10-30;2022-11-29
6402;outfit.03929cbe49e34b99bdd077380cc8d731;2022-10-20;2022-11-19
6402;outfit.880e71e3568b6812;2022-10-20;2022-11-19
3624;outfit.a9cd4913d4d043c1803b8f7dec42d143;2022-09-28;2022-10-27
3624;outfit.3c0da42b00f94123aad9c641ff5073ad;2022-09-28;2022-10-27
3147;outfit.70b441e6ee444f86a12921f85e5c2002;2023-04-07;2023-05-06
4979;outfit.2bb91a54c63d4f72a11a6ad7a00b35cf;2022-01-03;2022-02-28
2675;outfit.8459e55ea3800598;2022-12-11;2023-02-10
7110;outfit.9387d05b47f906c5;2023-09-29;2023-10-28
6;outfit.97228689c245bc79;2022-01-21;2022-02-28
6318;outfit.379ed2da3cb6428c9c9402855dfd61f8;2020-10-20;2020-11-16
6318;outfit.d2affda3780840e8bab443abbd2e5478;2020-10-20;2020-11-17
6318;outfit.337f6a0507d640eb8561d28d58cf2f65;2020-10-20;2020-11-16
6965;outfit.ae3c94e801eb4aebb7c3714ec981521c;2021-01-25;2021-02-25
6965;outfit.9fbe0c9462e44696a73f5ffa75215ec0;2021-01-25;2021-02-25
7366;outfit.b0d5835cfb6f4f918690a79fd842e7a6;2022-10-25;2022-11-24
904;outfit.987e9a7da88098db;2023-02-06;2023-03-05
2217;outfit.87fb9fcfccd243e6b5ae92991f5c9d49;2020-10-05;2020-11-04
6988;outfit.b5812826d5eb41f39aa282e64b91ebb6;2023-04-19;2023-05-18
6988;outfit.57e0110f769d47ea863ebea78235fd23;2023-04-19;2023-05-18
3669;outfit.3bf44cf3a9d8493eb057521c2f3e88e2;2023-09-24;2023-10-23
6817;outfit.10702960934e47ca8b83d90cb167b470;2023-01-23;2023-02-22
500;outfit.96520672b1fc4ebdb9bd3b431609192c;2022-04-05;2022-05-04
500;outfit.21474001bd3e48a19da3a75c2f3819fa;2022-04-05;2022-05-04
2619;outfit.f1a25e8f1def4f2fa805aefcbb91bb62;2024-01-28;2024-02-27
2205;outfit.af879b315e9e04fc;2020-08-17;2020-09-14
2205;outfit.81e52ba208d55e4d;2020-08-17;2020-09-14
2205;outfit.7d273c5424a34a9cb3217beeed7070d4;2020-08-17;2020-09-14
5760;outfit.3fb6cd2d1f454b85937d1540dcf212f0;2023-06-05;2023-07-04
5760;outfit.cf321774b9de4035802e1829303fd3da;2023-06-05;2023-07-04
6073;outfit.beb5bb1ab69c3993;2020-08-07;2020-09-07
6073;outfit.031a15e68a354f8cbe8f65c45da3f231;2020-08-07;2020-09-07
6073;outfit.f02905d4e5ac4f7e8d6e47288d92c154;2020-08-07;2020-09-07
5118;outfit.b6596a2ff7a748f3b9a67ac54db28b96;2020-09-21;2020-10-21
5118;outfit.7cc254ca61fd49189825e315d9507a3d;2020-09-21;2020-10-21
5118;outfit.15cfb487c7524654901872cba89af2bc;2020-09-21;2020-10-21
1586;outfit.cc03f27af19f42a483a2f03ad997279d;2023-11-16;2023-12-15
675;outfit.13e5c6482ae340a696f30c156512408b;2022-01-10;2022-01-28
572;outfit.e96d2e7204fb4c1ea24fe71b3f967e0c;2021-04-09;2021-05-04
572;outfit.93d7a4479c7f446b80995278ada5874b;2021-04-09;2021-05-04
1706;outfit.8bbfae6c08924fb2aafcf709665906a9;2022-05-18;2022-06-17
2088;outfit.3261057a0eba46f687d41af05ddee170;2021-05-12;2021-06-14
2088;outfit.945c07b5abe74714bf79b94a7b9a9383;2021-05-12;2021-06-14
5100;outfit.866385e680f6475e8b2899e2bc30a1fe;2022-04-17;2022-05-16
5100;outfit.5a7e3301a60341d0957331a181335cff;2022-04-17;2022-05-16
1505;outfit.3ccefaac1825408c82d9980a3ea5964a;2022-04-13;2022-05-12
1505;outfit.a7b955473f2248a8a818455cb08c9e79;2022-04-13;2022-05-12
2040;outfit.43d27be4c064485697d6e4496f66576c;2020-11-30;2021-01-06
2040;outfit.cafdca5ad56a4f6ea824cc20fab5b5ae;2020-11-30;2021-01-06
2040;outfit.81c2ee9d12b442ecbad61d22061364f3;2020-11-30;2021-01-06
2040;outfit.f1a25e8f1def4f2fa805aefcbb91bb62;2020-11-30;2021-01-06
2040;outfit.34d7be74e161460bab8864520cacbfc6;2020-11-02;2020-11-30
2040;outfit.ef9f1336091444cfb75dc29538ecbec9;2020-11-30;2021-01-06
3192;outfit.62d7da11abfd412185d3323c4ea67939;2021-01-18;2021-02-16
1386;outfit.ea4cdef4b083408eb9410d077f9c929b;2022-06-05;2022-07-04
4318;outfit.817cf154a066e6e0;2022-04-05;2022-05-04
4318;outfit.9739950a93f6aa90;2022-04-05;2022-05-04
4318;outfit.f194f8a84147453cbd660e148942e1e6;2022-04-05;2022-05-04
6734;outfit.67309f8f5e3b4376a7007b9046c6117d;2022-10-10;2022-11-09
92;outfit.8a9297abf702469b88dcdb1ce6cd35bd;2024-04-08;2024-05-07
92;outfit.aca18f7f7df3a642;2024-04-08;2024-05-07
2617;outfit.25cf652454ab4f9fa1b636cbd555cfa6;2022-01-20;2022-02-21
3147;outfit.a3546e9a63f72521;2023-04-07;2023-05-06
5615;outfit.f14e9c44441c4a5ca2e109af309be3ce;2023-09-03;2023-10-02
2759;outfit.abe970f711444589b6ce9e81bf35615d;2022-08-26;2022-09-25
454;outfit.542f3e3ae20d42bea4c81a418f7adb7b;2022-05-03;2022-06-02
454;outfit.30d1aee07a924c969deb23980fe0949b;2022-05-03;2022-06-02
454;outfit.4b20b3ccd3cd41fe98d0225f47276e2c;2022-05-03;2022-06-02
454;outfit.31c45f9a261b4631b76a98158841b8ff;2022-05-03;2022-06-02
454;outfit.0654b5aaef694f20ace802009972a59e;2022-06-03;2022-07-02
4960;outfit.989e3eb7e1be092f;2021-12-08;2022-01-07
2519;outfit.b24fc57f02ac4e4c9061761ca18d9d3c;2020-09-17;2020-10-16
2519;outfit.ed9017ac844a486fac95996bcc5b4b84;2020-11-17;2020-12-17
5695;outfit.80820b9138cd4205885caaa0a65dd6a4;2021-04-05;2021-05-05
5695;outfit.1c195032518b4aba942f6b4fb6ae4690;2021-03-04;2021-04-05
6456;outfit.8046647faecd43129ae560e955ebc8e5;2023-07-22;2023-08-21
6447;outfit.8302402a6e8e8e8c;2021-12-23;2022-01-25
4589;outfit.b664277c6745400cacfd4ea7b2fb4ef9;2021-06-18;2021-07-15
1248;outfit.0ed1568a6b6545e4932bee98c84aa544;2021-09-13;2021-10-13
6601;outfit.e3beae7266754b369fb289ece8c757ba;2024-01-05;2024-02-04
6601;outfit.76e513e7ba654a648bf90044a81b3926;2023-11-05;2023-12-04
5593;outfit.8e0be7c7028e4b8f8a6f69a1f0192d2b;2022-02-01;2022-02-28
5593;outfit.95736bee85ac4163ad8a60e8e6a0ddf5;2022-02-01;2022-02-28
5593;outfit.ddb15f8dac0c4e03a7c88805a98cfcc8;2022-02-01;2022-02-28
5593;outfit.b619b14568c94d46ac314ae0983703bd;2022-02-01;2022-02-28
5593;outfit.bf5d4348f69b718f;2022-02-01;2022-02-28
454;outfit.30d1aee07a924c969deb23980fe0949b;2023-04-03;2023-05-02
502;outfit.bfad6e38299544e991b1c5f0d92073f6;2023-02-19;2023-03-18
502;outfit.abe970f711444589b6ce9e81bf35615d;2023-01-19;2023-02-18
4899;outfit.0b721ca6ffdd489d91fa63f960ca64ec;2020-11-16;2020-12-14
4899;outfit.38ef91e51ef14bb19df9094a40bcb7f7;2020-11-16;2020-12-14
4899;outfit.55e47b50f0dc4852a5784fffafa63488;2020-11-16;2020-12-14
6118;outfit.a1b5b9335a89a082;2019-11-29;2019-12-02
6118;outfit.5a7e3301a60341d0957331a181335cff;2019-11-07;2019-11-18
6118;outfit.40a0759f9fee458ea303ea8d1ef61a74;2019-11-07;2019-11-18
6118;outfit.35331fbfbbe04b9ca3dfc1535cf148fc;2019-11-29;2019-12-02
6118;outfit.41aa40088a25428985b642adaf4e7d84;2019-11-07;2019-11-18
4810;outfit.ab93c31e243d4d19b90ca72c4ae17e25;2023-05-27;2023-06-26
272;outfit.09a274c103524f30bd8e3fcc3cbab7c1;2022-09-15;2022-10-14
4149;outfit.2b9a47fa00e642a1ba23dae6a67ae88c;2021-05-11;2021-06-11
4149;outfit.01601322d21a422fbc2db49c7866e264;2021-06-11;2021-07-12
4149;outfit.57729471dc4a42fc8ebf94a2741b54ac;2021-06-11;2021-07-12
4149;outfit.15c97a5fde81407f8cd5be88a178efdc;2021-05-11;2021-06-11
1626;outfit.93d7a4479c7f446b80995278ada5874b;2022-01-28;2022-02-28
5891;outfit.03d688ca88f84e89aeb31592d6394247;2021-09-03;2021-10-04
5891;outfit.d4a659e844e64b399669fe54284c3595;2021-09-03;2021-10-04
2573;outfit.993dfa12c54fc46f;2021-04-06;2021-05-05
2573;outfit.837d79eeae2a466cab88d515bd1aa409;2021-04-06;2021-05-05
1481;outfit.01601322d21a422fbc2db49c7866e264;2021-08-16;2021-09-15
5379;outfit.3b49ff8bbdf2444a83abcdc0fbb45f01;2022-12-16;2023-01-15
5379;outfit.f6eec8c3af9e43228f79ed7b49dd4633;2022-12-16;2023-01-15
5224;outfit.682446def1c34a79890b62c1397c7afb;2023-07-01;2023-07-31
3988;outfit.60dced53fd414aec99d569404f19c4ee;2020-11-13;2020-12-14
3988;outfit.cc2a4ea6b82044d2804ee26e593fbc00;2020-11-13;2020-12-14
3988;outfit.ccae6ec63d494a5eadd0d6b001597c42;2020-11-13;2020-12-14
5760;outfit.afed6567427c2287;2024-07-05;2024-08-04
1389;outfit.b671b224915f0b73;2022-08-24;2022-09-23
1389;outfit.aef36c5a5f6fd4dc;2022-08-24;2022-09-23
1589;outfit.140ebf984d2f4e80b9e23431c24fe75c;2023-06-19;2023-07-18
3267;outfit.e2c4d90753314eddbdf3a836e28a0209;2021-01-20;2021-02-22
3267;outfit.a8e7915eda974714aa57df8f38a87546;2021-01-20;2021-02-22
3267;outfit.2f5f6f70329640ac99f0d10f72543e1a;2021-01-20;2021-02-22
3267;outfit.3260a6894aef41329983b153a3c022ed;2021-01-20;2021-02-22
3267;outfit.9186c9c2c5c44937968d8683b56c26ba;2021-01-20;2021-02-22
1390;outfit.9e90ada207a84d58941638aa284a4827;2021-10-01;2021-11-01
1390;outfit.837d79eeae2a466cab88d515bd1aa409;2021-10-01;2021-11-01
3577;outfit.b9c0bbd563524653;2022-04-16;2022-05-15
3577;outfit.5048c556741f4513ade4ab8607e5a46f;2022-04-16;2022-05-15
4674;outfit.dcedf030b9134a08a8d3df3f4fdb07ea;2021-06-08;2021-07-08
4674;outfit.6f6ace195ce44ccdbafbb72c1b4cde13;2021-06-08;2021-07-08
5695;outfit.da7886916bfb4f4dae18d06d28aca900;2022-02-01;2022-03-01
5695;outfit.a995ea509cd69726;2021-11-01;2021-12-15
5695;outfit.7f6d08bebe2348729948104efde5179e;2021-11-02;2021-12-01
5130;outfit.cb29aca3f7be4551b07a9d1b02957e02;2022-10-08;2022-11-07
3312;outfit.3b756132543a45d4a94b9bebb0aaebfb;2020-09-07;2020-10-06
3312;outfit.b25f7c6a65a2459c8819de57f27a2684;2020-09-07;2020-10-06
3312;outfit.c8855506fa9d47308b87aa0fe5efe3ca;2020-09-07;2020-10-06
3312;outfit.88a780cac1d40972;2020-09-07;2020-10-06
3312;outfit.9d2ae3e74d7f4d9bbde82be334a3a21b;2020-09-07;2020-10-06
5760;outfit.1b4027c5a27d4ac293ccb2377c38d408;2024-06-05;2024-07-04
550;outfit.138c6d460dc14dd4a223e9f2a484ad6d;2023-12-20;2024-01-19
4769;outfit.b4e582b38a10f6bf;2020-08-20;2020-09-18
4769;outfit.cd92590952d54e1d8b3bec0bbecb901b;2020-08-20;2020-09-18
4769;outfit.853997984302460e92bb9f8335ca5a0b;2020-09-21;2020-10-09
4769;outfit.5060efd6a52d4f1bb2bf676285260b1a;2020-08-20;2020-09-18
1386;outfit.801f1b35886e42f6907ec4709420c7e3;2024-03-05;2024-04-04
3189;outfit.f062df328d7842e4bc5b0c41e309393b;2023-03-24;2023-04-23
5929;outfit.203f5d33e7324d65a1d8175b3b910416;2021-10-15;2021-11-15
1831;outfit.47ffcece5f244f9a9cf888f7f6d16e29;2023-12-18;2024-01-17
6592;outfit.b80845e98ea3453d;2020-11-04;2020-12-02
6592;outfit.a38b3b3e20364b78bfcf0bb1eadcc0e5;2020-11-04;2020-12-02
6592;outfit.abce86c0d08341ed96a999cb4425d840;2020-11-04;2020-12-02
6592;outfit.8060c53293c94422bf08bb0997ab9763;2020-12-02;2021-01-06
6592;outfit.ae922e922588454591edca7cabf0db48;2020-12-02;2021-01-06
6592;outfit.8ed6e4fedeb67e87;2020-11-04;2020-12-02
6592;outfit.e947dbab69e64c5a85f1fe565b5f3a49;2020-11-04;2020-12-02
2022;outfit.24d73455126347c3b71e4b1ebb1ed3fe;2022-12-07;2023-01-06
2812;outfit.46fd30ba34534c96b133e88f257cb7e1;2021-03-02;2021-04-09
5160;outfit.ef9f1336091444cfb75dc29538ecbec9;2022-03-25;2022-04-24
1925;outfit.a647aca5ce17d71e;2023-02-05;2023-03-04
1925;outfit.5b1de7457379489c8e57a3c22844550b;2023-02-05;2023-03-04
55;outfit.a388427605b34a2ab0e19304e54facc6;2022-09-06;2022-10-05
3094;outfit.ad412f59706c86b8;2020-08-28;2020-09-25
5778;outfit.93fb65b596dc4d628b4812d30178a4dc;2023-05-18;2023-06-17
4240;outfit.cf2fa10de8ea412186fd6dd1f658e3ff;2021-09-23;2021-10-25
4240;outfit.9d470d5e4955bb54;2021-09-23;2021-10-25
4240;outfit.e89fab0bbc574d6c89242ff808d537e6;2021-09-24;2021-10-25
1705;outfit.924f4c42857340e68e7e874fcd5c6775;2023-07-06;2023-09-05
4819;outfit.6c4dd0c71db040ae9ac85030d4403e3e;2021-12-06;2022-01-06
4819;outfit.1ef0bbcac4054678bea5622eec91880a;2021-12-06;2022-01-06
4819;outfit.e947dbab69e64c5a85f1fe565b5f3a49;2021-12-06;2022-01-06
731;outfit.7d69ae2f5dc641bca0eed4b1dfc17ac8;2022-06-09;2022-07-08
490;outfit.1c434db5b4cc42b8a656625c4d93fba4;2022-03-12;2022-04-11
490;outfit.7395b78d10084aebb906f8f83bfd89cc;2022-03-12;2022-04-11
1211;outfit.2684b038d1e64fa1814b56b51b834047;2020-07-06;2020-07-31
1211;outfit.021142f5924f4280bd3948268d35db64;2020-07-01;2020-07-31
1211;outfit.ab5cd68b34421ba3;2020-07-01;2020-07-31
2799;outfit.1f8f1544736b40b99c3485150d68342b;2024-02-27;2024-03-26
3749;outfit.4ee818d5bdbb409397fa9157da2e96b1;2021-10-25;2021-11-24
3749;outfit.f557450bb9d14a10951367293b052595;2021-10-25;2021-11-25
3103;outfit.98a0bb3110de7f3e;2021-05-03;2021-06-14
4634;outfit.b4552786134645be908f6201f300cd1a;2022-06-14;2022-07-13
4634;outfit.adeaa758e4b292c5;2022-10-14;2022-11-13
4634;outfit.946ae92e21374e0d8935761e881bb94b;2022-10-14;2022-11-13
4634;outfit.b3d31d76ede3d815;2022-08-14;2022-09-13
1784;outfit.880e71e3568b6812;2022-04-18;2022-05-17
6304;outfit.8a458a93e4cd4214a520074f16d5b9fa;2021-07-05;2021-08-05
4656;outfit.b4e582b38a10f6bf;2023-11-04;2023-12-03
2703;outfit.155567585a3c417fa6043924c2867d0e;2023-03-16;2023-04-15
1967;outfit.f7826f04ea8643d3b68964a5ab27b0a2;2021-10-28;2021-11-24
1967;outfit.706635d443e040d2a4ae9e6862a95961;2021-10-28;2021-11-24
3123;outfit.f1e688d410884ee0940d861fb2f620ac;2022-03-18;2022-04-29
3123;outfit.1e4a3ce9976a4d9a9061c167255f3875;2022-03-18;2022-04-29
3040;outfit.229cc0c550f54fb3b3b937bab2abda35;2023-06-12;2023-07-11
356;outfit.13e5c6482ae340a696f30c156512408b;2021-10-21;2021-11-19
4853;outfit.3d5afa74c29d4879876d3e74dc75e0f8;2021-10-28;2021-11-01
2869;outfit.b25a6a34cd1649f2a5eb69a01e11b21b;2023-02-06;2023-03-05
3749;outfit.bd029e8ff7cc4341bf48b2afaa0d9946;2021-02-22;2021-03-22
550;outfit.df81c6ba86ef4c3c8fd2976934eb4078;2023-12-20;2024-01-19
2619;outfit.14727804dc6945f9baabcd76ad96a744;2023-08-28;2023-09-27
1586;outfit.ed26f73fdcad4071a6efa9ea84e9de3c;2021-10-11;2021-11-08
4696;outfit.8302402a6e8e8e8c;2022-03-04;2022-04-04
4000;outfit.1d7da339dc6b48e68c801f5862573aad;2022-08-04;2022-09-03
4000;outfit.c41b5bc7cfa0435abe71b09cfccc17ea;2022-08-04;2022-09-03
1248;outfit.7bf81ddabaf04521afae88cc4b70ef8f;2021-02-08;2021-03-08
1248;outfit.c93e99cc15dc4420994f40954bf9d8a8;2021-02-08;2021-03-08
1248;outfit.466afa76adb144b7ad004be6382cfc54;2020-11-02;2020-12-02
1193;outfit.a2ecd990912ca6bd;2021-06-22;2021-07-09
1193;outfit.6df9fd60925949a5acdd17de4dd4e7a1;2021-06-22;2021-07-09
6414;outfit.d71dd7d70f184d10b2bc26105f3283d2;2022-03-21;2022-04-01
6414;outfit.d8909288c79b4df6b6547aa381d360f1;2022-03-21;2022-04-15
6414;outfit.95a9732c69cb1e4c;2022-03-21;2022-04-15
6414;outfit.b1adfc4204c602e5;2022-02-15;2022-03-15
6414;outfit.b1006d213be64405940960dc44274caf;2021-10-29;2021-11-15
5778;outfit.0ed1568a6b6545e4932bee98c84aa544;2022-05-18;2022-06-17
5778;outfit.deb2675432704b1e8048f6f90c102a00;2022-08-18;2022-09-17
5778;outfit.8b14ea3bf7bc40ee;2022-08-18;2022-09-17
2148;outfit.292fc161ab8a48d59af997f56cce1cb4;2022-10-21;2022-11-20
6955;outfit.17996f09f2a84c078a7b0bd718bcddd6;2021-06-21;2021-07-28
606;outfit.2ea36f84cb12427686eed685f97f2a8f;2022-11-26;2022-12-25
606;outfit.a1efdc0d88774773957da6e703852211;2022-11-26;2022-12-25
606;outfit.a94fbc2c00c0d099;2022-11-26;2022-12-25
2448;outfit.3f9b25249293481cac7469b68f545c7b;2022-08-21;2022-09-20
6310;outfit.a38b3b3e20364b78bfcf0bb1eadcc0e5;2022-02-15;2022-03-10
6310;outfit.2ea36f84cb12427686eed685f97f2a8f;2022-02-07;2022-03-10
6310;outfit.2208707dcf134558b4d335f1e3534655;2022-01-06;2022-02-15
3608;outfit.bb925d82b43cfc38;2021-01-06;2021-01-29
3608;outfit.c8899e358d4846b5b5973cc0f9342aed;2020-12-07;2021-01-07
3608;outfit.a01f2c0fa05d3f98;2021-01-06;2021-01-29
3608;outfit.3f65ab1185ed4b06a4feab44d8fdc748;2020-12-07;2021-01-07
3608;outfit.63bcf26d934447e1aa4d53214cef7d4f;2020-12-07;2021-01-07
3608;outfit.ae9518aba2aff33b;2021-01-06;2021-01-29
1700;outfit.82d7dcf690da4fc09bcf658816bccd3c;2024-04-21;2024-05-20
1998;outfit.bb72f30cdb4246d1bc47ff8b17cf4162;2022-07-18;2022-08-17
6965;outfit.dbe73a98b209457299a8c8591381e1e8;2021-12-16;2022-01-14
6965;outfit.9fbe0c9462e44696a73f5ffa75215ec0;2021-10-15;2021-11-16
6965;outfit.b4e582b38a10f6bf;2022-01-14;2022-02-14
1706;outfit.1eb6accbfe2d4edd8358e67200384784;2021-11-01;2021-11-30
1706;outfit.1b0e05e23cc047439c31fc35d0c34b55;2021-11-01;2021-11-30
3227;outfit.aa76777d3b9d4073a342e2093e4ea1e2;2021-12-27;2022-01-24
4638;outfit.da7886916bfb4f4dae18d06d28aca900;2021-06-01;2021-07-01
4638;outfit.fd299060de4749de80ac2d77720217df;2021-06-01;2021-07-01
3458;outfit.8fc193be35a546b987480b6cb5323beb;2022-03-20;2022-04-19
490;outfit.d70247c33e4b42569675e32cc3727701;2022-05-12;2022-06-11
490;outfit.25ff5e5ef4b541d79324a66515f1d89a;2022-05-12;2022-06-11
4336;outfit.64a0e45c83dc4304becbf6218ac02fb8;2022-03-30;2022-04-29
4336;outfit.32684b5443394c4a91606c9aab8d3cdb;2022-03-30;2022-04-29
4336;outfit.7c8c2504d76d42f4a96766337d3dac03;2022-03-30;2022-04-29
4336;outfit.e98a6e485b1941d98e43c0e74cc6885b;2022-03-30;2022-04-29
4336;outfit.c09187a8a8334f118324a6c4de5f7a91;2022-03-30;2022-04-29
2148;outfit.8e330b28328c4558a9523168b34d4d86;2023-08-21;2023-09-20
825;outfit.0777834f7f1a4762a8c1ba09f2f4881d;2021-03-29;2021-04-27
996;outfit.1b4027c5a27d4ac293ccb2377c38d408;2023-08-15;2023-09-14
5760;outfit.afed6567427c2287;2024-06-05;2024-07-04
4824;outfit.61a93a8506024e779db658f842e26625;2023-03-06;2023-04-05
7371;outfit.372a132f8fe4463f8fdb8d7a8b3f5206;2022-05-29;2022-06-28
7371;outfit.9b7e2e060c874d3287c4cee69860679a;2022-05-29;2022-06-28
7371;outfit.bbd6ae88b44bfd29;2022-05-29;2022-06-28
2649;outfit.e4eb7dca201f42c9b8fae01f44b42c91;2023-08-02;2023-09-01
2687;outfit.b00287a1864d4493a72b295b43caf3f1;2022-11-02;2022-12-01
3267;outfit.439ff276a34d4993ad9cf68d06c67d96;2023-02-27;2023-03-26
6734;outfit.955f2239f0b38561;2021-09-06;2021-10-05
6734;outfit.684bd4a2585d40f3aa2fc322e967d7a7;2021-09-06;2021-10-05
6734;outfit.b36a2b4ce3d90e1b;2021-09-06;2021-10-05
3094;outfit.c815d15af6ba46c580927f9bf81122f0;2024-02-26;2024-03-25
4463;outfit.97071c364d1944db8c7ae6a9d768a51a;2023-11-22;2023-12-21
3265;outfit.d948ea24ce8a484db5bd640400d50cce;2020-09-18;2020-10-23
3265;outfit.e042570478134b1bb5b4be84c6a87e97;2020-08-10;2020-09-07
3265;outfit.9c0b47f4d629c3f3;2020-08-10;2020-09-25
6073;outfit.40d4710206044ca5924846d3ebd83d04;2020-06-18;2020-07-27
6073;outfit.0cb49eb66428411e9ad19cd2235d22e1;2020-06-18;2020-07-27
6073;outfit.a5bbbf5301db4e5b8b1e2532cfd23a24;2020-06-18;2020-07-27
1680;outfit.5f20616059e84ab8b62eeb7f0a802e3a;2022-03-09;2022-04-08
1680;outfit.981387ce664649c08f8c79dc4e8339d0;2022-03-09;2022-04-08
1680;outfit.f557450bb9d14a10951367293b052595;2022-03-09;2022-04-08
6372;outfit.535d7a56f1a44289b93c6bd46f656d8f;2021-04-06;2021-04-30
6372;outfit.db03133911df4812b48f31358089632c;2021-04-06;2021-04-30
6372;outfit.a5a7231c342d45cca35cf536be58d63e;2021-04-06;2021-04-30
99;outfit.9c60137e95ac47c4b54413f4226d4206;2021-07-14;2021-08-13
1585;outfit.f45e25a44bdd429991e9186db7fa64e5;2021-11-29;2021-12-29
1706;outfit.2d872cbfe6434c0c9ec15ebfa518a6e7;2023-04-18;2023-05-17
1706;outfit.b619ba973b4b49d79c89863737097ab3;2023-04-18;2023-05-17
6526;outfit.f9a2dd8439ea48859a895ea99b8ae6c4;2022-11-09;2022-12-08
6604;outfit.ed5a5a066ca647b6a9aaeb1ec8e7ee87;2020-07-20;2020-09-24
6604;outfit.ce331a7cc22d4aaf82548e873c59e6cd;2020-07-20;2020-08-20
6604;outfit.32a5ab2a3ec44d419b9be89ae37e0877;2020-07-20;2020-08-20
6604;outfit.3037fa72ade7482e8c13863bc447c11c;2020-07-20;2020-08-20
6604;outfit.206df08f735c415bbcaca8d70e762971;2020-07-20;2020-09-24
1586;outfit.a8c3007784dfc486;2023-09-16;2023-10-15
1586;outfit.989e3eb7e1be092f;2023-09-16;2023-10-15
621;outfit.24f7bb6f025640bb9f3d5df253dbefb5;2021-01-11;2021-02-11
6834;outfit.7d29eb8d2f0341b2a1c2eeb8c76416f4;2022-10-28;2022-11-27
6834;outfit.04bac9c52e4f40ba95d8a044093fcbe6;2022-09-28;2022-10-27
6834;outfit.c7a033c410694587805e5ba1ec63c1f6;2022-09-28;2022-10-27
313;outfit.d363ee8631554dccb9ced5babed2ce6a;2023-05-07;2023-06-06
606;outfit.5e96c1bc9f964af2b1a6e391db346131;2022-04-28;2022-05-30
606;outfit.006b61bc5e404f37a41b85e6ae915723;2022-04-28;2022-05-30
606;outfit.124195196333488e8ba4d195b96ecbdf;2022-04-28;2022-05-30
747;outfit.388d5e71d8ca46a59067b8f07c7a0760;2022-02-13;2022-03-12
4834;outfit.76e513e7ba654a648bf90044a81b3926;2021-11-30;2021-12-29
6706;outfit.9e20be28268142a1a6a917fe7ae1b237;2021-01-06;2021-02-05
6706;outfit.24204aa044c44df084bf383e731cc535;2021-01-06;2021-02-05
6706;outfit.801f1b35886e42f6907ec4709420c7e3;2021-01-06;2021-02-05
4725;outfit.bfad6e38299544e991b1c5f0d92073f6;2021-12-09;2022-01-07
4725;outfit.9b1b854fc8a535ae;2021-12-09;2022-01-07
4725;outfit.2d4ed8658aa045b29663902f1e0ce84a;2021-12-09;2022-01-07
4017;outfit.8632cef7c2524f1ea8f213f5398eb754;2023-03-09;2023-04-08
2766;outfit.dc7abe1bb20f423a8356cb4d089c56ff;2023-06-02;2023-07-01
2766;outfit.82ec1db640c48b3f;2023-06-02;2023-07-01
5695;outfit.28b064407198448db7149be19f0161f4;2020-11-02;2021-01-06
4834;outfit.3c6978266dfb4b9793e2c730496089d1;2022-07-25;2022-08-24
3533;outfit.88c3d13d70dc4e97bf5cb6557c7ce49e;2020-10-13;2020-11-13
3533;outfit.5b219e65b35544769ae32989b15ff364;2020-10-13;2020-12-14
3533;outfit.7d48fb77be2340e3be0de8ab4f9a97a3;2020-10-13;2020-11-13
2121;outfit.9e371154c9be4c08b587ea8e5da833b3;2023-04-15;2023-05-14
6879;outfit.c46affd5f8ee4749b1f8e7d4ff47f3ff;2020-12-15;2021-01-15
6879;outfit.372a132f8fe4463f8fdb8d7a8b3f5206;2020-11-13;2020-12-15
6879;outfit.74034e464b524fad81e47ac5df3f4aad;2020-11-13;2020-12-15
3321;outfit.abd2e79be5f941a5aa407cc34ff63105;2022-05-17;2022-06-16
4608;outfit.cb626f52e7bc499ca0df86382ce75683;2020-07-01;2020-08-07
4608;outfit.6000d807dc2b49ef94692e5f07a171f3;2020-07-01;2020-08-07
4608;outfit.17d46595c516434486f3d219a909a855;2020-07-01;2020-08-07
4608;outfit.d933a0b2120d4102bcfe5f51886dc0e1;2020-07-01;2020-08-07
6295;outfit.8e408fb4b2c64525966837c7789f2965;2022-04-25;2022-06-01
6295;outfit.a2ecd990912ca6bd;2022-04-25;2022-06-01
6371;outfit.41aa40088a25428985b642adaf4e7d84;2020-12-16;2021-01-15
6371;outfit.d38e14c8ec254910be97725a7198f0fb;2020-10-30;2020-12-30
6371;outfit.c2c7871b40df44969ba85dea0f927f42;2020-12-16;2021-01-15
3291;outfit.9341a89b191cd49f;2024-01-28;2024-02-27
4834;outfit.9b4637003c444b1d9c75e5eb5487d669;2022-05-25;2022-06-24
1678;outfit.06ac471d39bf42989d65d70dc6e65967;2023-05-03;2023-06-02
1925;outfit.5b1de7457379489c8e57a3c22844550b;2023-10-05;2023-12-04
1735;outfit.853ff9245b124c84bb0973a6065e64de;2022-12-17;2023-01-16
1969;outfit.5df05df81eb54ba999e64c211780b556;2023-06-03;2023-07-02
1589;outfit.944efade730744e38b3b678dae890f98;2023-03-19;2023-04-18
785;outfit.359ce2bd2e40491686ce3ebc4a13ead6;2022-08-07;2022-09-06
6734;outfit.875635fa72e9a84a;2022-02-04;2022-03-04
5161;outfit.1096c0a926c244b39b44ff523a6ad9e0;2021-11-23;2021-12-23
6103;outfit.a1efdc0d88774773957da6e703852211;2024-05-08;2024-06-07
2687;outfit.edf01c8ca8f64059a8afaf72b4ba5eb3;2022-03-02;2022-04-01
1840;outfit.fbb003446d3c40a3879b475502a7e104;2021-11-05;2021-12-06
3227;outfit.89954cb83fe420c2;2022-01-24;2022-02-16
2833;outfit.70b441e6ee444f86a12921f85e5c2002;2021-07-05;2021-08-04
3267;outfit.203f5d33e7324d65a1d8175b3b910416;2023-11-27;2023-12-26
2102;outfit.e5b1f8e936164ba3a527f3f2ab5a413e;2021-06-08;2021-08-06
2102;outfit.363a3d3fbf64484293b96404b1bdd504;2021-06-08;2021-08-06
2102;outfit.2a06aba4942f46359361633e8c1e9e59;2021-06-08;2021-08-06
3127;outfit.bff1e6d642824c8387d567c03f0b1d83;2021-11-05;2021-12-03
3846;outfit.2901f306ff3a4e7e8288cc48ec400f5f;2021-03-08;2021-04-08
3846;outfit.e011693fdb0a434b825e510e6e8fd9c2;2020-12-07;2021-01-07
2703;outfit.67c7e051a163432eadc34be683ea3d44;2024-01-16;2024-02-15
2703;outfit.6fa8bb1601aa44698177e99a24a52863;2023-12-16;2024-01-15
6371;outfit.d38e14c8ec254910be97725a7198f0fb;2020-12-16;2021-02-16
1809;outfit.97f20b8380c34615a30aed080071aa96;2023-04-20;2023-06-19
1809;outfit.57e0110f769d47ea863ebea78235fd23;2023-06-20;2023-07-19
7082;outfit.22ff5d532d24420891c0292df8da84dd;2023-11-14;2023-12-13
4185;outfit.d720fa6c17bf4c688054cbda17336d6c;2023-05-01;2023-05-31
7181;outfit.b619ba973b4b49d79c89863737097ab3;2023-09-27;2023-10-26
7181;outfit.4c41406859e04bc7b29036c62ea1b7df;2023-07-27;2023-08-26
7181;outfit.b619ba973b4b49d79c89863737097ab3;2023-09-27;2023-11-26
7181;outfit.eb3fd90e14dd49d2844a6dfc41d36f40;2023-07-27;2023-08-26
7181;outfit.947023ca62c57b96;2023-07-27;2023-08-26
2250;outfit.8afbb76916e14187b0bc9aaabbc2bd24;2023-08-22;2023-09-21
1684;outfit.925c69db26f6bbae;2021-07-19;2021-08-19
2219;outfit.9288ff153f8d405e89ce6b6cfd08171c;2022-06-05;2022-07-04
3749;outfit.bdf0b714576b2118;2021-06-21;2021-07-21
3749;outfit.4c41406859e04bc7b29036c62ea1b7df;2021-05-21;2021-06-21
6875;outfit.466afa76adb144b7ad004be6382cfc54;2023-12-06;2024-01-05
6875;outfit.e3f24e663eb84a2b9b20cde76be3b04e;2023-12-06;2024-01-05
4463;outfit.67c7e051a163432eadc34be683ea3d44;2023-10-22;2023-11-21
846;outfit.1d0adb4c93e04425ae2f85e9efc54905;2020-11-30;2021-01-06
2085;outfit.8afbb76916e14187b0bc9aaabbc2bd24;2022-09-26;2022-10-25
5645;outfit.d7f1bc7197b6469db1b9c4faf4071cb7;2022-11-28;2022-12-27
1684;outfit.dad7a49a6dd54b0797b841af3ffaad7f;2023-01-20;2023-03-19
454;outfit.fc14b8a036fa4ac196b9160b9b1fe0d2;2023-01-03;2023-02-02
4209;outfit.14727804dc6945f9baabcd76ad96a744;2021-11-17;2021-12-16
4209;outfit.fd709e5fcf3c44569fcc59edf75d4193;2021-11-17;2021-12-16
6051;outfit.cf321774b9de4035802e1829303fd3da;2023-08-02;2023-09-01
1626;outfit.55d914792ebf4d18808eb0bd3ec70bb3;2022-09-16;2022-10-15
1626;outfit.760624a41d5f48e5a2f749acd6f4568b;2022-08-16;2022-09-15
1626;outfit.6fa8bb1601aa44698177e99a24a52863;2022-09-16;2022-10-15
1626;outfit.202c5658aee14e4180cd074aa81842a1;2022-08-16;2022-09-15
746;outfit.dcf9da47ee4e4bd994d4faa2aaadb321;2019-10-25;2019-11-22
757;outfit.6c86cf3af9714425906495712ee3e311;2022-06-08;2022-07-07
3017;outfit.7d29eb8d2f0341b2a1c2eeb8c76416f4;2021-10-05;2021-11-05
3017;outfit.654e48473404490fbb74d6a48db9ce9b;2021-09-14;2021-10-05
3017;outfit.7cc6bd8e645a41d2837976a0d09e3ca9;2021-10-05;2021-11-05
5760;outfit.2846db8e50bc49a7a1b5f37be769f364;2022-09-05;2022-10-04
3713;outfit.acfe80b3cdca48e69c5daa36f4755fdd;2020-10-01;2020-11-02
3713;outfit.b7cc6c38b121a845;2020-10-01;2020-10-02
1684;outfit.944185e8eec8066a;2022-01-06;2022-02-04
1201;outfit.b9c0bbd563524653;2021-11-15;2021-12-15
1201;outfit.bb1024860d8f559e;2021-11-15;2021-12-15
4725;outfit.892c3befd668414cabc0bda22c3f48ff;2021-11-09;2021-12-08
4725;outfit.6b027f465816489f83945f85bd6f1c17;2021-11-09;2021-12-08
2681;outfit.6b8d0d5720af4e33af8dff7afe7b0ed3;2021-10-19;2021-11-19
2681;outfit.aec255abd8714065996db11cc150f061;2021-11-02;2021-11-02
2681;outfit.dcf9da47ee4e4bd994d4faa2aaadb321;2021-10-19;2021-11-19
2131;outfit.8ccfe9b6e0b0473b95bc91b156139d89;2022-04-16;2022-05-15
1138;outfit.d7a7b1a15fe04fd886b31c47431ebcb6;2023-03-17;2023-04-16
4640;outfit.03d688ca88f84e89aeb31592d6394247;2021-05-03;2021-06-10
3510;outfit.29d4c138b56e4579898dbb7f47f6cafc;2023-03-28;2023-04-27
55;outfit.4024086987064c41b6bd30c6871358ac;2022-04-06;2022-05-05
55;outfit.b36a2b4ce3d90e1b;2022-04-06;2022-05-05
1706;outfit.374273ffb79943b7be144ceb14529592;2021-08-31;2021-09-30
5615;outfit.34b2a2a9779a47f0a1aff663fe8d1c86;2023-11-03;2023-12-02
5344;outfit.066124b928d44087851ad9a0fe809510;2022-04-01;2022-04-30
5318;outfit.936eb041616341df8280dfaf0198cb02;2023-08-17;2023-09-16
5318;outfit.936eb041616341df8280dfaf0198cb02;2023-09-17;2023-10-16
5318;outfit.756079160a3e402d87df01062ec3b941;2023-08-17;2023-09-16
4384;outfit.8b2bcd93f2f8004f;2021-10-19;2021-11-18
4384;outfit.359ce2bd2e40491686ce3ebc4a13ead6;2021-11-18;2021-12-10
3320;outfit.9e90f563acb38233;2023-09-09;2023-11-08
416;outfit.de20bfe0e31a4a33b8f0a25e9d93f97e;2023-09-07;2023-10-06
1684;outfit.57e0110f769d47ea863ebea78235fd23;2023-08-20;2023-09-19
675;outfit.1e33dfb5c66847f29088ba6717b10f75;2023-01-02;2023-02-01
7026;outfit.b0a5d80451942bf5;2021-07-16;2021-08-16
7026;outfit.03929cbe49e34b99bdd077380cc8d731;2021-04-16;2021-05-18
7026;outfit.3a5aeafe771d488f84bc18af5db17114;2021-06-16;2021-07-16
7026;outfit.3dac69d72aed4d1ca4fc6bcff6b7cd4f;2021-06-16;2021-07-16
7026;outfit.853997984302460e92bb9f8335ca5a0b;2021-06-16;2021-07-16
86;outfit.3e47b084ad704fb5b25b38809fae38a7;2021-12-20;2022-01-19
6557;outfit.bbd6ae88b44bfd29;2023-10-17;2023-11-16
6557;outfit.03929cbe49e34b99bdd077380cc8d731;2023-10-17;2023-11-16
3267;outfit.8ed6ba09f55049c59f9462e07cc30bb8;2022-02-21;2022-03-21
3267;outfit.03d688ca88f84e89aeb31592d6394247;2022-03-21;2022-04-20
2675;outfit.13341577ef954838a87bf016b1501ebb;2023-02-11;2023-04-10
6592;outfit.a647aca5ce17d71e;2021-01-06;2021-02-05
6319;outfit.3a5aeafe771d488f84bc18af5db17114;2022-08-05;2022-09-04
2687;outfit.ee0dfdf3b9a349b591e78712514e2f5b;2024-01-02;2024-02-01
6163;outfit.0d0727d0c03f453495eaa85dc17d382d;2023-10-01;2023-10-31
1497;outfit.29cd53ddb5014076a20efe315a26a144;2021-12-17;2022-01-14
2383;outfit.229cc0c550f54fb3b3b937bab2abda35;2022-02-21;2022-03-21
2383;outfit.92101abfe02e418f8bc033846dc6d1c8;2022-03-21;2022-04-21
2383;outfit.29d4c138b56e4579898dbb7f47f6cafc;2022-05-06;2022-06-09
2383;outfit.a743bd93e1a86501;2022-02-21;2022-03-21
293;outfit.066124b928d44087851ad9a0fe809510;2019-11-06;2019-11-20
293;outfit.e172da755f4248f4af3241dd47efae12;2019-11-06;2019-11-20
3749;outfit.3dce88ceca134c02b8b9abfd791825d1;2023-08-29;2023-09-28
4810;outfit.819bf34ba04d4748b9232e1df3bf9c8e;2022-07-27;2022-08-26
5914;outfit.6ca970d4e98f47e085d82952693a215f;2020-06-12;2020-07-27
1770;outfit.760587419305432581b1c2dd2d29e27f;2023-01-17;2023-02-16
3320;outfit.8023680619aa366a;2023-04-09;2023-05-08
3320;outfit.e2b3417940d44a5a8202c0a7b39604e1;2023-04-09;2023-05-08
2812;outfit.4431d4e34e6a4c0fba43aa50395893f7;2023-02-21;2023-03-20
2812;outfit.34b2a2a9779a47f0a1aff663fe8d1c86;2022-12-21;2023-01-20
2812;outfit.257570a5166f43fba7f231ab1e0e2d11;2023-01-21;2023-02-20
2812;outfit.40d4710206044ca5924846d3ebd83d04;2023-01-21;2023-02-20
3684;outfit.89ce51a125971793;2023-12-30;2024-01-29
3227;outfit.d71dd7d70f184d10b2bc26105f3283d2;2022-05-26;2022-06-25
3227;outfit.03d688ca88f84e89aeb31592d6394247;2022-06-26;2022-07-25
4404;outfit.f0362cb6059c40938c0945eca21b572e;2021-06-10;2021-07-09
4404;outfit.5e119d066b62498491b2919f0453d803;2021-06-10;2021-07-09
4193;outfit.2a1a34d38ac64414b5d7878a719984e9;2022-05-16;2022-06-15
4193;outfit.388d5e71d8ca46a59067b8f07c7a0760;2022-05-16;2022-06-15
6663;outfit.8cab85b45b23bfec;2022-04-01;2022-04-30
3192;outfit.234ce093695f4773aba7287620cee9ca;2022-01-17;2022-03-16
3192;outfit.234ce093695f4773aba7287620cee9ca;2022-03-17;2022-04-15
2759;outfit.bb72f30cdb4246d1bc47ff8b17cf4162;2022-05-26;2022-06-25
6907;outfit.93826cc51216dcd0;2024-03-06;2024-04-05
4073;outfit.fe07e41596d841c6943aa7819488c565;2022-12-09;2023-01-08
416;outfit.96cb494dcb47696b;2022-03-07;2022-04-06
416;outfit.947023ca62c57b96;2022-04-07;2022-05-06
416;outfit.70bfcd7059a248ba9b8337bad5ce56fa;2022-04-07;2022-05-06
3308;outfit.978ae36482bb4c1bb32f8a6524cfdb76;2022-11-23;2022-12-22
5887;outfit.8745fe6f294d4f41;2022-05-27;2022-06-26
5887;outfit.d720fa6c17bf4c688054cbda17336d6c;2022-03-27;2022-04-26
5887;outfit.8273c17c394043b8affdf5c04ee019ed;2022-02-27;2022-03-26
5887;outfit.8ad0bb9029424a069f82d58c44b0d7fa;2022-03-27;2022-04-26
6380;outfit.951c39634b6a4626;2021-09-17;2021-10-18
6380;outfit.9dc1abebc456d310;2021-09-17;2021-10-18
6380;outfit.05a3c99a55404dc8984fde902ccaad18;2021-12-13;2022-01-12
6380;outfit.fb060da6c30143fd9735e8fd364910e0;2021-11-12;2021-12-13
6380;outfit.8a9297abf702469b88dcdb1ce6cd35bd;2021-11-12;2021-12-13
6380;outfit.ad848f726cd93e66;2021-11-12;2021-12-13
6380;outfit.e5503fe6f5f243fc90c526bcdb75c942;2021-10-19;2021-11-04
6380;outfit.ada6bb8993e7a05e;2021-12-13;2022-01-12
6380;outfit.aeab8a7eca6601f1;2021-09-17;2021-10-18
6380;outfit.63e5bdaff1b343328fbe6a01b518c546;2021-12-13;2022-01-12
6380;outfit.97071c364d1944db8c7ae6a9d768a51a;2021-12-13;2022-01-12
6380;outfit.a94fbc2c00c0d099;2021-10-19;2021-11-04
6380;outfit.e2b66b5d631840f2902ce6125a60b9fe;2021-10-19;2021-11-04
6380;outfit.f4a2cebc0a544c9abc6305e9bd33b9c6;2021-11-12;2021-12-13
2492;outfit.a3d27b283d42172d;2023-04-23;2023-06-22
2492;outfit.b619ba973b4b49d79c89863737097ab3;2023-03-23;2023-06-22
2217;outfit.48dec5565f454acf903fe1ce1f41a39e;2020-09-04;2020-10-05
2217;outfit.9a5981fd3a144502ac388d59fcd55fd6;2020-09-04;2020-10-05
2217;outfit.9178d6f714280d40;2020-09-04;2020-10-05
621;outfit.a8fae88d2b7640e2b28161d301fc5e08;2021-03-11;2021-04-09
621;outfit.1096c0a926c244b39b44ff523a6ad9e0;2021-02-11;2021-03-11
621;outfit.b5812826d5eb41f39aa282e64b91ebb6;2021-03-11;2021-04-09
606;outfit.4c96620b5f444f05adcd28bcfd3861d5;2022-02-28;2022-03-28
5246;outfit.4ca0964f8f604f42b71268c44e41db7d;2023-05-26;2023-06-25
4452;outfit.c52099f0269e4b6ebd66b79d3cca1d01;2020-12-04;2021-02-04
5059;outfit.e9e6ef522291496dacaad16160c8a8f2;2022-01-11;2022-02-08
6354;outfit.b7ebd99d748b28d0;2022-09-25;2022-10-24
6177;outfit.81e7d3487b0e4c3b80aa064790d9992a;2021-10-26;2021-11-23
6177;outfit.648db79508724c99ab948e953e4813a7;2021-10-26;2021-11-04
2448;outfit.d4498e3094f048d8808f056832637685;2022-07-21;2022-08-20
2340;outfit.be670e741ed74f9597a28f8bb3e5e537;2021-06-21;2021-07-21
3441;outfit.0ff0d877678e4755b088d1c5d09bee11;2023-02-28;2023-03-28
3441;outfit.23596174e2b1478385adda8f5f48416f;2023-03-29;2023-04-28
1784;outfit.92423563b1ab408ea4e1137abf9774d6;2022-01-10;2022-02-10
2831;outfit.925b3a37354592ef;2022-06-27;2022-07-26
6907;outfit.93826cc51216dcd0;2024-01-06;2024-02-05
1207;outfit.118f15046d0b45d48929bb91df474761;2021-09-28;2021-10-18
6696;outfit.676f2b8ab3894ff293c0fbd62398bc05;2021-12-27;2022-01-11
6696;outfit.df04bf46dbd54868a63d2db542a5fa3d;2021-08-16;2021-09-16
6696;outfit.3261057a0eba46f687d41af05ddee170;2021-08-16;2021-09-16
6696;outfit.8cab85b45b23bfec;2021-08-16;2021-09-16
6696;outfit.b8b6253b118140448c36fb7b55fdce90;2021-08-16;2021-09-16
6051;outfit.cd218662a26c4c29b372ed1563cf0ced;2023-08-02;2023-09-01
3385;outfit.2327c16896b343989de61510ab6f3c40;2021-11-22;2021-12-22
3028;outfit.1dd897589a5148198aea6c403d613063;2022-10-18;2022-12-17
4040;outfit.17753fa2c9914d659fe5432c2a06f1fa;2022-06-11;2022-07-10
1998;outfit.a3d25f31c9758d32;2023-01-18;2023-02-17
5100;outfit.1ef0bbcac4054678bea5622eec91880a;2024-04-17;2024-05-16
5100;outfit.8fda8ef6cb62ebcc;2024-04-17;2024-05-16
4824;outfit.ac52d51d1863129e;2023-03-06;2023-04-05
3321;outfit.ea6e2ed1ee964a7aa263a287d6d5663b;2022-06-17;2022-07-16
5932;outfit.f82bfbc5af1c4997956e63f92ea51907;2022-03-12;2022-04-11
5932;outfit.23596174e2b1478385adda8f5f48416f;2022-03-12;2022-04-11
5932;outfit.3b32e75fb8984ec9ad5d8ccb79999327;2022-03-12;2022-04-11
7060;outfit.767c953e45b8447eb7ff8d44dd5b65e1;2021-06-03;2021-07-01
7060;outfit.63bcf26d934447e1aa4d53214cef7d4f;2021-06-03;2021-07-01
6818;outfit.bfab4c36b939b526;2021-02-10;2021-03-12
2148;outfit.bb925d82b43cfc38;2022-11-21;2022-12-20
4656;outfit.a2820311cb51576b;2024-05-04;2024-06-03
3227;outfit.8b14ea3bf7bc40ee;2021-10-26;2021-11-23
5645;outfit.b5db150f4740b356;2023-03-28;2023-04-27
7411;outfit.ce53377b121b4648abc0a3c97e58bff1;2023-11-19;2023-12-18
2457;outfit.38ef91e51ef14bb19df9094a40bcb7f7;2022-05-30;2022-06-29
2457;outfit.f8be16c68a624ee7bf9a5120adb0cbcc;2022-05-30;2022-06-29
2516;outfit.801f1b35886e42f6907ec4709420c7e3;2022-05-27;2022-06-26
3924;outfit.a34cdcaefffe44c89674b55f96a03950;2022-09-30;2022-10-29
4608;outfit.164ec220792945e99be76a1f7291a9b8;2023-12-14;2024-01-13
3320;outfit.e6d04857b6e54eecbd905c7e8093c960;2022-11-09;2022-12-08
4404;outfit.980eb1c72e1e71f6;2024-04-14;2024-05-13
4404;outfit.2204df2016c84afd873a1d7e09f6ec75;2024-05-14;2024-06-13
4404;outfit.b8b6253b118140448c36fb7b55fdce90;2024-02-14;2024-03-13
3320;outfit.cc03f27af19f42a483a2f03ad997279d;2023-02-09;2023-03-08
3320;outfit.2d4ed8658aa045b29663902f1e0ce84a;2023-01-09;2023-02-08
414;outfit.a8544eb2962547d1bb80da530b4c377a;2023-12-23;2024-01-22
2846;outfit.98aa99e47dee4f019d8b2620a9745f98;2021-11-23;2022-01-07
6429;outfit.8459e55ea3800598;2023-11-16;2023-12-15
3094;outfit.a4699b3b33b4d99c;2021-09-21;2021-10-11
1586;outfit.99495169e3ffdfa4;2021-07-14;2021-08-09
1447;outfit.d52f6e55c56a4d6ea952522543d06fbf;2022-08-02;2022-09-01
6129;outfit.13ed9e9168f247308641b61eb258a756;2021-08-23;2021-09-23
1138;outfit.6a8a9e4b00374d0e953550820b496573;2023-05-17;2023-06-16
86;outfit.db6e87de63f347a0af3ecbf3b7463a55;2021-10-20;2021-11-11
86;outfit.9abd359ee8d44269ab15d6cbfcd8eb81;2021-10-20;2021-11-19
1706;outfit.b49e6f1cc73f48f9a6329311214ee57f;2023-02-18;2023-03-17
1083;outfit.b5db150f4740b356;2021-11-25;2022-01-03
3189;outfit.706635d443e040d2a4ae9e6862a95961;2022-07-24;2022-08-23
86;outfit.b42337853cae4f66a2e7640b6845d2e5;2022-05-24;2022-06-23
1706;outfit.bdd5835c2df56005;2022-05-18;2022-06-17
1706;outfit.bcee8c80b45d64f9;2022-05-18;2022-06-17
1382;outfit.5bf05f8589804ae290c997e60400cb6c;2022-07-15;2022-08-14
4149;outfit.c37712eb6be74a56958a7ccf2b21637c;2021-01-11;2021-02-11
4149;outfit.a5b02d479256493ea45ba0405d9c6587;2021-02-11;2021-03-11
4149;outfit.15cfb487c7524654901872cba89af2bc;2021-02-11;2021-03-11
761;outfit.e9e6ef522291496dacaad16160c8a8f2;2021-08-16;2021-09-16
675;outfit.02cbb0ff0c1348ce9fb9906805fb9049;2022-06-02;2022-07-01
4463;outfit.1bf5c2c096dc490f8e8efd7d09e6769c;2023-06-22;2023-07-21
1389;outfit.5e96c1bc9f964af2b1a6e391db346131;2022-09-24;2022-10-23
446;outfit.196ad12873534afcbec5bc12e921798d;2020-08-19;2020-09-17
446;outfit.4b4220f875c140e1b2e455317cf84184;2020-08-17;2020-09-17
446;outfit.aaca17b77fdc4a90b2f1a20631dd0dd4;2020-08-17;2020-09-17
446;outfit.46fd30ba34534c96b133e88f257cb7e1;2020-08-17;2020-09-17
5031;outfit.1ff1200dca844ecd8ac042bd3363b7c5;2023-06-12;2023-07-11
733;outfit.3dac69d72aed4d1ca4fc6bcff6b7cd4f;2024-01-16;2024-02-15
4289;outfit.595a88f3986340b9b7ee163cbe32c85d;2023-01-19;2023-02-18
4289;outfit.53bf6ed2516f473a87497e8170d4c8e1;2022-12-19;2023-01-18
4289;outfit.4c96620b5f444f05adcd28bcfd3861d5;2023-01-19;2023-02-18
2217;outfit.34d7be74e161460bab8864520cacbfc6;2021-01-08;2021-02-04
2217;outfit.b75adc485cbf45ef936114c4337a7a9c;2021-01-08;2021-02-04
6734;outfit.92396971987c812b;2021-08-05;2021-08-25
6734;outfit.cd218662a26c4c29b372ed1563cf0ced;2021-08-05;2021-08-25
5398;outfit.d26a681dbdd54f448ef373de80e065d6;2021-05-14;2021-06-14
5661;outfit.cb29aca3f7be4551b07a9d1b02957e02;2024-05-08;2024-06-07
6858;outfit.22c917473fe54dcb9b969d99a35ee10e;2023-11-15;2023-12-14
1444;outfit.9b1b854fc8a535ae;2022-11-02;2023-01-01
1444;outfit.2846db8e50bc49a7a1b5f37be769f364;2022-12-02;2023-01-01
6907;outfit.81e52ba208d55e4d;2023-02-06;2023-03-05
4981;outfit.0765434fe76e4502aa76dbde3720d25d;2022-02-11;2022-03-11
4981;outfit.505dbed58d2a45bc9bd72774be4f5c47;2022-03-11;2022-04-12
4981;outfit.6f038b817a5a4220a8dea6bbc464c4a2;2022-03-11;2022-04-11
3320;outfit.2ab1a79e73cd419fb4479cea44e12c84;2023-11-09;2023-12-08
5303;outfit.9685cc11be684ed39ab8edac1e9a822b;2024-05-17;2024-06-16
4218;outfit.337cc518c38b4bc18d879987d91b073c;2022-03-26;2022-04-25
6988;outfit.992bf5adcd39d953;2024-04-19;2024-05-18
7367;outfit.fa20f4d239044e7a922e27c5b5fd9f4f;2023-01-03;2023-02-02
6885;outfit.9a5a00800acbac31;2020-10-14;2020-11-13
6885;outfit.16c67c6789f94fb8a10de95277e1a321;2020-10-14;2020-11-13
6885;outfit.36654cc2920c42b7a8c294cf349544fe;2020-10-14;2020-11-13
2799;outfit.13e5c6482ae340a696f30c156512408b;2023-06-27;2023-07-26
5059;outfit.a4a8f76f18ed4907ba632600bd676db4;2022-02-21;2022-03-20
5059;outfit.91fb3dd15c894aae8d2718882dfb927a;2022-02-21;2022-03-20
6177;outfit.b8edf89f3a5949949ae1188cd3283d6f;2022-03-19;2022-04-18
5490;outfit.caee00d04a954a69a3cca9e02cf67440;2024-01-28;2024-02-27
1261;outfit.b1ddecd27b94476d833c0ea2c2bb6d3a;2023-08-09;2023-09-08
6940;outfit.7a9ac6aae6de40d4b1a260d95de95988;2022-07-08;2022-08-07
6940;outfit.b04f116bc3224f22a8f17d62934fe2cd;2022-07-08;2022-08-07
7244;outfit.b0a5d80451942bf5;2021-03-08;2021-04-08
7244;outfit.caee00d04a954a69a3cca9e02cf67440;2021-03-08;2021-04-08
7244;outfit.96cb494dcb47696b;2021-03-08;2021-04-08
5812;outfit.656d8c9767e2417d8fad467465515b5d;2021-03-16;2021-04-14
5812;outfit.d8909288c79b4df6b6547aa381d360f1;2020-11-16;2020-12-16
5812;outfit.a8544eb2962547d1bb80da530b4c377a;2021-02-16;2021-03-16
5812;outfit.505dbed58d2a45bc9bd72774be4f5c47;2021-02-16;2021-03-16
6081;outfit.1072872925cb416299b831528deb0b33;2020-09-02;2020-10-02
6081;outfit.2c789fb5fc554dbd8dd86e423e809ff4;2020-09-02;2020-10-02
6081;outfit.140ebf984d2f4e80b9e23431c24fe75c;2020-09-02;2020-10-02
6592;outfit.990ee8715a4320f0;2022-07-02;2022-08-01
6592;outfit.bcd7efc3918cf15b;2022-07-02;2022-08-01
7089;outfit.9ff74f4f2a2f4454a7a629777cff27a6;2021-09-03;2021-10-04
2516;outfit.e0a3899c698544c4bf205f2a6eae496c;2022-04-27;2022-05-26
4769;outfit.688665113d8c4d13bae1db16e822454c;2020-10-09;2020-10-23
4769;outfit.bbdd99b53f925ae3;2020-12-18;2021-01-18
996;outfit.8745fe6f294d4f41;2022-07-15;2022-08-14
3312;outfit.fa20f4d239044e7a922e27c5b5fd9f4f;2021-11-12;2021-12-10
3312;outfit.0a2e52320225494eb85a5488ff0dafd7;2021-11-12;2021-12-10
2920;outfit.4d15ca1915cf4639a9029a016640f7da;2021-09-03;2021-10-04
2920;outfit.4d4e09b9b0e543a3ba29014099787eb9;2021-09-03;2021-10-04
785;outfit.880e57b54f5e4f44b0b2e6ced12e8905;2020-08-17;2020-09-18
785;outfit.52b8cb4f39194f9c88906c99bb9d8dc3;2020-08-17;2020-09-18
785;outfit.23dc66edd5004b3ea86fd2fb1ac9cb1f;2020-08-17;2020-09-18
4258;outfit.3261057a0eba46f687d41af05ddee170;2022-10-13;2022-12-12
4258;outfit.a7b57360602144b4838b5384b7fde769;2022-12-13;2023-01-12
1784;outfit.0fdacd78ea72476d9688afaa61fc5c42;2023-05-18;2023-06-17
7209;outfit.82d7dcf690da4fc09bcf658816bccd3c;2021-12-01;2021-12-17
7209;outfit.7d5e7df1d7e44528bca8d9859759042d;2021-11-16;2021-11-30
7209;outfit.63e5bdaff1b343328fbe6a01b518c546;2021-09-21;2021-10-11
7209;outfit.38572c7dec3b4460bf36ade1d517ce20;2022-01-31;2022-02-21
7209;outfit.adb851b71e828162;2021-09-21;2021-10-11
7209;outfit.ef37915fe2f546378750595366833b79;2021-09-21;2021-10-11
4463;outfit.2766e5ad48a2427a898f60aaacf85622;2024-01-22;2024-02-21
1980;outfit.993dfa12c54fc46f;2022-08-14;2022-09-13
1336;outfit.bf5d4348f69b718f;2024-01-22;2024-02-21
1336;outfit.dc7abe1bb20f423a8356cb4d089c56ff;2024-01-22;2024-02-21
4193;outfit.978ae36482bb4c1bb32f8a6524cfdb76;2023-09-09;2023-10-08
3291;outfit.b3c827a7bc271120;2020-12-21;2021-01-26
5843;outfit.1cda37cc756345aeb22ccfc54fef10a4;2021-11-10;2021-12-10
5843;outfit.6fa8bb1601aa44698177e99a24a52863;2021-12-10;2022-01-10
5843;outfit.e6bbfedb420c40059c5a6515c0f94dfd;2021-12-10;2022-01-10
5843;outfit.31661e90877148d9bbe3846f087063f7;2021-12-10;2022-01-10
5843;outfit.6dea8453a7dd4701830624eeea14bf9b;2021-12-10;2021-12-23
5379;outfit.790f5da62cbc479694f4df750c3a76c7;2021-12-17;2022-01-17
4464;outfit.bae42664f07a447e;2023-08-19;2023-09-18
6310;outfit.2a307327642c41fda6f4f1b9d8a8080a;2022-02-07;2022-03-06
733;outfit.2208707dcf134558b4d335f1e3534655;2023-08-16;2023-09-15
6429;outfit.7bf81ddabaf04521afae88cc4b70ef8f;2022-05-16;2022-06-15
3094;outfit.c815d15af6ba46c580927f9bf81122f0;2022-03-31;2022-04-25
4464;outfit.379ed2da3cb6428c9c9402855dfd61f8;2023-04-19;2023-05-18
6318;outfit.ec43e546a9d543ee8c15c07cb70608a9;2021-03-17;2021-04-19
6318;outfit.bdc81580030648a48acd9e91046c3d44;2021-03-17;2021-04-19
6318;outfit.662df044b9174634a35cc35c39bd1d16;2021-03-17;2021-04-19
1481;outfit.e2ac14f5ba454e0eaf3e7c0f926c65ee;2021-07-15;2021-08-16
1481;outfit.f32718341e9443d8a36121a8913ff304;2021-07-15;2021-08-16
2649;outfit.645253cbcd81420fac17364b8f66426a;2024-07-02;2024-08-01
4107;outfit.150dfea353754793b615998907ebffc6;2020-12-18;2021-01-18
5929;outfit.b7e42c6a4cc546d3936a1fc797a1b4ef;2021-12-15;2022-01-14
3017;outfit.ef9f4ad754194793ab95e6c30f5606ae;2021-10-05;2021-11-05
3017;outfit.f0362cb6059c40938c0945eca21b572e;2021-10-05;2021-11-05
3017;outfit.33af134887eb422baed2c7207f9cd5bc;2021-10-08;2021-11-05
490;outfit.d002aedf1e0d4058aaa82dabbbd74c52;2021-10-14;2021-11-15
490;outfit.97228689c245bc79;2021-10-14;2021-11-15
3147;outfit.d7e3f493b73c45c785ac6887d20f4069;2022-05-07;2022-06-06
3147;outfit.b2e035a8cce61dcb;2022-02-07;2022-03-06
3147;outfit.32722b47b465460e91c775e73609e78b;2022-03-07;2022-04-06
3320;outfit.5b607271e3ee467bb4188f977c0336b8;2023-04-09;2023-05-08
1923;outfit.260d02e82bbd415bbe1e18918e98e0b6;2023-10-26;2023-12-25
1248;outfit.d4498e3094f048d8808f056832637685;2022-11-12;2022-12-11
1248;outfit.ee40e812ed554b87a45637339c72cbd6;2022-11-12;2022-12-11
1626;outfit.17753fa2c9914d659fe5432c2a06f1fa;2023-03-16;2023-04-15
1626;outfit.0533ed8c59ce4cf29172f502a3a93a91;2023-03-16;2023-04-15
1626;outfit.b3d31d76ede3d815;2023-03-16;2023-04-15
5615;outfit.207232e414dd46e5b7352becfd9e53e5;2024-05-03;2024-06-02
6361;outfit.8273c17c394043b8affdf5c04ee019ed;2023-11-01;2023-11-30
5837;outfit.9936eee8f01a25d8;2021-04-07;2021-05-03
7048;outfit.1cac5f6638f140a3bcd41d5c1cf4bdc5;2021-08-10;2021-08-20
7048;outfit.2a307327642c41fda6f4f1b9d8a8080a;2021-11-22;2021-12-15
7048;outfit.bc490bc7db204af498825badd2d59285;2021-10-20;2021-11-22
3094;outfit.3261b5e6c4574ee9aacde7740fde9f7c;2022-09-26;2022-10-25
3094;outfit.ed0bda9223004815822e8eaff7b7688f;2022-09-26;2022-10-25
2170;outfit.e837786453834dce89358fa547d891c2;2021-11-19;2021-12-17
3441;outfit.55aa098dd93644fe961d0137a79adbea;2023-04-29;2023-05-28
2131;outfit.ee0dfdf3b9a349b591e78712514e2f5b;2021-08-19;2021-09-20
4696;outfit.611ba8f831e449f0a5bf0dfcc78e35a6;2022-09-07;2022-10-06
414;outfit.32b52e42d8e844199bf05c4739bedf16;2023-12-23;2024-01-22
4998;outfit.cf1d104fc65c4fd987d195e2a58e588a;2023-04-20;2023-05-19
5734;outfit.b1eeff303fb44f10a6c2ac36c0136514;2022-02-14;2022-03-14
550;outfit.94f471a5d48f3464;2023-01-20;2023-02-19
6936;outfit.af3cb94171784fff803b50e9a99cd890;2022-08-26;2022-09-25
7101;outfit.cc30aac83a794a269779fc0b2984abba;2021-02-22;2021-04-21
7101;outfit.abe970f711444589b6ce9e81bf35615d;2021-02-22;2021-03-22
3320;outfit.be1e83bfcede6836;2023-04-09;2023-05-08
2148;outfit.17753fa2c9914d659fe5432c2a06f1fa;2023-12-21;2024-01-20
2148;outfit.f1a25e8f1def4f2fa805aefcbb91bb62;2023-11-21;2023-12-20
6526;outfit.be3e7c4ec5718d36;2024-02-09;2024-03-08
5734;outfit.0ed1568a6b6545e4932bee98c84aa544;2022-02-14;2022-03-14
3175;outfit.34bd3ce2dd644974b9e945a8d91d8bca;2023-03-08;2023-04-07
3175;outfit.3e2f71bc50a94158b8a7280408951627;2023-03-08;2023-04-07
2716;outfit.10702960934e47ca8b83d90cb167b470;2021-02-03;2021-03-02
2716;outfit.ced7a70fdb8c4168ad6b7264244de2e0;2021-02-03;2021-03-02
761;outfit.74034e464b524fad81e47ac5df3f4aad;2021-09-03;2021-10-01
4107;outfit.0149e9cdd92241a7a8c73a98eb397928;2021-10-19;2021-11-18
2762;outfit.e18310c477cb4fa38cd9ba31e9997c4f;2022-03-09;2022-04-08
3458;outfit.4238aa017620494dbe0724f9b8f8f702;2022-05-20;2022-06-19
2576;outfit.d81ef5af6f7b43358348ff1113aeb904;2022-08-23;2022-09-22
2703;outfit.359ce2bd2e40491686ce3ebc4a13ead6;2023-09-16;2023-10-15
1809;outfit.4a4c3e2895e2437b8cda83c27064abba;2022-10-20;2022-11-19
1809;outfit.359ce2bd2e40491686ce3ebc4a13ead6;2022-12-20;2023-02-19
4452;outfit.35331fbfbbe04b9ca3dfc1535cf148fc;2020-06-22;2020-07-27
4452;outfit.db5c1c953153428ca001e10600e8bb42;2020-06-22;2020-08-10
4452;outfit.ac3e4eefb550471989769e1e4d1683d1;2020-08-03;2020-09-10
4452;outfit.9a276668aa20ef1b;2020-06-22;2020-07-27
4452;outfit.bdf0b714576b2118;2020-06-22;2020-07-27
746;outfit.d52f6e55c56a4d6ea952522543d06fbf;2023-08-10;2023-09-09
3935;outfit.1c78096241a04da2bb89cb692f3953b0;2022-06-28;2022-07-27
1173;outfit.3ccefaac1825408c82d9980a3ea5964a;2023-04-24;2023-05-23
1515;outfit.8cbb77c85f07443e9c2e6687e4131a45;2022-12-22;2023-01-21
5694;outfit.cc03f27af19f42a483a2f03ad997279d;2021-10-20;2021-10-27
5694;outfit.b28a4882faf73d65;2021-10-14;2021-10-27
5694;outfit.8a9297abf702469b88dcdb1ce6cd35bd;2022-01-07;2022-02-04
5694;outfit.981387ce664649c08f8c79dc4e8339d0;2021-10-14;2021-10-27
2920;outfit.35331fbfbbe04b9ca3dfc1535cf148fc;2021-12-03;2022-01-03
2920;outfit.0a5a3a2e1ff34f1792e1f2dad95cbc2b;2021-12-03;2022-01-03
2920;outfit.d8909288c79b4df6b6547aa381d360f1;2021-12-03;2022-01-03
6319;outfit.875635fa72e9a84a;2021-09-10;2021-10-01
3320;outfit.f465c31c406c4fc69448ba6a62d76ea6;2023-03-09;2023-04-08
7376;outfit.b1ddecd27b94476d833c0ea2c2bb6d3a;2021-07-21;2021-08-20
5059;outfit.7eb16fe1e199414bbb7f88d71fe7cb56;2021-11-11;2021-12-03
1998;outfit.9dc1abebc456d310;2022-04-18;2022-05-17
4185;outfit.a841b2acdc119218;2023-03-01;2023-03-31
6347;outfit.7b4f2169219844b0841ffb1a8c602ee2;2022-02-11;2022-03-11
6051;outfit.50968c211b5941648f6519e289b84da7;2023-02-02;2023-03-01
6907;outfit.5235ff1f43e94601b30e4f25d6abcb39;2021-09-01;2021-09-30
6911;outfit.99495169e3ffdfa4;2022-09-11;2022-10-10
5805;outfit.ac93e6bc39c341dd9592de80ee57e522;2023-01-25;2023-02-24
1881;outfit.b619ba973b4b49d79c89863737097ab3;2023-12-26;2024-01-25
6118;outfit.3261b5e6c4574ee9aacde7740fde9f7c;2019-11-12;2019-11-25
6932;outfit.e3f24e663eb84a2b9b20cde76be3b04e;2021-03-10;2021-04-09
6932;outfit.043a430a63b34151a6489d2863ea11aa;2021-03-10;2021-05-10
6932;outfit.f4608a1f01534d818dd6424ed99428cd;2021-03-10;2021-04-09
5738;outfit.268878c3e3e24d98bbc6e9770e2eb44c;2023-02-20;2023-03-19
5398;outfit.944185e8eec8066a;2021-05-14;2021-06-14
7150;outfit.1a265d0988ad4e86966114062e4ca547;2021-05-11;2021-06-11
7150;outfit.b232dfc2ba4bd49f;2021-05-11;2021-06-11
7150;outfit.8afbb76916e14187b0bc9aaabbc2bd24;2021-05-11;2021-06-11
7150;outfit.03a5ffb8c27947de936564061de3d046;2021-05-11;2021-06-11
2250;outfit.13db1499701e46f5b6e98d5e6d34267a;2023-01-22;2023-02-21
4877;outfit.bb8aa151e5f63d31;2020-08-17;2020-09-16
4877;outfit.ad515b47cf3fb1a2;2020-08-17;2020-09-16
4877;outfit.4a42bebcc6534e8697fd6f7656839c29;2020-08-17;2020-09-16
7244;outfit.60dced53fd414aec99d569404f19c4ee;2020-09-07;2020-10-07
7244;outfit.af4c1536e8d62d77;2020-09-07;2020-10-07
7244;outfit.fe07e41596d841c6943aa7819488c565;2020-09-07;2020-10-07
6911;outfit.d1404a07cbda4bf68dd8d57cb0e32207;2024-01-11;2024-02-10
4608;outfit.d751f378f5214d2e941994a9ecc4b046;2021-07-07;2021-08-06
6781;outfit.c22e4fbbfc23437a9f32d1ae2455223f;2021-07-12;2021-08-12
2363;outfit.71cb13dfda4d475b9fcb509ecd701ce1;2022-05-15;2022-06-14
606;outfit.4431d4e34e6a4c0fba43aa50395893f7;2023-10-26;2023-11-25
7376;outfit.edf01c8ca8f64059a8afaf72b4ba5eb3;2021-05-19;2021-06-19
2052;outfit.16f24c4eb69a48f1a34117fc6c0a691f;2021-12-15;2022-01-11
6786;outfit.a8c3007784dfc486;2023-09-05;2023-10-04
1336;outfit.81dcc2ec22f24b248f5499b887dd22e0;2023-09-22;2023-10-21
4769;outfit.a1e7bca1ce3791d6;2021-01-18;2021-02-19
2131;outfit.dcedf030b9134a08a8d3df3f4fdb07ea;2021-12-17;2022-01-07
2131;outfit.ee5f9c358ba84da3be552135a8185673;2021-12-17;2022-01-17
2649;outfit.476b7bf9f9a74be3ae1a2152fee9fc3b;2024-04-02;2024-05-01
2649;outfit.b33b5cbbea204ab79a1060c3a17546b3;2024-04-02;2024-05-01
2649;outfit.0197563e06d44a0086f2cbe146a7ff7b;2023-12-02;2024-01-01
3477;outfit.bbd6ae88b44bfd29;2019-11-25;2019-11-29
3572;outfit.374273ffb79943b7be144ceb14529592;2020-12-07;2021-01-08
3572;outfit.106726e45449496989051f9f0ff73af0;2020-12-07;2021-01-08
3572;outfit.c71e9a58962a404b9d6c8df867b4b392;2020-12-07;2021-01-08
4810;outfit.256b152a25b44f3386d247011bacca56;2022-07-27;2022-08-26
1735;outfit.170d553601c744e393427a92c0cf58b3;2021-07-26;2021-08-26
6737;outfit.55e47b50f0dc4852a5784fffafa63488;2022-07-01;2022-07-31
6303;outfit.b59ff04becb14446b4785b12e9ddf16f;2023-07-01;2023-07-31
3028;outfit.92f2e542b76f7d6d;2024-05-17;2024-06-16
3459;outfit.4c41406859e04bc7b29036c62ea1b7df;2020-12-01;2021-01-06
6907;outfit.5235ff1f43e94601b30e4f25d6abcb39;2021-09-01;2021-09-30
4461;outfit.cd734667a90745b3a826957b1dc343ac;2021-12-03;2022-01-03
4461;outfit.22c011b90cf34e56a9613321cd35514b;2021-12-03;2022-01-03
4461;outfit.af7384d7b857af65;2021-12-03;2022-01-03
1705;outfit.92f2e542b76f7d6d;2023-04-06;2023-05-05
6318;outfit.4448e1b8445d4f75803151b3794492b6;2020-08-20;2020-09-21
6318;outfit.bff1e6d642824c8387d567c03f0b1d83;2020-08-20;2020-09-21
6318;outfit.bb72f30cdb4246d1bc47ff8b17cf4162;2020-08-20;2020-09-21
2833;outfit.d77ef34608454debb3c7b18a03877004;2022-05-28;2022-06-27
2833;outfit.c1e2e74fb2d84e07bec3185521fbea5b;2022-05-28;2022-06-27
2833;outfit.c56b02923f6c4bdda50d3b93b48ce291;2022-05-28;2022-06-27
4638;outfit.a1bd30435ab14461af069cf262f1e1eb;2022-08-12;2022-09-11
462;outfit.1072872925cb416299b831528deb0b33;2021-05-25;2021-06-25
462;outfit.7395b78d10084aebb906f8f83bfd89cc;2021-05-25;2021-06-25
4258;outfit.c7be4c2774424a498f63ebe6ea4b5933;2022-04-13;2022-05-12
2168;outfit.9a0283b3b9e34e39a0038cb7b7044c75;2022-08-28;2022-09-27
887;outfit.d933a0b2120d4102bcfe5f51886dc0e1;2021-11-01;2021-11-26
3192;outfit.30c41f57e4a1445ca8256fd6ccbc8356;2020-11-16;2020-12-16
3192;outfit.df1d0f1d24dc4629b4769b6a3dc89b43;2020-11-16;2021-01-18
3192;outfit.0630ef7d996d4c489b4e54e85bd09e5a;2020-11-16;2020-12-16
3192;outfit.124195196333488e8ba4d195b96ecbdf;2020-11-16;2020-12-16
1735;outfit.64096b7f0ef1430d9871e92fc198f693;2023-07-17;2023-08-16
3577;outfit.9e28084ee8e94a1d8afe4abe643fa8d5;2021-02-08;2021-03-08
3577;outfit.33775c3acbcf408aadc5a2436d0750ec;2021-02-08;2021-03-08
6642;outfit.e6d04857b6e54eecbd905c7e8093c960;2021-02-03;2021-03-02
6642;outfit.767ecbf6b9bb4969ad78de1a78dbf039;2021-02-03;2021-03-02
5914;outfit.1096c0a926c244b39b44ff523a6ad9e0;2020-07-20;2020-09-04
747;outfit.3c0da42b00f94123aad9c641ff5073ad;2022-02-13;2022-03-12
747;outfit.4fa890c8bbf54547a3cacaa898e5b7d5;2022-02-13;2022-03-12
4073;outfit.dd62d98a9d3e40659b5438f7388d8e01;2022-03-09;2022-04-08
2085;outfit.8428c700eb194931835b34f2860d3432;2023-05-26;2023-06-25
2085;outfit.39c98e12ea9942a0a2c98c6297aabfbf;2023-05-26;2023-06-25
2219;outfit.e169ea04d96140928a856fbab4821a60;2022-09-05;2022-10-04
2219;outfit.f60a93dd961d4856a6d40e366ef90717;2022-09-05;2022-10-04
4564;outfit.3261b5e6c4574ee9aacde7740fde9f7c;2022-02-17;2022-03-16
4696;outfit.ed0bda9223004815822e8eaff7b7688f;2022-06-07;2022-07-06
6663;outfit.b227d2e4685f4a56a13c4e43023021ec;2023-07-01;2023-07-31
3749;outfit.deb2675432704b1e8048f6f90c102a00;2022-05-12;2022-06-11
5615;outfit.d39ea6485a024bb2a6529ce15d2739d7;2024-04-03;2024-05-02
1684;outfit.9ed854d660862b8f;2021-08-06;2021-09-03
3988;outfit.7f12d0cbd88d440f84b259599e625b69;2021-02-22;2021-03-22
3988;outfit.df1d0f1d24dc4629b4769b6a3dc89b43;2021-02-22;2021-03-22
3988;outfit.8fc193be35a546b987480b6cb5323beb;2021-02-22;2021-03-22
6284;outfit.c8c5d18e8365419eba926afed7344dd7;2020-06-25;2020-07-20
6284;outfit.82ca4f1985ca4966ac81db79cc5a5bc1;2020-06-25;2020-07-20
7050;outfit.9783b2f3f00040848624b655abd30cfa;2021-12-03;2022-01-03
3147;outfit.43e73eedf7134d04afd27ea87948ce03;2021-10-01;2021-11-01
4463;outfit.b5db150f4740b356;2022-05-09;2022-06-08
4463;outfit.359ce2bd2e40491686ce3ebc4a13ead6;2022-05-09;2022-06-08
5318;outfit.1b11be15702b4c59ba76f79ed71df7ce;2022-08-17;2022-09-16
5303;outfit.e0f170b8b51f4ae4a7e00047b9ea8d79;2024-05-17;2024-06-16
4452;outfit.95b998c29f9af2fd;2020-11-09;2020-12-04
4452;outfit.7bf81ddabaf04521afae88cc4b70ef8f;2020-11-09;2020-12-04
4452;outfit.bf8385f15d6d468880c5e654f7599cf1;2020-11-09;2020-12-04
4960;outfit.4295344ef7464599b0e1698740582792;2023-12-09;2024-01-08
6456;outfit.22b16afebcf749d08ab2a83d88406516;2023-08-22;2023-09-21
1354;outfit.9ce064a4d8b5b825;2024-02-06;2024-03-05
7128;outfit.478c7aaed8f8413d9618e508ddd7d59b;2022-03-29;2022-04-28
2085;outfit.5a0e04a9018a4904990fc85f1c8cd1ce;2022-10-26;2022-11-25
2085;outfit.9a5a00800acbac31;2022-10-25;2022-11-24
5430;outfit.dd62d98a9d3e40659b5438f7388d8e01;2021-03-11;2021-04-09
5430;outfit.4b2a9c705f844b229cb293ba66c8ddf5;2021-03-11;2021-04-09
490;outfit.ad412f59706c86b8;2023-09-12;2023-10-11
4193;outfit.947023ca62c57b96;2023-05-09;2023-06-08
1412;outfit.1096c0a926c244b39b44ff523a6ad9e0;2021-04-07;2021-06-07
6429;outfit.cd92590952d54e1d8b3bec0bbecb901b;2022-12-16;2023-01-15
416;outfit.9e50c4cb7e564151b3494f501b7d893d;2020-08-03;2020-09-02
1248;outfit.b2e035a8cce61dcb;2020-10-05;2020-11-05
1706;outfit.efbeb50344e54028b243698b3dd1b700;2022-05-18;2022-06-17
4000;outfit.929220a63bf843f99474bc2644fcb53d;2023-09-04;2023-10-03
572;outfit.be837201dbe28113;2023-11-12;2023-12-11
4404;outfit.7cc254ca61fd49189825e315d9507a3d;2022-02-14;2022-03-13
4404;outfit.e6abf593ad3949cd8a2b345ed4249ff6;2022-02-14;2022-03-13
606;outfit.dcf9da47ee4e4bd994d4faa2aaadb321;2021-10-27;2021-11-26
606;outfit.9cd6c1a82e884a77b55b6113de55fea7;2022-01-28;2022-02-28
606;outfit.b1adfc4204c602e5;2021-11-29;2021-12-29
606;outfit.c2d33a741bd14b39b33c7fbae31d3c31;2021-10-27;2021-11-26
606;outfit.32bbe20e948d4839b63aa0f4b540b466;2022-01-28;2022-02-28
606;outfit.72b64826af9f427e9b51b108ff3d5ba2;2021-10-27;2021-11-26
1374;outfit.efcc5df981d74216b2cc1ba8c476db79;2021-01-06;2021-02-05
1626;outfit.5048c556741f4513ade4ab8607e5a46f;2024-06-16;2024-07-15
4522;outfit.bf8385f15d6d468880c5e654f7599cf1;2023-09-11;2023-10-10
2168;outfit.78392fa87e224d719c89da109d9e263f;2022-08-28;2022-09-27
1942;outfit.37f5db61da1b4fb0a50472c1ddc442a4;2021-09-24;2021-10-25
3896;outfit.48082d4340244e8ca2ff66aae39dc114;2023-07-01;2023-08-31
3896;outfit.5e119d066b62498491b2919f0453d803;2023-07-01;2023-08-31
568;outfit.9b7e2e060c874d3287c4cee69860679a;2021-07-13;2021-08-13
568;outfit.4b5c2be520b045e490ca17fcb9d87b90;2021-07-13;2021-08-13
568;outfit.142a3686d9ec47afb71932e592f45a92;2021-07-13;2021-08-13
568;outfit.9a32f8a3fb1d4a8b8089a102068ef9bc;2021-07-13;2021-08-13
2205;outfit.8a1cf5ac88bb4b80930feda22d5dcc49;2023-06-01;2023-06-30
996;outfit.ca56ec7bf3fa49ed9f8a1a3dbba4b31c;2023-07-15;2023-08-14
6786;outfit.cdca688f6a2b48c598ce6c5459088301;2022-04-05;2022-05-04
7118;outfit.1a05e7ef43cb440c93d0ef93fd430a32;2023-08-14;2023-09-13
454;outfit.a50024ea71e6453c9c09d6d65d21a5ea;2024-07-03;2024-08-02
1773;outfit.4c96620b5f444f05adcd28bcfd3861d5;2023-09-06;2023-10-05
2089;outfit.1939ac235e8f48398419c34020295399;2021-04-16;2021-05-18
3727;outfit.b768912b0eaf45f19918f8ef07d1bd1b;2021-06-14;2021-07-02
3727;outfit.c09187a8a8334f118324a6c4de5f7a91;2021-06-14;2021-07-02
7110;outfit.7ee7542297f944ecb49f4fe5b44728f7;2023-12-29;2024-01-28
2248;outfit.61a93a8506024e779db658f842e26625;2023-09-23;2023-10-22
5169;outfit.d6789556754c4ce084d2fc7c354ae23d;2022-05-31;2022-06-29
5169;outfit.f89a59931cff4d4b8e63dd23cecd0e2d;2022-05-31;2022-06-29
5760;outfit.1642071c303e44a19ce63dfbbf8384bd;2022-09-05;2022-10-04
6129;outfit.0e79f46fd9f344bdb7c714ffce9e98aa;2022-02-01;2022-03-11
1922;outfit.5b99177128de4ffbbdf6b5255d411f15;2021-12-01;2021-12-31
1922;outfit.d81ef5af6f7b43358348ff1113aeb904;2021-12-01;2021-12-31
6036;outfit.d04fbe1240ef405c867fb813b5aa8779;2022-02-25;2022-03-24
1412;outfit.a7b955473f2248a8a818455cb08c9e79;2022-05-12;2022-06-11
996;outfit.c52099f0269e4b6ebd66b79d3cca1d01;2021-12-08;2022-01-07
2812;outfit.d8f20c3b2cae42b29b56f2b61cb6e715;2021-04-09;2021-05-10
2812;outfit.4cbda361e12e4d65a5fb502dfd38076a;2021-04-09;2021-05-10
1706;outfit.900dd323358401b1;2022-01-03;2022-01-31
1706;outfit.97ec221c84bcfbe3;2021-12-01;2021-12-31
6447;outfit.9b7577b41e374c5d8debce0abc0466de;2021-10-25;2021-11-02
3988;outfit.1096c0a926c244b39b44ff523a6ad9e0;2020-10-12;2020-11-12
3988;outfit.b0a5d80451942bf5;2020-10-12;2020-11-12
3988;outfit.ade5433e25b54fbbb66a54f8fe113132;2020-10-12;2020-11-12
55;outfit.e64440c76c164f76b87f4719745f3b68;2021-10-01;2021-11-01
3533;outfit.99495169e3ffdfa4;2021-03-05;2021-04-05
6642;outfit.43226226462b46ef9545ea320348ff21;2021-04-05;2021-05-03
6642;outfit.c51bd8f0c3464297b89ffa73328c3275;2021-05-03;2021-06-03
2170;outfit.bd9dca3a7c0d808c;2020-12-21;2021-01-21
2170;outfit.8ccfe9b6e0b0473b95bc91b156139d89;2021-02-22;2021-03-19
2170;outfit.ded9a0e26ca846ba86ae2eb4f12fe831;2021-01-21;2021-02-19
2170;outfit.e3f24e663eb84a2b9b20cde76be3b04e;2020-11-23;2020-12-21
2170;outfit.91a30aff3ad0422ea63780d69b21adc8;2021-02-22;2021-03-19
2170;outfit.e3f24e663eb84a2b9b20cde76be3b04e;2020-12-21;2021-01-21
2170;outfit.4f4a70076bf4450a8fce9db3d214b234;2020-11-23;2020-12-21
2170;outfit.e837786453834dce89358fa547d891c2;2021-01-21;2021-02-19
2170;outfit.03f24a5a208f481eab99f81ff4742928;2020-12-21;2021-01-21
2170;outfit.8459e55ea3800598;2020-11-23;2021-01-21
2170;outfit.eae8d66566254901a5401b8c38b4d608;2021-02-22;2021-03-19
4834;outfit.67251d32508649cf8e2cb7d79817796e;2021-12-29;2022-01-28
731;outfit.11c8bc7fcf3145f29a1b9be52483b41a;2021-04-26;2021-06-04
3727;outfit.944185e8eec8066a;2022-08-14;2022-09-13
3727;outfit.3339007e20b94181807f9570766cde62;2022-08-14;2022-09-13
3320;outfit.2ab1a79e73cd419fb4479cea44e12c84;2023-09-09;2023-10-08
3769;outfit.56e3cc906a444a569d6b057189a361bf;2023-09-16;2023-10-15
5760;outfit.defda56477d1496dacd7a61e447be9c4;2022-06-05;2022-07-04
2799;outfit.98a0bb3110de7f3e;2023-07-27;2023-08-26
6907;outfit.a3546e9a63f72521;2021-11-01;2021-11-30
1354;outfit.d7f1bc7197b6469db1b9c4faf4071cb7;2023-08-06;2023-09-05
1354;outfit.0e79f46fd9f344bdb7c714ffce9e98aa;2023-10-06;2023-11-05
2273;outfit.a8e7915eda974714aa57df8f38a87546;2022-11-18;2022-12-17
2273;outfit.ef9f1336091444cfb75dc29538ecbec9;2022-12-18;2023-01-17
3848;outfit.e89fab0bbc574d6c89242ff808d537e6;2021-06-25;2021-07-16
3848;outfit.021142f5924f4280bd3948268d35db64;2021-06-25;2021-07-16
4769;outfit.76443d6db496494dbb26ac275ecbdb3b;2021-01-18;2021-02-19
572;outfit.da552355bfd04649a987a3881b99d09c;2022-12-12;2023-01-11
5100;outfit.978a2705fa024cc6986b47b035e78ff8;2022-12-17;2023-01-16
454;outfit.ddf9204937fc40069fe13a0c546e1df9;2023-06-03;2023-07-02
454;outfit.806a7fef96ec97e0;2023-07-03;2023-08-02
3094;outfit.549dd7bf94d4442abfd053dc32ee54cc;2020-09-25;2020-10-30
3094;outfit.af4a7934c1e143efa7ff6dae227cc416;2020-09-25;2020-10-30
2519;outfit.915272dd8393bc1d;2020-07-27;2020-07-31
2519;outfit.cd734667a90745b3a826957b1dc343ac;2020-07-27;2020-08-27
2519;outfit.827b99b7b40a655e;2020-07-27;2020-08-27
2519;outfit.7f6d08bebe2348729948104efde5179e;2020-07-27;2020-08-27
2519;outfit.43e73eedf7134d04afd27ea87948ce03;2020-07-27;2020-08-17
5309;outfit.b8edf89f3a5949949ae1188cd3283d6f;2022-07-20;2022-08-19
1840;outfit.95b998c29f9af2fd;2022-09-30;2022-10-29
6932;outfit.0fdacd78ea72476d9688afaa61fc5c42;2021-01-18;2021-02-09
996;outfit.85b4a99c5e6af89d;2023-11-15;2023-12-14
5879;outfit.30e588a3fe8b4d879b3c647fde936843;2021-08-05;2021-08-17
996;outfit.7f44b4762bda4246a1aa7cd533047141;2022-11-15;2022-12-14
3227;outfit.8b14ea3bf7bc40ee;2022-02-16;2022-03-16
1327;outfit.524627d9e5544cb8ab8c738c64a440c4;2021-03-12;2021-04-12
1327;outfit.d89c1051a315434d90b87a3ea5aa1ea3;2021-03-12;2021-04-12
2364;outfit.aa160ca041de17bb;2020-12-08;2021-01-08
2364;outfit.f23993293d944d1b9bf173ca5be1a409;2020-12-08;2021-01-08
2364;outfit.bb0b2a2f58aa9f0b;2020-12-08;2021-01-08
2364;outfit.9bb6cde5e7d143db8e60793ec409d58b;2020-12-08;2021-01-08
6284;outfit.ad859eefb9c84ef29b7fb8bfb046ba48;2021-12-13;2022-01-13
6284;outfit.95736bee85ac4163ad8a60e8e6a0ddf5;2021-12-13;2022-01-13
3071;outfit.ceb25ee97e894d46869ca3eb799d48e0;2021-11-26;2021-12-27
1354;outfit.4ca0964f8f604f42b71268c44e41db7d;2023-08-06;2023-09-05
5169;outfit.0ed1568a6b6545e4932bee98c84aa544;2022-07-31;2022-08-30
5169;outfit.44c8e590e1df4f6ab23cf81b9ed39374;2022-07-31;2022-08-30
4674;outfit.09d700689d8a4f6e8f20edfcfb890bc0;2021-03-10;2021-04-09
4258;outfit.a4699b3b33b4d99c;2022-03-13;2022-04-12
1248;outfit.3230795e6aed435ab96c8fcf5e56fd08;2022-05-12;2022-06-11
7185;outfit.bbd662557126462f84e4912812fc1be0;2020-10-16;2020-10-17
7185;outfit.deb2675432704b1e8048f6f90c102a00;2020-10-16;2020-10-17
7185;outfit.f82bfbc5af1c4997956e63f92ea51907;2020-10-16;2020-10-17
4608;outfit.1a05e7ef43cb440c93d0ef93fd430a32;2022-06-14;2022-07-13
1706;outfit.b8a404e6aad069ba;2022-03-01;2022-03-31
3320;outfit.9b8cb306a9fd4315bbda3cd2b056e36a;2023-11-09;2023-12-08
996;outfit.1260ac1718974152b1294c75e13aae88;2023-05-15;2023-06-14
5224;outfit.81e52ba208d55e4d;2022-03-21;2022-04-20
2130;outfit.171c86f3627845c08df08a82deb2241f;2021-04-19;2021-05-18
2130;outfit.9df47f2be7324ffa9fe6cd184656a7ed;2021-04-19;2021-05-18
2130;outfit.176a117b3644491bb4ad187c4c5a0067;2021-04-19;2021-05-18
5224;outfit.c35c73041785478d8b7bff3ba75797eb;2021-11-10;2021-12-10
5285;outfit.d6706746bcd74c05883df24d4b775e0e;2023-08-06;2023-09-05
5778;outfit.8cbb77c85f07443e9c2e6687e4131a45;2023-04-18;2023-05-17
1586;outfit.f8e95f5fd1b641a4823ea3c6010e19cb;2023-04-16;2023-05-15
6781;outfit.2846db8e50bc49a7a1b5f37be769f364;2021-10-14;2021-11-15
948;outfit.d1d9c6d189744cd29dbf2a778da4c399;2024-04-03;2024-05-02
3227;outfit.ccf811c5b8f847758b9d79c74514890f;2023-04-26;2023-05-25
6907;outfit.b82c3360fbcd411683eb135b6450e7fd;2021-10-01;2021-11-01
5615;outfit.9617c0965077556e;2023-10-03;2023-11-02
1172;outfit.173b6b1204df4f128bcbdd843d91351e;2022-05-08;2022-06-07
490;outfit.b09e135ba34c46daaf3a5495dcec6e83;2020-05-27;2020-07-27
490;outfit.95075e1ddb3d49a9a3fc51653c1e0421;2020-05-27;2020-07-27
490;outfit.af3cb94171784fff803b50e9a99cd890;2020-05-27;2020-07-27
6519;outfit.3b49ff8bbdf2444a83abcdc0fbb45f01;2021-10-29;2021-11-29
6519;outfit.9c19cb240c0c06d1;2021-10-29;2021-11-29
6885;outfit.ad062450831242c091c3cfc78407df6d;2023-06-18;2023-07-17
7342;outfit.d3739869edc74a0a855e399f5b75a567;2022-06-22;2022-07-21
582;outfit.82ca4f1985ca4966ac81db79cc5a5bc1;2021-05-03;2021-06-01
313;outfit.e7180235b62040eb9afeab19f74c5a73;2023-05-07;2023-06-06
6988;outfit.a9f2bcb6885fe60a;2024-01-19;2024-02-18
6988;outfit.7351b9594dfe43e68810cd2359952ee3;2023-12-19;2024-01-18
6988;outfit.8609dd7995e147efbdf631d515d34bed;2024-01-19;2024-02-18
4674;outfit.173befabe7a14130b0e646ca4152150c;2021-01-11;2021-02-11
4674;outfit.62f1b6fba2104c1296481b7f8bc074dd;2021-03-09;2021-04-09
1336;outfit.767c953e45b8447eb7ff8d44dd5b65e1;2023-08-22;2023-09-21
1559;outfit.98d6cf4fef49ec24;2023-11-28;2023-12-27
5805;outfit.4d87f217c19241cf9a4feb9d75638e1a;2022-01-10;2022-02-04
2383;outfit.e3beae7266754b369fb289ece8c757ba;2022-08-06;2022-09-05
6907;outfit.f1ed4ff2e21a436997e35b1c918c304b;2022-06-06;2022-07-05
6907;outfit.24c32dd0323c4873949167fe0d1db421;2022-06-06;2022-07-05
7411;outfit.9373e29ec69b488d9cbb22abfaed3b0d;2021-08-12;2021-09-13
7411;outfit.ba1df248f1cd432a8bb58292b7b31e7b;2021-07-09;2021-08-13
6118;outfit.a81022a3c0064b83a78615ebb9ffd109;2019-10-08;2019-10-14
6118;outfit.9d97d017a5c747ac89d59efab886369a;2019-10-08;2019-10-26
6118;outfit.90a6743a8ffb95ab;2019-10-08;2019-10-26
6118;outfit.90f7caee60bf4dbf8f731e83d2560155;2019-10-08;2019-10-14
6118;outfit.4559b1568f5e436a85bf9c65ae525888;2019-10-08;2019-10-26
6118;outfit.722b9f354d8f4b2c80c5e60d35cfc833;2019-10-08;2019-10-14
6118;outfit.cdcd1bdbc00e4a1cb9b80f7f5bbddd49;2019-10-14;2019-10-26
1248;outfit.466afa76adb144b7ad004be6382cfc54;2021-12-06;2022-01-06
1248;outfit.bf5d4348f69b718f;2021-12-06;2022-01-06
902;outfit.d3972ad336174608b061e6224cb1fad4;2022-11-22;2022-12-21
5342;outfit.9341a89b191cd49f;2022-04-01;2022-04-30
2170;outfit.eae8d66566254901a5401b8c38b4d608;2022-04-26;2022-05-25
4884;outfit.d363ee8631554dccb9ced5babed2ce6a;2022-12-11;2023-01-10
5236;outfit.62b7b6c55aa84d89a8bc7b99173f571e;2022-12-04;2023-01-03
757;outfit.4dd6b2524e5b4379baa90d5f3f80280a;2022-05-04;2022-06-03
1980;outfit.6b8d0d5720af4e33af8dff7afe7b0ed3;2022-01-07;2022-02-07
1980;outfit.be3e7c4ec5718d36;2022-01-07;2022-02-07
3094;outfit.2a4ac5ffa2a44630a5295e135713963f;2020-10-30;2020-11-27
3094;outfit.92db973be0926d3f;2020-10-30;2020-11-27
6781;outfit.9c255f602b1e4455a79e0fe0cee938c1;2021-06-14;2021-07-12
2273;outfit.da7886916bfb4f4dae18d06d28aca900;2021-12-10;2021-12-20
454;outfit.5dbcbf03f1ec4ad280e3b90b688f0dc3;2023-04-03;2023-05-02
1522;outfit.0777834f7f1a4762a8c1ba09f2f4881d;2020-07-29;2020-08-28
1522;outfit.abd7e59260904f73ba0937d81996a9f2;2020-07-29;2020-08-28
767;outfit.511e82e05a794357a718e90238e7fcf9;2020-08-24;2020-09-14
767;outfit.853ff9245b124c84bb0973a6065e64de;2020-08-24;2020-09-14
767;outfit.ae76eb7ed4c948258ccec12a6e024562;2020-08-24;2020-09-14
6361;outfit.65489efb22d947a8865099ddde5b790d;2023-12-01;2023-12-31
7411;outfit.3fb6cd2d1f454b85937d1540dcf212f0;2020-09-30;2020-10-30
7411;outfit.8f6c3fbd7db0400caaf95a95ab29a97d;2020-11-30;2021-01-04
7411;outfit.9373e29ec69b488d9cbb22abfaed3b0d;2020-09-30;2020-10-30
4710;outfit.1c434db5b4cc42b8a656625c4d93fba4;2023-09-19;2023-10-18
454;outfit.68d7e3b9e8be4f07b3b200682d7dc456;2022-10-03;2022-11-02
7026;outfit.2195858f2ed34268bfd5e45eb4ae50d7;2020-12-16;2021-01-18
7026;outfit.fbc8b0687de1468c9a8517d5568431d9;2020-12-16;2021-01-18
4884;outfit.abe970f711444589b6ce9e81bf35615d;2022-11-11;2022-12-10
4884;outfit.48dec5565f454acf903fe1ce1f41a39e;2022-11-11;2022-12-10
1684;outfit.86a3e5e23b984060;2021-05-19;2021-06-21
1390;outfit.15cfb487c7524654901872cba89af2bc;2021-08-30;2021-09-30
5330;outfit.d52f6e55c56a4d6ea952522543d06fbf;2023-06-13;2023-07-12
2168;outfit.10702960934e47ca8b83d90cb167b470;2022-12-28;2023-02-27
675;outfit.da552355bfd04649a987a3881b99d09c;2021-10-28;2021-11-29
675;outfit.6ef37d8d2ee744229ed6350d8a94f308;2021-10-28;2022-01-28
1678;outfit.7a9ac6aae6de40d4b1a260d95de95988;2023-04-03;2023-05-02
1678;outfit.f11efd8c7b064175b4997b1ab65b5458;2023-04-03;2023-05-02
1678;outfit.cf2fa10de8ea412186fd6dd1f658e3ff;2023-04-03;2023-05-02
1626;outfit.388d5e71d8ca46a59067b8f07c7a0760;2023-11-16;2023-12-15
1626;outfit.97228689c245bc79;2023-11-16;2023-12-15
1626;outfit.80333429732852d4;2023-12-16;2024-01-15
3308;outfit.eb104cb68a534166899c4cce84b0fa55;2021-11-15;2021-11-29
2500;outfit.d60c7801271e488d88f0f13a0b28e6b6;2023-08-22;2023-09-21
2500;outfit.3eae986d05314414abe4ab66b1f1d94c;2023-04-22;2023-05-21
4667;outfit.83b1e08b46bf0031;2021-02-24;2021-03-22
1684;outfit.99d3c1ea30367e62;2022-08-20;2022-09-19
4674;outfit.03929cbe49e34b99bdd077380cc8d731;2024-01-26;2024-02-25
262;outfit.80333429732852d4;2022-01-25;2022-02-10
5430;outfit.97ec221c84bcfbe3;2021-04-12;2021-05-12
5430;outfit.2846db8e50bc49a7a1b5f37be769f364;2021-04-12;2021-05-12
2649;outfit.94fee721c94da3bd;2023-11-02;2023-12-01
6885;outfit.a50024ea71e6453c9c09d6d65d21a5ea;2023-08-18;2023-09-17
2759;outfit.df13ea56a17d4fad9fca92caa307b02c;2022-10-26;2022-11-25
1706;outfit.2d872cbfe6434c0c9ec15ebfa518a6e7;2022-02-01;2022-02-28
2856;outfit.688665113d8c4d13bae1db16e822454c;2022-03-19;2022-04-18
2856;outfit.6f6ace195ce44ccdbafbb72c1b4cde13;2022-06-19;2022-08-18
2856;outfit.82ec1db640c48b3f;2022-05-19;2022-06-18
3028;outfit.afcfeb5d7cda41318a080365f05c9075;2023-12-17;2024-01-16
5734;outfit.3b49ff8bbdf2444a83abcdc0fbb45f01;2022-02-14;2022-03-14
5734;outfit.80333429732852d4;2022-02-14;2022-03-14
5734;outfit.a02f335a26704f80a01232079d662ff4;2022-02-14;2022-03-14
2766;outfit.c0dd5faf2a294aa09fd7a39dc7a313bd;2023-09-02;2023-10-01
5531;outfit.791a43c3cf2e44168c27ff90db96f1e8;2022-05-07;2022-06-06
5531;outfit.75fd35081c884af28940d854e0a8c67f;2022-05-07;2022-06-06
572;outfit.ed26f73fdcad4071a6efa9ea84e9de3c;2022-05-12;2022-06-11
2364;outfit.deb2675432704b1e8048f6f90c102a00;2023-02-07;2023-03-06
6526;outfit.ac5bdf39908e44dabf5536871716d1c9;2024-01-09;2024-02-08
3357;outfit.f82bfbc5af1c4997956e63f92ea51907;2023-12-21;2024-01-20
446;outfit.6f809ac4449f4502a6eee8832eabcb60;2020-07-16;2020-08-17
446;outfit.6d6fe6b3b2514ecc8c47947292874f90;2020-07-16;2020-08-17
446;outfit.85244edf68884b9fa35758fe33b84612;2020-07-16;2020-08-17
416;outfit.616a99bd148443a6a54acbf0e8105c28;2023-12-07;2024-01-06
7089;outfit.229f2207dc1e4409af99504f061ca0e7;2021-04-28;2021-05-28
7089;outfit.14727804dc6945f9baabcd76ad96a744;2021-04-28;2021-05-28
7114;outfit.ee0dfdf3b9a349b591e78712514e2f5b;2022-08-15;2022-09-14
7114;outfit.79a40865291e442bb6473767b615d4d9;2022-07-15;2022-08-14
3227;outfit.b42337853cae4f66a2e7640b6845d2e5;2021-10-26;2021-11-23
3192;outfit.44c8e590e1df4f6ab23cf81b9ed39374;2022-08-25;2022-09-24
5694;outfit.203f5d33e7324d65a1d8175b3b910416;2023-10-14;2023-11-13
5694;outfit.203f5d33e7324d65a1d8175b3b910416;2023-11-14;2023-12-13
5694;outfit.99cc91aeda7eb778;2023-10-14;2023-11-13
3308;outfit.a9a4918501579729;2022-10-23;2022-11-22
4884;outfit.9e28084ee8e94a1d8afe4abe643fa8d5;2024-03-11;2024-04-10
675;outfit.43226226462b46ef9545ea320348ff21;2020-08-28;2020-09-08
675;outfit.cac6eca6151b4f61b63157301f0cb229;2020-08-28;2020-10-05
675;outfit.8feb7001275554c8;2021-01-06;2021-03-01
675;outfit.8f18f5ec1142ff1f;2020-08-28;2020-09-08
675;outfit.260d02e82bbd415bbe1e18918e98e0b6;2020-08-28;2020-10-05
675;outfit.f82bfbc5af1c4997956e63f92ea51907;2020-08-28;2020-09-08
4834;outfit.63bcf26d934447e1aa4d53214cef7d4f;2022-11-25;2022-12-24
5344;outfit.74013b892b4a4f75979af28137c31558;2022-08-01;2022-08-31
5344;outfit.893fa92eb13185cf;2022-06-01;2022-06-30
5344;outfit.b9c0bbd563524653;2022-07-01;2022-07-31
5344;outfit.006b61bc5e404f37a41b85e6ae915723;2022-06-01;2022-06-30
5344;outfit.3261057a0eba46f687d41af05ddee170;2022-05-01;2022-05-31
6911;outfit.cf8979c845a44aa79fb194f54383b150;2023-07-11;2023-08-10
5330;outfit.d24b8b64d37f4ea29ccc8aeb0c1bbb2f;2022-07-13;2022-08-12
130;outfit.b904e3fe74844f418cea3fce0928a5d4;2022-08-05;2022-09-04
2952;outfit.92101abfe02e418f8bc033846dc6d1c8;2022-03-01;2022-03-29
2485;outfit.866385e680f6475e8b2899e2bc30a1fe;2023-09-02;2023-10-01
3267;outfit.981387ce664649c08f8c79dc4e8339d0;2021-01-06;2021-01-21
3267;outfit.03d688ca88f84e89aeb31592d6394247;2021-02-22;2021-03-17
3267;outfit.f102748bf7fe46a2a9a3eb170410b6bb;2021-01-06;2021-01-21
3267;outfit.37dfcefd9016441b96537a6b3de58e29;2020-11-20;2021-01-21
7041;outfit.5eaea43d8e34424a95efef2f14b54092;2021-10-22;2021-11-22
2085;outfit.1eb6accbfe2d4edd8358e67200384784;2022-08-26;2022-09-25
2085;outfit.f8e95f5fd1b641a4823ea3c6010e19cb;2022-12-26;2023-01-25
2085;outfit.03d688ca88f84e89aeb31592d6394247;2022-11-26;2023-01-25
1354;outfit.6f6ace195ce44ccdbafbb72c1b4cde13;2023-07-06;2023-08-05
7114;outfit.202c5658aee14e4180cd074aa81842a1;2022-05-15;2022-06-14
6663;outfit.b227d2e4685f4a56a13c4e43023021ec;2023-05-01;2023-05-31
1248;outfit.50a8ff8407894fcb9048249c78732fc4;2021-04-12;2021-05-10
6601;outfit.fd709e5fcf3c44569fcc59edf75d4193;2023-12-05;2024-01-04
6601;outfit.5405ab692b354a69a104048dda3366e7;2023-11-05;2024-04-04
1348;outfit.2327c16896b343989de61510ab6f3c40;2022-02-25;2022-03-24
4725;outfit.bcc71d0caf95dc33;2023-06-28;2023-07-27
4725;outfit.55135c282c3849ac8b06f82861870970;2023-06-28;2023-07-27
6817;outfit.7a9ac6aae6de40d4b1a260d95de95988;2022-06-23;2022-07-22
5459;outfit.3bc2c4bc9f78482ca5451922ffd57bdb;2023-09-25;2023-10-24
3846;outfit.b7cc6c38b121a845;2021-04-06;2021-04-30
3846;outfit.648704eeb8f143c2ac81079d01853223;2021-04-06;2021-04-30
3846;outfit.cea86926af844ee3b8855186595be918;2021-07-05;2021-08-05
3846;outfit.b7e42c6a4cc546d3936a1fc797a1b4ef;2021-07-05;2021-08-05
3846;outfit.f8e95f5fd1b641a4823ea3c6010e19cb;2021-07-05;2021-08-05
5891;outfit.e5fd898057d54a5f8373fd8381b33a1b;2021-11-16;2021-12-16
5891;outfit.b6f7a925d774425ba1129f197694197b;2021-11-16;2021-12-16
3878;outfit.f8ec4121473f4e418d2f999fd0745d44;2020-11-20;2020-12-21
4819;outfit.38ef91e51ef14bb19df9094a40bcb7f7;2021-11-08;2021-12-03
4674;outfit.138c6d460dc14dd4a223e9f2a484ad6d;2022-01-26;2022-02-25
2492;outfit.95a9732c69cb1e4c;2023-06-23;2023-07-22
2492;outfit.8f4c967492cd42a6a0afec84b3500e93;2023-05-23;2023-07-22
2492;outfit.f8e95f5fd1b641a4823ea3c6010e19cb;2023-06-23;2023-07-22
496;outfit.4c8d6c10b08440fcb06d8893d705124b;2023-01-10;2023-02-09
6284;outfit.ed1c7d5f505b4c17984be48f40177beb;2020-07-15;2020-08-17
6284;outfit.0b544c65a87645459ce9844f749e178f;2020-07-15;2020-08-17
6284;outfit.bcdac85da8684442b3963150def81453;2020-07-15;2020-08-17
6284;outfit.ae7389834f0c49c49b2ef43ff9cc1be9;2020-07-15;2020-08-17
1327;outfit.8cddb9b88c984068a92d14c539dd24e6;2021-07-29;2021-08-27
1327;outfit.d363ee8631554dccb9ced5babed2ce6a;2021-05-11;2021-06-11
1327;outfit.4ee818d5bdbb409397fa9157da2e96b1;2021-06-29;2021-07-29
2052;outfit.a0594bcbfc4f4fe2996f6a4f899d99bd;2024-01-20;2024-02-19
5695;outfit.3198fe26341b4c90a66c073221c08323;2022-06-06;2022-07-05
2131;outfit.83b1e08b46bf0031;2021-09-24;2021-10-25
6372;outfit.7f256b54c8ab4dbda7cb6cbc915c4ed7;2021-03-08;2021-04-02
6372;outfit.2eb01f9b5c004ab18987fa709ca7d9cb;2021-03-08;2021-04-02
1032;outfit.9f58acfe6b554e4ca880e378aa7e8e56;2022-01-11;2022-02-11
1032;outfit.915272dd8393bc1d;2022-04-04;2022-04-29
1032;outfit.58e553ab746b44d98763f86d0ceeac9f;2021-12-08;2022-01-03
1032;outfit.e9a6c652ea8d42dc8752d70dce0c57c6;2021-12-08;2022-01-03
1032;outfit.5c6bcfee583b4d7aa6fa807279637d59;2022-03-07;2022-04-01
3956;outfit.06464642967c4d9fa0f8267dfd3d80c0;2023-07-05;2023-08-04
272;outfit.d52f6e55c56a4d6ea952522543d06fbf;2022-10-15;2022-11-14
7150;outfit.a273058ddb56de19;2021-06-14;2021-07-12
7150;outfit.a3d27b283d42172d;2021-06-14;2021-07-12
7150;outfit.8ad0bb9029424a069f82d58c44b0d7fa;2021-06-14;2021-07-12
7150;outfit.b2dc9f23d8d34e6fa62981cf887be220;2021-06-14;2021-07-12
7150;outfit.70bfcd7059a248ba9b8337bad5ce56fa;2021-06-14;2021-07-12
1382;outfit.0aab21277b674f7fbb146ca7e853eef6;2020-10-26;2020-11-26
3669;outfit.6df9fd60925949a5acdd17de4dd4e7a1;2023-06-24;2023-07-23
2884;outfit.a1c4999e99962415;2022-09-08;2022-10-07
2884;outfit.fec66293d37940b79dde2c1acd761fe3;2022-09-08;2022-10-07
2884;outfit.346aca2ad2134d0e95967b333990925c;2022-09-08;2022-10-07
2884;outfit.bf59641874784125880c58615b5abbaa;2022-09-08;2022-10-07
462;outfit.dc0ccd196e79413d9c7216f3970942ec;2021-10-04;2021-11-04
3047;outfit.4d87f217c19241cf9a4feb9d75638e1a;2022-08-16;2022-10-15
6212;outfit.cd92590952d54e1d8b3bec0bbecb901b;2023-02-18;2023-03-17
6212;outfit.0ea2ed06e62c495195f67005f3057721;2023-02-18;2023-03-17
4570;outfit.0ed1568a6b6545e4932bee98c84aa544;2022-05-28;2022-06-27
2205;outfit.bf6df4f0abba9e2f;2023-09-01;2023-09-30
2205;outfit.774b95bb02cb4be0b92d2a232bdb8b0f;2023-09-01;2023-09-30
3956;outfit.f687126a10584fb5bb3ddcb1fc9ffae9;2023-06-05;2023-07-04
7411;outfit.151898f52a9a4e1a9862b376db9195e9;2024-04-19;2024-05-18
6318;outfit.10702960934e47ca8b83d90cb167b470;2020-11-18;2020-12-16
6318;outfit.ac3e4eefb550471989769e1e4d1683d1;2020-11-18;2020-12-16
6318;outfit.d24b8b64d37f4ea29ccc8aeb0c1bbb2f;2020-11-18;2020-12-16
6936;outfit.a8c3007784dfc486;2022-02-01;2022-03-01
3577;outfit.94f471a5d48f3464;2024-05-16;2024-06-15
3577;outfit.cc03f27af19f42a483a2f03ad997279d;2024-05-16;2024-06-15
4960;outfit.801f1b35886e42f6907ec4709420c7e3;2021-11-08;2021-12-08
932;outfit.648db79508724c99ab948e953e4813a7;2023-01-30;2023-02-27
2815;outfit.8023680619aa366a;2022-08-10;2022-09-09
902;outfit.0aab21277b674f7fbb146ca7e853eef6;2024-02-22;2024-03-21
902;outfit.5c6bcfee583b4d7aa6fa807279637d59;2023-11-22;2023-12-21
1831;outfit.8238ed2091e347149ddd6114aeeb2655;2023-11-18;2023-12-17
5932;outfit.6c68130ccc5b41a79388037d5bd3004f;2022-03-12;2022-04-11
3343;outfit.ab5cd68b34421ba3;2023-07-15;2023-08-14
3103;outfit.1f534d95ccf6415a8af3b5799dd959e7;2020-12-02;2021-01-06
3103;outfit.cdcd1bdbc00e4a1cb9b80f7f5bbddd49;2020-12-02;2021-01-06
3103;outfit.a84d98da9b0b4c8d95457d446a4df5fd;2020-12-02;2021-01-06
6360;outfit.8cbb77c85f07443e9c2e6687e4131a45;2021-11-30;2021-12-20
2703;outfit.e3cc0d4d05644110922e90f815d08d04;2023-08-16;2023-09-15
55;outfit.adc57b4886354fdcafea896cdd2609b8;2021-11-01;2021-12-01
5778;outfit.3ce016303b474839a95f7375cf891639;2022-10-18;2022-11-17
5778;outfit.9341a89b191cd49f;2022-09-18;2022-10-17
496;outfit.de9c4f2245104d7b807e819b9ea7a4e8;2022-11-10;2022-12-09
1626;outfit.2766e5ad48a2427a898f60aaacf85622;2023-10-16;2023-11-15
6287;outfit.8609dd7995e147efbdf631d515d34bed;2020-10-14;2020-11-13
6287;outfit.34afd8b7f33d434c8e0ac2849eab231d;2020-10-14;2020-11-13
6287;outfit.31d5bc7c60334b9889e9ed768f05e578;2020-10-14;2020-11-13
1019;outfit.d6896eaf6b734f40943d6cce5d23c1e3;2023-07-02;2023-08-01
1019;outfit.e2b66b5d631840f2902ce6125a60b9fe;2023-07-02;2023-08-01
948;outfit.8de70e2a9b7f463eb44f6a072e14d1a2;2022-12-03;2023-01-02
3376;outfit.9bd9226c247f4ee8a64be90ee310fd8b;2021-12-15;2022-01-14
7270;outfit.2084ead8ec3c42fa83eb74b5e36d330f;2023-11-06;2023-12-05
2775;outfit.380abb0818d3434bab724eeef1f4de2a;2022-04-26;2022-05-25
3147;outfit.6f809ac4449f4502a6eee8832eabcb60;2021-08-02;2021-09-01
3147;outfit.95a9732c69cb1e4c;2021-10-05;2021-11-01
5379;outfit.a5bbbf5301db4e5b8b1e2532cfd23a24;2020-08-24;2020-09-24
5379;outfit.5bf05f8589804ae290c997e60400cb6c;2020-08-24;2020-09-24
5379;outfit.81ce5109e01d4b7b9f944a3baa35c4d6;2020-08-24;2020-09-24
4218;outfit.8bbfae6c08924fb2aafcf709665906a9;2022-09-26;2022-10-25
4218;outfit.abf8682bf7784e73af89ebfd6d542df0;2022-10-26;2022-11-25
4218;outfit.654e48473404490fbb74d6a48db9ce9b;2022-07-26;2022-08-25
4218;outfit.5a7e3301a60341d0957331a181335cff;2022-10-26;2022-11-25
4218;outfit.0533ed8c59ce4cf29172f502a3a93a91;2022-08-26;2022-09-25
4218;outfit.7d69ae2f5dc641bca0eed4b1dfc17ac8;2022-07-26;2022-08-25
6988;outfit.2ea36f84cb12427686eed685f97f2a8f;2022-07-19;2022-08-18
6988;outfit.bcd7efc3918cf15b;2022-07-19;2022-08-18
2204;outfit.47ffcece5f244f9a9cf888f7f6d16e29;2022-11-02;2022-12-01
4880;outfit.240ac09f29724bc58045e16a2721cb8f;2023-04-28;2023-05-27
6817;outfit.a1c7ea9aa83e32c8;2024-01-23;2024-02-22
103;outfit.e947dbab69e64c5a85f1fe565b5f3a49;2023-05-14;2023-06-13
490;outfit.8f95b3473abb4a40ac2dc0956628e873;2021-03-15;2021-04-15
490;outfit.4431d4e34e6a4c0fba43aa50395893f7;2021-03-15;2021-04-15
490;outfit.af3cb94171784fff803b50e9a99cd890;2021-08-13;2021-09-13
2076;outfit.c9d157f2dc494985ac7bbac95f8e5a5f;2021-12-01;2021-12-31
713;outfit.3b2ed909c25f4ba28abf27a3ba98f5d0;2023-04-26;2023-05-25
1998;outfit.8a458a93e4cd4214a520074f16d5b9fa;2022-01-03;2022-02-03
1389;outfit.78392fa87e224d719c89da109d9e263f;2022-10-24;2022-11-23
1389;outfit.f21be5bf141a4847b761afaef4ecaf81;2022-10-24;2022-11-23
6212;outfit.b1ddecd27b94476d833c0ea2c2bb6d3a;2023-06-18;2023-07-17
7041;outfit.83b1e08b46bf0031;2022-02-07;2022-03-07
7041;outfit.b4e582b38a10f6bf;2021-11-23;2021-12-17
7041;outfit.48dec5565f454acf903fe1ce1f41a39e;2022-02-07;2022-03-07
416;outfit.c560abcbbf2b40edbacbd51dfa99bf58;2023-12-07;2024-01-06
5680;outfit.9c0480eeb92a1d29;2021-08-24;2021-09-24
5680;outfit.1bf5c2c096dc490f8e8efd7d09e6769c;2021-08-24;2021-09-24
5680;outfit.422bc3cc7f6a429086cf8c49273ecd90;2021-08-24;2021-09-24
4696;outfit.b1eeff303fb44f10a6c2ac36c0136514;2022-12-07;2023-01-06
4017;outfit.138c6d460dc14dd4a223e9f2a484ad6d;2023-08-09;2023-09-08
4017;outfit.b2cb4b87e0f8fce5;2023-04-09;2023-05-08
4324;outfit.c154cf7df2ef4021bb2f3725dd01ad8d;2021-04-21;2021-05-21
5318;outfit.4b20b3ccd3cd41fe98d0225f47276e2c;2023-12-17;2024-01-16
6011;outfit.63fc53c3d8784dd39553a33d54ff4921;2023-10-01;2023-10-31
1684;outfit.c41b5bc7cfa0435abe71b09cfccc17ea;2024-03-20;2024-04-19
2056;outfit.ea4cdef4b083408eb9410d077f9c929b;2021-12-06;2022-01-03
2056;outfit.d61bd06b8b28429abe50d3f42eb685e0;2021-12-06;2022-01-03
2056;outfit.efd56ebc3a124733bae26839f3042ede;2021-12-06;2022-01-03
6526;outfit.99d3c1ea30367e62;2024-01-09;2024-02-08
2273;outfit.48082d4340244e8ca2ff66aae39dc114;2021-09-17;2021-09-21
2273;outfit.8edf7dfac9374a0da611edb9dbc5a62c;2021-10-26;2021-11-05
2273;outfit.80820b9138cd4205885caaa0a65dd6a4;2021-12-09;2021-12-13
2273;outfit.c815d15af6ba46c580927f9bf81122f0;2021-11-01;2021-11-09
2273;outfit.8fe12d169d14a8ab;2021-09-24;2021-10-08
2273;outfit.a7b55780d1764599a3ee339fff38d002;2021-12-21;2022-01-03
4463;outfit.229cc0c550f54fb3b3b937bab2abda35;2023-10-22;2023-11-21
4674;outfit.dc0ccd196e79413d9c7216f3970942ec;2022-06-26;2022-07-25
490;outfit.148857ae81d84843ae1671986a4e145e;2021-07-14;2021-08-13
6456;outfit.2a307327642c41fda6f4f1b9d8a8080a;2023-06-22;2023-07-21
4696;outfit.9e28084ee8e94a1d8afe4abe643fa8d5;2023-12-07;2024-01-06
2492;outfit.91d906d5cfcadc9b;2023-12-23;2024-01-22
2492;outfit.ac8c5878c01ffb29;2023-09-23;2023-10-22
2492;outfit.992bf5adcd39d953;2023-10-23;2023-11-22
4725;outfit.0e35a8a758734c2b98adfc8630b4e029;2022-09-29;2022-10-28
2846;outfit.40d4710206044ca5924846d3ebd83d04;2022-05-20;2022-06-19
1987;outfit.2121de17fb604c6ea87a3f9b6d0030db;2021-11-11;2021-12-10
3189;outfit.27a162bde20b4961ba8d94a8828e036b;2022-04-24;2022-05-23
4017;outfit.6b027f465816489f83945f85bd6f1c17;2023-12-09;2024-01-08
5680;outfit.b3d31d76ede3d815;2021-12-27;2022-01-27
5680;outfit.91fb3dd15c894aae8d2718882dfb927a;2021-12-27;2022-01-27
5680;outfit.a9e47a4cd09329dc;2021-11-25;2021-12-27
5680;outfit.f376dd31f0194adead88365684ce1e14;2021-11-25;2021-12-27
4218;outfit.3fb6cd2d1f454b85937d1540dcf212f0;2021-12-15;2022-01-14
660;outfit.24e1bde79f694d5aa980e0c889fa29c4;2021-12-17;2022-01-14
660;outfit.56663aaf60aa4b5c8267bed372c72677;2021-12-17;2022-01-14
660;outfit.f904f5addd0f4a22863e3a689428b88b;2021-11-24;2021-11-29
572;outfit.359ce2bd2e40491686ce3ebc4a13ead6;2022-09-12;2022-10-11
5680;outfit.4b20b3ccd3cd41fe98d0225f47276e2c;2021-10-25;2021-11-25
5680;outfit.7f0c68b095a14d7fa001117bc2c75827;2021-11-25;2021-12-27
5680;outfit.ae922e922588454591edca7cabf0db48;2021-10-25;2021-11-25
5680;outfit.f4a5306ea45d4ab9b40340f016bab653;2021-10-25;2021-11-25
5680;outfit.71442f9043504300907b80e2385f9ae4;2021-09-24;2021-10-25
5680;outfit.0dcd9f8fa95a4d81a7bb43df05668e4d;2021-11-25;2022-01-10
5680;outfit.5510ad19307f4fa88c6212271f573aa2;2021-09-24;2021-10-25
5680;outfit.bfe2d9d71aa805a8;2021-09-24;2021-10-25
5680;outfit.4b74d298e876434d8b3240e784ae38b5;2021-11-25;2021-12-27
3192;outfit.09a274c103524f30bd8e3fcc3cbab7c1;2021-05-14;2021-06-16
3192;outfit.48cf5d6579da4369b03b1f04719b322a;2021-08-16;2021-09-16
3192;outfit.a34cdcaefffe44c89674b55f96a03950;2021-08-16;2021-09-16
6303;outfit.1b11be15702b4c59ba76f79ed71df7ce;2022-10-01;2022-11-30
496;outfit.501f59ab11f94aa1a28a566911f8a8be;2023-04-10;2023-05-09
1922;outfit.3f495adddb5143f8a5123973e907b1f2;2021-08-26;2021-09-16
1922;outfit.d40f6349368b4e47b521138ba35d8ebc;2021-08-12;2021-08-26
1922;outfit.d0c6cd30a1f146a8a1ae6f73b34a0103;2021-08-26;2021-09-16
2329;outfit.173b6b1204df4f128bcbdd843d91351e;2023-08-25;2023-09-24
3510;outfit.5d300bde08e848898bfb5e15c1269b43;2023-05-28;2023-06-27
2762;outfit.5241f5b777a147bbb786de5bd171be85;2021-02-18;2021-03-18
4183;outfit.890012ec91261ee6;2023-02-17;2023-03-16
6601;outfit.ac52d51d1863129e;2024-03-05;2024-04-04
1902;outfit.0d0727d0c03f453495eaa85dc17d382d;2023-03-28;2023-04-27
5891;outfit.f21be5bf141a4847b761afaef4ecaf81;2021-12-16;2022-01-17
4040;outfit.d0570fc4a5d740cc94871d73471a5043;2022-08-11;2022-09-10
606;outfit.9c255f602b1e4455a79e0fe0cee938c1;2022-10-26;2022-11-25
606;outfit.9a0283b3b9e34e39a0038cb7b7044c75;2022-10-26;2022-11-25
6591;outfit.67c7e051a163432eadc34be683ea3d44;2024-04-09;2024-05-08
5342;outfit.64096b7f0ef1430d9871e92fc198f693;2022-12-01;2023-01-31
2759;outfit.bb72f30cdb4246d1bc47ff8b17cf4162;2022-02-03;2022-03-03
3259;outfit.d18d24b0f27547d5802d44c8331a29cd;2020-11-05;2020-11-30
3267;outfit.bd9ba0c2ceae44f0a9174af5abe965de;2021-12-20;2022-01-20
1784;outfit.56e3cc906a444a569d6b057189a361bf;2021-09-28;2021-10-28
3577;outfit.2a1a34d38ac64414b5d7878a719984e9;2023-08-16;2023-09-15
2952;outfit.5a0e04a9018a4904990fc85f1c8cd1ce;2021-12-10;2022-01-07
4522;outfit.b068cf45c37e4aeaa1cff939a86e759f;2024-01-11;2024-02-10
3846;outfit.b6e876bed3cff76c;2021-12-01;2021-12-23
1586;outfit.896f0af4aaaa4d56a26ab9e37e94ad14;2023-05-16;2023-06-15
3988;outfit.35331fbfbbe04b9ca3dfc1535cf148fc;2020-12-14;2021-01-14
3988;outfit.a294399ed5bfba8f;2020-12-14;2021-01-14
3988;outfit.9fde090f117fb9d9;2020-12-14;2021-01-14
4638;outfit.da5b8bb1d00b437caa0034e44353001c;2020-09-01;2020-10-01
4638;outfit.8ce5135b3dc65f9f;2020-09-01;2020-10-01
4638;outfit.db5c1c953153428ca001e10600e8bb42;2020-09-01;2020-10-01
1589;outfit.9d2178974e7f4cd6a556586ebb767049;2022-12-19;2023-01-18
7019;outfit.d9c02686a2094291837d95d09384481b;2023-11-06;2023-12-05
7019;outfit.4ca0964f8f604f42b71268c44e41db7d;2023-09-06;2023-10-05
1626;outfit.a0361d1da07f4cf4929c58bd45782fae;2023-05-16;2023-06-15
5972;outfit.47875ce75a2846c29607b0c39bf03327;2021-02-15;2021-03-22
5972;outfit.43d27be4c064485697d6e4496f66576c;2021-02-15;2021-03-22
5617;outfit.3984754756394c3e95ade4b2080508c6;2023-01-17;2023-02-16
1382;outfit.0e79f46fd9f344bdb7c714ffce9e98aa;2020-11-26;2020-12-21
4853;outfit.a38b3b3e20364b78bfcf0bb1eadcc0e5;2021-12-14;2022-01-14
4853;outfit.99495169e3ffdfa4;2021-11-02;2021-12-02
7100;outfit.3b2ed909c25f4ba28abf27a3ba98f5d0;2023-02-17;2023-03-16
4723;outfit.46fd30ba34534c96b133e88f257cb7e1;2023-05-17;2023-06-16
6360;outfit.9e28084ee8e94a1d8afe4abe643fa8d5;2021-12-28;2022-02-04
731;outfit.4d87f217c19241cf9a4feb9d75638e1a;2021-03-10;2021-04-05
6526;outfit.9f16b609a91c48e3;2024-02-09;2024-03-08
1735;outfit.e96d2e7204fb4c1ea24fe71b3f967e0c;2022-04-17;2022-05-16
4509;outfit.55aa098dd93644fe961d0137a79adbea;2023-10-03;2023-11-02
4509;outfit.9cfd9a79329b16bd;2023-10-03;2023-11-02
5695;outfit.893fa92eb13185cf;2021-06-04;2021-07-05
5695;outfit.8e408fb4b2c64525966837c7789f2965;2021-07-05;2021-08-05
5695;outfit.c71e9a58962a404b9d6c8df867b4b392;2021-08-06;2021-09-08
2485;outfit.3a5aeafe771d488f84bc18af5db17114;2022-05-02;2022-06-01
5645;outfit.9617c0965077556e;2023-01-28;2023-02-27
4877;outfit.3f93a64eb5c5449096f841fe5fdc2b8a;2022-08-04;2022-09-03
5224;outfit.8022397c5e3d4ab4bc8e421da9236d29;2023-03-01;2023-03-31
5224;outfit.df81c6ba86ef4c3c8fd2976934eb4078;2023-03-01;2023-03-31
5224;outfit.151898f52a9a4e1a9862b376db9195e9;2023-06-01;2023-06-30
5224;outfit.e14ebf07096246dbb7bf4e241b4c5b32;2023-06-01;2023-06-30
6051;outfit.ec43e546a9d543ee8c15c07cb70608a9;2023-08-02;2023-09-01
4073;outfit.4c96620b5f444f05adcd28bcfd3861d5;2022-05-09;2022-06-08
1809;outfit.124195196333488e8ba4d195b96ecbdf;2023-12-20;2024-01-19
4218;outfit.abd2e79be5f941a5aa407cc34ff63105;2022-04-26;2022-05-25
4218;outfit.6d6fe6b3b2514ecc8c47947292874f90;2022-04-26;2022-05-25
1840;outfit.6a0ee820e93d45bb86077aa56e1c231a;2022-06-03;2022-06-21
7199;outfit.84cfd784c9dd4ad6;2021-10-05;2021-10-22
1248;outfit.61e4f014e9874d7e9329c11423d49bfb;2021-05-10;2021-06-10
1248;outfit.c012d37926b545bf90d7c4a0c5634696;2021-05-10;2021-06-10
500;outfit.6962210a388343c2a203996ee7a30eb0;2022-06-05;2022-07-04
6526;outfit.99d3c1ea30367e62;2024-01-09;2024-02-08
1282;outfit.b9311cecf65f795b;2023-10-22;2023-11-21
996;outfit.6c4dd0c71db040ae9ac85030d4403e3e;2022-08-15;2022-09-14
4769;outfit.be1e83bfcede6836;2020-12-18;2021-01-18
4769;outfit.841aea73b3d4485eaf08932aa82d8c2a;2020-12-18;2021-01-18
86;outfit.167c1898ccab4dbcb3d0a74591e1902f;2021-10-20;2021-11-19
2766;outfit.d9c02686a2094291837d95d09384481b;2023-10-02;2023-11-01
2340;outfit.aa76777d3b9d4073a342e2093e4ea1e2;2021-04-21;2021-05-21
2340;outfit.55bf4bdcb79e4027987f9b8c7eafe314;2021-01-21;2021-02-22
2340;outfit.a935f1495271461689278b60c8d1a25d;2021-02-22;2021-03-22
2340;outfit.b2e035a8cce61dcb;2021-01-21;2021-02-22
2340;outfit.b2e035a8cce61dcb;2021-03-22;2021-04-21
996;outfit.9653e8c2cb5f44eeb2a9015e4b11c162;2022-10-15;2022-11-14
2759;outfit.6b027f465816489f83945f85bd6f1c17;2022-02-03;2022-03-03
6447;outfit.e17a0df1f70743e590827d7df93bb7f4;2023-01-30;2023-03-27
6955;outfit.048fe7f87ee34a4095f2141bd51e3b80;2021-10-20;2021-11-19
6955;outfit.31d5bc7c60334b9889e9ed768f05e578;2021-10-20;2021-11-19
4834;outfit.40f5c15e6ca0486293b24bdf66d40393;2021-07-30;2021-08-30
4834;outfit.9acd6a788f014e9b81fb32f2c97f53d8;2021-07-30;2021-08-30
4834;outfit.bb72f30cdb4246d1bc47ff8b17cf4162;2021-07-30;2021-08-30
1382;outfit.24e1bde79f694d5aa980e0c889fa29c4;2022-12-15;2023-01-14
4696;outfit.aca18f7f7df3a642;2022-05-07;2022-06-06
4696;outfit.c95b16794434474e8d02306d2f1b6a0a;2022-05-07;2022-06-06
2759;outfit.0ff0d877678e4755b088d1c5d09bee11;2022-01-03;2022-02-03
490;outfit.794483397da8425a813301eecf9828c6;2022-04-12;2022-05-11
2576;outfit.3f9b25249293481cac7469b68f545c7b;2022-09-23;2022-10-22
2576;outfit.cc03f27af19f42a483a2f03ad997279d;2022-10-23;2022-11-22
6601;outfit.5405ab692b354a69a104048dda3366e7;2024-02-05;2024-04-04
1447;outfit.1829ff6232b04c84b6666a8d0542eaef;2022-05-02;2022-06-01
1447;outfit.c2354df57f454e33bf2ff3ae5a9c7dea;2022-05-02;2022-06-01
675;outfit.89ce51a125971793;2021-04-29;2021-05-28
675;outfit.92423563b1ab408ea4e1137abf9774d6;2021-04-29;2021-05-28
675;outfit.2a1a34d38ac64414b5d7878a719984e9;2021-04-29;2021-05-28
4998;outfit.866385e680f6475e8b2899e2bc30a1fe;2022-09-20;2022-10-19
4998;outfit.38572c7dec3b4460bf36ade1d517ce20;2022-09-20;2022-10-19
3924;outfit.b6596a2ff7a748f3b9a67ac54db28b96;2023-07-28;2023-08-27
3924;outfit.f5e7d2d5b6524aa8afd7e9cc3a1ef67d;2023-07-28;2023-08-27
4193;outfit.31879aacd520402abb57929e7b7573f1;2022-09-09;2022-10-08
3265;outfit.afd208ad6e2c4771910f427504e634fe;2020-08-21;2020-09-25
4258;outfit.8f4c967492cd42a6a0afec84b3500e93;2022-05-13;2022-06-12
2383;outfit.10702960934e47ca8b83d90cb167b470;2022-04-06;2022-05-05
1684;outfit.7cc6bd8e645a41d2837976a0d09e3ca9;2021-04-19;2021-05-19
2089;outfit.9d23dc455c9c4837a3fe26931f944833;2021-05-14;2021-06-14
5695;outfit.e169ea04d96140928a856fbab4821a60;2020-10-01;2020-12-01
2617;outfit.b062ee4767104d919307a2d539bb2c39;2021-12-20;2022-01-20
1586;outfit.c1647a6e778d4245931b540ef1505b1f;2021-09-09;2021-10-08
6287;outfit.25c93e08d9064a1c85d877bf4157a626;2019-11-28;2019-12-02
6287;outfit.82ec1db640c48b3f;2019-11-28;2019-12-02
262;outfit.ad062450831242c091c3cfc78407df6d;2022-02-25;2022-03-25
4193;outfit.2fa33a989f58419db01800a94dd76fd6;2021-12-15;2022-01-17
3094;outfit.4f88de908942498980138fc606c745fb;2022-05-14;2022-06-13
5100;outfit.cc03f27af19f42a483a2f03ad997279d;2022-02-21;2022-03-16
5695;outfit.0dcd9f8fa95a4d81a7bb43df05668e4d;2020-10-01;2020-11-02
6526;outfit.99d3c1ea30367e62;2024-01-09;2024-02-08
6907;outfit.a0a96262277c45ff82220ffe62a04f65;2021-07-01;2021-08-02
3192;outfit.9f7434145481442191419433bd1aa953;2022-05-16;2022-06-24
7233;outfit.cdf556b326334303a52f2df9eb42dd3a;2024-01-10;2024-02-09
7233;outfit.9ff74f4f2a2f4454a7a629777cff27a6;2023-11-10;2023-12-09
4817;outfit.7af577a567bc490485605eab05781961;2020-11-30;2021-01-06
4817;outfit.118f15046d0b45d48929bb91df474761;2020-11-30;2021-01-06
4853;outfit.89dbcc1289ee49c18bcb93fc69a52c02;2021-07-13;2021-08-04
2383;outfit.8f34384795bfc03e;2022-08-06;2022-09-05
2846;outfit.e4da524a49fe4b5ea3eb8983e8dff52a;2022-01-07;2022-02-01
2762;outfit.0d0727d0c03f453495eaa85dc17d382d;2022-03-09;2022-05-08
2762;outfit.b671b224915f0b73;2022-04-09;2022-05-08
2762;outfit.32bbe20e948d4839b63aa0f4b540b466;2022-04-09;2022-05-08
2762;outfit.46796cfb57174c9cb04ef0489123a073;2022-04-09;2022-05-08
3956;outfit.e837786453834dce89358fa547d891c2;2023-03-05;2023-04-04
3846;outfit.b3d31d76ede3d815;2020-11-04;2020-12-07
3846;outfit.3260a6894aef41329983b153a3c022ed;2020-11-04;2020-12-07
3846;outfit.4cd9a6b549d04973a044716c3448b739;2020-11-04;2020-12-07
2619;outfit.9a5d41c7a63e40a2b4a5f2aa902d768b;2023-07-28;2023-08-27
2619;outfit.2fe31ac153bc422c945294c342de95a2;2023-07-28;2023-08-27
7244;outfit.22c011b90cf34e56a9613321cd35514b;2021-11-10;2021-12-10
356;outfit.359ce2bd2e40491686ce3ebc4a13ead6;2022-02-21;2022-03-21
5800;outfit.6d042743afa04727815f717cce0b2ac0;2023-06-04;2023-07-03
1517;outfit.b2e035a8cce61dcb;2021-08-20;2021-08-27
1517;outfit.fc774521956e43c1b7b989272f5dca23;2021-08-20;2021-09-20
1517;outfit.8023680619aa366a;2021-08-20;2021-09-20
114;outfit.453a4c074a164ad0bbef87ee09a09616;2022-07-26;2022-08-25
114;outfit.30c1385e9d714fa5b2000abce92e6c91;2022-05-26;2022-06-25
1626;outfit.769849cd28044a7188d9fce349c06156;2022-10-16;2022-11-15
1626;outfit.88a780cac1d40972;2023-01-16;2023-02-15
1626;outfit.202c5658aee14e4180cd074aa81842a1;2023-01-16;2023-02-15
1626;outfit.8ad1c89174094a26bd4cbcfdcad4aecc;2022-09-16;2022-10-15
4731;outfit.e2811dee68144484a423a3ef017258d3;2022-07-10;2022-08-09
4731;outfit.a995ea509cd69726;2022-10-10;2022-11-09
4731;outfit.893fa92eb13185cf;2022-08-10;2022-09-09
4731;outfit.f11efd8c7b064175b4997b1ab65b5458;2022-12-10;2023-01-09
4731;outfit.c17c4a7eb8284a26b0025919877d3023;2022-09-10;2022-10-09
4731;outfit.9481d2d7251be70f;2022-11-10;2022-12-09
1881;outfit.dd5c21e0c1ee4428b7019e5740e3e8aa;2023-11-26;2023-12-25
1559;outfit.36462b7293ae423fb6b7180022cfcb58;2023-07-28;2023-08-27
1933;outfit.13341577ef954838a87bf016b1501ebb;2023-08-12;2023-09-11
1933;outfit.3f10ec37bde34db685d87cbdb7ad1575;2023-09-12;2023-10-11
1933;outfit.32684b5443394c4a91606c9aab8d3cdb;2023-09-12;2023-10-11
1933;outfit.ab5f8f08a7379c5f;2023-07-12;2023-08-11
4603;outfit.b3d31d76ede3d815;2021-11-02;2021-11-29
4943;outfit.7d5887278cfb479b8c92081dc85ad698;2021-01-20;2021-03-19
4943;outfit.dad7a49a6dd54b0797b841af3ffaad7f;2020-12-18;2021-01-20
490;outfit.1eb6accbfe2d4edd8358e67200384784;2021-01-14;2021-02-15
490;outfit.f904f5addd0f4a22863e3a689428b88b;2021-01-14;2021-02-15
3267;outfit.d8909288c79b4df6b6547aa381d360f1;2021-03-22;2021-04-22
3267;outfit.e89fab0bbc574d6c89242ff808d537e6;2021-03-22;2021-04-22
3267;outfit.b24fc57f02ac4e4c9061761ca18d9d3c;2021-03-22;2021-04-22
3267;outfit.7c3e32e564f84de28c9ab8a6f06a2e24;2021-03-22;2021-04-22
4183;outfit.d89c1051a315434d90b87a3ea5aa1ea3;2023-01-17;2023-02-16
1684;outfit.b49e6f1cc73f48f9a6329311214ee57f;2021-06-21;2021-07-02
5736;outfit.bf59641874784125880c58615b5abbaa;2023-04-17;2023-06-16
6650;outfit.80820b9138cd4205885caaa0a65dd6a4;2023-10-01;2023-10-31
4638;outfit.676f2b8ab3894ff293c0fbd62398bc05;2021-03-01;2021-04-01
4638;outfit.abce86c0d08341ed96a999cb4425d840;2021-03-01;2021-04-01
272;outfit.4e6dbf069e764052b71b95934301f615;2022-06-15;2022-07-14
5615;outfit.9617c0965077556e;2023-12-03;2024-01-02
4040;outfit.eb60db20ed1d4ddeb7e2b03e05cae83c;2022-06-11;2022-07-10
6591;outfit.b8d5df5f249150ce;2022-12-09;2023-01-08
6591;outfit.b4e582b38a10f6bf;2022-12-09;2023-01-08
6591;outfit.fabaa18896e64e6ba835286d7f1d44e3;2022-12-09;2023-01-08
4674;outfit.f75f6043c5814e998e72b925ef7a21dd;2023-04-26;2023-05-25
172;outfit.ea4cdef4b083408eb9410d077f9c929b;2022-04-13;2022-05-12
1586;outfit.8154323d7dae46d3b98fb5e85b96a41a;2021-08-09;2021-09-08
6936;outfit.f86e075166ee4aee95fbdde5444221fc;2023-04-26;2023-05-25
6519;outfit.9c255f602b1e4455a79e0fe0cee938c1;2021-09-23;2021-10-21
1819;outfit.5bea48bb837d43a381bec3cd63635c95;2022-05-19;2022-06-18
1773;outfit.1e4a3ce9976a4d9a9061c167255f3875;2023-11-06;2023-12-05
1773;outfit.fabaa18896e64e6ba835286d7f1d44e3;2023-12-06;2024-01-05
3713;outfit.94487eff13dc2b77;2020-10-01;2020-11-30
3713;outfit.47ffcece5f244f9a9cf888f7f6d16e29;2020-10-01;2020-11-02
4170;outfit.706635d443e040d2a4ae9e6862a95961;2022-01-11;2022-02-03
4170;outfit.a189dca13d2e4274afe5758a78f49000;2022-01-14;2022-02-03
4170;outfit.81dcc2ec22f24b248f5499b887dd22e0;2022-01-07;2022-02-03
3320;outfit.ee0dfdf3b9a349b591e78712514e2f5b;2023-10-09;2023-11-08
1544;outfit.1b1e586b3bb2432f91b4a2e15dc719e1;2022-10-30;2022-11-29
5754;outfit.b25f7c6a65a2459c8819de57f27a2684;2020-07-27;2020-08-07
1586;outfit.9c101c6da5bfc6e1;2023-04-16;2023-05-15
5318;outfit.8cab85b45b23bfec;2022-11-17;2022-12-16
1770;outfit.df81c6ba86ef4c3c8fd2976934eb4078;2023-05-17;2023-06-16
6354;outfit.229f2207dc1e4409af99504f061ca0e7;2022-10-25;2022-11-24
6354;outfit.14727804dc6945f9baabcd76ad96a744;2022-10-25;2022-11-24
2649;outfit.8feb7001275554c8;2024-02-02;2024-03-01
6051;outfit.9ec98510baa9411d905131e4377e154d;2023-03-02;2023-04-01
2273;outfit.46fd30ba34534c96b133e88f257cb7e1;2024-01-18;2024-02-17
3041;outfit.a2883b9efb1b4eb889e269c98e09f661;2023-10-06;2023-11-05
2619;outfit.3225a86ab6564f8fb0a3992446982bdb;2023-08-28;2023-09-27
572;outfit.b4e582b38a10f6bf;2023-03-12;2023-04-11
1980;outfit.dcf9da47ee4e4bd994d4faa2aaadb321;2021-08-10;2021-09-10
3028;outfit.78392fa87e224d719c89da109d9e263f;2022-01-17;2022-02-17
2022;outfit.0135459b57244e00a6b7ec6f9240c653;2022-11-07;2022-12-06
1878;outfit.d1d9c6d189744cd29dbf2a778da4c399;2023-03-27;2023-04-26
4725;outfit.1f8f1544736b40b99c3485150d68342b;2023-12-28;2024-01-27
6592;outfit.5dbcbf03f1ec4ad280e3b90b688f0dc3;2023-06-02;2023-07-01
6177;outfit.be3e7c4ec5718d36;2022-03-01;2022-03-29
6177;outfit.0b721ca6ffdd489d91fa63f960ca64ec;2022-03-01;2022-03-29
3123;outfit.4ca0964f8f604f42b71268c44e41db7d;2022-07-18;2022-08-17
3123;outfit.771bbd515cd448c19ac2778c729e8e8a;2022-06-18;2022-07-17
5531;outfit.f194f8a84147453cbd660e148942e1e6;2022-10-07;2022-11-06
4258;outfit.9806850e4ad5479dbad69c1c94eb60a9;2022-02-13;2022-03-12
6911;outfit.ccae6ec63d494a5eadd0d6b001597c42;2022-09-11;2022-10-10
2703;outfit.05a3c99a55404dc8984fde902ccaad18;2022-12-16;2023-01-15
490;outfit.1b11be15702b4c59ba76f79ed71df7ce;2023-05-12;2023-06-11
825;outfit.bf6df4f0abba9e2f;2021-01-28;2021-03-03
1277;outfit.6f038b817a5a4220a8dea6bbc464c4a2;2022-05-01;2022-05-31
4137;outfit.cf2fa10de8ea412186fd6dd1f658e3ff;2023-05-28;2023-07-27
6955;outfit.caee00d04a954a69a3cca9e02cf67440;2021-05-20;2021-06-21
6955;outfit.2ead65a1ecf54c38a27bebc2bf47b9b1;2021-05-20;2021-06-21
2223;outfit.9d3b8dd5711d3657;2020-09-10;2020-10-07
2223;outfit.4df885933c6b4006827c3c816f27d9d7;2020-09-10;2020-10-07
2223;outfit.292fc161ab8a48d59af997f56cce1cb4;2020-09-10;2020-10-07
2223;outfit.80333429732852d4;2020-09-10;2020-10-07
691;outfit.03a5ffb8c27947de936564061de3d046;2020-08-17;2020-09-18
691;outfit.bd37bc0ed1857fb5;2020-08-17;2020-09-18
691;outfit.ccf6f723db264c30b9e45b89203c4a28;2020-08-17;2020-09-18
691;outfit.c95b16794434474e8d02306d2f1b6a0a;2020-08-17;2020-09-18
1735;outfit.61b55a18777f451ab3d3c1a4fc2fe17b;2023-01-17;2023-02-16
6046;outfit.9685cc11be684ed39ab8edac1e9a822b;2022-08-06;2022-09-05
996;outfit.b8edf89f3a5949949ae1188cd3283d6f;2021-10-08;2021-11-08
996;outfit.a7b55780d1764599a3ee339fff38d002;2022-01-10;2022-02-08
1248;outfit.b701b51a404a44418a375258167ad442;2022-09-12;2022-10-11
2519;outfit.9bf55c30dee14573ac0d46c03fce3a0e;2020-07-27;2020-08-27
2519;outfit.4431d4e34e6a4c0fba43aa50395893f7;2020-07-27;2020-08-27
2519;outfit.a3546e9a63f72521;2020-07-27;2020-08-27
4218;outfit.4fa890c8bbf54547a3cacaa898e5b7d5;2023-07-26;2023-08-25
4218;outfit.dea118f1de544188ad16cda6259ba122;2023-07-26;2023-08-25
4218;outfit.bdd0a16b7008671d;2023-07-26;2023-08-25
872;outfit.bc66a84c6977422daff287c7ecdb12d3;2022-06-17;2022-07-16
5169;outfit.9ec98510baa9411d905131e4377e154d;2023-05-28;2023-06-27
6103;outfit.44e9f273236b4ecd8185e5853fb2ef34;2023-12-08;2024-01-07
1390;outfit.9a0283b3b9e34e39a0038cb7b7044c75;2022-04-26;2022-05-25
7366;outfit.a84d98da9b0b4c8d95457d446a4df5fd;2022-07-25;2022-08-24
1998;outfit.c0dd5faf2a294aa09fd7a39dc7a313bd;2021-12-01;2022-01-03
4608;outfit.03d688ca88f84e89aeb31592d6394247;2020-08-07;2020-09-07
4608;outfit.d542ee51f6a64600b5f8f1b5889ddf58;2020-08-07;2020-09-07
4608;outfit.55aa098dd93644fe961d0137a79adbea;2020-08-07;2020-09-07
4608;outfit.cf2fa10de8ea412186fd6dd1f658e3ff;2020-08-07;2020-09-07
6798;outfit.c5ded4868d344a5bbf49e5c1a3c136f8;2022-12-16;2023-01-15
1348;outfit.91d906d5cfcadc9b;2022-02-25;2022-03-24
4899;outfit.4431d4e34e6a4c0fba43aa50395893f7;2020-09-14;2020-10-14
4899;outfit.d3972ad336174608b061e6224cb1fad4;2020-09-14;2020-10-14
4899;outfit.9c255f602b1e4455a79e0fe0cee938c1;2020-09-14;2020-10-14
4899;outfit.bbd662557126462f84e4912812fc1be0;2020-11-16;2020-12-14
4899;outfit.df04bf46dbd54868a63d2db542a5fa3d;2020-09-14;2020-10-14
4899;outfit.ed0bda9223004815822e8eaff7b7688f;2020-11-16;2020-12-14
4899;outfit.447e5486379147879a59e168c261d9e2;2020-09-14;2020-10-14
6907;outfit.81e52ba208d55e4d;2023-08-06;2023-09-05
1259;outfit.19b65a13d33c4f0dae36ace48aec7bc1;2023-08-07;2023-09-06
1259;outfit.16c67c6789f94fb8a10de95277e1a321;2023-08-07;2023-09-06
3094;outfit.a3b797e5d17543b8a0a1f6d2b5112ce6;2021-03-01;2021-03-31
3094;outfit.a1b5b9335a89a082;2021-03-01;2021-03-31
2812;outfit.37886c165da3410ca29761ac81f95bf9;2021-03-02;2021-04-09
2812;outfit.181629c720b548f4a77a22851f1fbbce;2021-03-02;2021-04-09
675;outfit.6ef37d8d2ee744229ed6350d8a94f308;2021-08-30;2021-09-28
675;outfit.ada989bbc2322203;2021-08-30;2021-09-28
675;outfit.9b7577b41e374c5d8debce0abc0466de;2021-08-30;2021-09-28
675;outfit.c560abcbbf2b40edbacbd51dfa99bf58;2021-08-30;2021-09-28
4017;outfit.23596174e2b1478385adda8f5f48416f;2023-07-09;2023-08-08
6911;outfit.89fab8d7d294457fa493f087c68b6bc1;2024-02-11;2024-03-10
1735;outfit.a38554cc5999458397c5f190f0f3c38d;2022-07-17;2022-08-16
6526;outfit.34fb4047b75346ba9ced8912198506ff;2022-11-09;2022-12-08
6526;outfit.ae922e922588454591edca7cabf0db48;2022-11-09;2022-12-08
5695;outfit.d6896eaf6b734f40943d6cce5d23c1e3;2021-10-05;2021-11-05
5695;outfit.f51e3b6fec2d44f59e21f3dc2334231b;2021-12-15;2022-01-14
5695;outfit.338c7b24bb1140d7aa47279c9490cfe7;2021-12-15;2022-01-14
5695;outfit.4c4d89bf0fcb4b32a9015ce1a7bade19;2021-10-05;2021-11-05
5695;outfit.4644eb6ccd594982b873ebfa22d1fe61;2021-12-15;2022-01-14
1354;outfit.ad6f853b5c31b6f5;2023-06-06;2023-07-05
1354;outfit.6b1d1739830a4f3cbe5530716d9890a2;2023-06-06;2023-07-05
1354;outfit.85244edf68884b9fa35758fe33b84612;2023-06-06;2023-07-05
6310;outfit.76443d6db496494dbb26ac275ecbdb3b;2022-09-07;2022-10-06
1922;outfit.ceb25ee97e894d46869ca3eb799d48e0;2022-04-19;2022-05-18
606;outfit.142a3686d9ec47afb71932e592f45a92;2022-09-26;2022-10-25
410;outfit.1260ac1718974152b1294c75e13aae88;2022-09-13;2022-10-12
5459;outfit.8a458a93e4cd4214a520074f16d5b9fa;2023-10-25;2023-11-24
4073;outfit.4c96620b5f444f05adcd28bcfd3861d5;2022-10-09;2022-11-08
5578;outfit.5f20616059e84ab8b62eeb7f0a802e3a;2023-10-18;2023-11-17
1735;outfit.8de67bc21e388b19;2021-12-01;2022-01-03
5897;outfit.c8c5d18e8365419eba926afed7344dd7;2021-05-28;2021-06-28
5897;outfit.5dc101d7bfbe4f49858db5913a5a7203;2021-05-28;2021-06-28
5897;outfit.946ae92e21374e0d8935761e881bb94b;2021-06-28;2021-07-28
5897;outfit.eb2d7f4e04d648ab98ccc7a46934c459;2021-06-28;2021-07-28
5897;outfit.ae538ccb6bf14a858b0f66458e592872;2021-05-28;2021-06-28
6858;outfit.671c37e96f5247e68b198e2a61dbe34e;2023-07-15;2023-08-14
3028;outfit.dcf9da47ee4e4bd994d4faa2aaadb321;2022-01-18;2022-02-17
785;outfit.66da7242210f4c3fa7a47285efe37504;2022-12-07;2023-01-06
785;outfit.faba9b9a9f654d6a8cfeb6bbdf840806;2022-10-07;2022-11-06
3259;outfit.e698a404f52e43459098b6a320af234f;2020-08-21;2020-09-21
3259;outfit.15f39d4408a449febc2bd0d1afbb0f1f;2020-08-21;2020-09-21
3259;outfit.854021359d3e487ca1c90e5bd126ea0c;2020-08-21;2020-09-21
5236;outfit.4431d4e34e6a4c0fba43aa50395893f7;2022-12-04;2023-01-03
2687;outfit.d5818e8c52bd4bb7ba4f58a76c026939;2022-08-02;2022-09-01
3669;outfit.7eb16fe1e199414bbb7f88d71fe7cb56;2022-04-24;2022-05-23
4218;outfit.ae3c94e801eb4aebb7c3714ec981521c;2023-04-26;2023-05-25
4218;outfit.ae7389834f0c49c49b2ef43ff9cc1be9;2023-04-26;2023-05-25
1700;outfit.50a8ff8407894fcb9048249c78732fc4;2023-05-21;2023-06-20
3175;outfit.b09e135ba34c46daaf3a5495dcec6e83;2023-09-08;2023-10-07
2687;outfit.62f13f7f9ce944ec9564d48caa6c3f48;2022-05-02;2022-06-01
2687;outfit.8c4d4f54e42a4ca391913811b6d17ab0;2022-07-02;2022-08-01
2475;outfit.030be8f1ab0549db86e542e2ad08a5b2;2021-09-22;2021-10-07
2475;outfit.ec43e546a9d543ee8c15c07cb70608a9;2021-09-22;2021-10-22
2475;outfit.82ec1db640c48b3f;2021-09-22;2021-10-22
7409;outfit.b6f7358d6feb42ceaec950e6b66f4a34;2023-05-04;2023-06-03
6372;outfit.6705bc03d5e649f4bec363e6367cd89a;2020-07-08;2020-09-04
6372;outfit.a9cb9b79d0899e0f;2020-07-08;2020-09-04
6372;outfit.4c9864b84197439ab388910160076c5d;2020-07-08;2020-09-04
4481;outfit.7351b9594dfe43e68810cd2359952ee3;2023-08-18;2023-09-17
3956;outfit.bb72f30cdb4246d1bc47ff8b17cf4162;2022-11-05;2022-12-04
6085;outfit.7abb8ad021294be3863e5ea746538347;2021-11-30;2021-12-20
6085;outfit.23596174e2b1478385adda8f5f48416f;2021-11-04;2021-12-03
4130;outfit.9341a89b191cd49f;2023-02-01;2023-04-30
7342;outfit.6ca970d4e98f47e085d82952693a215f;2024-05-22;2024-06-21
2383;outfit.9b7577b41e374c5d8debce0abc0466de;2021-11-22;2021-12-21
576;outfit.3cfe6cce6fc744489c7bf129187ea836;2022-08-27;2022-09-26
576;outfit.2743a3b3f9cb44348ee6f8beedefa119;2022-08-27;2022-09-26
5695;outfit.e18310c477cb4fa38cd9ba31e9997c4f;2021-03-04;2021-04-05
2519;outfit.b45f71cef3bf96b3;2020-10-01;2020-10-30
4336;outfit.67d14062b639450faef4ae16726d3a50;2022-04-30;2022-05-29
4336;outfit.3339007e20b94181807f9570766cde62;2022-04-30;2022-05-29
4336;outfit.03b18817e1894e588c3ae117a47d830c;2022-04-30;2022-05-29
1840;outfit.43d5741ca13a453bb378172945b47fc8;2024-02-09;2024-03-08
2892;outfit.6fa8bb1601aa44698177e99a24a52863;2021-06-04;2021-07-02
2892;outfit.208d6c0a12484beaa7d86abbf736d390;2021-06-04;2021-07-02
2649;outfit.5405ab692b354a69a104048dda3366e7;2023-07-02;2023-08-01
2649;outfit.394609460a3549928924f3a0dc5a6e3d;2023-07-02;2023-08-01
746;outfit.293f074047f34fda9bd95d96c5b9f906;2019-11-25;2019-11-28
746;outfit.066124b928d44087851ad9a0fe809510;2019-11-25;2019-11-28
746;outfit.eafae74f4ff24c29862f7dba09874920;2019-11-25;2019-11-28
746;outfit.e172da755f4248f4af3241dd47efae12;2019-11-25;2019-11-28
746;outfit.18463cd95aa04dbba9610a91b4f71be4;2019-11-25;2019-11-28
3593;outfit.2fac9258e5a64ac9a7658f54bd2056a8;2021-12-01;2021-12-31
2762;outfit.a8175a1b696f4b85;2021-11-30;2021-12-30
2762;outfit.0dcd9f8fa95a4d81a7bb43df05668e4d;2021-10-01;2021-11-01
2273;outfit.d928300162a4434c84b6a5f5c2da0506;2022-03-18;2022-04-17
7060;outfit.00fa8d1fd5804fe78ac284c2e0c28b4e;2021-08-06;2021-08-30
7060;outfit.8632cef7c2524f1ea8f213f5398eb754;2021-08-06;2021-08-30
2383;outfit.c7be4c2774424a498f63ebe6ea4b5933;2022-08-06;2022-09-05
446;outfit.b80429b20d914612960e3cdbfcc0602c;2020-09-17;2020-10-16
446;outfit.774b95bb02cb4be0b92d2a232bdb8b0f;2020-10-16;2020-11-16
446;outfit.656d8c9767e2417d8fad467465515b5d;2020-10-16;2020-11-16
446;outfit.848ee23997d424bc;2020-10-16;2020-11-16
446;outfit.abce86c0d08341ed96a999cb4425d840;2020-09-17;2020-10-16
446;outfit.efbeb50344e54028b243698b3dd1b700;2020-09-17;2020-10-16
446;outfit.1eb6accbfe2d4edd8358e67200384784;2020-09-17;2020-10-16
1382;outfit.34bd3ce2dd644974b9e945a8d91d8bca;2022-02-25;2022-03-24
675;outfit.7c3e32e564f84de28c9ab8a6f06a2e24;2022-04-02;2022-05-01
675;outfit.6ef37d8d2ee744229ed6350d8a94f308;2022-04-02;2022-05-01
5303;outfit.37af7c19c13949819ca971b380a9f97c;2023-12-17;2024-01-16
3841;outfit.837d79eeae2a466cab88d515bd1aa409;2020-12-01;2021-01-06
3841;outfit.cba1c1971fa145e2a965a51bb678d885;2020-12-01;2021-01-06
266;outfit.ac365138f7722b8c;2023-09-30;2023-10-30
266;outfit.5b607271e3ee467bb4188f977c0336b8;2023-09-30;2023-10-30
675;outfit.bbd6ae88b44bfd29;2023-08-02;2023-09-01
4725;outfit.c8c5d18e8365419eba926afed7344dd7;2023-04-28;2023-05-27
1481;outfit.c09187a8a8334f118324a6c4de5f7a91;2021-10-19;2021-11-19
6526;outfit.9a0283b3b9e34e39a0038cb7b7044c75;2024-02-09;2024-03-08
3103;outfit.1c78096241a04da2bb89cb692f3953b0;2021-02-02;2021-03-04
3103;outfit.6ac4c823524146de990ca1ad979e6388;2021-03-02;2021-04-05
3103;outfit.83f7ed2dfaa11b7f;2020-12-02;2021-01-06
6303;outfit.682446def1c34a79890b62c1397c7afb;2024-07-01;2024-07-31
4769;outfit.aa1e25055ec79871;2021-02-19;2021-03-19
356;outfit.b701b51a404a44418a375258167ad442;2021-05-21;2021-06-21
356;outfit.25ff5e5ef4b541d79324a66515f1d89a;2021-06-21;2021-07-21
356;outfit.98ca0677ca9b1cb2;2021-05-21;2021-06-21
356;outfit.9bd220ce35b14c1b9b9d89dfc2b123c8;2021-06-21;2021-07-21
356;outfit.db6e87de63f347a0af3ecbf3b7463a55;2021-04-22;2021-05-21
2918;outfit.db6e87de63f347a0af3ecbf3b7463a55;2022-12-09;2023-01-08
3376;outfit.37886c165da3410ca29761ac81f95bf9;2021-11-15;2021-12-15
3376;outfit.875635fa72e9a84a;2021-11-15;2021-12-15
3376;outfit.2cca272e852c42448c449664b8d98693;2021-11-15;2021-12-15
3376;outfit.9d2ae3e74d7f4d9bbde82be334a3a21b;2021-11-15;2021-12-15
7371;outfit.e5573a0b879d4a31b02ff8dfe70ea20f;2020-08-06;2020-09-04
7371;outfit.8a458a93e4cd4214a520074f16d5b9fa;2020-08-06;2020-09-04
6026;outfit.4e834d5f015d474e8fd547e080f750f8;2021-04-15;2021-05-14
6026;outfit.c37712eb6be74a56958a7ccf2b21637c;2021-04-15;2021-05-14
3094;outfit.196ad12873534afcbec5bc12e921798d;2021-02-01;2021-03-01
1585;outfit.57e0110f769d47ea863ebea78235fd23;2022-05-25;2022-06-24
4240;outfit.efbeb50344e54028b243698b3dd1b700;2021-11-18;2021-12-17
4240;outfit.676f2b8ab3894ff293c0fbd62398bc05;2021-09-22;2021-10-06
2775;outfit.14e59903e2184edb963cf2e3f1b55e0c;2022-11-26;2022-12-25
4404;outfit.713570ccf2364240b906d668908737ff;2021-08-10;2021-09-10
7050;outfit.7d69ae2f5dc641bca0eed4b1dfc17ac8;2022-01-06;2022-02-01
5929;outfit.4cbda361e12e4d65a5fb502dfd38076a;2021-09-15;2021-10-15
5929;outfit.3230795e6aed435ab96c8fcf5e56fd08;2021-09-15;2021-10-15
3267;outfit.bdf0b714576b2118;2020-07-20;2020-08-20
3267;outfit.82303d2b1b524d6795661a1f5426a134;2020-07-20;2020-08-20
3267;outfit.b49e6f1cc73f48f9a6329311214ee57f;2020-07-20;2020-08-20
3267;outfit.202c5658aee14e4180cd074aa81842a1;2020-07-20;2020-08-20
3267;outfit.d61bd06b8b28429abe50d3f42eb685e0;2020-07-20;2020-08-20
785;outfit.250a41fd89bf4548bb8c5db06f1cfbf1;2023-01-07;2023-02-06
3259;outfit.acb94cbb42e1b894;2021-08-03;2021-09-03
3259;outfit.37f5db61da1b4fb0a50472c1ddc442a4;2021-06-07;2021-07-07
3259;outfit.0ac1ac7d05ed43eeb9cb12c66cae3d18;2021-06-07;2021-07-07
1232;outfit.cf321774b9de4035802e1829303fd3da;2024-01-30;2024-02-28
462;outfit.64a0e45c83dc4304becbf6218ac02fb8;2021-07-26;2021-08-25
4723;outfit.e0f5195a15e748629ab2981e8900d008;2023-05-17;2023-06-16
4723;outfit.2d059d6a6a3c4f02abe8e2f5cd7dea69;2023-05-17;2023-06-16
4723;outfit.7df2526a1c3c4b10b3017e7935c30629;2023-05-17;2023-06-16
1706;outfit.bdd5835c2df56005;2022-05-18;2022-06-17
757;outfit.363a3d3fbf64484293b96404b1bdd504;2023-02-08;2023-03-07
757;outfit.6c86cf3af9714425906495712ee3e311;2023-02-08;2023-03-07
902;outfit.53cd37dc1d6345ce89fa68e62e936c58;2023-09-22;2023-10-21
3684;outfit.beb7edd11cd741538175c927a81cbf89;2023-10-30;2023-11-29
454;outfit.4c4d89bf0fcb4b32a9015ce1a7bade19;2024-05-03;2024-06-02
7411;outfit.31879aacd520402abb57929e7b7573f1;2022-07-19;2022-08-18
2762;outfit.77115f3958a24ad98cc8568e3fbe0da8;2021-01-13;2021-02-18
7152;outfit.7d5887278cfb479b8c92081dc85ad698;2020-12-10;2021-01-18
7152;outfit.092ee39646f34dafac13607ee3c17215;2020-12-10;2021-01-18
7152;outfit.2bb91a54c63d4f72a11a6ad7a00b35cf;2020-12-10;2021-01-18
6592;outfit.296da213b6db4d99817dea16407654f0;2023-11-02;2023-12-01
5303;outfit.37af7c19c13949819ca971b380a9f97c;2024-04-17;2024-05-16
6310;outfit.eafae74f4ff24c29862f7dba09874920;2021-12-06;2022-01-06
6051;outfit.83e56eb73d8f0127;2023-12-02;2024-01-01
5130;outfit.ca56ec7bf3fa49ed9f8a1a3dbba4b31c;2023-02-08;2023-03-07
5130;outfit.df79806b22844eae8e38a61b63ffeee3;2023-03-08;2023-04-07
5130;outfit.5f5573ff732d4b67824d71ebb7329db8;2023-01-08;2023-02-07
5130;outfit.c5bee71e04014da8a068df3abe59a219;2023-01-08;2023-02-07
5130;outfit.f6eec8c3af9e43228f79ed7b49dd4633;2023-01-08;2023-02-07
5130;outfit.6ea93b224a3c4027861e62805e0bd3f8;2023-02-08;2023-03-07
5130;outfit.a3df643414c746ac95399bcdbb1acab6;2023-02-08;2023-03-07
4575;outfit.af5cb730014e66b0;2021-10-06;2021-11-03
6907;outfit.4d91614bd70b4799a861fe5ea43db494;2023-09-06;2023-10-05
6907;outfit.93826cc51216dcd0;2023-09-06;2023-10-05
4463;outfit.1bf5c2c096dc490f8e8efd7d09e6769c;2023-06-22;2023-07-21
3572;outfit.7ff8b8c0f1b447229811fee5dd7ea006;2020-10-07;2020-11-06
570;outfit.7949c76d6d01458dadb4d517d86b6d3f;2023-11-27;2023-12-26
4725;outfit.841f070dd5a12094;2022-07-29;2022-08-28
4725;outfit.f8be16c68a624ee7bf9a5120adb0cbcc;2022-07-29;2022-08-28
4725;outfit.74d1bc8ef8b3401a98e92e3f1826c0e3;2022-07-29;2022-08-28
496;outfit.94fee721c94da3bd;2023-07-10;2023-08-09
2833;outfit.4b20b3ccd3cd41fe98d0225f47276e2c;2022-06-28;2022-07-27
2833;outfit.522c1f5a3380421e9539663185f60fbc;2022-06-28;2022-07-27
2833;outfit.53c1b23f677a4816a518a2624c18e8b3;2022-06-28;2022-07-27
2833;outfit.c22e4fbbfc23437a9f32d1ae2455223f;2022-07-28;2022-08-27
2833;outfit.89c2a6a730c324a0;2022-06-28;2022-07-27
2833;outfit.944efade730744e38b3b678dae890f98;2022-07-28;2022-08-27
6284;outfit.a24ec8c88040844e;2021-10-08;2021-11-08
1390;outfit.c7f8c0ab1c36417eb3a7dea515d2a0e7;2021-12-01;2022-01-03
5490;outfit.0f545b5ba1274c66b2896afdcc48c5d9;2021-10-11;2021-11-11
5490;outfit.e2ac14f5ba454e0eaf3e7c0f926c65ee;2021-09-10;2021-10-11
5490;outfit.f60a93dd961d4856a6d40e366ef90717;2021-10-11;2021-11-11
5490;outfit.a2ecd990912ca6bd;2021-10-22;2021-11-12
4656;outfit.d6241a805f5e4108abfbdbc9f58fcb23;2023-10-04;2023-11-03
1531;outfit.95c292eefaa5453bbb381c3117b7b152;2021-12-14;2022-01-07
123;outfit.3b32e75fb8984ec9ad5d8ccb79999327;2022-02-10;2022-03-10
550;outfit.39e26260f13d466b946601bafd691d36;2020-09-10;2020-10-09
550;outfit.05a3c99a55404dc8984fde902ccaad18;2020-09-10;2020-10-12
550;outfit.776c13028a5e48b7899f4a9057ee8e18;2020-09-10;2020-10-12
1412;outfit.3037fa72ade7482e8c13863bc447c11c;2022-04-07;2022-05-09
1862;outfit.388d5e71d8ca46a59067b8f07c7a0760;2021-12-14;2022-01-04
1862;outfit.8f4c967492cd42a6a0afec84b3500e93;2021-09-28;2021-10-25
1862;outfit.a273058ddb56de19;2021-12-14;2022-01-14
1862;outfit.92101abfe02e418f8bc033846dc6d1c8;2021-10-26;2021-11-15
3727;outfit.d3739869edc74a0a855e399f5b75a567;2022-04-14;2022-05-13
3267;outfit.9aadfc9a1d195c33;2021-11-22;2021-12-20
3267;outfit.a38b3b3e20364b78bfcf0bb1eadcc0e5;2021-12-20;2022-01-20
454;outfit.bdd5835c2df56005;2022-03-01;2022-03-29
454;outfit.20ae7885d88441348ab7a255bcc2173e;2023-02-03;2023-03-02
6879;outfit.f557450bb9d14a10951367293b052595;2021-12-21;2022-01-21
731;outfit.ab9dd6cb6757426c9d5968e731b29cb2;2021-05-11;2021-06-01
731;outfit.cf321774b9de4035802e1829303fd3da;2021-10-01;2021-10-14
6907;outfit.4b4a8f000a6b46d7a97df90ba4cd9874;2022-02-01;2022-02-28
6907;outfit.7f12d0cbd88d440f84b259599e625b69;2022-02-01;2022-02-28
6907;outfit.542f3e3ae20d42bea4c81a418f7adb7b;2022-02-01;2022-02-28
1354;outfit.3b2ed909c25f4ba28abf27a3ba98f5d0;2023-10-06;2023-11-05
5459;outfit.7ca0d67e06f7491f926b46e7fbdbd32c;2023-10-25;2023-11-24
5459;outfit.d141393e8f8247db9c62121a790ed9be;2023-10-25;2023-11-24
1735;outfit.d14ca830a51d455ca672e1f11d4554d4;2021-05-21;2021-06-21
5160;outfit.c0dd5faf2a294aa09fd7a39dc7a313bd;2023-06-25;2023-07-24
1497;outfit.9c60137e95ac47c4b54413f4226d4206;2022-04-21;2022-05-20
4073;outfit.34bd3ce2dd644974b9e945a8d91d8bca;2023-01-09;2023-02-08
3189;outfit.706635d443e040d2a4ae9e6862a95961;2022-09-24;2022-10-23
3320;outfit.e0f170b8b51f4ae4a7e00047b9ea8d79;2022-10-09;2022-11-08
7376;outfit.9bd9226c247f4ee8a64be90ee310fd8b;2021-07-19;2021-08-20
5837;outfit.bb35c791b2bfa191;2021-05-03;2021-05-31
5837;outfit.ad6f853b5c31b6f5;2021-05-03;2021-05-31
