_step,_runtime,_timestamp,epoch,train/loss,train/mf_loss,train/reg_loss,test/recall@1,test/recall@5,test/recall@10,test/recall@20,test/precision@1,test/precision@5,test/precision@10,test/precision@20,test/ndcg@1,test/ndcg@5,test/ndcg@10,test/ndcg@20,test/map@1,test/map@5,test/map@10,test/map@20,test/mrr@1,test/mrr@5,test/mrr@10,test/mrr@20,test/hit_ratio@1,test/hit_ratio@5,test/hit_ratio@10,test/hit_ratio@20
0,0.609072916,1779094101.4027,1,0.6824893355369568,0.6823177337646484,0.00017162738367915154,,,,,,,,,,,,,,,,,,,,,,,,
1,0.673199745,1779094101.4672444,2,0.6812286972999573,0.6810539960861206,0.00017469409795012325,,,,,,,,,,,,,,,,,,,,,,,,
2,0.737634946,1779094101.53169,3,0.6798960566520691,0.6797184944152832,0.0001775794808054343,,,,,,,,,,,,,,,,,,,,,,,,
3,0.803866343,1779094101.5979311,4,0.678514301776886,0.6783334612846375,0.0001808579108910635,,,,,,,,,,,,,,,,,,,,,,,,
4,0.867306056,1779094101.6613748,5,0.6775685548782349,0.6773842573165894,0.0001843225909397006,,,,,,,,,,,,,,,,,,,,,,,,
5,0.933193411,1779094101.7272966,6,0.6760720610618591,0.6758843064308167,0.00018776499200612307,,,,,,,,,,,,,,,,,,,,,,,,
6,0.997775714,1779094101.7918513,7,0.674527645111084,0.6743360161781311,0.00019162865646649152,,,,,,,,,,,,,,,,,,,,,,,,
7,1.063631165,1779094101.857673,8,0.6729302406311035,0.6727347373962402,0.00019553273159544915,,,,,,,,,,,,,,,,,,,,,,,,
8,1.128062301,1779094101.9221427,9,0.6710752844810486,0.6708756685256958,0.0001996074861381203,,,,,,,,,,,,,,,,,,,,,,,,
9,1.1925487989999999,1779094101.9866247,10,0.669743001461029,0.6695390939712524,0.00020388139819260687,,,,,,,,,,,,,,,,,,,,,,,,
10,1.2614003710000001,1779094102.0555274,11,0.6677132844924927,0.6675047278404236,0.0002085621963487938,,,,,,,,,,,,,,,,,,,,,,,,
11,1.327716591,1779094102.1218057,12,0.6656495928764343,0.6654359698295593,0.000213594626984559,,,,,,,,,,,,,,,,,,,,,,,,
12,1.391956672,1779094102.186035,13,0.6634262204170227,0.6632075309753418,0.00021868750627618283,,,,,,,,,,,,,,,,,,,,,,,,
13,1.457359237,1779094102.251448,14,0.6617562770843506,0.6615325212478638,0.00022377798450179398,,,,,,,,,,,,,,,,,,,,,,,,
14,1.527970055,1779094102.3219368,15,0.659527063369751,0.6592978239059448,0.00022926315432414412,,,,,,,,,,,,,,,,,,,,,,,,
15,1.593401093,1779094102.3874838,16,0.6567717790603638,0.6565368175506592,0.00023497249640058726,,,,,,,,,,,,,,,,,,,,,,,,
16,1.6592303290000001,1779094102.4533236,17,0.6545687317848206,0.6543278694152832,0.00024085017503239214,,,,,,,,,,,,,,,,,,,,,,,,
17,1.724142279,1779094102.518209,18,0.6521464586257935,0.651899516582489,0.00024694681633263826,,,,,,,,,,,,,,,,,,,,,,,,
18,1.7896431339999999,1779094102.5837245,19,0.6496651768684387,0.6494117975234985,0.00025340516003780067,,,,,,,,,,,,,,,,,,,,,,,,
19,1.8551777870000001,1779094102.6492667,20,0.6469720005989075,0.6467118859291077,0.0002601429296191782,,,,,,,,,,,,,,,,,,,,,,,,
20,1.920703764,1779094102.7148,21,0.6441084742546082,0.6438413858413696,0.0002670830290298909,,,,,,,,,,,,,,,,,,,,,,,,
21,1.9853092430000001,1779094102.779397,22,0.641349196434021,0.6410751342773438,0.00027406320441514254,,,,,,,,,,,,,,,,,,,,,,,,
22,2.049940828,1779094102.8440375,23,0.638122022151947,0.6378402709960938,0.0002817437634803355,,,,,,,,,,,,,,,,,,,,,,,,
23,2.116234383,1779094102.9102976,24,0.6341849565505981,0.6338949203491211,0.00029006446129642427,,,,,,,,,,,,,,,,,,,,,,,,
24,2.18179948,1779094102.9759107,25,0.6310107111930847,0.6307125091552734,0.00029822238138876855,,,,,,,,,,,,,,,,,,,,,,,,
25,2.250981994,1779094103.0450704,26,0.627701461315155,0.6273952126502991,0.0003062566393055022,,,,,,,,,,,,,,,,,,,,,,,,
26,2.316682367,1779094103.1107676,27,0.6243820786476135,0.6240673661231995,0.0003146899398416281,,,,,,,,,,,,,,,,,,,,,,,,
27,2.396232615,1779094103.1902847,28,0.6205238103866577,0.6202001571655273,0.00032363622449338436,,,,,,,,,,,,,,,,,,,,,,,,
28,2.455774345,1779094103.250105,29,0.6167112588882446,0.6163778305053711,0.00033343982067890465,,,,,,,,,,,,,,,,,,,,,,,,
29,2.512394518,1779094103.3067565,30,0.6114476323127747,0.6111043691635132,0.00034328599576838315,,,,,,,,,,,,,,,,,,,,,,,,
30,2.566747137,1779094103.3607874,31,0.6086154580116272,0.6082621812820435,0.00035328755620867014,,,,,,,,,,,,,,,,,,,,,,,,
31,2.6217721689999998,1779094103.4158225,32,0.6032358407974243,0.602872371673584,0.00036349042784422636,,,,,,,,,,,,,,,,,,,,,,,,
32,2.676833251,1779094103.4708705,33,0.5990445017814636,0.5986696481704712,0.000374851020751521,,,,,,,,,,,,,,,,,,,,,,,,
33,2.731146618,1779094103.5252733,34,0.59578537940979,0.5954002737998962,0.00038508602301590145,,,,,,,,,,,,,,,,,,,,,,,,
34,2.784765993,1779094103.578809,35,0.5905800461769104,0.5901831388473511,0.00039689248660579324,,,,,,,,,,,,,,,,,,,,,,,,
35,2.839627533,1779094103.63374,36,0.5845410227775574,0.5841324329376221,0.0004085719119757414,,,,,,,,,,,,,,,,,,,,,,,,
36,2.893251049,1779094103.6872673,37,0.5802446007728577,0.5798234343528748,0.0004211729974485934,,,,,,,,,,,,,,,,,,,,,,,,
37,2.949270362,1779094103.7432384,38,0.575791597366333,0.5753588676452637,0.00043270926107652485,,,,,,,,,,,,,,,,,,,,,,,,
38,3.003579117,1779094103.7976105,39,0.5705819129943848,0.5701360702514648,0.00044586227159015834,,,,,,,,,,,,,,,,,,,,,,,,
39,3.057683969,1779094103.8517296,40,0.5642068386077881,0.5637478232383728,0.00045903067803010345,,,,,,,,,,,,,,,,,,,,,,,,
40,4.554004916,1779094105.3476827,40,,,,0.003214788157492876,0.01117707323282957,0.016543317586183548,0.03728566691279411,0.007233273237943649,0.007233273703604937,0.006329111754894257,0.006148278247565031,0.007233273237943649,0.010418443940579891,0.012588560581207275,0.019378600642085075,0.003214788157492876,0.0058198291808366776,0.006566708907485008,0.008126050233840942,0.007233273237943649,0.01684749871492386,0.020490683615207672,0.02472471073269844,0.007233273237943649,0.036166366189718246,0.06329113990068436,0.12296564131975174
41,4.695343022,1779094105.489333,41,0.558017373085022,0.5575446486473083,0.00047273378004319966,,,,,,,,,,,,,,,,,,,,,,,,
42,4.760921844,1779094105.554962,42,0.552491307258606,0.552004873752594,0.0004864249494858086,,,,,,,,,,,,,,,,,,,,,,,,
43,4.828406223,1779094105.6224375,43,0.5474504232406616,0.5469500422477722,0.0005003944970667362,,,,,,,,,,,,,,,,,,,,,,,,
44,4.906926169,1779094105.7012653,44,0.5411016345024109,0.540587306022644,0.0005143320304341614,,,,,,,,,,,,,,,,,,,,,,,,
45,4.979474246,1779094105.77374,45,0.5345699787139893,0.5340393781661987,0.0005305770901031792,,,,,,,,,,,,,,,,,,,,,,,,
46,5.047077744,1779094105.8411884,46,0.5293526649475098,0.5288079977035522,0.0005446572322398424,,,,,,,,,,,,,,,,,,,,,,,,
47,5.110633205,1779094105.9046745,47,0.5239513516426086,0.5233901143074036,0.0005612220265902579,,,,,,,,,,,,,,,,,,,,,,,,
48,5.17572532,1779094105.9698842,48,0.5164464116096497,0.5158689022064209,0.0005775096942670643,,,,,,,,,,,,,,,,,,,,,,,,
49,5.2397513589999996,1779094106.0337746,49,0.5095028281211853,0.5089074373245239,0.0005953815416432917,,,,,,,,,,,,,,,,,,,,,,,,
50,5.307456824,1779094106.1015403,50,0.5023571848869324,0.5017467141151428,0.0006104834610596299,,,,,,,,,,,,,,,,,,,,,,,,
51,5.373004084,1779094106.1671655,51,0.4972236454486847,0.4965953230857849,0.00062831852119416,,,,,,,,,,,,,,,,,,,,,,,,
52,5.437858045,1779094106.2318473,52,0.4901466965675354,0.48950159549713135,0.0006451006629504263,,,,,,,,,,,,,,,,,,,,,,,,
53,5.501445674,1779094106.2955072,53,0.4827233552932739,0.4820582866668701,0.0006650614668615162,,,,,,,,,,,,,,,,,,,,,,,,
54,5.564622471,1779094106.3586736,54,0.47818300127983093,0.4775005877017975,0.0006824162555858493,,,,,,,,,,,,,,,,,,,,,,,,
55,5.627632233,1779094106.4217072,55,0.47150588035583496,0.4708055257797241,0.000700349104590714,,,,,,,,,,,,,,,,,,,,,,,,
56,5.694032898,1779094106.4880881,56,0.4636193811893463,0.46289870142936707,0.0007206678856164217,,,,,,,,,,,,,,,,,,,,,,,,
57,5.757451005,1779094106.551522,57,0.4562332034111023,0.4554934501647949,0.0007397601730190217,,,,,,,,,,,,,,,,,,,,,,,,
58,5.821112215,1779094106.6152105,58,0.44860967993736267,0.44785016775131226,0.0007595177157782018,,,,,,,,,,,,,,,,,,,,,,,,
59,5.884243379,1779094106.6782868,59,0.4418445825576782,0.44106417894363403,0.0007804114138707519,,,,,,,,,,,,,,,,,,,,,,,,
60,5.9475739690000005,1779094106.741635,60,0.43226751685142517,0.4314671754837036,0.0008003335678949952,,,,,,,,,,,,,,,,,,,,,,,,
61,6.010832621,1779094106.80489,61,0.4277229309082031,0.42690104246139526,0.0008218974689953029,,,,,,,,,,,,,,,,,,,,,,,,
62,6.074074933,1779094106.868193,62,0.41931071877479553,0.418468713760376,0.0008419920923188329,,,,,,,,,,,,,,,,,,,,,,,,
63,6.136982302,1779094106.9310348,63,0.4150749742984772,0.41421276330947876,0.0008622209425084293,,,,,,,,,,,,,,,,,,,,,,,,
64,6.199904299,1779094106.9939926,64,0.40894386172294617,0.40805816650390625,0.0008856931235641241,,,,,,,,,,,,,,,,,,,,,,,,
65,6.263119628,1779094107.0572188,65,0.39837324619293213,0.3974671959877014,0.000906062894500792,,,,,,,,,,,,,,,,,,,,,,,,
66,6.326681031,1779094107.1207757,66,0.3922038674354553,0.39127469062805176,0.0009291853639297187,,,,,,,,,,,,,,,,,,,,,,,,
67,6.392316053,1779094107.1862652,67,0.38602566719055176,0.38507580757141113,0.0009498695144429803,,,,,,,,,,,,,,,,,,,,,,,,
68,6.455732292,1779094107.2497773,68,0.3799567222595215,0.37898194789886475,0.0009747851872816682,,,,,,,,,,,,,,,,,,,,,,,,
69,6.5191843689999995,1779094107.3132162,69,0.3722076117992401,0.3712106943130493,0.0009969216771423817,,,,,,,,,,,,,,,,,,,,,,,,
70,6.583133997,1779094107.3771358,70,0.36600303649902344,0.3649827837944031,0.0010202550329267979,,,,,,,,,,,,,,,,,,,,,,,,
71,6.64649595,1779094107.4405158,71,0.3607805371284485,0.3597351312637329,0.0010454116854816675,,,,,,,,,,,,,,,,,,,,,,,,
72,6.710436288,1779094107.504492,72,0.35457944869995117,0.353510320186615,0.0010691203642636538,,,,,,,,,,,,,,,,,,,,,,,,
73,6.773652077,1779094107.5676684,73,0.3491739332675934,0.34808218479156494,0.0010917535983026028,,,,,,,,,,,,,,,,,,,,,,,,
74,6.837123633,1779094107.6311874,74,0.3401030898094177,0.33898505568504333,0.0011180317960679531,,,,,,,,,,,,,,,,,,,,,,,,
75,6.900501909,1779094107.6945252,75,0.33419889211654663,0.3330554962158203,0.001143386121839285,,,,,,,,,,,,,,,,,,,,,,,,
76,6.964539393,1779094107.7585943,76,0.3267748951911926,0.3256075978279114,0.0011673085391521454,,,,,,,,,,,,,,,,,,,,,,,,
77,7.027828614,1779094107.8219075,77,0.32507938146591187,0.32388874888420105,0.0011906313011422753,,,,,,,,,,,,,,,,,,,,,,,,
78,7.09101501,1779094107.8850472,78,0.3161128759384155,0.31489598751068115,0.001216886448673904,,,,,,,,,,,,,,,,,,,,,,,,
79,7.153759861,1779094107.9477804,79,0.30818769335746765,0.30694615840911865,0.0012415454257279634,,,,,,,,,,,,,,,,,,,,,,,,
80,7.217395407,1779094108.0115404,80,0.3040982186794281,0.30283039808273315,0.0012678279308602214,,,,,,,,,,,,,,,,,,,,,,,,
81,8.713466292,1779094109.5067983,80,,,,0.004842274356633425,0.011809388175606728,0.022760486230254173,0.040161870419979095,0.012658228166401386,0.007233273703604937,0.007414102088660002,0.00669077318161726,0.012658228166401386,0.011562702246010303,0.01602458581328392,0.02188981883227825,0.004842274356633425,0.006981954909861088,0.008381743915379047,0.00954761728644371,0.012658228166401386,0.020102471113204956,0.024954793974757195,0.02897576428949833,0.012658228166401386,0.036166366189718246,0.07414104789495468,0.13381555676460266
82,8.813707433,1779094109.6077015,81,0.29632318019866943,0.2950311303138733,0.0012920431327074766,,,,,,,,,,,,,,,,,,,,,,,,
83,8.871550087,1779094109.6655912,82,0.2939213216304779,0.2926071286201477,0.0013142040697857738,,,,,,,,,,,,,,,,,,,,,,,,
84,8.928660309,1779094109.7227058,83,0.287045419216156,0.28570234775543213,0.0013430798426270485,,,,,,,,,,,,,,,,,,,,,,,,
85,8.986893568,1779094109.780906,84,0.2831520438194275,0.28178349137306213,0.0013685441808775067,,,,,,,,,,,,,,,,,,,,,,,,
86,9.047297857,1779094109.8412757,85,0.27595728635787964,0.27456527948379517,0.001392006641253829,,,,,,,,,,,,,,,,,,,,,,,,
87,9.106929696,1779094109.9009354,86,0.2701375484466553,0.2687179446220398,0.0014196076663210988,,,,,,,,,,,,,,,,,,,,,,,,
88,9.165228509,1779094109.959258,87,0.26537376642227173,0.2639263868331909,0.0014473929768428206,,,,,,,,,,,,,,,,,,,,,,,,
89,9.222130205,1779094110.0161657,88,0.2622096836566925,0.26073789596557617,0.0014717938611283898,,,,,,,,,,,,,,,,,,,,,,,,
90,9.283235241,1779094110.077024,89,0.25860321521759033,0.2571083605289459,0.0014948687748983502,,,,,,,,,,,,,,,,,,,,,,,,
91,9.343220862999999,1779094110.137179,90,0.25056856870651245,0.24904438853263855,0.0015241922810673714,,,,,,,,,,,,,,,,,,,,,,,,
92,9.410851017,1779094110.2049677,91,0.24547666311264038,0.24392670392990112,0.001549955690279603,,,,,,,,,,,,,,,,,,,,,,,,
93,9.462262795000001,1779094110.256318,92,0.24032804369926453,0.2387530654668808,0.0015749761369079351,,,,,,,,,,,,,,,,,,,,,,,,
94,9.517658707,1779094110.3116784,93,0.23612606525421143,0.234523206949234,0.0016028567915782332,,,,,,,,,,,,,,,,,,,,,,,,
95,9.573089765,1779094110.3670793,94,0.235067680478096,0.2334410548210144,0.0016266326420009136,,,,,,,,,,,,,,,,,,,,,,,,
96,9.630801437,1779094110.424775,95,0.22960197925567627,0.22794753313064575,0.0016544501995667815,,,,,,,,,,,,,,,,,,,,,,,,
97,9.687756405,1779094110.481693,96,0.22478529810905457,0.22310370206832886,0.001681600115261972,,,,,,,,,,,,,,,,,,,,,,,,
98,9.745566133,1779094110.5395746,97,0.22194701433181763,0.2202431857585907,0.0017038255464285612,,,,,,,,,,,,,,,,,,,,,,,,
99,9.80371175,1779094110.597705,98,0.21799246966838837,0.21626156568527222,0.0017309109680354595,,,,,,,,,,,,,,,,,,,,,,,,
100,9.861040914,1779094110.6551378,99,0.2116069346666336,0.20985330641269684,0.001753626624122262,,,,,,,,,,,,,,,,,,,,,,,,
101,9.922576471,1779094110.716682,100,0.2091100513935089,0.20732994377613068,0.0017801150679588318,,,,,,,,,,,,,,,,,,,,,,,,
102,9.975796632,1779094110.7697623,101,0.2057007998228073,0.20389264822006226,0.0018081525340676308,,,,,,,,,,,,,,,,,,,,,,,,
103,10.032476029,1779094110.8265765,102,0.20114897191524506,0.19931702315807343,0.0018319456139579415,,,,,,,,,,,,,,,,,,,,,,,,
104,10.086862085,1779094110.8809469,103,0.20195113122463226,0.2000962495803833,0.0018548748921602964,,,,,,,,,,,,,,,,,,,,,,,,
105,10.145167467,1779094110.9393163,104,0.19808731973171234,0.1962026059627533,0.0018847064347937703,,,,,,,,,,,,,,,,,,,,,,,,
106,10.203185401,1779094110.9971957,105,0.19345831871032715,0.19155031442642212,0.0019080053316429257,,,,,,,,,,,,,,,,,,,,,,,,
107,10.261061284,1779094111.0550978,106,0.19008265435695648,0.18814650177955627,0.001936146873049438,,,,,,,,,,,,,,,,,,,,,,,,
108,10.325336407,1779094111.119552,107,0.18944086134433746,0.18748050928115845,0.001960357651114464,,,,,,,,,,,,,,,,,,,,,,,,
109,10.380654421,1779094111.1746929,108,0.180504709482193,0.1785220056772232,0.0019827093929052353,,,,,,,,,,,,,,,,,,,,,,,,
110,10.43430436,1779094111.2283385,109,0.18192438781261444,0.17991796135902405,0.002006420399993658,,,,,,,,,,,,,,,,,,,,,,,,
111,10.50278678,1779094111.2968554,110,0.17854931950569153,0.17651623487472534,0.0020330906845629215,,,,,,,,,,,,,,,,,,,,,,,,
112,10.557505746,1779094111.3514946,111,0.17434971034526825,0.17229144275188446,0.0020582671277225018,,,,,,,,,,,,,,,,,,,,,,,,
113,10.611529811,1779094111.4053884,112,0.17204713821411133,0.16996349394321442,0.0020836417097598314,,,,,,,,,,,,,,,,,,,,,,,,
114,10.666665332,1779094111.4606736,113,0.16594842076301575,0.16384389996528625,0.002104519633576274,,,,,,,,,,,,,,,,,,,,,,,,
115,10.720657298,1779094111.514674,114,0.16655181348323822,0.1644217073917389,0.0021301014348864555,,,,,,,,,,,,,,,,,,,,,,,,
116,10.774901637,1779094111.5689669,115,0.16534115374088287,0.16318601369857788,0.0021551342215389013,,,,,,,,,,,,,,,,,,,,,,,,
117,10.830707438,1779094111.624733,116,0.16272372007369995,0.1605439931154251,0.0021797199733555317,,,,,,,,,,,,,,,,,,,,,,,,
118,10.886644713,1779094111.680943,117,0.15775230526924133,0.1555500328540802,0.002202271018177271,,,,,,,,,,,,,,,,,,,,,,,,
119,10.941284702,1779094111.7354405,118,0.1549595296382904,0.15273654460906982,0.0022229813039302826,,,,,,,,,,,,,,,,,,,,,,,,
120,10.996285477,1779094111.7903903,119,0.15388929843902588,0.15164074301719666,0.0022485500667244196,,,,,,,,,,,,,,,,,,,,,,,,
121,11.056043433,1779094111.8501012,120,0.15315373241901398,0.15087714791297913,0.002276587998494506,,,,,,,,,,,,,,,,,,,,,,,,
122,12.316967355,1779094113.1108341,120,,,,0.004480610601603985,0.013158461079001427,0.026008956134319305,0.04248613491654396,0.010849909856915474,0.008679927326738834,0.008499092422425747,0.00669077318161726,0.010849909856915474,0.012342037633061409,0.01729627512395382,0.022388828918337822,0.004480610601603985,0.007039396092295647,0.008652075193822384,0.009707698598504066,0.010849909856915474,0.020042194053530693,0.025282012298703194,0.028322909027338028,0.010849909856915474,0.043399639427661896,0.084990955889225,0.13381555676460266
123,12.375391352,1779094113.169432,121,0.14835691452026367,0.1460583209991455,0.002298596780747175,,,,,,,,,,,,,,,,,,,,,,,,
124,12.430549761,1779094113.224567,122,0.14780427515506744,0.14548936486244202,0.00231491238810122,,,,,,,,,,,,,,,,,,,,,,,,
125,12.484686596,1779094113.2786841,123,0.14365200698375702,0.1413092315196991,0.002342774998396635,,,,,,,,,,,,,,,,,,,,,,,,
126,12.53829008,1779094113.3324575,124,0.14262862503528595,0.1402668058872223,0.00236182427033782,,,,,,,,,,,,,,,,,,,,,,,,
127,12.609133456,1779094113.403048,125,0.1394890695810318,0.1370972990989685,0.0023917739745229483,,,,,,,,,,,,,,,,,,,,,,,,
128,12.66369691,1779094113.4576926,126,0.1376052051782608,0.1351974904537201,0.0024077079724520445,,,,,,,,,,,,,,,,,,,,,,,,
129,12.718862273,1779094113.512759,127,0.13566988706588745,0.1332361400127411,0.0024337524082511663,,,,,,,,,,,,,,,,,,,,,,,,
130,12.776509259000001,1779094113.5703723,128,0.1318395882844925,0.12937983870506287,0.00245974981226027,,,,,,,,,,,,,,,,,,,,,,,,
131,12.830501023,1779094113.6244907,129,0.13154125213623047,0.12906599044799805,0.002475268440321088,,,,,,,,,,,,,,,,,,,,,,,,
132,12.886158862,1779094113.6800878,130,0.1290014237165451,0.1264987587928772,0.0025026709772646427,,,,,,,,,,,,,,,,,,,,,,,,
133,12.941317034,1779094113.7351873,131,0.12929919362068176,0.12677235901355743,0.0025268355384469032,,,,,,,,,,,,,,,,,,,,,,,,
134,12.997691707,1779094113.7916846,132,0.1259106546640396,0.12336594611406326,0.002544707851484418,,,,,,,,,,,,,,,,,,,,,,,,
135,13.05246388,1779094113.8464112,133,0.12470556795597076,0.1221335232257843,0.0025720412377268076,,,,,,,,,,,,,,,,,,,,,,,,
136,13.108382618,1779094113.9023762,134,0.12443527579307556,0.12184662371873856,0.0025886504445225,,,,,,,,,,,,,,,,,,,,,,,,
137,13.161809765,1779094113.9558396,135,0.12316238135099411,0.1205567866563797,0.0026055946946144104,,,,,,,,,,,,,,,,,,,,,,,,
138,13.215282241,1779094114.0092516,136,0.11925870180130005,0.11662787199020386,0.002630827948451042,,,,,,,,,,,,,,,,,,,,,,,,
139,13.27062203,1779094114.06468,137,0.11847136169672012,0.11581987142562866,0.002651491202414036,,,,,,,,,,,,,,,,,,,,,,,,
140,13.323118362,1779094114.117191,138,0.11944624781608582,0.11677506566047668,0.0026711816899478436,,,,,,,,,,,,,,,,,,,,,,,,
141,13.375130464,1779094114.1692448,139,0.11352476477622986,0.11083175241947174,0.0026930139865726233,,,,,,,,,,,,,,,,,,,,,,,,
142,13.428901768,1779094114.2230136,140,0.11250518262386322,0.10979314148426056,0.002712042536586523,,,,,,,,,,,,,,,,,,,,,,,,
143,13.483300385,1779094114.277247,141,0.1112908273935318,0.10855571925640106,0.0027351095341145992,,,,,,,,,,,,,,,,,,,,,,,,
144,13.537979194,1779094114.332009,142,0.11318232119083405,0.1104293018579483,0.0027530184015631676,,,,,,,,,,,,,,,,,,,,,,,,
145,13.592150241,1779094114.3860972,143,0.11217144131660461,0.10939651727676392,0.002774927532300353,,,,,,,,,,,,,,,,,,,,,,,,
146,13.645956987,1779094114.4400203,144,0.10837762802839279,0.10558514297008514,0.00279248203150928,,,,,,,,,,,,,,,,,,,,,,,,
147,13.698455209,1779094114.4924638,145,0.10539736598730087,0.10257989168167114,0.0028174708131700754,,,,,,,,,,,,,,,,,,,,,,,,
148,13.752343955,1779094114.546376,146,0.10496681928634644,0.10212467610836029,0.002842145971953869,,,,,,,,,,,,,,,,,,,,,,,,
149,13.808148668,1779094114.6021545,147,0.10424436628818512,0.10137880593538284,0.002865556627511978,,,,,,,,,,,,,,,,,,,,,,,,
150,13.861051804,1779094114.6551137,148,0.10191906988620758,0.09904222935438156,0.002876841928809881,,,,,,,,,,,,,,,,,,,,,,,,
151,13.915038293,1779094114.7090642,149,0.10205265879631042,0.09915940463542938,0.0028932567220181227,,,,,,,,,,,,,,,,,,,,,,,,
152,13.969081723,1779094114.763111,150,0.09823077917098999,0.09531615674495697,0.0029146249871701,,,,,,,,,,,,,,,,,,,,,,,,
153,14.022143863,1779094114.816144,151,0.0996970683336258,0.09676171839237213,0.002935352735221386,,,,,,,,,,,,,,,,,,,,,,,,
154,14.076814951,1779094114.8708832,152,0.0996754840016365,0.09671798348426819,0.0029574984218925238,,,,,,,,,,,,,,,,,,,,,,,,
155,14.132384349,1779094114.9262698,153,0.09833405911922455,0.0953633189201355,0.002970741130411625,,,,,,,,,,,,,,,,,,,,,,,,
156,14.188562563,1779094114.9825044,154,0.09464866667985916,0.09165815263986588,0.002990512875840068,,,,,,,,,,,,,,,,,,,,,,,,
157,14.243620016,1779094115.037586,155,0.09323114901781082,0.09021579474210739,0.00301535171456635,,,,,,,,,,,,,,,,,,,,,,,,
158,14.298668322,1779094115.0926695,156,0.0920042097568512,0.08897659182548523,0.0030276174657046795,,,,,,,,,,,,,,,,,,,,,,,,
159,14.353953251,1779094115.1479023,157,0.09293508529663086,0.0898880809545517,0.0030470017809420824,,,,,,,,,,,,,,,,,,,,,,,,
160,14.410003553,1779094115.2040107,158,0.09050442278385162,0.0874376967549324,0.003066728124395013,,,,,,,,,,,,,,,,,,,,,,,,
161,14.466156971,1779094115.2601664,159,0.09090912342071533,0.08781939744949341,0.003089725039899349,,,,,,,,,,,,,,,,,,,,,,,,
162,14.522357417,1779094115.3163264,160,0.08859707415103912,0.0854947417974472,0.003102333750575781,,,,,,,,,,,,,,,,,,,,,,,,
163,15.868400653,1779094116.6617243,160,,,,0.006288928911089897,0.01157911866903305,0.024331294000148773,0.04490199685096741,0.014466546475887299,0.0075949374586343765,0.00795659702271223,0.007052436470985413,0.014466546475887299,0.012732140719890594,0.017615297809243202,0.024315495043992996,0.006288928911089897,0.00807209126651287,0.00973555725067854,0.011189233511686325,0.014466546475887299,0.021729957312345505,0.02727188542485237,0.03130839020013809,0.014466546475887299,0.037974681705236435,0.07956600189208984,0.14104881882667542
164,15.938287067,1779094116.7323186,161,0.0887904167175293,0.0856640636920929,0.003126356517896056,,,,,,,,,,,,,,,,,,,,,,,,
165,15.994780034,1779094116.7889636,162,0.08826254308223724,0.08512385189533234,0.0031386923510581255,,,,,,,,,,,,,,,,,,,,,,,,
166,16.04909214,1779094116.8430924,163,0.0889936164021492,0.08584073930978775,0.003152875928208232,,,,,,,,,,,,,,,,,,,,,,,,
167,16.10453811,1779094116.8986032,164,0.08623777329921722,0.08305706828832626,0.003180705476552248,,,,,,,,,,,,,,,,,,,,,,,,
168,16.158722309,1779094116.9529316,165,0.0846078023314476,0.08140835911035538,0.003199446713551879,,,,,,,,,,,,,,,,,,,,,,,,
169,16.213717101,1779094117.0079002,166,0.0841715857386589,0.08096031844615936,0.003211270784959197,,,,,,,,,,,,,,,,,,,,,,,,
170,16.275013806,1779094117.0691557,167,0.08223750442266464,0.07901495695114136,0.003222547471523285,,,,,,,,,,,,,,,,,,,,,,,,
171,16.344726751,1779094117.1387303,168,0.0810927227139473,0.07784625887870789,0.0032464605756103992,,,,,,,,,,,,,,,,,,,,,,,,
172,16.405962347,1779094117.200041,169,0.07922020554542542,0.07595398277044296,0.003266222309321165,,,,,,,,,,,,,,,,,,,,,,,,
173,16.462280682,1779094117.2562952,170,0.07950685918331146,0.0762147307395935,0.0032921249512583017,,,,,,,,,,,,,,,,,,,,,,,,
174,16.517145043,1779094117.3112123,171,0.07976918667554855,0.0764751136302948,0.0032940737437456846,,,,,,,,,,,,,,,,,,,,,,,,
175,16.573367584,1779094117.3675385,172,0.08015965670347214,0.07683409750461578,0.0033255587331950665,,,,,,,,,,,,,,,,,,,,,,,,
176,16.626848565,1779094117.4210277,173,0.07763759046792984,0.07429785281419754,0.0033397399820387363,,,,,,,,,,,,,,,,,,,,,,,,
177,16.681790874,1779094117.4758399,174,0.07647435367107391,0.07312195003032684,0.003352403175085783,,,,,,,,,,,,,,,,,,,,,,,,
178,16.73702504,1779094117.531069,175,0.07805022597312927,0.07468405365943909,0.0033661697525531054,,,,,,,,,,,,,,,,,,,,,,,,
179,16.793616033,1779094117.5878289,176,0.07492796331644058,0.07153789699077606,0.003390067256987095,,,,,,,,,,,,,,,,,,,,,,,,
180,16.846304996,1779094117.6404195,177,0.07307681441307068,0.06966546922922134,0.00341134169138968,,,,,,,,,,,,,,,,,,,,,,,,
181,16.901735067,1779094117.695839,178,0.0722588449716568,0.06883005797863007,0.003428787225857377,,,,,,,,,,,,,,,,,,,,,,,,
182,16.957431355,1779094117.7514489,179,0.07066677510738373,0.06723324954509735,0.003433523466810584,,,,,,,,,,,,,,,,,,,,,,,,
183,17.012127372,1779094117.806142,180,0.07460243999958038,0.07114886492490768,0.003453575074672699,,,,,,,,,,,,,,,,,,,,,,,,
184,17.067942763,1779094117.8621356,181,0.07176588475704193,0.06829433143138885,0.0034715509973466396,,,,,,,,,,,,,,,,,,,,,,,,
185,17.121838592,1779094117.915893,182,0.07002774626016617,0.06653828918933868,0.0034894568379968405,,,,,,,,,,,,,,,,,,,,,,,,
186,17.178146557,1779094117.9721434,183,0.06833265721797943,0.06483063846826553,0.0035020154900848866,,,,,,,,,,,,,,,,,,,,,,,,
187,17.236259373,1779094118.0303755,184,0.06991536170244217,0.06639599800109863,0.0035193655639886856,,,,,,,,,,,,,,,,,,,,,,,,
188,17.298106514,1779094118.0922987,185,0.06989909708499908,0.06636174023151398,0.003537354990839958,,,,,,,,,,,,,,,,,,,,,,,,
189,17.354565277,1779094118.1487007,186,0.07009673863649368,0.06654257327318192,0.0035541639663279057,,,,,,,,,,,,,,,,,,,,,,,,
190,17.409959904,1779094118.2040374,187,0.06862130016088486,0.06505191326141357,0.0035693892277777195,,,,,,,,,,,,,,,,,,,,,,,,
191,17.466782809,1779094118.2608657,188,0.067975252866745,0.06439495086669922,0.003580300370231271,,,,,,,,,,,,,,,,,,,,,,,,
192,17.523387853,1779094118.3174312,189,0.06763072311878204,0.06403204798698425,0.0035986765287816525,,,,,,,,,,,,,,,,,,,,,,,,
193,17.578300682,1779094118.37236,190,0.06372235715389252,0.06011488288640976,0.0036074717063456774,,,,,,,,,,,,,,,,,,,,,,,,
194,17.6348486,1779094118.4289377,191,0.0667264387011528,0.06308658421039581,0.0036398558877408504,,,,,,,,,,,,,,,,,,,,,,,,
195,17.689371321,1779094118.483624,192,0.06443727761507034,0.06079227849841118,0.00364500074647367,,,,,,,,,,,,,,,,,,,,,,,,
196,17.745704841,1779094118.5398905,193,0.06456044316291809,0.06089933589100838,0.0036611093673855066,,,,,,,,,,,,,,,,,,,,,,,,
197,17.803099286,1779094118.5971067,194,0.06400009244680405,0.06031816080212593,0.003681928152218461,,,,,,,,,,,,,,,,,,,,,,,,
198,17.857379568,1779094118.651382,195,0.06292730569839478,0.05923096090555191,0.003696341533213854,,,,,,,,,,,,,,,,,,,,,,,,
199,17.914324559,1779094118.7084804,196,0.06245926022529602,0.05875038728117943,0.003708872012794018,,,,,,,,,,,,,,,,,,,,,,,,
200,17.96839234,1779094118.7624028,197,0.06169753149151802,0.05797446891665459,0.0037230621092021465,,,,,,,,,,,,,,,,,,,,,,,,
201,18.027851639,1779094118.8217583,198,0.059061676263809204,0.055323436856269836,0.0037382403388619423,,,,,,,,,,,,,,,,,,,,,,,,
202,18.083589346,1779094118.877717,199,0.06026048585772514,0.05650694668292999,0.00375353847630322,,,,,,,,,,,,,,,,,,,,,,,,
203,18.138118769,1779094118.9323237,200,0.057336609810590744,0.05356379970908165,0.003772810334339738,,,,,,,,,,,,,,,,,,,,,,,,
204,19.485537394,1779094120.2788336,200,,,,0.0033446159213781357,0.012363320216536522,0.024674365296959877,0.04432373121380806,0.009041591547429562,0.008679927326738834,0.008499093353748322,0.006962020881474018,0.009041591547429562,0.012231884524226189,0.01654052734375,0.02268429659307003,0.0033446159213781357,0.00660430733114481,0.008171052671968937,0.00953290332108736,0.009041591547429562,0.020373718813061714,0.025327937677502632,0.028859851881861687,0.009041591547429562,0.043399639427661896,0.084990955889225,0.13924050331115723
205,19.582931771,1779094120.376807,201,0.05888792499899864,0.055096253752708435,0.0037916728761047125,,,,,,,,,,,,,,,,,,,,,,,,
206,19.639683535,1779094120.4337664,202,0.0567217580974102,0.05292189121246338,0.003799867583438754,,,,,,,,,,,,,,,,,,,,,,,,
207,19.694107382,1779094120.488173,203,0.05727185308933258,0.053452759981155396,0.0038190921768546104,,,,,,,,,,,,,,,,,,,,,,,,
208,19.753002719,1779094120.547057,204,0.060076985508203506,0.05625293031334877,0.0038240537978708744,,,,,,,,,,,,,,,,,,,,,,,,
209,19.809565825,1779094120.6036408,205,0.05766550451517105,0.053827494382858276,0.0038380110636353493,,,,,,,,,,,,,,,,,,,,,,,,
210,19.865588006,1779094120.6596155,206,0.05783720314502716,0.05397379398345947,0.0038634100928902626,,,,,,,,,,,,,,,,,,,,,,,,
211,19.922628776,1779094120.7166889,207,0.05687559023499489,0.05300004035234451,0.0038755498826503754,,,,,,,,,,,,,,,,,,,,,,,,
212,19.976901537,1779094120.7709804,208,0.05628826096653938,0.05240430682897568,0.0038839553017169237,,,,,,,,,,,,,,,,,,,,,,,,
213,20.045521785,1779094120.8396711,209,0.055192023515701294,0.05129561573266983,0.0038964080158621073,,,,,,,,,,,,,,,,,,,,,,,,
214,20.102846851,1779094120.8968122,210,0.055328112095594406,0.05141899362206459,0.003909118007868528,,,,,,,,,,,,,,,,,,,,,,,,
215,20.163010962,1779094120.9570153,211,0.05368807911872864,0.04976406693458557,0.003924011718481779,,,,,,,,,,,,,,,,,,,,,,,,
216,20.223725598,1779094121.0176609,212,0.05557514727115631,0.05163126438856125,0.003943881951272488,,,,,,,,,,,,,,,,,,,,,,,,
217,20.282384425,1779094121.0763588,213,0.05314338207244873,0.049189865589141846,0.003953516483306885,,,,,,,,,,,,,,,,,,,,,,,,
218,20.340025466,1779094121.1341019,214,0.054316114634275436,0.05034247413277626,0.003973639570176601,,,,,,,,,,,,,,,,,,,,,,,,
219,20.396653296,1779094121.1907136,215,0.05096513032913208,0.046977125108242035,0.003988004755228758,,,,,,,,,,,,,,,,,,,,,,,,
220,20.454146309,1779094121.2480886,216,0.0529986172914505,0.048996686935424805,0.004001930821686983,,,,,,,,,,,,,,,,,,,,,,,,
221,20.51062573,1779094121.304674,217,0.05190616101026535,0.047893550246953964,0.004012612625956535,,,,,,,,,,,,,,,,,,,,,,,,
222,20.564543595,1779094121.3583639,218,0.050272174179553986,0.04624728113412857,0.004024894442409277,,,,,,,,,,,,,,,,,,,,,,,,
223,20.634834979,1779094121.4288733,219,0.052381716668605804,0.04835017770528793,0.004031537100672722,,,,,,,,,,,,,,,,,,,,,,,,
224,20.690996846,1779094121.4850755,220,0.049166642129421234,0.045100096613168716,0.0040665436536073685,,,,,,,,,,,,,,,,,,,,,,,,
225,20.745710234,1779094121.5397496,221,0.05095566436648369,0.04689326137304306,0.0040624020621180534,,,,,,,,,,,,,,,,,,,,,,,,
226,20.800759034,1779094121.594746,222,0.048031698912382126,0.04394776374101639,0.004083935637027025,,,,,,,,,,,,,,,,,,,,,,,,
227,20.858681779,1779094121.6530101,223,0.05052214488387108,0.04643017798662186,0.004091965965926647,,,,,,,,,,,,,,,,,,,,,,,,
228,20.920978676,1779094121.7153025,224,0.04764430224895477,0.043530452996492386,0.004113849252462387,,,,,,,,,,,,,,,,,,,,,,,,
229,21.033418961,1779094121.8272767,225,0.048318520188331604,0.04420538619160652,0.0041131325997412205,,,,,,,,,,,,,,,,,,,,,,,,
230,21.088261934,1779094121.882295,226,0.04865520820021629,0.04452551156282425,0.004129697568714619,,,,,,,,,,,,,,,,,,,,,,,,
231,21.143841441,1779094121.9378295,227,0.047169338911771774,0.04302113503217697,0.004148205276578665,,,,,,,,,,,,,,,,,,,,,,,,
232,21.197146967,1779094121.9912136,228,0.04906775802373886,0.04490048065781593,0.004167279228568077,,,,,,,,,,,,,,,,,,,,,,,,
233,21.253399848,1779094122.0474572,229,0.04720601066946983,0.04302710294723511,0.004178906325250864,,,,,,,,,,,,,,,,,,,,,,,,
234,21.30948794,1779094122.1035976,230,0.04751817137002945,0.04332086816430092,0.004197302274405956,,,,,,,,,,,,,,,,,,,,,,,,
235,21.364737189,1779094122.1589007,231,0.046962540596723557,0.04275359958410263,0.004208940081298351,,,,,,,,,,,,,,,,,,,,,,,,
236,21.417323688,1779094122.2115576,232,0.046229805797338486,0.042014870792627335,0.004214935470372438,,,,,,,,,,,,,,,,,,,,,,,,
237,21.471136605,1779094122.2652795,233,0.04815368354320526,0.04392191022634506,0.00423177145421505,,,,,,,,,,,,,,,,,,,,,,,,
238,21.526675285,1779094122.3207278,234,0.04678080976009369,0.0425393246114254,0.004241486545652151,,,,,,,,,,,,,,,,,,,,,,,,
239,21.581205031,1779094122.3753872,235,0.046179190278053284,0.04192361980676651,0.004255569539964199,,,,,,,,,,,,,,,,,,,,,,,,
240,21.636609663,1779094122.4307115,236,0.04655679687857628,0.04230150580406189,0.004255290143191814,,,,,,,,,,,,,,,,,,,,,,,,
241,21.690298137,1779094122.4843526,237,0.0471513457596302,0.0428796112537384,0.004271735902875662,,,,,,,,,,,,,,,,,,,,,,,,
242,21.745499551,1779094122.5395598,238,0.044659972190856934,0.040363214910030365,0.004296756815165281,,,,,,,,,,,,,,,,,,,,,,,,
243,21.800524089,1779094122.5944314,239,0.04459841921925545,0.04029717296361923,0.004301245789974928,,,,,,,,,,,,,,,,,,,,,,,,
244,21.855155017,1779094122.6491916,240,0.04437964782118797,0.04006468504667282,0.004314964171499014,,,,,,,,,,,,,,,,,,,,,,,,
245,23.37776329,1779094124.171484,240,,,,0.003275065217167139,0.01326747890561819,0.021788684651255608,0.04361332207918167,0.007233273237943649,0.009041590616106987,0.008137430064380169,0.007052436470985413,0.007233273237943649,0.01254353765398264,0.01560667809098959,0.02249559573829174,0.003275065217167139,0.006786960177123547,0.007874617353081703,0.00939982756972313,0.007233273237943649,0.020373718813061714,0.024586670100688934,0.028583679348230362,0.007233273237943649,0.045207954943180084,0.08137432485818863,0.14104881882667542
246,23.44183471,1779094124.235824,241,0.04396500065922737,0.03964780271053314,0.004317197948694229,,,,,,,,,,,,,,,,,,,,,,,,
247,23.497443221,1779094124.2914288,242,0.041942793875932693,0.037595901638269424,0.004346891306340694,,,,,,,,,,,,,,,,,,,,,,,,
248,23.555043651,1779094124.3489897,243,0.04220891371369362,0.03784945234656334,0.004359459970146418,,,,,,,,,,,,,,,,,,,,,,,,
249,23.611429002,1779094124.4055178,244,0.04334089905023575,0.03898327052593231,0.004357628524303436,,,,,,,,,,,,,,,,,,,,,,,,
250,23.667752025,1779094124.4617782,245,0.04221203550696373,0.03784237802028656,0.0043696570210158825,,,,,,,,,,,,,,,,,,,,,,,,
251,23.72546763,1779094124.5194693,246,0.041971758008003235,0.03758217394351959,0.004389585927128792,,,,,,,,,,,,,,,,,,,,,,,,
252,23.780371584,1779094124.5744135,247,0.04097434878349304,0.036576416343450546,0.00439793337136507,,,,,,,,,,,,,,,,,,,,,,,,
253,23.837165231,1779094124.6311603,248,0.04078492149710655,0.03637126088142395,0.004413660150021315,,,,,,,,,,,,,,,,,,,,,,,,
254,23.893013803,1779094124.6869943,249,0.04115206003189087,0.036719322204589844,0.004432739224284887,,,,,,,,,,,,,,,,,,,,,,,,
255,23.953184498,1779094124.7472103,250,0.03979876637458801,0.03536154329776764,0.004437222611159086,,,,,,,,,,,,,,,,,,,,,,,,
256,24.033110734,1779094124.8271434,251,0.040040720254182816,0.03558395057916641,0.004456771072000265,,,,,,,,,,,,,,,,,,,,,,,,
257,24.096014901,1779094124.8902147,252,0.04092094302177429,0.03645142912864685,0.004469515755772591,,,,,,,,,,,,,,,,,,,,,,,,
258,24.154854372,1779094124.9488711,253,0.04063946753740311,0.036171555519104004,0.004467912018299103,,,,,,,,,,,,,,,,,,,,,,,,
259,24.212468567,1779094125.0063589,254,0.04104587435722351,0.03656027838587761,0.004485595040023327,,,,,,,,,,,,,,,,,,,,,,,,
260,24.27668349,1779094125.0706716,255,0.039723437279462814,0.03524119406938553,0.004482242278754711,,,,,,,,,,,,,,,,,,,,,,,,
261,24.336481328,1779094125.1303842,256,0.03874827176332474,0.03423167020082474,0.004516600631177425,,,,,,,,,,,,,,,,,,,,,,,,
262,24.395757882,1779094125.189732,257,0.03906138986349106,0.03454314172267914,0.00451824814081192,,,,,,,,,,,,,,,,,,,,,,,,
263,24.451286261,1779094125.245294,258,0.038526009768247604,0.033991966396570206,0.004534042906016111,,,,,,,,,,,,,,,,,,,,,,,,
264,24.506120269,1779094125.3001413,259,0.03817927464842796,0.03362886607646942,0.004550409968942404,,,,,,,,,,,,,,,,,,,,,,,,
265,24.564735798,1779094125.3587916,260,0.038980353623628616,0.0344243124127388,0.004556040279567242,,,,,,,,,,,,,,,,,,,,,,,,
266,24.62910558,1779094125.4228547,261,0.03735930100083351,0.03279908001422882,0.004560220055282116,,,,,,,,,,,,,,,,,,,,,,,,
267,24.685458687,1779094125.4795127,262,0.03846891596913338,0.033881038427352905,0.004587878473103046,,,,,,,,,,,,,,,,,,,,,,,,
268,24.746773238,1779094125.5407572,263,0.038034044206142426,0.03344547003507614,0.0045885746367275715,,,,,,,,,,,,,,,,,,,,,,,,
269,24.807774457,1779094125.6017325,264,0.03711344301700592,0.03251191973686218,0.004601523280143738,,,,,,,,,,,,,,,,,,,,,,,,
270,24.867627936,1779094125.6616235,265,0.03826548159122467,0.03365173190832138,0.00461374968290329,,,,,,,,,,,,,,,,,,,,,,,,
271,24.923172703,1779094125.7173007,266,0.036968767642974854,0.03232825547456741,0.00464051216840744,,,,,,,,,,,,,,,,,,,,,,,,
272,24.97720129,1779094125.7712367,267,0.036276884377002716,0.03165347874164581,0.004623405169695616,,,,,,,,,,,,,,,,,,,,,,,,
273,25.035888391,1779094125.8298042,268,0.03799781948328018,0.033350393176078796,0.004647427704185247,,,,,,,,,,,,,,,,,,,,,,,,
274,25.091525668,1779094125.8855548,269,0.03770262002944946,0.03304605558514595,0.0046565649099648,,,,,,,,,,,,,,,,,,,,,,,,
275,25.146894662,1779094125.9408662,270,0.036025650799274445,0.03135858103632927,0.00466707069426775,,,,,,,,,,,,,,,,,,,,,,,,
276,25.207952402,1779094126.0018847,271,0.035629965364933014,0.030955765396356583,0.004674200899899006,,,,,,,,,,,,,,,,,,,,,,,,
277,25.273846966,1779094126.0677936,272,0.03571835905313492,0.031028667464852333,0.004689692985266447,,,,,,,,,,,,,,,,,,,,,,,,
278,25.330330535,1779094126.124296,273,0.03490935266017914,0.030214115977287292,0.004695236217230558,,,,,,,,,,,,,,,,,,,,,,,,
279,25.392390189,1779094126.1863294,274,0.03522992134094238,0.030512124300003052,0.00471779890358448,,,,,,,,,,,,,,,,,,,,,,,,
280,25.452521584,1779094126.2464979,275,0.034685179591178894,0.029965166002511978,0.004720013588666916,,,,,,,,,,,,,,,,,,,,,,,,
281,25.514282527,1779094126.3082578,276,0.03473673015832901,0.0300150029361248,0.004721728153526783,,,,,,,,,,,,,,,,,,,,,,,,
282,25.57616184,1779094126.3699856,277,0.03378330171108246,0.029044130817055702,0.004739169031381607,,,,,,,,,,,,,,,,,,,,,,,,
283,25.631694801,1779094126.4256592,278,0.034623999148607254,0.02986314706504345,0.00476085115224123,,,,,,,,,,,,,,,,,,,,,,,,
284,25.692725109,1779094126.4866843,279,0.03421158716082573,0.02945631742477417,0.004755270667374134,,,,,,,,,,,,,,,,,,,,,,,,
285,25.753000801,1779094126.5469637,280,0.03352324292063713,0.028747813776135445,0.004775430541485548,,,,,,,,,,,,,,,,,,,,,,,,
286,27.216138805,1779094128.0086508,280,,,,0.003275065217167139,0.012363320216536522,0.021420761942863464,0.04361332207918167,0.007233273237943649,0.008679927326738834,0.007775766309350729,0.007052436470985413,0.007233273237943649,0.011898825876414776,0.015030317939817905,0.022185174748301506,0.003275065217167139,0.006320101208984852,0.007498214952647686,0.00908199418336153,0.007233273237943649,0.019680529832839966,0.02390352636575699,0.028240559622645378,0.007233273237943649,0.043399639427661896,0.07775768637657166,0.14104881882667542
287,27.289528671,1779094128.0835614,281,0.03321092575788498,0.028411662206053734,0.004799264948815107,,,,,,,,,,,,,,,,,,,,,,,,
288,27.350681987,1779094128.144707,282,0.033732470124959946,0.028930848464369774,0.0048016211949288845,,,,,,,,,,,,,,,,,,,,,,,,
289,27.409809952,1779094128.2038422,283,0.034047145396471024,0.02922975644469261,0.004817390348762274,,,,,,,,,,,,,,,,,,,,,,,,
290,27.469994178,1779094128.2639916,284,0.03365803509950638,0.028821730986237526,0.004836305510252714,,,,,,,,,,,,,,,,,,,,,,,,
291,27.524581023,1779094128.3186264,285,0.03352901339530945,0.02870379015803337,0.0048252250999212265,,,,,,,,,,,,,,,,,,,,,,,,
292,27.581486063,1779094128.3756196,286,0.03237992897629738,0.02755073830485344,0.004829189740121365,,,,,,,,,,,,,,,,,,,,,,,,
293,27.638482721,1779094128.4327438,287,0.033174511045217514,0.02830623835325241,0.004868271294981241,,,,,,,,,,,,,,,,,,,,,,,,
294,27.693486805,1779094128.4875486,288,0.0327925942838192,0.02794116735458374,0.0048514255322515965,,,,,,,,,,,,,,,,,,,,,,,,
295,27.75001962,1779094128.5440493,289,0.032591499388217926,0.02771860361099243,0.004872893914580345,,,,,,,,,,,,,,,,,,,,,,,,
296,27.805385043,1779094128.5993967,290,0.033606912940740585,0.02872832864522934,0.004878584761172533,,,,,,,,,,,,,,,,,,,,,,,,
297,27.860888917,1779094128.6549313,291,0.03231818228960037,0.02742050588130951,0.004897675476968288,,,,,,,,,,,,,,,,,,,,,,,,
298,27.916926705,1779094128.711001,292,0.0328008197247982,0.02790234424173832,0.004898476414382458,,,,,,,,,,,,,,,,,,,,,,,,
299,27.971563958,1779094128.7657225,293,0.03140110522508621,0.026489917188882828,0.0049111866392195225,,,,,,,,,,,,,,,,,,,,,,,,
300,28.037243268,1779094128.8312778,294,0.03191354125738144,0.026986688375473022,0.004926851484924555,,,,,,,,,,,,,,,,,,,,,,,,
301,28.105636105,1779094128.8997529,295,0.030852779746055603,0.025923162698745728,0.00492961797863245,,,,,,,,,,,,,,,,,,,,,,,,
302,28.163825002,1779094128.9579859,296,0.03067838028073311,0.025745505467057228,0.00493287481367588,,,,,,,,,,,,,,,,,,,,,,,,
303,28.220594781,1779094129.014742,297,0.03107987903058529,0.02613631822168827,0.004943561274558306,,,,,,,,,,,,,,,,,,,,,,,,
304,28.273914159,1779094129.068109,298,0.03150750324130058,0.026540853083133698,0.004966649226844311,,,,,,,,,,,,,,,,,,,,,,,,
305,28.328234381,1779094129.1225052,299,0.031474221497774124,0.026510152965784073,0.004964067600667477,,,,,,,,,,,,,,,,,,,,,,,,
306,28.38250582,1779094129.1768878,300,0.031341202557086945,0.026363179087638855,0.004978023935109377,,,,,,,,,,,,,,,,,,,,,,,,
307,28.436475393,1779094129.230625,301,0.03069840930402279,0.025723252445459366,0.004975156858563423,,,,,,,,,,,,,,,,,,,,,,,,
308,28.491186642,1779094129.285398,302,0.029618382453918457,0.024614494293928146,0.005003888159990311,,,,,,,,,,,,,,,,,,,,,,,,
309,28.554475051,1779094129.3485794,303,0.029629630967974663,0.024638185277581215,0.004991445690393448,,,,,,,,,,,,,,,,,,,,,,,,
310,28.60959552,1779094129.403816,304,0.030090106651186943,0.025069940835237503,0.005020165350288153,,,,,,,,,,,,,,,,,,,,,,,,
311,28.662968981,1779094129.4569929,305,0.029963688924908638,0.024935148656368256,0.005028539802879095,,,,,,,,,,,,,,,,,,,,,,,,
312,28.718094548,1779094129.511987,306,0.02921532839536667,0.024171985685825348,0.005043343175202608,,,,,,,,,,,,,,,,,,,,,,,,
313,28.77432486,1779094129.5683413,307,0.029199538752436638,0.024151388555765152,0.005048150662332773,,,,,,,,,,,,,,,,,,,,,,,,
314,28.829249482,1779094129.6232731,308,0.030720330774784088,0.025666316971182823,0.005054014269262552,,,,,,,,,,,,,,,,,,,,,,,,
315,28.884779699,1779094129.6788445,309,0.030617492273449898,0.025551149621605873,0.005066342651844025,,,,,,,,,,,,,,,,,,,,,,,,
316,28.938758687,1779094129.732807,310,0.02893468365073204,0.02386666089296341,0.005068022292107344,,,,,,,,,,,,,,,,,,,,,,,,
317,28.992469029,1779094129.786562,311,0.029825009405612946,0.02472975291311741,0.0050952560268342495,,,,,,,,,,,,,,,,,,,,,,,,
318,29.047460943,1779094129.8415427,312,0.028939921408891678,0.02384808100759983,0.0050918408669531345,,,,,,,,,,,,,,,,,,,,,,,,
319,29.103623102,1779094129.8976605,313,0.028681574389338493,0.023583244532346725,0.005098329856991768,,,,,,,,,,,,,,,,,,,,,,,,
320,29.166338583,1779094129.9604025,314,0.029157815501093864,0.024043647572398186,0.005114168394356966,,,,,,,,,,,,,,,,,,,,,,,,
321,29.230479848,1779094130.0245273,315,0.02873932756483555,0.0236121267080307,0.005127201322466135,,,,,,,,,,,,,,,,,,,,,,,,
322,29.299943318,1779094130.094077,316,0.028094621375203133,0.0229642391204834,0.005130382254719734,,,,,,,,,,,,,,,,,,,,,,,,
323,29.360490759,1779094130.1545393,317,0.02871096320450306,0.023576438426971436,0.005134524777531624,,,,,,,,,,,,,,,,,,,,,,,,
324,29.426890172,1779094130.2209892,318,0.028103241696953773,0.022945187985897064,0.005158054176717997,,,,,,,,,,,,,,,,,,,,,,,,
325,29.498210385,1779094130.2923024,319,0.0268121138215065,0.021655455231666565,0.00515665952116251,,,,,,,,,,,,,,,,,,,,,,,,
326,29.558070161,1779094130.35209,320,0.028290029615163803,0.02312312088906765,0.005166909657418728,,,,,,,,,,,,,,,,,,,,,,,,
327,30.979252736,1779094131.7726364,320,,,,0.003275065217167139,0.011520808562636375,0.022412322461605072,0.04228578880429268,0.007233273237943649,0.008318264037370682,0.007594933733344078,0.006962021347135305,0.007233273237943649,0.01120633352547884,0.014881573617458344,0.021498549729585648,0.003275065217167139,0.005898472853004932,0.007293877191841602,0.008725615218281746,0.007233273237943649,0.01880650967359543,0.02307399921119213,0.02742394059896469,0.007233273237943649,0.04159132018685341,0.07594936341047287,0.13924050331115723
328,31.048485351,1779094131.8425343,321,0.027981484308838844,0.022792764008045197,0.0051887198351323605,,,,,,,,,,,,,,,,,,,,,,,,
329,31.115030765,1779094131.908976,322,0.027176309376955032,0.021992923691868782,0.005183385219424963,,,,,,,,,,,,,,,,,,,,,,,,
330,31.186971853,1779094131.9810076,323,0.027842331677675247,0.02265101857483387,0.005191313102841377,,,,,,,,,,,,,,,,,,,,,,,,
331,31.24054506,1779094132.0347228,324,0.028359802439808846,0.023151852190494537,0.005207949783653021,,,,,,,,,,,,,,,,,,,,,,,,
332,31.295760634,1779094132.0898657,325,0.02753179334104061,0.02230948954820633,0.005222304258495569,,,,,,,,,,,,,,,,,,,,,,,,
333,31.351916193,1779094132.145938,326,0.02862681820988655,0.023400794714689255,0.005226023495197296,,,,,,,,,,,,,,,,,,,,,,,,
334,31.410030824,1779094132.2039785,327,0.02705637738108635,0.02181583270430565,0.005240544676780701,,,,,,,,,,,,,,,,,,,,,,,,
335,31.469533086,1779094132.26366,328,0.026761464774608612,0.021525032818317413,0.005236432421952486,,,,,,,,,,,,,,,,,,,,,,,,
336,31.533728545,1779094132.327755,329,0.02779342792928219,0.02254045009613037,0.00525297736749053,,,,,,,,,,,,,,,,,,,,,,,,
337,31.591467801,1779094132.385513,330,0.026996860280632973,0.021739091724157333,0.005257768556475639,,,,,,,,,,,,,,,,,,,,,,,,
338,31.643050064,1779094132.4371128,331,0.026699990034103394,0.021422386169433594,0.0052776038646698,,,,,,,,,,,,,,,,,,,,,,,,
339,31.695378668,1779094132.4894705,332,0.026744330301880836,0.021456940099596977,0.005287390202283859,,,,,,,,,,,,,,,,,,,,,,,,
340,31.749655776,1779094132.5437446,333,0.027476653456687927,0.022193538025021553,0.005283115431666374,,,,,,,,,,,,,,,,,,,,,,,,
341,31.80360018,1779094132.597762,334,0.026895493268966675,0.02158297970890999,0.005312512628734112,,,,,,,,,,,,,,,,,,,,,,,,
342,31.857152769,1779094132.651281,335,0.02770344913005829,0.02239975892007351,0.005303690675646067,,,,,,,,,,,,,,,,,,,,,,,,
343,31.917617691,1779094132.7114258,336,0.02591313235461712,0.020594947040081024,0.005318185780197382,,,,,,,,,,,,,,,,,,,,,,,,
344,31.990836263,1779094132.7847986,337,0.025234945118427277,0.019915848970413208,0.005319095682352781,,,,,,,,,,,,,,,,,,,,,,,,
345,32.067765503,1779094132.861804,338,0.026069948449730873,0.020720724016427994,0.005349224433302879,,,,,,,,,,,,,,,,,,,,,,,,
346,32.137014637,1779094132.93113,339,0.024008367210626602,0.018672630190849304,0.005335736554116011,,,,,,,,,,,,,,,,,,,,,,,,
347,32.19282937,1779094132.9868565,340,0.025639429688453674,0.02028670161962509,0.005352728068828583,,,,,,,,,,,,,,,,,,,,,,,,
348,32.247510766,1779094133.0416248,341,0.024903660640120506,0.019548295065760612,0.0053553651086986065,,,,,,,,,,,,,,,,,,,,,,,,
349,32.302196267,1779094133.0962534,342,0.025244902819395065,0.019876370206475258,0.005368533078581095,,,,,,,,,,,,,,,,,,,,,,,,
350,32.3563155,1779094133.1503255,343,0.02551676332950592,0.020143114030361176,0.005373649764806032,,,,,,,,,,,,,,,,,,,,,,,,
351,32.409085068,1779094133.2032309,344,0.025108858942985535,0.01972537860274315,0.005383479408919811,,,,,,,,,,,,,,,,,,,,,,,,
352,32.463616747,1779094133.2577028,345,0.025250907987356186,0.019868729636073112,0.005382177419960499,,,,,,,,,,,,,,,,,,,,,,,,
353,32.519722629,1779094133.313763,346,0.024150937795639038,0.018757125362753868,0.005393812898546457,,,,,,,,,,,,,,,,,,,,,,,,
354,32.574153481,1779094133.3682163,347,0.0256013423204422,0.020203733816742897,0.005397608038038015,,,,,,,,,,,,,,,,,,,,,,,,
355,32.629456041,1779094133.4234626,348,0.024583976715803146,0.019147688522934914,0.005436288192868233,,,,,,,,,,,,,,,,,,,,,,,,
356,32.682897713,1779094133.4769766,349,0.023958416655659676,0.01853039301931858,0.005428023170679808,,,,,,,,,,,,,,,,,,,,,,,,
357,32.739090208,1779094133.5330355,350,0.024595389142632484,0.01915418915450573,0.0054411995224654675,,,,,,,,,,,,,,,,,,,,,,,,
358,32.79216244,1779094133.5862396,351,0.02602963149547577,0.020594798028469086,0.005434833467006683,,,,,,,,,,,,,,,,,,,,,,,,
359,32.846408404,1779094133.6404877,352,0.023938551545143127,0.018489649519324303,0.00544890109449625,,,,,,,,,,,,,,,,,,,,,,,,
360,32.902203195,1779094133.696268,353,0.02419009804725647,0.018732473254203796,0.005457624327391386,,,,,,,,,,,,,,,,,,,,,,,,
361,32.955581349,1779094133.7496657,354,0.023335648700594902,0.01788131520152092,0.0054543339647352695,,,,,,,,,,,,,,,,,,,,,,,,
362,33.010510024,1779094133.8045917,355,0.02397678978741169,0.018477408215403557,0.005499381106346846,,,,,,,,,,,,,,,,,,,,,,,,
363,33.063527046,1779094133.85762,356,0.023626327514648438,0.01813911274075508,0.005487215239554644,,,,,,,,,,,,,,,,,,,,,,,,
364,33.11720287,1779094133.911264,357,0.02248506434261799,0.016997937113046646,0.00548712769523263,,,,,,,,,,,,,,,,,,,,,,,,
365,33.172035973,1779094133.9661705,358,0.024164732545614243,0.018660597503185272,0.00550413504242897,,,,,,,,,,,,,,,,,,,,,,,,
366,33.226522165,1779094134.0206027,359,0.025155918672680855,0.019648371264338493,0.0055075474083423615,,,,,,,,,,,,,,,,,,,,,,,,
367,33.280722195,1779094134.0748584,360,0.023666270077228546,0.018160730600357056,0.005505540408194065,,,,,,,,,,,,,,,,,,,,,,,,
368,34.826676554,1779094135.6198804,360,,,,0.003275065217167139,0.011520808562636375,0.022942764684557915,0.03895683214068413,0.007233273237943649,0.008318264037370682,0.007594933733344078,0.006509942002594471,0.007233273237943649,0.011254923418164253,0.015179311856627464,0.020666316151618958,0.003275065217167139,0.005992366932332516,0.007532971445471048,0.008740275166928768,0.007233273237943649,0.01889692433178425,0.02322397381067276,0.027062565088272095,0.007233273237943649,0.04159132018685341,0.07594936341047287,0.1301989108324051
369,34.896498031,1779094135.690537,361,0.023254718631505966,0.017725983634591103,0.005528734531253576,,,,,,,,,,,,,,,,,,,,,,,,
370,34.949636492,1779094135.7437959,362,0.022981969639658928,0.017446521669626236,0.005535447504371405,,,,,,,,,,,,,,,,,,,,,,,,
371,35.003824692,1779094135.7978888,363,0.023572245612740517,0.01802358403801918,0.005548661109060049,,,,,,,,,,,,,,,,,,,,,,,,
372,35.076493893,1779094135.8704057,364,0.02331000566482544,0.017751261591911316,0.005558743141591549,,,,,,,,,,,,,,,,,,,,,,,,
373,35.131042878,1779094135.9250772,365,0.023143839091062546,0.017585180699825287,0.005558657925575972,,,,,,,,,,,,,,,,,,,,,,,,
374,35.186758615,1779094135.9809415,366,0.023242581635713577,0.01767277717590332,0.005569804925471544,,,,,,,,,,,,,,,,,,,,,,,,
375,35.244174896,1779094136.0382879,367,0.023376915603876114,0.01780300959944725,0.0055739060044288635,,,,,,,,,,,,,,,,,,,,,,,,
376,35.302125939,1779094136.0961075,368,0.023045614361763,0.017472300678491592,0.005573313217610121,,,,,,,,,,,,,,,,,,,,,,,,
377,35.356809554,1779094136.1509647,369,0.023391304537653923,0.01780806854367256,0.005583236459642649,,,,,,,,,,,,,,,,,,,,,,,,
378,35.417115855,1779094136.2110853,370,0.021471479907631874,0.015877138823270798,0.005594341550022364,,,,,,,,,,,,,,,,,,,,,,,,
379,35.472628318,1779094136.2666934,371,0.022308241575956345,0.016693778336048126,0.005614463705569506,,,,,,,,,,,,,,,,,,,,,,,,
380,35.526560371,1779094136.3206074,372,0.021477079018950462,0.015852555632591248,0.0056245229206979275,,,,,,,,,,,,,,,,,,,,,,,,
381,35.581203525,1779094136.3754241,373,0.022181786596775055,0.016569599509239197,0.005612188018858433,,,,,,,,,,,,,,,,,,,,,,,,
382,35.637287347,1779094136.4313507,374,0.021426722407341003,0.015809664502739906,0.0056170569732785225,,,,,,,,,,,,,,,,,,,,,,,,
383,35.691620698,1779094136.485815,375,0.021442359313368797,0.015801941975951195,0.005640416871756315,,,,,,,,,,,,,,,,,,,,,,,,
384,35.746158239,1779094136.5402644,376,0.023052331060171127,0.017414558678865433,0.005637771915644407,,,,,,,,,,,,,,,,,,,,,,,,
385,35.799403103,1779094136.5934365,377,0.022075455635786057,0.01644314080476761,0.005632314831018448,,,,,,,,,,,,,,,,,,,,,,,,
386,35.854731322,1779094136.6488786,378,0.022878356277942657,0.01721499115228653,0.005663365591317415,,,,,,,,,,,,,,,,,,,,,,,,
387,35.90933096,1779094136.7033176,379,0.0229782797396183,0.01731046661734581,0.005667812656611204,,,,,,,,,,,,,,,,,,,,,,,,
388,35.963918886,1779094136.7581143,380,0.021922921761870384,0.016255054622888565,0.005667866673320532,,,,,,,,,,,,,,,,,,,,,,,,
389,36.01952851,1779094136.8137426,381,0.02193811535835266,0.016244318336248398,0.005693797953426838,,,,,,,,,,,,,,,,,,,,,,,,
390,36.073416323000004,1779094136.8676338,382,0.02249837853014469,0.01680445298552513,0.00569392554461956,,,,,,,,,,,,,,,,,,,,,,,,
391,36.129136777,1779094136.9232118,383,0.021443944424390793,0.01574927754700184,0.0056946659460663795,,,,,,,,,,,,,,,,,,,,,,,,
392,36.182596718,1779094136.9766703,384,0.021789133548736572,0.016081061214208603,0.005708073265850544,,,,,,,,,,,,,,,,,,,,,,,,
393,36.238007853,1779094137.0320332,385,0.020764485001564026,0.015073409304022789,0.005691075697541237,,,,,,,,,,,,,,,,,,,,,,,,
394,36.292899861,1779094137.087105,386,0.021856915205717087,0.016144845634698868,0.005712070502340794,,,,,,,,,,,,,,,,,,,,,,,,
395,36.347749976,1779094137.1418657,387,0.022540124133229256,0.016818782314658165,0.005721342284232378,,,,,,,,,,,,,,,,,,,,,,,,
396,36.407498111,1779094137.2015572,388,0.021842248737812042,0.01610795594751835,0.005734292324632406,,,,,,,,,,,,,,,,,,,,,,,,
397,36.462245352,1779094137.256411,389,0.02116628736257553,0.015425361692905426,0.00574092660099268,,,,,,,,,,,,,,,,,,,,,,,,
398,36.517510223,1779094137.3119133,390,0.02066987380385399,0.014916596934199333,0.005753275938332081,,,,,,,,,,,,,,,,,,,,,,,,
399,36.574024587,1779094137.3683531,391,0.021412568166851997,0.01565629243850708,0.005756275728344917,,,,,,,,,,,,,,,,,,,,,,,,
400,36.627857865,1779094137.421974,392,0.021794091910123825,0.016026917845010757,0.005767174996435642,,,,,,,,,,,,,,,,,,,,,,,,
401,36.682350928,1779094137.476393,393,0.020359104499220848,0.014592434279620647,0.005766670685261488,,,,,,,,,,,,,,,,,,,,,,,,
402,36.737212132,1779094137.531224,394,0.02087964490056038,0.01509485300630331,0.005784790962934494,,,,,,,,,,,,,,,,,,,,,,,,
403,36.792872181,1779094137.5870383,395,0.02101460099220276,0.015220598317682743,0.005794002208858728,,,,,,,,,,,,,,,,,,,,,,,,
404,36.84694175,1779094137.6410046,396,0.02144536003470421,0.01565534621477127,0.005790012888610363,,,,,,,,,,,,,,,,,,,,,,,,
405,36.901411604,1779094137.695657,397,0.02098453789949417,0.015191981568932533,0.005792555399239063,,,,,,,,,,,,,,,,,,,,,,,,
406,36.956229496,1779094137.7502704,398,0.02130253054201603,0.015493473969399929,0.0058090565726161,,,,,,,,,,,,,,,,,,,,,,,,
407,37.011676254,1779094137.80583,399,0.02147863246500492,0.01566861756145954,0.005810015369206667,,,,,,,,,,,,,,,,,,,,,,,,
408,37.067486224,1779094137.8616855,400,0.019807716831564903,0.01398248877376318,0.005825227592140436,,,,,,,,,,,,,,,,,,,,,,,,
409,38.42691798,1779094139.2203715,400,,,,0.0035333966370671988,0.01025498565286398,0.022889606654644012,0.038052674382925034,0.009041591547429562,0.0075949374586343765,0.007594933733344078,0.0064195264130830765,0.009041591547429562,0.01081508956849575,0.015333479270339012,0.02059868536889553,0.0035333966370671988,0.005796034820377827,0.007566190790385008,0.008804908953607082,0.009041591547429562,0.019077755510807037,0.023968111723661423,0.02784322202205658,0.009041591547429562,0.037974681705236435,0.07594936341047287,0.1283905953168869
410,38.519068719,1779094139.31321,401,0.020198633894324303,0.014371782541275024,0.005826850887387991,,,,,,,,,,,,,,,,,,,,,,,,
411,38.572570807,1779094139.3666952,402,0.01936953142285347,0.013522637076675892,0.005846893880516291,,,,,,,,,,,,,,,,,,,,,,,,
412,38.628774537,1779094139.4229279,403,0.020510494709014893,0.01467322837561369,0.0058372654020786285,,,,,,,,,,,,,,,,,,,,,,,,
413,38.682250126,1779094139.4763937,404,0.020318832248449326,0.014464393258094788,0.005854439456015825,,,,,,,,,,,,,,,,,,,,,,,,
414,38.736611229,1779094139.5306296,405,0.019279373809695244,0.013438735157251358,0.005840639118105173,,,,,,,,,,,,,,,,,,,,,,,,
415,38.792278834,1779094139.586293,406,0.02000494673848152,0.01413843035697937,0.005866517312824726,,,,,,,,,,,,,,,,,,,,,,,,
416,38.845596559,1779094139.6396976,407,0.021659541875123978,0.01579158566892147,0.005867957137525082,,,,,,,,,,,,,,,,,,,,,,,,
417,38.900760679,1779094139.6948497,408,0.019748054444789886,0.013885743916034698,0.005862310528755188,,,,,,,,,,,,,,,,,,,,,,,,
418,38.954111183,1779094139.7481747,409,0.020830746740102768,0.014933307655155659,0.005897438153624535,,,,,,,,,,,,,,,,,,,,,,,,
419,39.007812015,1779094139.801838,410,0.020335515961050987,0.014436253346502781,0.005899262148886919,,,,,,,,,,,,,,,,,,,,,,,,
420,39.063295292,1779094139.8574617,411,0.020220674574375153,0.014314146712422371,0.005906526930630207,,,,,,,,,,,,,,,,,,,,,,,,
421,39.117451153,1779094139.9114792,412,0.02047811634838581,0.014558413065969944,0.0059197028167545795,,,,,,,,,,,,,,,,,,,,,,,,
422,39.174226528,1779094139.9682117,413,0.019743578508496284,0.013819828629493713,0.005923750344663858,,,,,,,,,,,,,,,,,,,,,,,,
423,39.229120585,1779094140.0231407,414,0.02034662291407585,0.01442524790763855,0.005921374540776014,,,,,,,,,,,,,,,,,,,,,,,,
424,39.285230506,1779094140.0793667,415,0.01952395774424076,0.013602395541965961,0.005921562202274799,,,,,,,,,,,,,,,,,,,,,,,,
425,39.339696685,1779094140.133819,416,0.020705992355942726,0.014755369164049625,0.005950622726231813,,,,,,,,,,,,,,,,,,,,,,,,
426,39.396317586,1779094140.1903267,417,0.019253823906183243,0.013311028480529785,0.005942794494330883,,,,,,,,,,,,,,,,,,,,,,,,
427,39.450741644,1779094140.2448783,418,0.020036665722727776,0.014083479531109333,0.00595318665727973,,,,,,,,,,,,,,,,,,,,,,,,
428,39.506423105,1779094140.300557,419,0.019649066030979156,0.013677708804607391,0.005971356760710478,,,,,,,,,,,,,,,,,,,,,,,,
429,39.562064875,1779094140.356027,420,0.020132381469011307,0.014178650453686714,0.00595373148098588,,,,,,,,,,,,,,,,,,,,,,,,
430,39.637915541,1779094140.4318933,421,0.02017701230943203,0.014217770658433437,0.005959241185337305,,,,,,,,,,,,,,,,,,,,,,,,
431,39.744516442,1779094140.5386384,422,0.019217103719711304,0.0132342129945755,0.005982890259474516,,,,,,,,,,,,,,,,,,,,,,,,
432,39.842864407,1779094140.6367393,423,0.018133914098143578,0.012155447155237198,0.005978467408567667,,,,,,,,,,,,,,,,,,,,,,,,
433,39.898956756,1779094140.6930852,424,0.01903580315411091,0.013037693686783314,0.005998109932988882,,,,,,,,,,,,,,,,,,,,,,,,
434,39.955057466,1779094140.749206,425,0.019445905461907387,0.013437160290777683,0.006008745636790991,,,,,,,,,,,,,,,,,,,,,,,,
435,40.010876078,1779094140.8048923,426,0.01913529448211193,0.013113591820001602,0.006021702196449041,,,,,,,,,,,,,,,,,,,,,,,,
436,40.065525877,1779094140.8596992,427,0.0193325188010931,0.013302953913807869,0.006029564421623945,,,,,,,,,,,,,,,,,,,,,,,,
437,40.121546885,1779094140.9156697,428,0.01839723438024521,0.012358450330793858,0.006038784049451351,,,,,,,,,,,,,,,,,,,,,,,,
438,40.180374032,1779094140.9742715,429,0.018640656024217606,0.012612279504537582,0.006028376519680023,,,,,,,,,,,,,,,,,,,,,,,,
439,40.237162561,1779094141.0313065,430,0.019127782434225082,0.013100877404212952,0.006026904098689556,,,,,,,,,,,,,,,,,,,,,,,,
440,40.29329576,1779094141.0873034,431,0.019039126113057137,0.013024777173995972,0.0060143484733998775,,,,,,,,,,,,,,,,,,,,,,,,
441,40.348914308,1779094141.1429603,432,0.01966436207294464,0.013627391308546066,0.006036971230059862,,,,,,,,,,,,,,,,,,,,,,,,
442,40.406702964,1779094141.2008262,433,0.01966141164302826,0.013627298176288605,0.006034113001078367,,,,,,,,,,,,,,,,,,,,,,,,
443,40.463222906,1779094141.2573438,434,0.018566591665148735,0.012501044198870659,0.0060655479319393635,,,,,,,,,,,,,,,,,,,,,,,,
444,40.521308748,1779094141.315455,435,0.01895376481115818,0.012883903458714485,0.006069860886782408,,,,,,,,,,,,,,,,,,,,,,,,
445,40.578319295,1779094141.3725,436,0.019297823309898376,0.013224761933088303,0.006073060445487499,,,,,,,,,,,,,,,,,,,,,,,,
446,40.63316764,1779094141.4273016,437,0.019300265237689018,0.013220978900790215,0.006079285871237516,,,,,,,,,,,,,,,,,,,,,,,,
447,40.690174536,1779094141.4842834,438,0.018407035619020462,0.012326590716838837,0.006080443970859051,,,,,,,,,,,,,,,,,,,,,,,,
448,40.747094161,1779094141.5412157,439,0.01874253712594509,0.012657352723181248,0.0060851844027638435,,,,,,,,,,,,,,,,,,,,,,,,
449,40.802693217,1779094141.5968506,440,0.01845303736627102,0.012359198182821274,0.0060938396491110325,,,,,,,,,,,,,,,,,,,,,,,,
450,42.289907153,1779094143.0824738,440,,,,0.003985476214438677,0.010185434482991695,0.024683572351932526,0.04103840887546539,0.010849909856915474,0.007233273703604937,0.008318260312080383,0.006871605291962624,0.010849909856915474,0.010822728276252747,0.016286160796880722,0.021670324727892876,0.003985476214438677,0.005999760236591101,0.00787670910358429,0.009108342230319977,0.010849909856915474,0.01955997385084629,0.025340138003230095,0.028979400172829628,0.010849909856915474,0.036166366189718246,0.08318264037370682,0.13743218779563904
451,42.359892855,1779094143.1541092,441,0.01869618333876133,0.012583835050463676,0.006112347822636366,,,,,,,,,,,,,,,,,,,,,,,,
452,42.413209826,1779094143.2072954,442,0.019038133323192596,0.012935278005897999,0.006102855317294598,,,,,,,,,,,,,,,,,,,,,,,,
453,42.467203019,1779094143.261424,443,0.019388282671570778,0.013271902687847614,0.006116379518061876,,,,,,,,,,,,,,,,,,,,,,,,
454,42.522834027,1779094143.3170712,444,0.018894998356699944,0.012779789976775646,0.006115208845585585,,,,,,,,,,,,,,,,,,,,,,,,
455,42.582066748,1779094143.3759928,445,0.018184352666139603,0.012062727473676205,0.006121625192463398,,,,,,,,,,,,,,,,,,,,,,,,
456,42.639090796,1779094143.4331968,446,0.018091188743710518,0.011960451491177082,0.006130737252533436,,,,,,,,,,,,,,,,,,,,,,,,
457,42.697608626,1779094143.4913988,447,0.018946968019008636,0.01281654927879572,0.006130419671535492,,,,,,,,,,,,,,,,,,,,,,,,
458,42.755240941,1779094143.5493228,448,0.01797632873058319,0.011826485395431519,0.006149842403829098,,,,,,,,,,,,,,,,,,,,,,,,
459,42.80838604,1779094143.6024256,449,0.01819157786667347,0.012029821053147316,0.0061617568135261536,,,,,,,,,,,,,,,,,,,,,,,,
460,42.863062746,1779094143.6571062,450,0.018141981214284897,0.011975307017564774,0.006166673731058836,,,,,,,,,,,,,,,,,,,,,,,,
461,42.917347927,1779094143.7114859,451,0.018202802166342735,0.012024102732539177,0.006178698968142271,,,,,,,,,,,,,,,,,,,,,,,,
462,42.969736641,1779094143.7637684,452,0.01778411865234375,0.011616944335401058,0.006167174782603979,,,,,,,,,,,,,,,,,,,,,,,,
463,43.024731987,1779094143.8187714,453,0.01755097135901451,0.011373557150363922,0.006177413742989302,,,,,,,,,,,,,,,,,,,,,,,,
464,43.078651097,1779094143.872879,454,0.01883077062666416,0.01265795063227415,0.0061728195287287235,,,,,,,,,,,,,,,,,,,,,,,,
465,43.131925419,1779094143.9260323,455,0.017982209101319313,0.011779684573411942,0.006202524993568659,,,,,,,,,,,,,,,,,,,,,,,,
466,43.186273812,1779094143.9803321,456,0.018081914633512497,0.011867896653711796,0.006214017979800701,,,,,,,,,,,,,,,,,,,,,,,,
467,43.241963598,1779094144.0361972,457,0.017691893503069878,0.01148050744086504,0.006211386527866125,,,,,,,,,,,,,,,,,,,,,,,,
468,43.295261024,1779094144.0894907,458,0.017300106585025787,0.011099770665168762,0.006200335454195738,,,,,,,,,,,,,,,,,,,,,,,,
469,43.348600937,1779094144.142745,459,0.01781027391552925,0.011599820107221603,0.006210454273968935,,,,,,,,,,,,,,,,,,,,,,,,
470,43.401949333,1779094144.1959608,460,0.018496442586183548,0.012283090502023697,0.006213352084159851,,,,,,,,,,,,,,,,,,,,,,,,
471,43.456503476,1779094144.2505932,461,0.018019653856754303,0.011816315352916718,0.00620333943516016,,,,,,,,,,,,,,,,,,,,,,,,
472,43.512954296,1779094144.3070264,462,0.018189970403909683,0.01194738782942295,0.006242583505809307,,,,,,,,,,,,,,,,,,,,,,,,
473,43.568583032,1779094144.3626518,463,0.018064869567751884,0.011831062845885754,0.0062338062562048435,,,,,,,,,,,,,,,,,,,,,,,,
474,43.623537011,1779094144.4177535,464,0.01758134737610817,0.011336002498865128,0.006245344411581755,,,,,,,,,,,,,,,,,,,,,,,,
475,43.678266442,1779094144.472362,465,0.017246225848793983,0.01099937129765749,0.006246854551136494,,,,,,,,,,,,,,,,,,,,,,,,
476,43.755813028,1779094144.5498145,466,0.017769353464245796,0.011496848426759243,0.0062725055031478405,,,,,,,,,,,,,,,,,,,,,,,,
477,43.812253781,1779094144.6062193,467,0.017876457422971725,0.011623925529420376,0.006252532824873924,,,,,,,,,,,,,,,,,,,,,,,,
478,43.866450263,1779094144.66046,468,0.017950892448425293,0.011677514761686325,0.0062733786180615425,,,,,,,,,,,,,,,,,,,,,,,,
479,43.922499594,1779094144.7164447,469,0.017144039273262024,0.010872159153223038,0.006271879188716412,,,,,,,,,,,,,,,,,,,,,,,,
480,43.977071503,1779094144.771017,470,0.017177341505885124,0.010900182649493217,0.006277159322053194,,,,,,,,,,,,,,,,,,,,,,,,
481,44.0361806,1779094144.8301246,471,0.017759764567017555,0.011465167626738548,0.00629459647461772,,,,,,,,,,,,,,,,,,,,,,,,
482,44.091511046,1779094144.885472,472,0.016887778416275978,0.010580253787338734,0.006307524163275957,,,,,,,,,,,,,,,,,,,,,,,,
483,44.147260551,1779094144.9412348,473,0.016421079635620117,0.010126917622983456,0.006294162478297949,,,,,,,,,,,,,,,,,,,,,,,,
484,44.201467963,1779094144.995521,474,0.01784524694085121,0.011556964367628098,0.006288283504545689,,,,,,,,,,,,,,,,,,,,,,,,
485,44.257853461,1779094145.0518122,475,0.01752549596130848,0.011221748776733875,0.006303747184574604,,,,,,,,,,,,,,,,,,,,,,,,
486,44.311125028,1779094145.105198,476,0.01775309070944786,0.011438660323619843,0.006314430385828018,,,,,,,,,,,,,,,,,,,,,,,,
487,44.365713266,1779094145.1597998,477,0.01649107225239277,0.010188660584390163,0.006302412133663893,,,,,,,,,,,,,,,,,,,,,,,,
488,44.418133112,1779094145.212223,478,0.016422856599092484,0.010099977254867554,0.006322878412902355,,,,,,,,,,,,,,,,,,,,,,,,
489,44.469970621,1779094145.2640707,479,0.016100436449050903,0.009774317033588886,0.0063261184841394424,,,,,,,,,,,,,,,,,,,,,,,,
490,44.522731732,1779094145.3168423,480,0.01702980510890484,0.010697051882743835,0.006332752760499716,,,,,,,,,,,,,,,,,,,,,,,,
491,45.94423327,1779094146.7376504,480,,,,0.004149868618696928,0.009596360847353935,0.024157516658306122,0.04141514375805855,0.012658228166401386,0.006871610414236784,0.00795659702271223,0.006871605291962624,0.012658228166401386,0.010775990784168243,0.01610473170876503,0.021828558295965195,0.004149868618696928,0.005997020751237869,0.00783947017043829,0.009149309247732162,0.012658228166401386,0.020102469250559807,0.02582450769841671,0.029729953035712242,0.012658228166401386,0.03435804694890976,0.07956600189208984,0.13743218779563904
492,46.016942512,1779094146.810971,481,0.017067164182662964,0.0107289282605052,0.006338236853480339,,,,,,,,,,,,,,,,,,,,,,,,
493,46.076563841,1779094146.8705924,482,0.017145603895187378,0.01077656913548708,0.006369035225361586,,,,,,,,,,,,,,,,,,,,,,,,
494,46.131751518,1779094146.925884,483,0.017229320481419563,0.010853351093828678,0.006375969387590885,,,,,,,,,,,,,,,,,,,,,,,,
495,46.18772982,1779094146.9819112,484,0.016881922259926796,0.010513362474739552,0.006368559319525957,,,,,,,,,,,,,,,,,,,,,,,,
496,46.245404583,1779094147.039571,485,0.01685909554362297,0.010508204810321331,0.006350890267640352,,,,,,,,,,,,,,,,,,,,,,,,
497,46.303224627,1779094147.0974326,486,0.016727140173316002,0.01035781018435955,0.006369329523295164,,,,,,,,,,,,,,,,,,,,,,,,
498,46.358861416,1779094147.1530888,487,0.015747206285595894,0.009372703731060028,0.0063745020888745785,,,,,,,,,,,,,,,,,,,,,,,,
499,46.417040718,1779094147.2112648,488,0.017102858051657677,0.010708987712860107,0.006393869873136282,,,,,,,,,,,,,,,,,,,,,,,,
500,46.473218385,1779094147.2674868,489,0.017810039222240448,0.01140294224023819,0.006407096516340971,,,,,,,,,,,,,,,,,,,,,,,,
501,46.527622752,1779094147.3218632,490,0.015854496508836746,0.009481577202677727,0.0063729193061590195,,,,,,,,,,,,,,,,,,,,,,,,
502,46.580995402,1779094147.3753123,491,0.016054414212703705,0.009665977209806442,0.006388436071574688,,,,,,,,,,,,,,,,,,,,,,,,
503,46.633865341,1779094147.42817,492,0.01622513122856617,0.009819753468036652,0.006405377760529518,,,,,,,,,,,,,,,,,,,,,,,,
504,46.687821406,1779094147.4820445,493,0.016500500962138176,0.010081436485052109,0.00641906401142478,,,,,,,,,,,,,,,,,,,,,,,,
505,46.743946104,1779094147.538196,494,0.015762634575366974,0.00936012901365757,0.006402505561709404,,,,,,,,,,,,,,,,,,,,,,,,
506,46.795831539,1779094147.5902033,495,0.016313938423991203,0.009907416999340057,0.006406521424651146,,,,,,,,,,,,,,,,,,,,,,,,
507,46.849293276,1779094147.643574,496,0.01644190028309822,0.010007589124143124,0.00643431069329381,,,,,,,,,,,,,,,,,,,,,,,,
508,46.903129539,1779094147.6973553,497,0.016419965773820877,0.009995350614190102,0.0064246151596307755,,,,,,,,,,,,,,,,,,,,,,,,
509,46.958300824,1779094147.7525287,498,0.016592925414443016,0.01015356183052063,0.006439363583922386,,,,,,,,,,,,,,,,,,,,,,,,
510,47.011501323,1779094147.8057234,499,0.017011692747473717,0.010550817474722862,0.006460874807089567,,,,,,,,,,,,,,,,,,,,,,,,
511,47.065501114,1779094147.8597634,500,0.01582803763449192,0.009378780610859394,0.006449256557971239,,,,,,,,,,,,,,,,,,,,,,,,
512,47.117089676,1779094147.9114306,501,0.016003673896193504,0.009548005647957325,0.006455668248236179,,,,,,,,,,,,,,,,,,,,,,,,
513,47.172891737,1779094147.9672153,502,0.016475806012749672,0.010006643831729889,0.00646916264668107,,,,,,,,,,,,,,,,,,,,,,,,
514,47.231426349,1779094148.0255256,503,0.015225989744067192,0.008774970658123493,0.006451019085943699,,,,,,,,,,,,,,,,,,,,,,,,
515,47.304167948,1779094148.0981348,504,0.016322191804647446,0.009849119931459427,0.006473071873188019,,,,,,,,,,,,,,,,,,,,,,,,
516,47.359251081,1779094148.1532888,505,0.01599869318306446,0.009526454843580723,0.006472237873822451,,,,,,,,,,,,,,,,,,,,,,,,
517,47.418582067,1779094148.2126606,506,0.016645386815071106,0.01015710923820734,0.006488276645541191,,,,,,,,,,,,,,,,,,,,,,,,
518,47.473979623,1779094148.2680438,507,0.016531355679035187,0.010052595287561417,0.0064787594601511955,,,,,,,,,,,,,,,,,,,,,,,,
519,47.528132551,1779094148.3221726,508,0.015677977353334427,0.0091941487044096,0.006483828648924828,,,,,,,,,,,,,,,,,,,,,,,,
520,47.582972544,1779094148.377031,509,0.01704762503504753,0.010552426800131798,0.006495198700577021,,,,,,,,,,,,,,,,,,,,,,,,
521,47.637993815,1779094148.4320543,510,0.015517575666308403,0.009007761254906654,0.006509814411401749,,,,,,,,,,,,,,,,,,,,,,,,
522,47.692023108,1779094148.486152,511,0.016716767102479935,0.010195283219218254,0.006521483417600393,,,,,,,,,,,,,,,,,,,,,,,,
523,47.746726211,1779094148.5407948,512,0.016160383820533752,0.009629171341657639,0.0065312134101986885,,,,,,,,,,,,,,,,,,,,,,,,
524,47.799748212,1779094148.5938098,513,0.015658648684620857,0.009128713980317116,0.006529935169965029,,,,,,,,,,,,,,,,,,,,,,,,
525,47.853933331,1779094148.6480198,514,0.01592693105340004,0.009389488026499748,0.006537443492561579,,,,,,,,,,,,,,,,,,,,,,,,
526,47.908673656,1779094148.702725,515,0.015395541675388813,0.008872765116393566,0.006522776558995247,,,,,,,,,,,,,,,,,,,,,,,,
527,47.961519551,1779094148.7555835,516,0.01549164205789566,0.008969166316092014,0.006522476207464933,,,,,,,,,,,,,,,,,,,,,,,,
528,48.015028406,1779094148.8090873,517,0.015804912894964218,0.009270448237657547,0.006534464657306671,,,,,,,,,,,,,,,,,,,,,,,,
529,48.070570345,1779094148.8646057,518,0.015386545099318027,0.008835090324282646,0.006551454775035381,,,,,,,,,,,,,,,,,,,,,,,,
530,48.123308967,1779094148.9173946,519,0.015501119196414948,0.008949155919253826,0.006551963742822409,,,,,,,,,,,,,,,,,,,,,,,,
531,48.178695077,1779094148.9728453,520,0.016154583543539047,0.009603544138371944,0.0065510389395058155,,,,,,,,,,,,,,,,,,,,,,,,
532,49.774228726,1779094150.5676274,520,,,,0.004149868618696928,0.009747055359184742,0.02316294237971306,0.04209325835108757,0.012658228166401386,0.007233273703604937,0.007594933733344078,0.007052436470985413,0.012658228166401386,0.011055766604840755,0.01571255549788475,0.022112954407930374,0.004149868618696928,0.006037923041731119,0.00775790773332119,0.009210270829498768,0.012658228166401386,0.020614828914403915,0.025638651102781296,0.030013248324394226,0.012658228166401386,0.036166366189718246,0.07594936341047287,0.14104881882667542
533,49.842157511,1779094150.6361344,521,0.015249070711433887,0.008693551644682884,0.006555519066751003,,,,,,,,,,,,,,,,,,,,,,,,
534,49.898040546,1779094150.6920855,522,0.01580473780632019,0.00921283196657896,0.006591906771063805,,,,,,,,,,,,,,,,,,,,,,,,
535,49.951832691,1779094150.7458453,523,0.016038767993450165,0.009488844312727451,0.0065499236807227135,,,,,,,,,,,,,,,,,,,,,,,,
536,50.007339523,1779094150.8014238,524,0.015112906694412231,0.008529054000973701,0.006583852227777243,,,,,,,,,,,,,,,,,,,,,,,,
537,50.060030634,1779094150.8540695,525,0.015314865857362747,0.008725078776478767,0.00658978708088398,,,,,,,,,,,,,,,,,,,,,,,,
538,50.114221172,1779094150.9082773,526,0.01601708121597767,0.009426245465874672,0.0065908352844417095,,,,,,,,,,,,,,,,,,,,,,,,
539,50.168959897,1779094150.9630854,527,0.015166070312261581,0.008585439994931221,0.00658063031733036,,,,,,,,,,,,,,,,,,,,,,,,
540,50.222493207,1779094151.016539,528,0.015481773763895035,0.008859841153025627,0.00662193214520812,,,,,,,,,,,,,,,,,,,,,,,,
541,50.277819784,1779094151.0718136,529,0.016105782240629196,0.00949164479970932,0.0066141365095973015,,,,,,,,,,,,,,,,,,,,,,,,
542,50.333103466,1779094151.1271749,530,0.015482796356081963,0.008859804831445217,0.006622991990298033,,,,,,,,,,,,,,,,,,,,,,,,
543,50.386941072,1779094151.1810045,531,0.015190914273262024,0.008568483404815197,0.006622430868446827,,,,,,,,,,,,,,,,,,,,,,,,
544,50.441907637,1779094151.2355711,532,0.015008248388767242,0.008391552604734898,0.0066166953183710575,,,,,,,,,,,,,,,,,,,,,,,,
545,50.496319273,1779094151.2904868,533,0.015205632895231247,0.00856691226363182,0.006638721097260714,,,,,,,,,,,,,,,,,,,,,,,,
546,50.552403738,1779094151.346466,534,0.016079189255833626,0.009444592520594597,0.006634596735239029,,,,,,,,,,,,,,,,,,,,,,,,
547,50.606221638,1779094151.4002655,535,0.015747172757983208,0.009092126972973347,0.006655045319348574,,,,,,,,,,,,,,,,,,,,,,,,
548,50.660790421,1779094151.454916,536,0.01512168813496828,0.008477272465825081,0.0066444156691432,,,,,,,,,,,,,,,,,,,,,,,,
549,50.714999496,1779094151.5090582,537,0.01585470139980316,0.009195029735565186,0.006659672595560551,,,,,,,,,,,,,,,,,,,,,,,,
550,50.767946398,1779094151.5620065,538,0.015412891283631325,0.008759877644479275,0.00665301363915205,,,,,,,,,,,,,,,,,,,,,,,,
551,50.822748421,1779094151.6167674,539,0.014667082577943802,0.008024337701499462,0.0066427444107830524,,,,,,,,,,,,,,,,,,,,,,,,
552,50.876878796,1779094151.670932,540,0.014835014007985592,0.008164890110492706,0.006670123897492886,,,,,,,,,,,,,,,,,,,,,,,,
553,50.929702899,1779094151.7238183,541,0.015212644822895527,0.008555572479963303,0.006657072342932224,,,,,,,,,,,,,,,,,,,,,,,,
554,50.985109994,1779094151.7792265,542,0.015339812263846397,0.008652633056044579,0.006687179207801819,,,,,,,,,,,,,,,,,,,,,,,,
555,51.053047188,1779094151.8472614,543,0.015615732409060001,0.008930416777729988,0.006685315631330013,,,,,,,,,,,,,,,,,,,,,,,,
556,51.108264631,1779094151.9022906,544,0.014820539392530918,0.0081471037119627,0.006673435680568218,,,,,,,,,,,,,,,,,,,,,,,,
557,51.162871849,1779094151.956931,545,0.01484690047800541,0.008178941905498505,0.006667958106845617,,,,,,,,,,,,,,,,,,,,,,,,
558,51.218138756,1779094152.0121691,546,0.015166614204645157,0.008471658453345299,0.006694956216961145,,,,,,,,,,,,,,,,,,,,,,,,
559,51.271129666,1779094152.065181,547,0.014929287135601044,0.008247466757893562,0.006681820377707481,,,,,,,,,,,,,,,,,,,,,,,,
560,51.325084404,1779094152.1192172,548,0.015684891492128372,0.008989030495285988,0.006695861462503672,,,,,,,,,,,,,,,,,,,,,,,,
561,51.379858664,1779094152.1740055,549,0.014768563210964203,0.008081277832388878,0.006687284912914038,,,,,,,,,,,,,,,,,,,,,,,,
562,51.433296838,1779094152.2273614,550,0.014573460444808006,0.007870888337492943,0.006702571641653776,,,,,,,,,,,,,,,,,,,,,,,,
563,51.487431637,1779094152.2815864,551,0.014836113899946213,0.008135922253131866,0.006700192112475634,,,,,,,,,,,,,,,,,,,,,,,,
564,51.542292708,1779094152.336356,552,0.01469949260354042,0.007987848483026028,0.0067116436548531055,,,,,,,,,,,,,,,,,,,,,,,,
565,51.595850267,1779094152.3898938,553,0.015473266132175922,0.008754674345254898,0.006718591786921024,,,,,,,,,,,,,,,,,,,,,,,,
566,51.650832565,1779094152.4448829,554,0.014745267108082771,0.008019350469112396,0.006725917104631662,,,,,,,,,,,,,,,,,,,,,,,,
567,51.704212705,1779094152.498261,555,0.014578763395547867,0.00785776786506176,0.006720995996147394,,,,,,,,,,,,,,,,,,,,,,,,
568,51.78029231,1779094152.5746381,556,0.014977476559579372,0.008230749517679214,0.006746727041900158,,,,,,,,,,,,,,,,,,,,,,,,
569,51.86172404,1779094152.655895,557,0.0146559439599514,0.007897796109318733,0.0067581478506326675,,,,,,,,,,,,,,,,,,,,,,,,
570,51.915364984,1779094152.7094085,558,0.01474667340517044,0.008008674718439579,0.006737998221069574,,,,,,,,,,,,,,,,,,,,,,,,
571,51.968233148,1779094152.7622354,559,0.014597117900848389,0.007856899872422218,0.006740217562764883,,,,,,,,,,,,,,,,,,,,,,,,
572,52.024059506,1779094152.8180382,560,0.014992086216807365,0.00823485478758812,0.006757230963557959,,,,,,,,,,,,,,,,,,,,,,,,
573,53.361196527,1779094154.1546092,560,,,,0.00369778904132545,0.009763614274561405,0.022710861638188362,0.04247301071882248,0.010849909856915474,0.007233273703604937,0.007414102088660002,0.0070524369366467,0.010849909856915474,0.010768351145088673,0.015257492661476135,0.022008314728736877,0.00369778904132545,0.005811717361211777,0.007499628234654665,0.009043390862643719,0.010849909856915474,0.019620252773165703,0.024551507085561752,0.029173873364925385,0.010849909856915474,0.036166366189718246,0.07414104789495468,0.14104881882667542
574,53.433180297,1779094154.2271311,561,0.014561938121914864,0.007811550050973892,0.006750388070940971,,,,,,,,,,,,,,,,,,,,,,,,
575,53.48949857,1779094154.2835188,562,0.015007490292191505,0.008229122497141361,0.006778367329388857,,,,,,,,,,,,,,,,,,,,,,,,
576,53.543605359,1779094154.3376539,563,0.014689214527606964,0.007930291816592216,0.00675892224535346,,,,,,,,,,,,,,,,,,,,,,,,
577,53.598632627,1779094154.3927224,564,0.014970686286687851,0.008197922259569168,0.00677276449277997,,,,,,,,,,,,,,,,,,,,,,,,
578,53.652134282,1779094154.4461997,565,0.015349049121141434,0.008577974513173103,0.00677107460796833,,,,,,,,,,,,,,,,,,,,,,,,
579,53.706939469,1779094154.5010083,566,0.014836575835943222,0.008065126836299896,0.006771448999643326,,,,,,,,,,,,,,,,,,,,,,,,
580,53.761126617,1779094154.5551867,567,0.014724083244800568,0.007947711274027824,0.006776371505111456,,,,,,,,,,,,,,,,,,,,,,,,
581,53.814321362,1779094154.6083815,568,0.014327246695756912,0.007544497027993202,0.006782749202102423,,,,,,,,,,,,,,,,,,,,,,,,
582,53.868389355,1779094154.662432,569,0.014639279805123806,0.007850680500268936,0.00678859930485487,,,,,,,,,,,,,,,,,,,,,,,,
583,53.922395154,1779094154.7164736,570,0.01459821593016386,0.007801941595971584,0.006796274334192276,,,,,,,,,,,,,,,,,,,,,,,,
584,53.974755007,1779094154.7688282,571,0.014643996953964233,0.007836857810616493,0.0068071396090090275,,,,,,,,,,,,,,,,,,,,,,,,
585,54.029720041,1779094154.823751,572,0.01482883095741272,0.008001274429261684,0.006827556528151035,,,,,,,,,,,,,,,,,,,,,,,,
586,54.083458736,1779094154.8775325,573,0.014711253345012665,0.007876217365264893,0.006835035514086485,,,,,,,,,,,,,,,,,,,,,,,,
587,54.136844795,1779094154.9309304,574,0.014982635155320168,0.008161863312125206,0.006820772308856249,,,,,,,,,,,,,,,,,,,,,,,,
588,54.190731025,1779094154.9848661,575,0.014486333355307579,0.007685907185077667,0.0068004257045686245,,,,,,,,,,,,,,,,,,,,,,,,
589,54.246078649,1779094155.0401177,576,0.014867415651679039,0.008046694099903107,0.00682072201743722,,,,,,,,,,,,,,,,,,,,,,,,
590,54.30152826,1779094155.0955646,577,0.015299968421459198,0.008460920304059982,0.006839048583060503,,,,,,,,,,,,,,,,,,,,,,,,
591,54.357303131,1779094155.151315,578,0.014354223385453224,0.00752705754712224,0.006827165838330984,,,,,,,,,,,,,,,,,,,,,,,,
592,54.413401578,1779094155.2074196,579,0.014675300568342209,0.007817421108484268,0.006857879459857941,,,,,,,,,,,,,,,,,,,,,,,,
593,54.469518706,1779094155.263479,580,0.01439516618847847,0.007549851201474667,0.0068453154526650906,,,,,,,,,,,,,,,,,,,,,,,,
594,54.52558439,1779094155.3196118,581,0.01420634612441063,0.0073566557839512825,0.006849690806120634,,,,,,,,,,,,,,,,,,,,,,,,
595,54.582144791,1779094155.3760884,582,0.01459212601184845,0.007728241384029388,0.006863885093480349,,,,,,,,,,,,,,,,,,,,,,,,
596,54.637949213,1779094155.4319685,583,0.014789801090955734,0.007927097380161285,0.006862703710794449,,,,,,,,,,,,,,,,,,,,,,,,
597,54.691245579,1779094155.485296,584,0.01480935513973236,0.007951881736516953,0.006857473403215408,,,,,,,,,,,,,,,,,,,,,,,,
598,54.746772265,1779094155.5407937,585,0.014564022421836853,0.007702433504164219,0.006861588917672634,,,,,,,,,,,,,,,,,,,,,,,,
599,54.800799438,1779094155.5948136,586,0.013910665176808834,0.007033681496977806,0.006876983679831028,,,,,,,,,,,,,,,,,,,,,,,,
600,54.8745717,1779094155.6686857,587,0.013951725326478481,0.007075979374349117,0.006875745952129364,,,,,,,,,,,,,,,,,,,,,,,,
601,54.963506936,1779094155.7576268,588,0.01412353664636612,0.007246915251016617,0.00687662186101079,,,,,,,,,,,,,,,,,,,,,,,,
602,55.033326418,1779094155.82747,589,0.014159725047647953,0.007290367968380451,0.006869357079267502,,,,,,,,,,,,,,,,,,,,,,,,
603,55.087798964,1779094155.8818197,590,0.014148165471851826,0.007270525209605694,0.006877640262246132,,,,,,,,,,,,,,,,,,,,,,,,
604,55.143873181,1779094155.9379284,591,0.014246175065636635,0.007356106769293547,0.006890067830681801,,,,,,,,,,,,,,,,,,,,,,,,
605,55.199007138,1779094155.9930565,592,0.014632418751716614,0.007720456924289465,0.006911961827427149,,,,,,,,,,,,,,,,,,,,,,,,
606,55.255086251,1779094156.0491602,593,0.014326795004308224,0.0074056219309568405,0.006921173073351383,,,,,,,,,,,,,,,,,,,,,,,,
607,55.309431545,1779094156.1034946,594,0.014195259660482407,0.007292678579688072,0.006902581546455622,,,,,,,,,,,,,,,,,,,,,,,,
608,55.364864392,1779094156.1589193,595,0.013691134750843048,0.00676505733281374,0.006926077883690596,,,,,,,,,,,,,,,,,,,,,,,,
609,55.419803209,1779094156.2138553,596,0.014046469703316689,0.007151027210056782,0.0068954420275986195,,,,,,,,,,,,,,,,,,,,,,,,
610,55.475011598,1779094156.2690988,597,0.014513744041323662,0.007587198168039322,0.006926545407623053,,,,,,,,,,,,,,,,,,,,,,,,
611,55.528627401,1779094156.3227067,598,0.01462625153362751,0.007691409904509783,0.00693484116345644,,,,,,,,,,,,,,,,,,,,,,,,
612,55.583069366,1779094156.3771505,599,0.01396258920431137,0.007006226573139429,0.006956362631171942,,,,,,,,,,,,,,,,,,,,,,,,
613,55.637112011,1779094156.4311929,600,0.013508323580026627,0.00656410027295351,0.006944222841411829,,,,,,,,,,,,,,,,,,,,,,,,
614,56.98859132,1779094157.7818046,600,,,,0.00369778904132545,0.010215694084763527,0.02376571297645569,0.04265384003520012,0.010849909856915474,0.0075949374586343765,0.007775765378028154,0.007142852991819382,0.010849909856915474,0.011110836640000343,0.015737241134047508,0.022123906761407852,0.00369778904132545,0.0059136152267456055,0.007662233430892229,0.009062541648745537,0.010849909856915474,0.020223025232553482,0.025141363963484764,0.02952461503446102,0.010849909856915474,0.037974681705236435,0.07775768637657166,0.1428571492433548
615,57.083662576,1779094157.877754,601,0.014126639813184738,0.007207239046692848,0.006919401232153177,,,,,,,,,,,,,,,,,,,,,,,,
616,57.140585439,1779094157.9347231,602,0.014417204074561596,0.007496188394725323,0.006921015679836273,,,,,,,,,,,,,,,,,,,,,,,,
617,57.19712494,1779094157.9911425,603,0.0134909488260746,0.006554177962243557,0.0069367713294923306,,,,,,,,,,,,,,,,,,,,,,,,
618,57.253613276,1779094158.0477622,604,0.01380298100411892,0.0068726856261491776,0.006930295377969742,,,,,,,,,,,,,,,,,,,,,,,,
619,57.310176448,1779094158.1043222,605,0.01359555870294571,0.006638825871050358,0.006956733297556639,,,,,,,,,,,,,,,,,,,,,,,,
620,57.364143842,1779094158.1583412,606,0.01359042339026928,0.006640471518039703,0.006949952337890863,,,,,,,,,,,,,,,,,,,,,,,,
621,57.421916659,1779094158.215891,607,0.013917259871959686,0.0069640944711863995,0.006953165866434574,,,,,,,,,,,,,,,,,,,,,,,,
622,57.475438533,1779094158.2696033,608,0.014483424834907055,0.0074961064383387566,0.006987318396568298,,,,,,,,,,,,,,,,,,,,,,,,
623,57.534195486,1779094158.3283308,609,0.013525187969207764,0.006573501043021679,0.0069516864605247974,,,,,,,,,,,,,,,,,,,,,,,,
624,57.58913452,1779094158.3832033,610,0.013714820146560669,0.0067604887299239635,0.006954330950975418,,,,,,,,,,,,,,,,,,,,,,,,
625,57.64395452,1779094158.4380076,611,0.014295666478574276,0.007293009199202061,0.007002657279372215,,,,,,,,,,,,,,,,,,,,,,,,
626,57.697730672,1779094158.4919543,612,0.013599643483757973,0.0066263722255826,0.00697327172383666,,,,,,,,,,,,,,,,,,,,,,,,
627,57.751142468,1779094158.545314,613,0.01384938694536686,0.006866541691124439,0.0069828457199037075,,,,,,,,,,,,,,,,,,,,,,,,
628,57.802351462,1779094158.5965786,614,0.013900574296712875,0.006900380831211805,0.007000192999839783,,,,,,,,,,,,,,,,,,,,,,,,
629,57.856492978,1779094158.650679,615,0.014242146164178848,0.007260678801685572,0.006981467828154564,,,,,,,,,,,,,,,,,,,,,,,,
630,57.912278334,1779094158.7063894,616,0.013296498917043209,0.006292881444096565,0.007003617472946644,,,,,,,,,,,,,,,,,,,,,,,,
631,57.964702239,1779094158.7588043,617,0.013426517136394978,0.006433630827814341,0.006992886308580637,,,,,,,,,,,,,,,,,,,,,,,,
632,58.017196553,1779094158.811208,618,0.013682691380381584,0.006680496037006378,0.007002195343375206,,,,,,,,,,,,,,,,,,,,,,,,
633,58.069615709,1779094158.863714,619,0.013426639139652252,0.0064148250967264175,0.007011814508587122,,,,,,,,,,,,,,,,,,,,,,,,
634,58.122948547,1779094158.9171035,620,0.014408557675778866,0.007416072767227888,0.006992484908550978,,,,,,,,,,,,,,,,,,,,,,,,
635,58.176285473,1779094158.9703526,621,0.013153603300452232,0.006154297851026058,0.006999304983764887,,,,,,,,,,,,,,,,,,,,,,,,
636,58.228658242,1779094159.0227988,622,0.0140041783452034,0.006979464087635279,0.007024714257568121,,,,,,,,,,,,,,,,,,,,,,,,
637,58.282633963,1779094159.07669,623,0.01337040401995182,0.006361138075590134,0.007009266410022974,,,,,,,,,,,,,,,,,,,,,,,,
638,58.339506912,1779094159.1335533,624,0.013777809217572212,0.006745881866663694,0.007031927350908518,,,,,,,,,,,,,,,,,,,,,,,,
639,58.393137754,1779094159.187207,625,0.013079395517706871,0.006056628655642271,0.007022767327725887,,,,,,,,,,,,,,,,,,,,,,,,
640,58.448958164,1779094159.243083,626,0.013706332072615623,0.006622347980737686,0.00708398362621665,,,,,,,,,,,,,,,,,,,,,,,,
641,58.503816934,1779094159.2978776,627,0.013866308145225048,0.006822710856795311,0.007043597288429737,,,,,,,,,,,,,,,,,,,,,,,,
642,58.559237139,1779094159.3533142,628,0.013327257707715034,0.006275627762079239,0.007051629479974508,,,,,,,,,,,,,,,,,,,,,,,,
643,58.611770853,1779094159.405801,629,0.013665879145264626,0.006602677050977945,0.007063201628625393,,,,,,,,,,,,,,,,,,,,,,,,
644,58.665826622,1779094159.4599009,630,0.013863238506019115,0.0068131424486637115,0.007050096057355404,,,,,,,,,,,,,,,,,,,,,,,,
645,58.720483255,1779094159.5145087,631,0.013121907599270344,0.006083211395889521,0.007038696203380823,,,,,,,,,,,,,,,,,,,,,,,,
646,58.773564587,1779094159.567625,632,0.013676347211003304,0.006619395688176155,0.007056951057165861,,,,,,,,,,,,,,,,,,,,,,,,
647,58.826938463,1779094159.6210036,633,0.013585738837718964,0.006508059799671173,0.0070776790380477905,,,,,,,,,,,,,,,,,,,,,,,,
648,58.881648644,1779094159.6757143,634,0.013925021514296532,0.006867420859634876,0.007057600189000368,,,,,,,,,,,,,,,,,,,,,,,,
649,58.957318303,1779094159.75135,635,0.013589626178145409,0.006518220994621515,0.007071405649185181,,,,,,,,,,,,,,,,,,,,,,,,
650,59.010471721,1779094159.8044996,636,0.014164963737130165,0.007076562382280827,0.007088401820510626,,,,,,,,,,,,,,,,,,,,,,,,
651,59.065261459,1779094159.8592908,637,0.014026100747287273,0.006930875591933727,0.007095225155353546,,,,,,,,,,,,,,,,,,,,,,,,
652,59.119002304,1779094159.9130414,638,0.013328739441931248,0.006221369840204716,0.007107369601726532,,,,,,,,,,,,,,,,,,,,,,,,
653,59.174157735,1779094159.9681273,639,0.013646423816680908,0.006581708788871765,0.00706471549347043,,,,,,,,,,,,,,,,,,,,,,,,
654,59.22811173,1779094160.022132,640,0.013546479865908623,0.006453759036958218,0.007092721294611692,,,,,,,,,,,,,,,,,,,,,,,,
655,60.521177569,1779094161.314708,640,,,,0.00369778904132545,0.010215694084763527,0.024217791855335236,0.043325502425432205,0.010849909856915474,0.0075949374586343765,0.00795659702271223,0.007233268581330776,0.010849909856915474,0.011191138066351414,0.015999548137187958,0.022327004000544548,0.00369778904132545,0.00592796690762043,0.007724583614617586,0.009065276011824608,0.010849909856915474,0.020524412393569946,0.025648698210716248,0.02990003116428852,0.010849909856915474,0.037974681705236435,0.07956600189208984,0.14466546475887299
656,60.589221368,1779094161.38322,641,0.013856913894414902,0.006751912645995617,0.007105001714080572,,,,,,,,,,,,,,,,,,,,,,,,
657,60.643640832,1779094161.437801,642,0.013479596003890038,0.006355760153383017,0.007123835384845734,,,,,,,,,,,,,,,,,,,,,,,,
658,60.70086933,1779094161.4948435,643,0.012901684269309044,0.00579528883099556,0.007106394972652197,,,,,,,,,,,,,,,,,,,,,,,,
659,60.755374623,1779094161.5494041,644,0.012956088408827782,0.00586351566016674,0.007092572748661041,,,,,,,,,,,,,,,,,,,,,,,,
660,60.811205891,1779094161.6051786,645,0.013414233922958374,0.006290017161518335,0.007124216295778751,,,,,,,,,,,,,,,,,,,,,,,,
661,60.864526511,1779094161.6585386,646,0.012744530104100704,0.005632845219224691,0.007111684884876013,,,,,,,,,,,,,,,,,,,,,,,,
662,60.920182937,1779094161.7141445,647,0.01373373158276081,0.006624928675591946,0.007108802441507578,,,,,,,,,,,,,,,,,,,,,,,,
663,60.974297263,1779094161.7682755,648,0.013422822579741478,0.006306326948106289,0.007116496097296476,,,,,,,,,,,,,,,,,,,,,,,,
664,61.028791394,1779094161.8228426,649,0.014053087681531906,0.006917557679116726,0.00713553000241518,,,,,,,,,,,,,,,,,,,,,,,,
665,61.08462402,1779094161.878593,650,0.013505115173757076,0.00636522751301527,0.007139887660741806,,,,,,,,,,,,,,,,,,,,,,,,
666,61.138727521,1779094161.9327197,651,0.013701952993869781,0.006545776501297951,0.007156176492571831,,,,,,,,,,,,,,,,,,,,,,,,
667,61.194624053,1779094161.988625,652,0.013221517205238342,0.006102521903812885,0.007118995301425457,,,,,,,,,,,,,,,,,,,,,,,,
668,61.249020674,1779094162.0430264,653,0.014280084520578384,0.007128967437893152,0.007151116617023945,,,,,,,,,,,,,,,,,,,,,,,,
669,61.303818167,1779094162.097837,654,0.013355927541851997,0.006209828890860081,0.007146099116653204,,,,,,,,,,,,,,,,,,,,,,,,
670,61.356876805,1779094162.1508472,655,0.01317627727985382,0.006037655286490917,0.007138621527701616,,,,,,,,,,,,,,,,,,,,,,,,
671,61.412247839,1779094162.2061806,656,0.013163391500711441,0.006011739373207092,0.007151652127504349,,,,,,,,,,,,,,,,,,,,,,,,
672,61.467246437,1779094162.2611666,657,0.013245662674307823,0.0060964543372392654,0.00714920787140727,,,,,,,,,,,,,,,,,,,,,,,,
673,61.521617854,1779094162.315666,658,0.012891063466668129,0.005716794170439243,0.007174268830567598,,,,,,,,,,,,,,,,,,,,,,,,
674,61.57738228,1779094162.3713531,659,0.013739688321948051,0.006572436541318893,0.007167252246290445,,,,,,,,,,,,,,,,,,,,,,,,
675,61.63116443,1779094162.4251797,660,0.013793418183922768,0.00664190948009491,0.007151508703827858,,,,,,,,,,,,,,,,,,,,,,,,
676,61.686820045,1779094162.4808116,661,0.01334640197455883,0.006168472580611706,0.0071779293939471245,,,,,,,,,,,,,,,,,,,,,,,,
677,61.740622442,1779094162.5346146,662,0.013458563946187496,0.006300078704953194,0.0071584852412343025,,,,,,,,,,,,,,,,,,,,,,,,
678,61.794102465,1779094162.588092,663,0.013717593625187874,0.006529421545565128,0.007188172545284033,,,,,,,,,,,,,,,,,,,,,,,,
679,61.85042646,1779094162.6443608,664,0.01336948573589325,0.006187695078551769,0.007181790191680193,,,,,,,,,,,,,,,,,,,,,,,,
680,61.906904628,1779094162.7008402,665,0.012863913550972939,0.005683648865669966,0.007180264685302973,,,,,,,,,,,,,,,,,,,,,,,,
681,61.962850129,1779094162.756853,666,0.012936027720570564,0.005753100849688053,0.007182926870882511,,,,,,,,,,,,,,,,,,,,,,,,
682,62.016697049,1779094162.8106794,667,0.01294185221195221,0.005765218287706375,0.007176633458584547,,,,,,,,,,,,,,,,,,,,,,,,
683,62.072848034,1779094162.8668737,668,0.013200189918279648,0.005969419609755278,0.0072307707741856575,,,,,,,,,,,,,,,,,,,,,,,,
684,62.130462915,1779094162.9243705,669,0.01280544325709343,0.005597415380179882,0.00720802741125226,,,,,,,,,,,,,,,,,,,,,,,,
685,62.186736906,1779094162.980771,670,0.013621646910905838,0.006411141715943813,0.007210504729300737,,,,,,,,,,,,,,,,,,,,,,,,
686,62.243718335,1779094163.037736,671,0.013285978697240353,0.006086444482207298,0.007199534215033054,,,,,,,,,,,,,,,,,,,,,,,,
687,62.29880591,1779094163.0928493,672,0.012623701244592667,0.005438308697193861,0.007185392547398806,,,,,,,,,,,,,,,,,,,,,,,,
688,62.354994474,1779094163.1490586,673,0.013655357994139194,0.006439559161663055,0.007215798832476139,,,,,,,,,,,,,,,,,,,,,,,,
689,62.408167101,1779094163.202248,674,0.012819821015000343,0.005605434998869896,0.007214386016130447,,,,,,,,,,,,,,,,,,,,,,,,
690,62.462484666,1779094163.2565777,675,0.013134513050317764,0.005898862611502409,0.007235650438815355,,,,,,,,,,,,,,,,,,,,,,,,
691,62.517457507,1779094163.3115027,676,0.013028308749198914,0.005787525326013565,0.007240782957524061,,,,,,,,,,,,,,,,,,,,,,,,
692,62.570164882,1779094163.3642707,677,0.013170575723052025,0.005940047092735767,0.00723052816465497,,,,,,,,,,,,,,,,,,,,,,,,
693,62.621250944,1779094163.4153426,678,0.013317806646227837,0.006085897330194712,0.007231908850371838,,,,,,,,,,,,,,,,,,,,,,,,
694,62.672080734,1779094163.4661777,679,0.013252646662294865,0.0060050953179597855,0.007247551344335079,,,,,,,,,,,,,,,,,,,,,,,,
695,62.724420462,1779094163.5184608,680,0.01287178322672844,0.005621757823973894,0.007250024937093258,,,,,,,,,,,,,,,,,,,,,,,,
696,64.114018577,1779094164.907447,680,,,,0.00369778904132545,0.010285244323313236,0.02381594479084015,0.042831193655729294,0.010849909856915474,0.00795660074800253,0.00795659702271223,0.006962021347135305,0.010849909856915474,0.011366285383701324,0.015772368758916855,0.02192886918783188,0.00369778904132545,0.005820245947688818,0.00748790567740798,0.008881906978785992,0.010849909856915474,0.02082579955458641,0.025643672794103622,0.029587406665086746,0.010849909856915474,0.03978300094604492,0.07956600189208984,0.13924050331115723
697,64.185619176,1779094164.9797168,681,0.012691531330347061,0.005435104016214609,0.007256427779793739,,,,,,,,,,,,,,,,,,,,,,,,
698,64.241578792,1779094165.0356326,682,0.01301457267254591,0.0057456414215266705,0.007268931251019239,,,,,,,,,,,,,,,,,,,,,,,,
699,64.295584811,1779094165.0896666,683,0.012669797986745834,0.005416778847575188,0.007253019604831934,,,,,,,,,,,,,,,,,,,,,,,,
700,64.349766293,1779094165.1438386,684,0.012818950228393078,0.005560239776968956,0.007258710451424122,,,,,,,,,,,,,,,,,,,,,,,,
701,64.405023523,1779094165.1991029,685,0.012612275779247284,0.005350884050130844,0.0072613912634551525,,,,,,,,,,,,,,,,,,,,,,,,
702,64.458645072,1779094165.2527184,686,0.013324188068509102,0.006051197648048401,0.007272990420460701,,,,,,,,,,,,,,,,,,,,,,,,
703,64.513362409,1779094165.3074224,687,0.012956192716956139,0.005700225941836834,0.007255966775119305,,,,,,,,,,,,,,,,,,,,,,,,
704,64.567677351,1779094165.3618507,688,0.01246283482760191,0.005202057771384716,0.007260777056217194,,,,,,,,,,,,,,,,,,,,,,,,
705,64.621153631,1779094165.4152699,689,0.012541525065898895,0.0052752117626369,0.007266312837600708,,,,,,,,,,,,,,,,,,,,,,,,
706,64.676809038,1779094165.4709756,690,0.0129277054220438,0.005646426230669022,0.007281279657036066,,,,,,,,,,,,,,,,,,,,,,,,
707,64.730024026,1779094165.52416,691,0.012993721291422844,0.005700784735381603,0.007292936556041241,,,,,,,,,,,,,,,,,,,,,,,,
708,64.784130541,1779094165.5781415,692,0.012782620266079903,0.005508975591510534,0.007273644674569368,,,,,,,,,,,,,,,,,,,,,,,,
709,64.839672286,1779094165.6337142,693,0.01341584138572216,0.006110166199505329,0.007305675186216831,,,,,,,,,,,,,,,,,,,,,,,,
710,64.894032498,1779094165.688037,694,0.01280766911804676,0.005543941631913185,0.007263727951794863,,,,,,,,,,,,,,,,,,,,,,,,
711,64.949363049,1779094165.7434049,695,0.01330624707043171,0.0060247695073485374,0.007281478028744459,,,,,,,,,,,,,,,,,,,,,,,,
712,65.00205035,1779094165.7960968,696,0.012505322694778442,0.0052375709637999535,0.007267751730978489,,,,,,,,,,,,,,,,,,,,,,,,
713,65.055013464,1779094165.8491278,697,0.013549101538956165,0.006248076446354389,0.007301025092601776,,,,,,,,,,,,,,,,,,,,,,,,
714,65.110152493,1779094165.9041355,698,0.013164028525352478,0.005862715188413858,0.007301313802599907,,,,,,,,,,,,,,,,,,,,,,,,
715,65.164336869,1779094165.9583538,699,0.012565281242132187,0.00525530194863677,0.007309979293495417,,,,,,,,,,,,,,,,,,,,,,,,
716,65.218863741,1779094166.0128977,700,0.012833194807171822,0.005529382266104221,0.0073038130067288876,,,,,,,,,,,,,,,,,,,,,,,,
717,65.284141123,1779094166.0777385,701,0.012638254091143608,0.005336292553693056,0.007301962003111839,,,,,,,,,,,,,,,,,,,,,,,,
718,65.419564103,1779094166.2137587,702,0.01283649168908596,0.005532968323677778,0.0073035238310694695,,,,,,,,,,,,,,,,,,,,,,,,
719,65.473097579,1779094166.2670825,703,0.012866821140050888,0.005544283427298069,0.007322537247091532,,,,,,,,,,,,,,,,,,,,,,,,
720,65.528335228,1779094166.3223639,704,0.013140450231730938,0.005816543009132147,0.007323907222598791,,,,,,,,,,,,,,,,,,,,,,,,
721,65.583836382,1779094166.3778777,705,0.012753448449075222,0.005436986684799194,0.007316461764276028,,,,,,,,,,,,,,,,,,,,,,,,
722,65.638739535,1779094166.4328575,706,0.012568619102239609,0.005229572765529156,0.007339046336710453,,,,,,,,,,,,,,,,,,,,,,,,
723,65.692789358,1779094166.4868534,707,0.012662777677178383,0.0053382678888738155,0.007324509788304567,,,,,,,,,,,,,,,,,,,,,,,,
724,65.74854906,1779094166.542541,708,0.012805241160094738,0.005470867268741131,0.007334373891353607,,,,,,,,,,,,,,,,,,,,,,,,
725,65.802427269,1779094166.5964262,709,0.012857956811785698,0.005494460463523865,0.007363496348261833,,,,,,,,,,,,,,,,,,,,,,,,
726,65.858687232,1779094166.652718,710,0.0136063601821661,0.00626546423882246,0.007340895477682352,,,,,,,,,,,,,,,,,,,,,,,,
727,65.911567012,1779094166.7056031,711,0.012754034250974655,0.005417726002633572,0.0073363082483410835,,,,,,,,,,,,,,,,,,,,,,,,
728,65.96518597,1779094166.7592716,712,0.013247182592749596,0.005882653873413801,0.007364529184997082,,,,,,,,,,,,,,,,,,,,,,,,
729,66.020337953,1779094166.8143985,713,0.012576914392411709,0.00522218644618988,0.0073547279462218285,,,,,,,,,,,,,,,,,,,,,,,,
730,66.073719973,1779094166.8678346,714,0.012690417468547821,0.005353773944079876,0.007336643990129232,,,,,,,,,,,,,,,,,,,,,,,,
731,66.128293832,1779094166.9223697,715,0.01245225127786398,0.0051196967251598835,0.007332554552704096,,,,,,,,,,,,,,,,,,,,,,,,
732,66.182106987,1779094166.9761622,716,0.012656077742576599,0.0053084539249539375,0.007347623351961374,,,,,,,,,,,,,,,,,,,,,,,,
733,66.23596968,1779094167.0300305,717,0.012404238805174828,0.0050469571724534035,0.007357281167060137,,,,,,,,,,,,,,,,,,,,,,,,
734,66.291579247,1779094167.085664,718,0.012714553624391556,0.005340290255844593,0.007374263368546963,,,,,,,,,,,,,,,,,,,,,,,,
735,66.345641756,1779094167.1396692,719,0.012729236856102943,0.005367460660636425,0.007361775729805231,,,,,,,,,,,,,,,,,,,,,,,,
736,66.400997433,1779094167.1950254,720,0.012592563405632973,0.005193348973989487,0.007399214897304773,,,,,,,,,,,,,,,,,,,,,,,,
737,67.943602224,1779094168.7369418,720,,,,0.00369778904132545,0.010285244323313236,0.023363865911960602,0.0440266989171505,0.010849909856915474,0.00795660074800253,0.007775765378028154,0.007142852991819382,0.010849909856915474,0.011366285383701324,0.01555037871003151,0.022313103079795837,0.00369778904132545,0.005825628060847521,0.007427806966006756,0.008956077508628368,0.010849909856915474,0.02082579955458641,0.02547360584139824,0.02976430393755436,0.010849909856915474,0.03978300094604492,0.07775768637657166,0.1428571492433548
738,68.014495617,1779094168.8085852,721,0.012607930228114128,0.005225451663136482,0.0073824780993163586,,,,,,,,,,,,,,,,,,,,,,,,
739,68.071289599,1779094168.8652313,722,0.01345937792211771,0.0060641528107225895,0.007395225111395121,,,,,,,,,,,,,,,,,,,,,,,,
740,68.126278511,1779094168.9203038,723,0.012685051187872887,0.005309519823640585,0.007375531364232302,,,,,,,,,,,,,,,,,,,,,,,,
741,68.181598577,1779094168.9757366,724,0.012625263072550297,0.005232807248830795,0.0073924558237195015,,,,,,,,,,,,,,,,,,,,,,,,
742,68.236907158,1779094169.030962,725,0.012722504325211048,0.00531120365485549,0.007411300670355558,,,,,,,,,,,,,,,,,,,,,,,,
743,68.292190421,1779094169.0863342,726,0.012483704835176468,0.005080944858491421,0.007402759976685047,,,,,,,,,,,,,,,,,,,,,,,,
744,68.346978446,1779094169.1410909,727,0.012556502595543861,0.00514531135559082,0.007411191239953041,,,,,,,,,,,,,,,,,,,,,,,,
745,68.402587692,1779094169.196686,728,0.012592848390340805,0.005187921226024628,0.00740492669865489,,,,,,,,,,,,,,,,,,,,,,,,
746,68.45644341,1779094169.2505224,729,0.012251561507582664,0.00484324898570776,0.007408312056213617,,,,,,,,,,,,,,,,,,,,,,,,
747,68.511511585,1779094169.3055892,730,0.012463081628084183,0.005030101165175438,0.0074329799972474575,,,,,,,,,,,,,,,,,,,,,,,,
748,68.565168049,1779094169.3592253,731,0.012217635288834572,0.004821631126105785,0.007396003697067499,,,,,,,,,,,,,,,,,,,,,,,,
749,68.622827466,1779094169.4167724,732,0.012322625145316124,0.004909483250230551,0.0074131423607468605,,,,,,,,,,,,,,,,,,,,,,,,
750,68.676586437,1779094169.4705863,733,0.012565558776259422,0.005146834068000317,0.007418724708259106,,,,,,,,,,,,,,,,,,,,,,,,
751,68.732033953,1779094169.526062,734,0.01243189163506031,0.005014148075133562,0.007417744025588036,,,,,,,,,,,,,,,,,,,,,,,,
752,68.786860694,1779094169.5809019,735,0.012736285105347633,0.0053018005564808846,0.0074344840832054615,,,,,,,,,,,,,,,,,,,,,,,,
753,68.841089036,1779094169.635172,736,0.01243868563324213,0.005015460308641195,0.007423225324600935,,,,,,,,,,,,,,,,,,,,,,,,
754,68.896404989,1779094169.6904032,737,0.012649288401007652,0.005212036892771721,0.007437251042574644,,,,,,,,,,,,,,,,,,,,,,,,
755,68.949250071,1779094169.7433434,738,0.012316817417740822,0.00488244229927659,0.007434375584125519,,,,,,,,,,,,,,,,,,,,,,,,
756,69.005216641,1779094169.7992785,739,0.012683713808655739,0.005259987432509661,0.007423725910484791,,,,,,,,,,,,,,,,,,,,,,,,
757,69.059682714,1779094169.853782,740,0.012028984725475311,0.004580131731927395,0.007448852527886629,,,,,,,,,,,,,,,,,,,,,,,,
758,69.115144261,1779094169.9092052,741,0.01284552738070488,0.005375893786549568,0.007469633128494024,,,,,,,,,,,,,,,,,,,,,,,,
759,69.170300394,1779094169.9643216,742,0.011904167011380196,0.004467376507818699,0.007436790969222784,,,,,,,,,,,,,,,,,,,,,,,,
760,69.225864318,1779094170.0198166,743,0.012241888791322708,0.004793965257704258,0.0074479239992797375,,,,,,,,,,,,,,,,,,,,,,,,
761,69.281587157,1779094170.0756,744,0.012310685589909554,0.0048539359122514725,0.007456750143319368,,,,,,,,,,,,,,,,,,,,,,,,
762,69.336338134,1779094170.1302903,745,0.012437177821993828,0.004975348711013794,0.007461829110980034,,,,,,,,,,,,,,,,,,,,,,,,
763,69.392985762,1779094170.1869678,746,0.012449389323592186,0.004996019881218672,0.007453368976712227,,,,,,,,,,,,,,,,,,,,,,,,
764,69.447841066,1779094170.241886,747,0.012349257245659828,0.004896736703813076,0.007452520541846752,,,,,,,,,,,,,,,,,,,,,,,,
765,69.504090517,1779094170.2981083,748,0.012534815818071365,0.005066227167844772,0.007468588184565306,,,,,,,,,,,,,,,,,,,,,,,,
766,69.559531878,1779094170.3535817,749,0.011890439316630363,0.004417301155626774,0.00747313816100359,,,,,,,,,,,,,,,,,,,,,,,,
767,69.614541177,1779094170.4085634,750,0.012521263211965561,0.005051742307841778,0.007469520438462496,,,,,,,,,,,,,,,,,,,,,,,,
768,69.66952156,1779094170.4635823,751,0.012474693357944489,0.005007114261388779,0.007467579562216997,,,,,,,,,,,,,,,,,,,,,,,,
769,69.726000149,1779094170.5200458,752,0.01215758640319109,0.004677700810134411,0.007479885593056679,,,,,,,,,,,,,,,,,,,,,,,,
770,69.779758384,1779094170.5739133,753,0.012179597280919552,0.004679279867559671,0.0075003174133598804,,,,,,,,,,,,,,,,,,,,,,,,
771,69.835345051,1779094170.6294508,754,0.012281866744160652,0.00477978028357029,0.0075020864605903625,,,,,,,,,,,,,,,,,,,,,,,,
772,69.888904254,1779094170.6829255,755,0.012644932605326176,0.005143968388438225,0.007500964216887951,,,,,,,,,,,,,,,,,,,,,,,,
773,69.944552706,1779094170.7386677,756,0.012608865275979042,0.005100090056657791,0.007508775219321251,,,,,,,,,,,,,,,,,,,,,,,,
774,69.997944847,1779094170.7919915,757,0.012081090360879898,0.004601432476192713,0.007479658350348473,,,,,,,,,,,,,,,,,,,,,,,,
775,70.052066365,1779094170.8460782,758,0.012109283357858658,0.004621934145689011,0.00748734874650836,,,,,,,,,,,,,,,,,,,,,,,,
776,70.108144869,1779094170.9022067,759,0.012090080417692661,0.004596326034516096,0.007493754383176565,,,,,,,,,,,,,,,,,,,,,,,,
777,70.163352351,1779094170.957373,760,0.012322898954153061,0.004829926881939173,0.007492971606552601,,,,,,,,,,,,,,,,,,,,,,,,
778,71.507857036,1779094172.3012176,760,,,,0.00369778904132545,0.010285244323313236,0.023363865911960602,0.042635228484869,0.010849909856915474,0.00795660074800253,0.007775765378028154,0.006962021347135305,0.010849909856915474,0.011366285383701324,0.015558822080492973,0.02193392999470234,0.00369778904132545,0.005825628060847521,0.007430980447679758,0.008914130739867687,0.010849909856915474,0.02082579955458641,0.025516660884022713,0.029710683971643448,0.010849909856915474,0.03978300094604492,0.07775768637657166,0.13924050331115723
779,71.58868413,1779094172.3827798,761,0.01258736290037632,0.005083800759166479,0.007503562606871128,,,,,,,,,,,,,,,,,,,,,,,,
780,71.656558817,1779094172.4506998,762,0.012281892821192741,0.00477506872266531,0.007506823632866144,,,,,,,,,,,,,,,,,,,,,,,,
781,71.724180134,1779094172.5183036,763,0.0122048519551754,0.004683793522417545,0.0075210584327578545,,,,,,,,,,,,,,,,,,,,,,,,
782,71.792199973,1779094172.586232,764,0.012155893258750439,0.0046413061209023,0.007514587137848139,,,,,,,,,,,,,,,,,,,,,,,,
783,71.860155782,1779094172.6541586,765,0.012102076783776283,0.0045996615663170815,0.007502415217459202,,,,,,,,,,,,,,,,,,,,,,,,
784,71.928421265,1779094172.7224681,766,0.011916691437363625,0.004407216794788837,0.007509474642574787,,,,,,,,,,,,,,,,,,,,,,,,
785,71.996646247,1779094172.7906954,767,0.012363238260149956,0.00485944002866745,0.0075037977658212185,,,,,,,,,,,,,,,,,,,,,,,,
786,72.06469501,1779094172.85881,768,0.012373220175504684,0.004830565303564072,0.0075426544062793255,,,,,,,,,,,,,,,,,,,,,,,,
787,72.133640547,1779094172.9274764,769,0.012136254459619522,0.004623159300535917,0.007513095624744892,,,,,,,,,,,,,,,,,,,,,,,,
788,72.199775856,1779094172.9937017,770,0.01200881414115429,0.004490893334150314,0.007517921272665262,,,,,,,,,,,,,,,,,,,,,,,,
789,72.269854841,1779094173.0638883,771,0.012167059816420078,0.004629910923540592,0.007537148892879486,,,,,,,,,,,,,,,,,,,,,,,,
790,72.339311382,1779094173.1332054,772,0.012561383657157421,0.005016259849071503,0.007545123808085918,,,,,,,,,,,,,,,,,,,,,,,,
791,72.408139821,1779094173.202089,773,0.012462187558412552,0.004903768189251423,0.007558418903499842,,,,,,,,,,,,,,,,,,,,,,,,
792,72.477690445,1779094173.2715595,774,0.012013696134090424,0.004463019780814648,0.007550676353275776,,,,,,,,,,,,,,,,,,,,,,,,
793,72.54623447,1779094173.3401582,775,0.012226810678839684,0.004680346697568893,0.007546464446932077,,,,,,,,,,,,,,,,,,,,,,,,
794,72.613065997,1779094173.4070551,776,0.012119198217988014,0.004572683945298195,0.007546513807028532,,,,,,,,,,,,,,,,,,,,,,,,
795,72.682523991,1779094173.476536,777,0.011731627397239208,0.004212615080177784,0.007519012317061424,,,,,,,,,,,,,,,,,,,,,,,,
796,72.753312999,1779094173.547301,778,0.012225810438394547,0.004690217785537243,0.007535592652857304,,,,,,,,,,,,,,,,,,,,,,,,
797,72.822130138,1779094173.6160622,779,0.01219303347170353,0.004640256054699421,0.007552776951342821,,,,,,,,,,,,,,,,,,,,,,,,
798,72.891632706,1779094173.6856666,780,0.011930225417017937,0.004371486138552427,0.007558739278465509,,,,,,,,,,,,,,,,,,,,,,,,
799,72.959296119,1779094173.7533298,781,0.012416984885931015,0.004855040460824966,0.007561944425106049,,,,,,,,,,,,,,,,,,,,,,,,
800,73.028970976,1779094173.8230636,782,0.012080742046236992,0.004536914639174938,0.007543826941400766,,,,,,,,,,,,,,,,,,,,,,,,
801,73.095502137,1779094173.8896213,783,0.012123867869377136,0.004571165423840284,0.007552702911198139,,,,,,,,,,,,,,,,,,,,,,,,
802,73.165501416,1779094173.9594612,784,0.012218128889799118,0.004642784595489502,0.007575344759970903,,,,,,,,,,,,,,,,,,,,,,,,
803,73.234681244,1779094174.0286946,785,0.012255338951945305,0.0046690646559000015,0.007586274296045303,,,,,,,,,,,,,,,,,,,,,,,,
804,73.303491972,1779094174.0975764,786,0.011810976080596447,0.004240470938384533,0.007570505142211914,,,,,,,,,,,,,,,,,,,,,,,,
805,73.368871983,1779094174.1629431,787,0.01207420788705349,0.004485241137444973,0.007588966283947229,,,,,,,,,,,,,,,,,,,,,,,,
806,73.436402406,1779094174.230388,788,0.012238223105669022,0.004665818996727467,0.007572404108941555,,,,,,,,,,,,,,,,,,,,,,,,
807,73.504788734,1779094174.2988935,789,0.012222412042319775,0.00463690422475338,0.007585507817566395,,,,,,,,,,,,,,,,,,,,,,,,
808,73.571202189,1779094174.3652854,790,0.011693604290485382,0.004106523469090462,0.007587080355733633,,,,,,,,,,,,,,,,,,,,,,,,
809,73.638251655,1779094174.4323075,791,0.013188054785132408,0.005597670562565327,0.007590384688228369,,,,,,,,,,,,,,,,,,,,,,,,
810,73.71017563,1779094174.5041041,792,0.012389563955366611,0.004809584468603134,0.007579979486763477,,,,,,,,,,,,,,,,,,,,,,,,
811,73.782785262,1779094174.5768065,793,0.012180833145976067,0.004601255990564823,0.007579577621072531,,,,,,,,,,,,,,,,,,,,,,,,
812,73.853404909,1779094174.6472626,794,0.011661697179079056,0.0040791891515254974,0.007582508493214846,,,,,,,,,,,,,,,,,,,,,,,,
813,73.920528267,1779094174.7146137,795,0.011958003044128418,0.004350254312157631,0.0076077482663095,,,,,,,,,,,,,,,,,,,,,,,,
814,73.986961129,1779094174.780975,796,0.01204204373061657,0.004424593411386013,0.0076174503192305565,,,,,,,,,,,,,,,,,,,,,,,,
815,74.052387074,1779094174.8464391,797,0.012129411101341248,0.004503579344600439,0.007625831291079521,,,,,,,,,,,,,,,,,,,,,,,,
816,74.118984488,1779094174.913076,798,0.011779949069023132,0.004166324622929096,0.007613624446094036,,,,,,,,,,,,,,,,,,,,,,,,
817,74.18306835,1779094174.9771643,799,0.012174294330179691,0.004557238891720772,0.0076170554384589195,,,,,,,,,,,,,,,,,,,,,,,,
818,74.250790014,1779094175.0447662,800,0.012138282880187035,0.004513096064329147,0.007625187281519175,,,,,,,,,,,,,,,,,,,,,,,,
819,75.774324425,1779094176.5675359,800,,,,0.0037838993594050407,0.010285244323313236,0.024268023669719696,0.04252639040350914,0.012658228166401386,0.00795660074800253,0.00795659702271223,0.007233268115669489,0.012658228166401386,0.011635157279670238,0.01603483222424984,0.022167937830090523,0.0037838993594050407,0.005879446864128113,0.0075618508271873,0.008974757045507431,0.012658228166401386,0.021880650892853737,0.026712162420153618,0.031075814738869667,0.012658228166401386,0.03978300094604492,0.07956600189208984,0.14466546475887299
820,75.868350677,1779094176.6622777,801,0.012408963404595852,0.004781900439411402,0.00762706296518445,,,,,,,,,,,,,,,,,,,,,,,,
821,75.923341118,1779094176.7173114,802,0.012467889115214348,0.00485750287771225,0.007610385771840811,,,,,,,,,,,,,,,,,,,,,,,,
822,75.97743548,1779094176.7714133,803,0.012559855356812477,0.004936667159199715,0.00762318866327405,,,,,,,,,,,,,,,,,,,,,,,,
823,76.030402241,1779094176.8244498,804,0.01220174040645361,0.004553729668259621,0.007648010738193989,,,,,,,,,,,,,,,,,,,,,,,,
824,76.083571795,1779094176.8776267,805,0.011826682835817337,0.004225844517350197,0.00760083831846714,,,,,,,,,,,,,,,,,,,,,,,,
825,76.138422194,1779094176.932488,806,0.011736573651432991,0.004133244976401329,0.007603329140692949,,,,,,,,,,,,,,,,,,,,,,,,
826,76.191087879,1779094176.985129,807,0.011936988681554794,0.004307768307626247,0.007629220373928547,,,,,,,,,,,,,,,,,,,,,,,,
827,76.245841395,1779094177.0398574,808,0.012147258035838604,0.004465366713702679,0.007681891322135925,,,,,,,,,,,,,,,,,,,,,,,,
828,76.300765796,1779094177.0946362,809,0.012221092358231544,0.004584277514368296,0.007636814843863249,,,,,,,,,,,,,,,,,,,,,,,,
829,76.354288719,1779094177.1483684,810,0.012134062126278877,0.004493676591664553,0.007640385068953037,,,,,,,,,,,,,,,,,,,,,,,,
830,76.410222575,1779094177.204252,811,0.011813557706773281,0.004169023595750332,0.007644534111022949,,,,,,,,,,,,,,,,,,,,,,,,
831,76.463389066,1779094177.2574427,812,0.011894535273313522,0.004267253912985325,0.00762728089466691,,,,,,,,,,,,,,,,,,,,,,,,
832,76.517302551,1779094177.3112226,813,0.011984296143054962,0.0043393829837441444,0.00764491269364953,,,,,,,,,,,,,,,,,,,,,,,,
833,76.57337701,1779094177.36741,814,0.011862433515489101,0.004225905053317547,0.0076365284621715546,,,,,,,,,,,,,,,,,,,,,,,,
834,76.62675811,1779094177.4207637,815,0.011933375149965286,0.004287454299628735,0.007645920384675264,,,,,,,,,,,,,,,,,,,,,,,,
835,76.680671668,1779094177.474684,816,0.012000609189271927,0.004343551583588123,0.007657057140022516,,,,,,,,,,,,,,,,,,,,,,,,
836,76.734078869,1779094177.5280876,817,0.01193496584892273,0.004284517373889685,0.007650448475033045,,,,,,,,,,,,,,,,,,,,,,,,
837,76.787464159,1779094177.581496,818,0.011799672618508339,0.004132336471229792,0.007667336612939835,,,,,,,,,,,,,,,,,,,,,,,,
838,76.842358762,1779094177.6363645,819,0.01156759262084961,0.0039109131321311,0.007656679954379797,,,,,,,,,,,,,,,,,,,,,,,,
839,76.895700867,1779094177.6896443,820,0.012098691426217556,0.004432746209204197,0.007665945217013359,,,,,,,,,,,,,,,,,,,,,,,,
840,76.949988676,1779094177.7439928,821,0.011743856593966484,0.004073411226272583,0.007670444902032614,,,,,,,,,,,,,,,,,,,,,,,,
841,77.006084067,1779094177.800216,822,0.012443244457244873,0.0047610667534172535,0.007682178169488907,,,,,,,,,,,,,,,,,,,,,,,,
842,77.0607209,1779094177.8547733,823,0.01180010661482811,0.004134763032197952,0.007665344048291445,,,,,,,,,,,,,,,,,,,,,,,,
843,77.117252049,1779094177.911353,824,0.011598952114582062,0.003921281546354294,0.007677671033889055,,,,,,,,,,,,,,,,,,,,,,,,
844,77.171673264,1779094177.9656878,825,0.011883157305419445,0.004208043217658997,0.0076751140877604485,,,,,,,,,,,,,,,,,,,,,,,,
845,77.228526012,1779094178.022638,826,0.011891638860106468,0.004193220753222704,0.007698417641222477,,,,,,,,,,,,,,,,,,,,,,,,
846,77.284429523,1779094178.0783143,827,0.011761313304305077,0.004076546989381313,0.007684766780585051,,,,,,,,,,,,,,,,,,,,,,,,
847,77.339714574,1779094178.1338797,828,0.011895247735083103,0.004233641549944878,0.0076616061851382256,,,,,,,,,,,,,,,,,,,,,,,,
848,77.394719451,1779094178.1887238,829,0.01179807074368,0.00409608194604516,0.00770198879763484,,,,,,,,,,,,,,,,,,,,,,,,
849,77.4526322,1779094178.2466712,830,0.011906225234270096,0.004210018552839756,0.00769620668143034,,,,,,,,,,,,,,,,,,,,,,,,
850,77.510108343,1779094178.3041024,831,0.012177664786577225,0.004475269466638565,0.00770239531993866,,,,,,,,,,,,,,,,,,,,,,,,
851,77.564559734,1779094178.3586125,832,0.01183057390153408,0.0041081467643380165,0.007722427137196064,,,,,,,,,,,,,,,,,,,,,,,,
852,77.622326549,1779094178.4163346,833,0.01151358149945736,0.003820485435426235,0.007693096529692411,,,,,,,,,,,,,,,,,,,,,,,,
853,77.681252689,1779094178.4753435,834,0.012119820341467857,0.004416304640471935,0.007703515235334635,,,,,,,,,,,,,,,,,,,,,,,,
854,77.736965225,1779094178.5309887,835,0.012280733324587345,0.004564463160932064,0.007716270163655281,,,,,,,,,,,,,,,,,,,,,,,,
855,77.791756675,1779094178.5857973,836,0.011761415749788284,0.0040709758177399635,0.007690440397709608,,,,,,,,,,,,,,,,,,,,,,,,
856,77.844456054,1779094178.6385584,837,0.011601831763982773,0.0039138030260801315,0.007688028737902641,,,,,,,,,,,,,,,,,,,,,,,,
857,77.901031745,1779094178.695123,838,0.011764975264668465,0.004047375172376633,0.007717600092291832,,,,,,,,,,,,,,,,,,,,,,,,
858,77.954195018,1779094178.7482529,839,0.012115195393562317,0.004396720323711634,0.007718475069850683,,,,,,,,,,,,,,,,,,,,,,,,
859,78.008041354,1779094178.8020957,840,0.012182607315480709,0.004468181636184454,0.007714425679296255,,,,,,,,,,,,,,,,,,,,,,,,
860,79.381678156,1779094180.1749432,840,,,,0.004009939264506102,0.010285244323313236,0.024268023669719696,0.04252639040350914,0.014466546475887299,0.00795660074800253,0.00795659702271223,0.007233268115669489,0.014466546475887299,0.011861511506140232,0.016181929036974907,0.02233707159757614,0.004009939264506102,0.005992467049509287,0.0076634869910776615,0.009096432477235794,0.014466546475887299,0.02278480865061283,0.02754097431898117,0.0319259874522686,0.014466546475887299,0.03978300094604492,0.07956600189208984,0.14466546475887299
861,79.451775251,1779094180.2458591,841,0.012016220018267632,0.004294268786907196,0.007721951697021723,,,,,,,,,,,,,,,,,,,,,,,,
862,79.508019091,1779094180.3020678,842,0.011674096807837486,0.003953857347369194,0.007720238994807005,,,,,,,,,,,,,,,,,,,,,,,,
863,79.564317264,1779094180.3582306,843,0.01149042695760727,0.0037625893019139767,0.007727837190032005,,,,,,,,,,,,,,,,,,,,,,,,
864,79.618518145,1779094180.4125912,844,0.011708623729646206,0.003971979953348637,0.007736643776297569,,,,,,,,,,,,,,,,,,,,,,,,
865,79.672088473,1779094180.4662538,845,0.011681921780109406,0.003957840614020824,0.007724081166088581,,,,,,,,,,,,,,,,,,,,,,,,
866,79.727110278,1779094180.521208,846,0.011717836372554302,0.003988306969404221,0.007729529403150082,,,,,,,,,,,,,,,,,,,,,,,,
867,79.780383878,1779094180.5744622,847,0.011984621174633503,0.004239560104906559,0.007745061069726944,,,,,,,,,,,,,,,,,,,,,,,,
868,79.834253289,1779094180.6284428,848,0.011887251399457455,0.004143815953284502,0.007743435446172953,,,,,,,,,,,,,,,,,,,,,,,,
869,79.889001457,1779094180.6830144,849,0.011997954919934273,0.004244823940098286,0.007753131445497274,,,,,,,,,,,,,,,,,,,,,,,,
870,79.942396116,1779094180.736427,850,0.011420508846640587,0.003682405687868595,0.007738103158771992,,,,,,,,,,,,,,,,,,,,,,,,
871,79.996473427,1779094180.7904925,851,0.011788908392190933,0.004049115348607302,0.0077397930435836315,,,,,,,,,,,,,,,,,,,,,,,,
872,80.05191127,1779094180.8459957,852,0.012278190813958645,0.0045010000467300415,0.007777190767228603,,,,,,,,,,,,,,,,,,,,,,,,
873,80.105011653,1779094180.8990703,853,0.0117015540599823,0.003980805166065693,0.007720748893916607,,,,,,,,,,,,,,,,,,,,,,,,
874,80.160969803,1779094180.955033,854,0.011738819070160389,0.0039903586730360985,0.0077484603971242905,,,,,,,,,,,,,,,,,,,,,,,,
875,80.21544959,1779094181.0094104,855,0.01167380716651678,0.003912221174687147,0.007761585991829634,,,,,,,,,,,,,,,,,,,,,,,,
876,80.269980753,1779094181.0640476,856,0.012098663486540318,0.004346790723502636,0.007751872763037682,,,,,,,,,,,,,,,,,,,,,,,,
877,80.324129334,1779094181.1181862,857,0.011885061860084534,0.004152601584792137,0.007732459809631109,,,,,,,,,,,,,,,,,,,,,,,,
878,80.377344884,1779094181.171409,858,0.011779085732996464,0.004022473469376564,0.0077566122636199,,,,,,,,,,,,,,,,,,,,,,,,
879,80.431970304,1779094181.2259126,859,0.011831231415271759,0.004077906254678965,0.007753324694931507,,,,,,,,,,,,,,,,,,,,,,,,
880,80.48636827,1779094181.2804546,860,0.012033725157380104,0.00426118541508913,0.007772540207952261,,,,,,,,,,,,,,,,,,,,,,,,
881,80.541367768,1779094181.3355403,861,0.011924123391509056,0.0041550942696630955,0.007769029587507248,,,,,,,,,,,,,,,,,,,,,,,,
882,80.605292439,1779094181.3992488,862,0.0120671596378088,0.004301710985600948,0.007765449117869139,,,,,,,,,,,,,,,,,,,,,,,,
883,80.661637348,1779094181.4559948,863,0.011841928586363792,0.004085126332938671,0.007756802253425121,,,,,,,,,,,,,,,,,,,,,,,,
884,80.71936758,1779094181.5137558,864,0.011617625132203102,0.003821549704298377,0.007796075195074081,,,,,,,,,,,,,,,,,,,,,,,,
885,80.773573178,1779094181.5677543,865,0.011734206229448318,0.003948099445551634,0.007786106783896685,,,,,,,,,,,,,,,,,,,,,,,,
886,80.828702281,1779094181.6229799,866,0.011645672842860222,0.003861847100779414,0.007783825509250164,,,,,,,,,,,,,,,,,,,,,,,,
887,80.881946942,1779094181.676178,867,0.012141699902713299,0.00437804963439703,0.007763650268316269,,,,,,,,,,,,,,,,,,,,,,,,
888,80.937502481,1779094181.731721,868,0.011760561726987362,0.003985184244811535,0.007775377482175827,,,,,,,,,,,,,,,,,,,,,,,,
889,80.989731905,1779094181.783951,869,0.012021368369460106,0.004221796989440918,0.007799571845680475,,,,,,,,,,,,,,,,,,,,,,,,
890,81.044607003,1779094181.8388934,870,0.011881593614816666,0.0041028717532753944,0.007778721395879984,,,,,,,,,,,,,,,,,,,,,,,,
891,81.099612349,1779094181.8937201,871,0.011641329154372215,0.00385451503098011,0.007786814123392105,,,,,,,,,,,,,,,,,,,,,,,,
892,81.155232267,1779094181.9494421,872,0.011680485680699348,0.0038951141759753227,0.007785371039062738,,,,,,,,,,,,,,,,,,,,,,,,
893,81.208976454,1779094182.003198,873,0.011292063631117344,0.003510603215545416,0.007781460415571928,,,,,,,,,,,,,,,,,,,,,,,,
894,81.262051781,1779094182.0563023,874,0.011613160371780396,0.0037974026054143906,0.007815757766366005,,,,,,,,,,,,,,,,,,,,,,,,
895,81.31550288,1779094182.1097503,875,0.011697670444846153,0.003915542736649513,0.007782128173857927,,,,,,,,,,,,,,,,,,,,,,,,
896,81.369551718,1779094182.1637878,876,0.01193401962518692,0.004127122461795807,0.007806896697729826,,,,,,,,,,,,,,,,,,,,,,,,
897,81.424927065,1779094182.2191617,877,0.011601492762565613,0.0038158195093274117,0.007785673253238201,,,,,,,,,,,,,,,,,,,,,,,,
898,81.478120213,1779094182.2723582,878,0.011626359075307846,0.003818247467279434,0.0078081111423671246,,,,,,,,,,,,,,,,,,,,,,,,
899,81.53237116,1779094182.3265824,879,0.011499874293804169,0.003704388625919819,0.007795486133545637,,,,,,,,,,,,,,,,,,,,,,,,
900,81.584648967,1779094182.3788831,880,0.011839678511023521,0.004031195770949125,0.007808482274413109,,,,,,,,,,,,,,,,,,,,,,,,
901,82.919205168,1779094183.7130315,880,,,,0.004009939264506102,0.010285244323313236,0.023363865911960602,0.04252639040350914,0.014466546475887299,0.00795660074800253,0.007775765378028154,0.007233268115669489,0.014466546475887299,0.011861511506140232,0.015874862670898438,0.022330783307552338,0.004009939264506102,0.005992467049509287,0.007580453529953957,0.009096268564462662,0.014466546475887299,0.02278480865061283,0.027406785637140274,0.03193015232682228,0.014466546475887299,0.03978300094604492,0.07775768637657166,0.14466546475887299
902,83.011361336,1779094183.8057168,881,0.011657209135591984,0.003817933611571789,0.007839275524020195,,,,,,,,,,,,,,,,,,,,,,,,
903,83.086398953,1779094183.8803666,882,0.01184976939111948,0.004027798771858215,0.007821970619261265,,,,,,,,,,,,,,,,,,,,,,,,
904,83.140320123,1779094183.9343605,883,0.011379485949873924,0.0035398986656218767,0.007839587517082691,,,,,,,,,,,,,,,,,,,,,,,,
905,83.196260201,1779094183.9903336,884,0.011859185062348843,0.00404970720410347,0.007809477858245373,,,,,,,,,,,,,,,,,,,,,,,,
906,83.250123886,1779094184.0441592,885,0.011421301402151585,0.0036033301148563623,0.007817971520125866,,,,,,,,,,,,,,,,,,,,,,,,
907,83.305955014,1779094184.100004,886,0.011324568651616573,0.0034774309024214745,0.007847137749195099,,,,,,,,,,,,,,,,,,,,,,,,
908,83.359323852,1779094184.1533833,887,0.011849295347929,0.004021776840090752,0.00782751850783825,,,,,,,,,,,,,,,,,,,,,,,,
909,83.41368245,1779094184.2077224,888,0.011423313990235329,0.003592920023947954,0.007830394431948662,,,,,,,,,,,,,,,,,,,,,,,,
910,83.468905034,1779094184.2629561,889,0.012259891256690025,0.004400231409817934,0.007859660312533379,,,,,,,,,,,,,,,,,,,,,,,,
911,83.522692364,1779094184.3167546,890,0.011735128238797188,0.0038953793700784445,0.0078397486358881,,,,,,,,,,,,,,,,,,,,,,,,
912,83.57699619,1779094184.3710406,891,0.011673222295939922,0.0038301609456539154,0.007843061350286007,,,,,,,,,,,,,,,,,,,,,,,,
913,83.631598064,1779094184.4257007,892,0.011592404916882515,0.0037644109688699245,0.007827994413673878,,,,,,,,,,,,,,,,,,,,,,,,
914,83.687297442,1779094184.481362,893,0.011753829196095467,0.003882483346387744,0.007871345616877079,,,,,,,,,,,,,,,,,,,,,,,,
915,83.742092976,1779094184.5362227,894,0.011739592999219894,0.00388849014416337,0.007851102389395237,,,,,,,,,,,,,,,,,,,,,,,,
916,83.794881964,1779094184.5890062,895,0.011496705934405327,0.0036657103337347507,0.007830996066331863,,,,,,,,,,,,,,,,,,,,,,,,
917,83.848833841,1779094184.6428685,896,0.011727487668395042,0.0038821701891720295,0.007845317013561726,,,,,,,,,,,,,,,,,,,,,,,,
918,83.904101325,1779094184.6981604,897,0.011456787586212158,0.003609134815633297,0.007847652770578861,,,,,,,,,,,,,,,,,,,,,,,,
919,83.95789408,1779094184.7519515,898,0.011705655604600906,0.003839666023850441,0.007865989580750465,,,,,,,,,,,,,,,,,,,,,,,,
920,84.013152087,1779094184.807212,899,0.011686303652822971,0.0038516316562891006,0.00783467199653387,,,,,,,,,,,,,,,,,,,,,,,,
921,84.065937864,1779094184.860012,900,0.011418653652071953,0.003567327279597521,0.007851325906813145,,,,,,,,,,,,,,,,,,,,,,,,
922,84.11932233,1779094184.9134612,901,0.01141326129436493,0.003566047642379999,0.007847214117646217,,,,,,,,,,,,,,,,,,,,,,,,
923,84.174126104,1779094184.9682615,902,0.011345196515321732,0.00347283692099154,0.007872359827160835,,,,,,,,,,,,,,,,,,,,,,,,
924,84.227604007,1779094185.0217288,903,0.011564768850803375,0.003727494040504098,0.007837275043129921,,,,,,,,,,,,,,,,,,,,,,,,
925,84.282295895,1779094185.0764515,904,0.011964138597249985,0.004086934495717287,0.00787720363587141,,,,,,,,,,,,,,,,,,,,,,,,
926,84.337225129,1779094185.1314204,905,0.011520125903189182,0.0036671028938144445,0.007853022776544094,,,,,,,,,,,,,,,,,,,,,,,,
927,84.390285533,1779094185.1844306,906,0.01138671487569809,0.003541178535670042,0.007845536805689335,,,,,,,,,,,,,,,,,,,,,,,,
928,84.445041036,1779094185.2391207,907,0.011418853886425495,0.003550359047949314,0.007868494838476181,,,,,,,,,,,,,,,,,,,,,,,,
929,84.499626915,1779094185.293715,908,0.011596332304179668,0.0037421726156026125,0.0078541599214077,,,,,,,,,,,,,,,,,,,,,,,,
930,84.553812848,1779094185.347807,909,0.01186743751168251,0.003991594538092613,0.007875842973589897,,,,,,,,,,,,,,,,,,,,,,,,
931,84.609630597,1779094185.4036613,910,0.011697919107973576,0.003801634768024087,0.007896284572780132,,,,,,,,,,,,,,,,,,,,,,,,
932,84.663156053,1779094185.4572408,911,0.011478706263005733,0.003592767519876361,0.007885938510298729,,,,,,,,,,,,,,,,,,,,,,,,
933,84.718212707,1779094185.5123146,912,0.011686730198562145,0.0038091596215963364,0.007877570576965809,,,,,,,,,,,,,,,,,,,,,,,,
934,84.772556835,1779094185.5665882,913,0.011642085388302803,0.0037864595651626587,0.007855625823140144,,,,,,,,,,,,,,,,,,,,,,,,
935,84.826795161,1779094185.6208868,914,0.01171036995947361,0.003808063454926014,0.007902306504547596,,,,,,,,,,,,,,,,,,,,,,,,
936,84.881157839,1779094185.6753142,915,0.011450537480413914,0.0035808777902275324,0.007869659923017025,,,,,,,,,,,,,,,,,,,,,,,,
937,84.934494748,1779094185.7285142,916,0.011280518025159836,0.003406552132219076,0.007873965427279472,,,,,,,,,,,,,,,,,,,,,,,,
938,84.988034786,1779094185.7820563,917,0.011707145720720291,0.0038076352793723345,0.0078995106741786,,,,,,,,,,,,,,,,,,,,,,,,
939,85.043575709,1779094185.837608,918,0.011266564950346947,0.0033653290010988712,0.007901235483586788,,,,,,,,,,,,,,,,,,,,,,,,
940,85.09695072,1779094185.8909688,919,0.011456030420958996,0.003583923913538456,0.00787210650742054,,,,,,,,,,,,,,,,,,,,,,,,
941,85.152233631,1779094185.9462786,920,0.011547940783202648,0.003622381016612053,0.007925559766590595,,,,,,,,,,,,,,,,,,,,,,,,
942,86.751058634,1779094187.544343,920,,,,0.004009939264506102,0.010285244323313236,0.023363865911960602,0.0423254631459713,0.014466546475887299,0.00795660074800253,0.007775765378028154,0.007142852991819382,0.014466546475887299,0.011861511506140232,0.015874862670898438,0.02224043197929859,0.004009939264506102,0.005992467049509287,0.007580453529953957,0.009084182791411877,0.014466546475887299,0.02278480865061283,0.027406785637140274,0.03190794959664345,0.014466546475887299,0.03978300094604492,0.07775768637657166,0.1428571492433548
943,86.822388612,1779094187.6163988,921,0.011409059166908264,0.003508117515593767,0.00790094118565321,,,,,,,,,,,,,,,,,,,,,,,,
944,86.87804799,1779094187.6720545,922,0.011252351105213165,0.0033644256182014942,0.007887925021350384,,,,,,,,,,,,,,,,,,,,,,,,
945,86.933417852,1779094187.7274852,923,0.011666727252304554,0.0037379711866378784,0.007928756065666676,,,,,,,,,,,,,,,,,,,,,,,,
946,86.98964188,1779094187.7836382,924,0.011382660828530788,0.0034864649642258883,0.007896196097135544,,,,,,,,,,,,,,,,,,,,,,,,
947,87.04467088,1779094187.8386807,925,0.011487333104014397,0.003579349722713232,0.007907983846962452,,,,,,,,,,,,,,,,,,,,,,,,
948,87.10143958,1779094187.8954155,926,0.011603246442973614,0.003706958144903183,0.00789628829807043,,,,,,,,,,,,,,,,,,,,,,,,
949,87.15634913,1779094187.9503217,927,0.011670401319861412,0.0037378885317593813,0.007932513020932674,,,,,,,,,,,,,,,,,,,,,,,,
950,87.212645913,1779094188.006594,928,0.011519014835357666,0.003661847673356533,0.007857167162001133,,,,,,,,,,,,,,,,,,,,,,,,
951,87.266546259,1779094188.0605288,929,0.011720634065568447,0.0037956207524985075,0.007925013080239296,,,,,,,,,,,,,,,,,,,,,,,,
952,87.323052327,1779094188.1170514,930,0.011875443160533905,0.003958186134696007,0.007917257025837898,,,,,,,,,,,,,,,,,,,,,,,,
953,87.378083349,1779094188.1721382,931,0.012026210315525532,0.0041014039888978004,0.007924806326627731,,,,,,,,,,,,,,,,,,,,,,,,
954,87.435280363,1779094188.2292898,932,0.011434024199843407,0.003533788491040468,0.007900235243141651,,,,,,,,,,,,,,,,,,,,,,,,
955,87.489686165,1779094188.2837772,933,0.011394878849387169,0.003466873662546277,0.007928005419671535,,,,,,,,,,,,,,,,,,,,,,,,
956,87.546091221,1779094188.3401244,934,0.011392360553145409,0.0034739202819764614,0.007918440736830235,,,,,,,,,,,,,,,,,,,,,,,,
957,87.600983925,1779094188.3949914,935,0.011834978125989437,0.003914756700396538,0.0079202214255929,,,,,,,,,,,,,,,,,,,,,,,,
958,87.65729285,1779094188.4512982,936,0.011884879320859909,0.0039487117901444435,0.007936167530715466,,,,,,,,,,,,,,,,,,,,,,,,
959,87.711220322,1779094188.505318,937,0.011432751081883907,0.0034957334864884615,0.00793701782822609,,,,,,,,,,,,,,,,,,,,,,,,
960,87.768142119,1779094188.5621405,938,0.011780994012951851,0.003832282032817602,0.007948711514472961,,,,,,,,,,,,,,,,,,,,,,,,
961,87.825815921,1779094188.6196463,939,0.011630360968410969,0.0037132075522094965,0.007917153649032116,,,,,,,,,,,,,,,,,,,,,,,,
962,87.883063733,1779094188.6770632,940,0.011193900369107723,0.003220790298655629,0.007973110303282738,,,,,,,,,,,,,,,,,,,,,,,,
963,87.939203696,1779094188.7332232,941,0.011365357786417007,0.003403664566576481,0.007961693219840527,,,,,,,,,,,,,,,,,,,,,,,,
964,87.9943699,1779094188.7883725,942,0.011939738877117634,0.003969542682170868,0.007970196194946766,,,,,,,,,,,,,,,,,,,,,,,,
965,88.051323088,1779094188.8453193,943,0.011741001158952713,0.003776341211050749,0.007964659482240677,,,,,,,,,,,,,,,,,,,,,,,,
966,88.105816323,1779094188.8998344,944,0.011528698727488518,0.0035745040513575077,0.007954194210469723,,,,,,,,,,,,,,,,,,,,,,,,
967,88.162485006,1779094188.9565146,945,0.011582151055335999,0.0036034826189279556,0.007978668436408043,,,,,,,,,,,,,,,,,,,,,,,,
968,88.217005656,1779094189.0109782,946,0.011647158302366734,0.0037007834762334824,0.007946374826133251,,,,,,,,,,,,,,,,,,,,,,,,
969,88.273583115,1779094189.0675848,947,0.011254671961069107,0.003313184715807438,0.00794148724526167,,,,,,,,,,,,,,,,,,,,,,,,
970,88.328140892,1779094189.1221797,948,0.011071734130382538,0.003123305505141616,0.007948428392410278,,,,,,,,,,,,,,,,,,,,,,,,
971,88.384220081,1779094189.1782994,949,0.011370359919965267,0.0034060196485370398,0.007964340038597584,,,,,,,,,,,,,,,,,,,,,,,,
972,88.437993225,1779094189.2320945,950,0.01121427770704031,0.00327395461499691,0.0079403230920434,,,,,,,,,,,,,,,,,,,,,,,,
973,88.493587267,1779094189.2876313,951,0.011620155535638332,0.0036757057532668114,0.007944449782371521,,,,,,,,,,,,,,,,,,,,,,,,
974,88.54678195,1779094189.3409555,952,0.011442242190241814,0.003488632384687662,0.007953609339892864,,,,,,,,,,,,,,,,,,,,,,,,
975,88.601005191,1779094189.3950758,953,0.011250592768192291,0.003311797510832548,0.007938794791698456,,,,,,,,,,,,,,,,,,,,,,,,
976,88.655683626,1779094189.4498174,954,0.01110425777733326,0.0031350513454526663,0.00796920619904995,,,,,,,,,,,,,,,,,,,,,,,,
977,88.708381163,1779094189.5024948,955,0.011696734465658665,0.0037197035271674395,0.007977031171321869,,,,,,,,,,,,,,,,,,,,,,,,
978,88.763256431,1779094189.5573435,956,0.01116785779595375,0.003207789035513997,0.007960068993270397,,,,,,,,,,,,,,,,,,,,,,,,
979,88.818048467,1779094189.6121361,957,0.011748500168323517,0.0037531345151364803,0.007995366118848324,,,,,,,,,,,,,,,,,,,,,,,,
980,88.871003769,1779094189.6650822,958,0.011501865461468697,0.0035390257835388184,0.007962839677929878,,,,,,,,,,,,,,,,,,,,,,,,
981,88.924835563,1779094189.7189648,959,0.011482510715723038,0.0035189837217330933,0.007963526993989944,,,,,,,,,,,,,,,,,,,,,,,,
982,88.98505638500001,1779094189.7790625,960,0.011342590674757957,0.0033925031311810017,0.007950088009238243,,,,,,,,,,,,,,,,,,,,,,,,
983,90.387202649,1779094191.1806083,960,,,,0.004009939264506102,0.009833165444433689,0.022761093452572823,0.041421305388212204,0.014466546475887299,0.0075949374586343765,0.007594933733344078,0.006962021347135305,0.014466546475887299,0.011539829894900322,0.015565275214612484,0.021856026723980904,0.004009939264506102,0.0058568427339196205,0.007463295012712479,0.008962192572653294,0.014466546475887299,0.022332729771733284,0.027087461203336716,0.031585127115249634,0.014466546475887299,0.037974681705236435,0.07594936341047287,0.13924050331115723
984,90.456138927,1779094191.2500572,961,0.011236908845603466,0.0032643687445670366,0.007972540333867073,,,,,,,,,,,,,,,,,,,,,,,,
985,90.513012838,1779094191.3069508,962,0.011190198361873627,0.003220480401068926,0.007969717495143414,,,,,,,,,,,,,,,,,,,,,,,,
986,90.568886347,1779094191.3629398,963,0.011371774598956108,0.003388717770576477,0.007983056828379631,,,,,,,,,,,,,,,,,,,,,,,,
987,90.625584802,1779094191.4195693,964,0.011519073508679867,0.003521990031003952,0.007997083477675915,,,,,,,,,,,,,,,,,,,,,,,,
988,90.681055712,1779094191.4751153,965,0.011044113896787167,0.0030693283770233393,0.007974785752594471,,,,,,,,,,,,,,,,,,,,,,,,
989,90.735639843,1779094191.5296526,966,0.01167340949177742,0.0036803188268095255,0.007993090897798538,,,,,,,,,,,,,,,,,,,,,,,,
990,90.791753436,1779094191.5859478,967,0.01127512939274311,0.003274101298302412,0.008001027628779411,,,,,,,,,,,,,,,,,,,,,,,,
991,90.846142263,1779094191.6402156,968,0.01139765977859497,0.0033754524774849415,0.008022207766771317,,,,,,,,,,,,,,,,,,,,,,,,
992,90.89954701,1779094191.693632,969,0.011250472627580166,0.0032693410757929087,0.0079811317846179,,,,,,,,,,,,,,,,,,,,,,,,
993,90.953975436,1779094191.7480533,970,0.011204322800040245,0.003198391292244196,0.008005931973457336,,,,,,,,,,,,,,,,,,,,,,,,
994,91.005660055,1779094191.799736,971,0.011262359097599983,0.0032470091246068478,0.008015350438654423,,,,,,,,,,,,,,,,,,,,,,,,
995,91.057600629,1779094191.8518152,972,0.011768912896513939,0.003763688961043954,0.008005224168300629,,,,,,,,,,,,,,,,,,,,,,,,
996,91.110466729,1779094191.9045968,973,0.011519456282258034,0.0035104588605463505,0.008008996956050396,,,,,,,,,,,,,,,,,,,,,,,,
997,91.164858215,1779094191.9589155,974,0.011066353879868984,0.0030831722542643547,0.00798318162560463,,,,,,,,,,,,,,,,,,,,,,,,
998,91.218934725,1779094192.0129523,975,0.011242673732340336,0.0032267551869153976,0.008015918545424938,,,,,,,,,,,,,,,,,,,,,,,,
999,91.273431073,1779094192.0674553,976,0.01122951041907072,0.0032345426734536886,0.007994967512786388,,,,,,,,,,,,,,,,,,,,,,,,
1000,91.329450284,1779094192.1234477,977,0.011614285409450531,0.003599833231419325,0.008014451712369919,,,,,,,,,,,,,,,,,,,,,,,,
1001,91.383769609,1779094192.177877,978,0.011896245181560516,0.003878300543874502,0.008017944172024727,,,,,,,,,,,,,,,,,,,,,,,,
1002,91.439096676,1779094192.2331161,979,0.011268064379692078,0.0032521034590899944,0.00801596138626337,,,,,,,,,,,,,,,,,,,,,,,,
1003,91.492612333,1779094192.2866902,980,0.011379432864487171,0.003341827541589737,0.008037605322897434,,,,,,,,,,,,,,,,,,,,,,,,
1004,91.549762003,1779094192.3437784,981,0.011504932306706905,0.0034741328563541174,0.008030799217522144,,,,,,,,,,,,,,,,,,,,,,,,
1005,91.602944612,1779094192.3969338,982,0.011435730382800102,0.0034146071411669254,0.00802112277597189,,,,,,,,,,,,,,,,,,,,,,,,
1006,91.658529094,1779094192.4524739,983,0.011042827740311623,0.0030208146199584007,0.008022013120353222,,,,,,,,,,,,,,,,,,,,,,,,
1007,91.715132618,1779094192.509109,984,0.011572776362299919,0.0035581649281084538,0.008014610968530178,,,,,,,,,,,,,,,,,,,,,,,,
1008,91.769947156,1779094192.5639024,985,0.011065088212490082,0.0030425232835114002,0.008022564463317394,,,,,,,,,,,,,,,,,,,,,,,,
1009,91.824042476,1779094192.6181798,986,0.011383190751075745,0.0033625855576246977,0.008020604960620403,,,,,,,,,,,,,,,,,,,,,,,,
1010,91.879219252,1779094192.6731906,987,0.011177544482052326,0.0031537211034446955,0.008023823611438274,,,,,,,,,,,,,,,,,,,,,,,,
1011,91.935148948,1779094192.7291443,988,0.0111133037135005,0.0030895257368683815,0.008023777976632118,,,,,,,,,,,,,,,,,,,,,,,,
1012,91.988747616,1779094192.782757,989,0.01173487026244402,0.003705989569425583,0.008028880693018436,,,,,,,,,,,,,,,,,,,,,,,,
1013,92.044943102,1779094192.8389432,990,0.01129908673465252,0.003275336232036352,0.008023750968277454,,,,,,,,,,,,,,,,,,,,,,,,
1014,92.098861782,1779094192.8928366,991,0.01115216501057148,0.0031191285233944654,0.00803303625434637,,,,,,,,,,,,,,,,,,,,,,,,
1015,92.155454332,1779094192.9493945,992,0.011039931327104568,0.0030163056217134,0.008023625239729881,,,,,,,,,,,,,,,,,,,,,,,,
1016,92.209449807,1779094193.003431,993,0.011088903993368149,0.003070397535338998,0.008018506690859795,,,,,,,,,,,,,,,,,,,,,,,,
1017,92.266260305,1779094193.0602424,994,0.011431357823312283,0.003407001495361328,0.008024356327950954,,,,,,,,,,,,,,,,,,,,,,,,
1018,92.319966802,1779094193.1139543,995,0.011801586486399174,0.003762013278901577,0.008039573207497597,,,,,,,,,,,,,,,,,,,,,,,,
1019,92.375484713,1779094193.1695113,996,0.011433710344135761,0.003400578862056136,0.008033131249248981,,,,,,,,,,,,,,,,,,,,,,,,
1020,92.429725995,1779094193.2237165,997,0.011228986084461212,0.0031974613666534424,0.00803152471780777,,,,,,,,,,,,,,,,,,,,,,,,
1021,92.484624302,1779094193.278617,998,0.011081400327384472,0.003049731021746993,0.008031669072806835,,,,,,,,,,,,,,,,,,,,,,,,
1022,92.540636742,1779094193.334514,999,0.011748422868549824,0.0036649436224251986,0.008083479478955269,,,,,,,,,,,,,,,,,,,,,,,,
1023,92.596843002,1779094193.3908339,1000,0.011125556193292141,0.0030787361320108175,0.00804681982845068,,,,,,,,,,,,,,,,,,,,,,,,
1024,93.994212568,1779094194.787689,1000,,,,0.004009939264506102,0.009833165444433689,0.02396663837134838,0.04051714390516281,0.014466546475887299,0.0075949374586343765,0.00795659702271223,0.006871605291962624,0.014466546475887299,0.011490892618894577,0.0159973856061697,0.02159707061946392,0.004009939264506102,0.0058191693387925625,0.007546654436737299,0.008901648223400116,0.014466546475887299,0.022182036191225052,0.02732139639556408,0.031491946429014206,0.014466546475887299,0.037974681705236435,0.07956600189208984,0.13743218779563904
