user_id_original,item_id_original,time,user_id,item_id
446,outfit.7cc6bd8e645a41d2837976a0d09e3ca9,1570467600,0,0
7367,outfit.7ee7542297f944ecb49f4fe5b44728f7,1680454800,1,1
6696,outfit.e8e4d130fa3e4f108127dc74fd854a75,1621270800,2,2
1878,outfit.7395b78d10084aebb906f8f83bfd89cc,1658854800,3,3
4906,outfit.c929e1bd6aa940f7a34c16471389c460,1596042000,4,4
7411,outfit.6a8a9e4b00374d0e953550820b496573,1603990800,5,5
1374,outfit.1e4a3ce9976a4d9a9061c167255f3875,1601830800,6,6
6118,outfit.5862a9386cbc4ff29e9892f49274c243,1570467600,7,7
7101,outfit.f6e0ac328eac45939027a5dbf9d8a086,1618938000,8,8
5929,outfit.69510e71049843628dabe5ef896f1b04,1636909200,9,9
5459,outfit.aa76777d3b9d4073a342e2093e4ea1e2,1698166800,10,10
6118,outfit.5be908ebbb1a448e9b2655a0d7a78a2e,1571763600,7,11
3094,outfit.20ae7885d88441348ab7a255bcc2173e,1643821200,11,12
4674,outfit.d628edcdb5d743e09c72d3482c5df99c,1631120400,12,13
1942,outfit.1a05c2e6ba8c4de28923f683bef9c1ae,1596992400,13,14
2649,outfit.363a3d3fbf64484293b96404b1bdd504,1714582800,14,15
7152,outfit.7d5887278cfb479b8c92081dc85ad698,1607533200,15,16
6310,outfit.bcc71d0caf95dc33,1657126800,16,17
5224,outfit.70bfcd7059a248ba9b8337bad5ce56fa,1640883600,17,18
7371,outfit.8a458a93e4cd4214a520074f16d5b9fa,1596646800,18,19
2170,outfit.853ff9245b124c84bb0973a6065e64de,1716656400,19,20
1382,outfit.ade5433e25b54fbbb66a54f8fe113132,1627232400,20,21
5680,outfit.4b20b3ccd3cd41fe98d0225f47276e2c,1635094800,21,22
7244,outfit.2208707dcf134558b4d335f1e3534655,1628442000,22,23
1586,outfit.96f7210a2ae0aa93,1655312400,23,24
2040,outfit.ef9f1336091444cfb75dc29538ecbec9,1606669200,24,25
1237,outfit.f398680c9638415dbe02347d447dd922,1638723600,25,26
6318,outfit.bdc81580030648a48acd9e91046c3d44,1615914000,26,27
2796,outfit.a392c1d7863044a69bb57db560056b76,1653498000,27,28
1626,outfit.55d914792ebf4d18808eb0bd3ec70bb3,1676480400,28,29
3189,outfit.6dea8453a7dd4701830624eeea14bf9b,1666544400,29,30
6955,outfit.3fb6cd2d1f454b85937d1540dcf212f0,1711558800,30,31
3312,outfit.88a780cac1d40972,1599411600,31,32
6907,outfit.46fd30ba34534c96b133e88f257cb7e1,1657040400,32,33
416,outfit.ed0bda9223004815822e8eaff7b7688f,1699290000,33,34
6319,outfit.fbda7f830faf4caf9b0a085054f22e54,1638464400,34,35
572,outfit.b8c30d318f9d0554,1617555600,35,36
4463,outfit.ae3c94e801eb4aebb7c3714ec981521c,1695315600,36,37
7118,outfit.7cc6bd8e645a41d2837976a0d09e3ca9,1694624400,37,0
4073,outfit.b619b14568c94d46ac314ae0983703bd,1665248400,38,38
731,outfit.7d69ae2f5dc641bca0eed4b1dfc17ac8,1654707600,39,39
5844,outfit.bb2d50bdafd541558b88c10690b81375,1570640400,40,40
7114,outfit.202c5658aee14e4180cd074aa81842a1,1652547600,41,41
1735,outfit.897c161625314c1a993188bc0a5ca063,1632762000,42,42
3267,outfit.3f4efea108664d0fbdd0ebe5d724e275,1591894800,43,43
5695,outfit.d751f378f5214d2e941994a9ecc4b046,1620147600,44,44
675,outfit.908c317a79634a2f9f14d86283135c0b,1685638800,45,45
4638,outfit.0f9681d7171142aa84399d37dc7b4ed3,1633021200,46,46
2920,outfit.13b4586fba46462abebff1b7b145e499,1635872400,47,47
6118,outfit.5a7e3301a60341d0957331a181335cff,1573059600,7,48
4608,outfit.fdc3cdbad50644ad97fc0a903f967e15,1665680400,48,49
3749,outfit.29d43c48eee84539b3e1597c9cd55194,1616432400,49,50
2617,outfit.cc30aac83a794a269779fc0b2984abba,1606064400,50,51
2812,outfit.d720fa6c17bf4c688054cbda17336d6c,1674234000,51,52
3192,outfit.0ed1568a6b6545e4932bee98c84aa544,1639587600,52,53
4731,outfit.f11efd8c7b064175b4997b1ab65b5458,1670605200,53,54
1382,outfit.efeca2ca71b54ba49ec487475dfae85c,1621962000,20,55
3192,outfit.234ce093695f4773aba7287620cee9ca,1642352400,52,56
2617,outfit.eb630f8015044d9eafee621c3996c8a0,1603386000,50,57
3094,outfit.4431d4e34e6a4c0fba43aa50395893f7,1625590800,11,58
2833,outfit.944efade730744e38b3b678dae890f98,1633626000,54,59
2170,outfit.853ff9245b124c84bb0973a6065e64de,1650474000,19,20
4464,outfit.2386f5b10f544de1a8f7a53a4b3bb92f,1692378000,55,60
5617,outfit.be54589074780d08,1665939600,56,61
5459,outfit.086c9043a69b40659f1a510d8c47ef65,1684947600,10,62
6103,outfit.44e9f273236b4ecd8185e5853fb2ef34,1701968400,57,63
3521,outfit.64524dbb801942fb9b9b0b5853183177,1664902800,58,64
7118,outfit.7d5e7df1d7e44528bca8d9859759042d,1694624400,37,65
5760,outfit.78d16995b62e40d48f06a20dbf72d844,1646413200,59,66
4674,outfit.8f91b0422939117a,1599584400,12,67
4519,outfit.56663aaf60aa4b5c8267bed372c72677,1620925200,60,68
7100,outfit.bf5d4348f69b718f,1660669200,61,69
6526,outfit.1f495bf827154439abaeefcbd92449bc,1657299600,62,70
2400,outfit.4d15ca1915cf4639a9029a016640f7da,1661446800,63,71
5405,outfit.76443d6db496494dbb26ac275ecbdb3b,1674234000,64,72
3017,outfit.7d29eb8d2f0341b2a1c2eeb8c76416f4,1633366800,65,73
3649,outfit.77441845458641bcb87eb64f10b76c12,1594918800,66,74
1374,outfit.efcc5df981d74216b2cc1ba8c476db79,1609866000,6,75
560,outfit.5242edab1a064713b3c92f329d51b514,1655830800,67,76
3320,outfit.b1eeff303fb44f10a6c2ac36c0136514,1707411600,68,77
3308,outfit.b09e135ba34c46daaf3a5495dcec6e83,1640883600,69,78
4240,outfit.a3d27b283d42172d,1635267600,70,79
5342,outfit.9d9aa8d609db476783be7553a9bb706f,1651338000,71,80
3684,outfit.beb7edd11cd741538175c927a81cbf89,1698598800,72,81
1412,outfit.ae7389834f0c49c49b2ef43ff9cc1be9,1638810000,73,82
5914,outfit.1096c0a926c244b39b44ff523a6ad9e0,1595178000,74,83
1980,outfit.2d4ed8658aa045b29663902f1e0ce84a,1683997200,75,84
3041,outfit.d6241a805f5e4108abfbdbc9f58fcb23,1701795600,76,85
1390,outfit.15cfb487c7524654901872cba89af2bc,1630256400,77,86
6601,outfit.e3beae7266754b369fb289ece8c757ba,1714842000,78,87
3103,outfit.c7b2894a9f3c4c568f982ca6c89ea6d8,1622653200,79,88
215,outfit.439ff276a34d4993ad9cf68d06c67d96,1633021200,80,89
6988,outfit.8609dd7995e147efbdf631d515d34bed,1705597200,81,90
1586,outfit.d52f6e55c56a4d6ea952522543d06fbf,1626109200,23,91
658,outfit.cc30aac83a794a269779fc0b2984abba,1573750800,82,51
1735,outfit.0e35a8a758734c2b98adfc8630b4e029,1657990800,42,92
3094,outfit.4431d4e34e6a4c0fba43aa50395893f7,1666717200,11,58
4725,outfit.a6b9c3792d6a4ad4,1701104400,83,93
5318,outfit.a33786c65b0f40f78b8c15ac4748d862,1660669200,84,94
4463,outfit.cb29aca3f7be4551b07a9d1b02957e02,1689958800,36,95
5695,outfit.499d31bd36254c7191245e1d40745824,1598202000,44,96
3094,outfit.be3e7c4ec5718d36,1629910800,11,97
1374,outfit.8bfd655a8e4d2788,1604509200,6,98
4769,outfit.76443d6db496494dbb26ac275ecbdb3b,1610902800,85,72
272,outfit.a38554cc5999458397c5f190f0f3c38d,1689354000,86,99
4170,outfit.9bb6cde5e7d143db8e60793ec409d58b,1641142800,87,100
7411,outfit.badb81ea53ce4b62b54387b26501b6c9,1623690000,5,101
6885,outfit.8609dd7995e147efbdf631d515d34bed,1607619600,88,90
675,outfit.74013b892b4a4f75979af28137c31558,1635354000,45,102
4824,outfit.ac52d51d1863129e,1678035600,89,103
1735,outfit.31d5bc7c60334b9889e9ed768f05e578,1668618000,42,104
1896,outfit.9fbe0c9462e44696a73f5ffa75215ec0,1600275600,90,105
3189,outfit.2fe31ac153bc422c945294c342de95a2,1632157200,29,106
4404,outfit.f5e7d2d5b6524aa8afd7e9cc3a1ef67d,1660410000,91,107
6081,outfit.083b787389954cc09d79eab4ed0424a6,1602003600,92,108
2364,outfit.9f16b609a91c48e3,1612717200,93,109
4746,outfit.961a17ab05934b81a815e365bfe692d4,1662397200,94,110
1412,outfit.535d7a56f1a44289b93c6bd46f656d8f,1622998800,73,111
5812,outfit.37f5db61da1b4fb0a50472c1ddc442a4,1600189200,95,112
4404,outfit.1d0adb4c93e04425ae2f85e9efc54905,1647190800,91,113
454,outfit.611ba8f831e449f0a5bf0dfcc78e35a6,1641142800,96,114
3267,outfit.05a3c99a55404dc8984fde902ccaad18,1632070800,43,115
6284,outfit.95736bee85ac4163ad8a60e8e6a0ddf5,1639328400,97,116
6163,outfit.181629c720b548f4a77a22851f1fbbce,1682874000,98,117
7376,outfit.7f256b54c8ab4dbda7cb6cbc915c4ed7,1626714000,99,118
6955,outfit.e17a0df1f70743e590827d7df93bb7f4,1632070800,30,119
1008,outfit.e6abf593ad3949cd8a2b345ed4249ff6,1696006800,100,120
2759,outfit.f3067ef490224ffba4c9a8b16458c624,1638464400,101,121
5379,outfit.81ce5109e01d4b7b9f944a3baa35c4d6,1598202000,102,122
4943,outfit.bdf0b714576b2118,1605805200,103,123
7411,outfit.67d14062b639450faef4ae16726d3a50,1594314000,5,124
1586,outfit.2386f5b10f544de1a8f7a53a4b3bb92f,1644166800,23,60
5490,outfit.caee00d04a954a69a3cca9e02cf67440,1706374800,104,125
5531,outfit.abe970f711444589b6ce9e81bf35615d,1688662800,105,126
6834,outfit.203f5d33e7324d65a1d8175b3b910416,1656349200,106,127
6513,outfit.e5503fe6f5f243fc90c526bcdb75c942,1633280400,107,128
3533,outfit.929220a63bf843f99474bc2644fcb53d,1602522000,108,129
910,outfit.880e57b54f5e4f44b0b2e6ced12e8905,1601226000,109,130
3312,outfit.893fa92eb13185cf,1612112400,31,131
4194,outfit.37af7c19c13949819ca971b380a9f97c,1664816400,110,132
139,outfit.cdca688f6a2b48c598ce6c5459088301,1660582800,111,133
3721,outfit.253fb654ace04cbb9280e54d54b62ed8,1592326800,112,134
3017,outfit.cf2fa10de8ea412186fd6dd1f658e3ff,1638723600,65,135
825,outfit.dbfe1373a2f840979196fe10b912e0c5,1703178000,113,136
2649,outfit.0197563e06d44a0086f2cbe146a7ff7b,1698858000,14,137
6011,outfit.e9319dccf9234668a6951834dcaff863,1648746000,114,138
7371,outfit.372a132f8fe4463f8fdb8d7a8b3f5206,1653757200,18,139
1481,outfit.839e3ef745704a72a86272840cf862d4,1626282000,115,140
7041,outfit.e168a6a83cb445d7ac51819b190b8922,1641488400,116,141
55,outfit.8e3a6e9e196cfbc0,1646499600,117,142
2833,outfit.95c292eefaa5453bbb381c3117b7b152,1627837200,54,143
3846,outfit.944efade730744e38b3b678dae890f98,1609952400,118,59
3192,outfit.12ca1b6aaefb46af8208fe008f3eb4e3,1639587600,52,144
2833,outfit.e5503fe6f5f243fc90c526bcdb75c942,1638205200,54,128
4336,outfit.767ecbf6b9bb4969ad78de1a78dbf039,1661792400,119,145
6591,outfit.adb851b71e828162,1720458000,120,146
55,outfit.a33786c65b0f40f78b8c15ac4748d862,1654448400,117,94
1522,outfit.98a0bb3110de7f3e,1598547600,121,147
2170,outfit.3e47b084ad704fb5b25b38809fae38a7,1647795600,19,148
1517,outfit.fc774521956e43c1b7b989272f5dca23,1629392400,122,149
3175,outfit.3e2f71bc50a94158b8a7280408951627,1678208400,123,150
7070,outfit.95cf185dc27fb18b,1656867600,124,151
6965,outfit.0b544c65a87645459ce9844f749e178f,1657818000,125,152
4168,outfit.34bd3ce2dd644974b9e945a8d91d8bca,1611507600,126,153
2775,outfit.380abb0818d3434bab724eeef1f4de2a,1650906000,127,154
6429,outfit.94f96de6e74f4a51b85f15018f9ad0fa,1678899600,128,155
6592,outfit.57e0110f769d47ea863ebea78235fd23,1599066000,129,156
4656,outfit.9b7e2e060c874d3287c4cee69860679a,1685811600,130,157
4834,outfit.925b3a37354592ef,1656090000,131,158
2205,outfit.be3e7c4ec5718d36,1701363600,132,97
3477,outfit.bbd6ae88b44bfd29,1574614800,133,159
5852,outfit.d5dec0c3b00d49d991202de754c91ab7,1629738000,134,160
6798,outfit.29d43c48eee84539b3e1597c9cd55194,1663261200,135,50
3267,outfit.3260a6894aef41329983b153a3c022ed,1611075600,43,161
3577,outfit.656dc77e8bd948e6bc85d9284c79af19,1626022800,136,162
2071,outfit.89ce51a125971793,1637254800,137,163
2492,outfit.f27151c499074c518cb0400cd3f2795d,1708621200,138,164
5736,outfit.f11efd8c7b064175b4997b1ab65b5458,1700154000,139,54
6287,outfit.0a3e76e31d4e4cb9b1033fc93787943e,1570640400,140,165
1840,outfit.a32232b1ae5445e39801fd606d444610,1641402000,141,166
1526,outfit.aad989fc0422b4eb,1654016400,142,167
6372,outfit.207232e414dd46e5b7352becfd9e53e5,1590339600,143,168
7411,outfit.e6bbfedb420c40059c5a6515c0f94dfd,1620925200,5,169
6414,outfit.b1adfc4204c602e5,1644858000,144,170
2170,outfit.ce7d171c13174b21b05e2764491dc73d,1603213200,19,171
3848,outfit.00ec4faf65344485a80b53a650badc79,1623949200,145,172
6781,outfit.5df05df81eb54ba999e64c211780b556,1620752400,146,173
1374,outfit.326753f766be46ea82c771b041c4dd32,1620147600,6,174
5852,outfit.97228689c245bc79,1629219600,134,175
2687,outfit.a6c2cc1cde584657b1748339cee96a5a,1648832400,147,176
2273,outfit.fbb003446d3c40a3879b475502a7e104,1640883600,148,177
2022,outfit.da552355bfd04649a987a3881b99d09c,1679418000,149,178
4336,outfit.5c6bcfee583b4d7aa6fa807279637d59,1645981200,119,179
2500,outfit.b21aec5d36074eb790d69c5c40b7d77c,1689958800,150,180
6318,outfit.ec43e546a9d543ee8c15c07cb70608a9,1615914000,26,181
3624,outfit.e14ebf07096246dbb7bf4e241b4c5b32,1653670800,151,182
4834,outfit.e96d2e7204fb4c1ea24fe71b3f967e0c,1661360400,131,183
6118,outfit.90a6743a8ffb95ab,1570467600,7,184
825,outfit.8f91b0422939117a,1614531600,113,67
6907,outfit.4d91614bd70b4799a861fe5ea43db494,1709658000,32,185
3103,outfit.7f256b54c8ab4dbda7cb6cbc915c4ed7,1619974800,79,118
6592,outfit.abce86c0d08341ed96a999cb4425d840,1604422800,129,186
846,outfit.0d0727d0c03f453495eaa85dc17d382d,1611853200,152,187
560,outfit.5a4fb1545a1448fb970821a7bcb8c581,1650560400,67,188
3103,outfit.a83b27ea0df44e4d9773f8e7b5096ab9,1609866000,79,189
1735,outfit.a38554cc5999458397c5f190f0f3c38d,1657990800,42,99
3432,outfit.d40f6349368b4e47b521138ba35d8ebc,1640624400,153,190
4461,outfit.84cfd784c9dd4ad6,1638464400,154,191
2170,outfit.8e330b28328c4558a9523168b34d4d86,1658768400,19,192
6592,outfit.d3970e5f36ce440fb7ad9d7b74cc7f48,1599066000,129,193
4981,outfit.17753fa2c9914d659fe5432c2a06f1fa,1639328400,155,194
266,outfit.60dced53fd414aec99d569404f19c4ee,1701277200,156,195
6456,outfit.44c8e590e1df4f6ab23cf81b9ed39374,1703178000,157,196
7244,outfit.f23993293d944d1b9bf173ca5be1a409,1692982800,22,197
6965,outfit.9fbe0c9462e44696a73f5ffa75215ec0,1611507600,125,105
5118,outfit.abe450dff4d74a5ba0d20c3a5d55e409,1603213200,158,198
4819,outfit.38ef91e51ef14bb19df9094a40bcb7f7,1636304400,159,199
4819,outfit.95b998c29f9af2fd,1644598800,159,200
2812,outfit.978b0bd3e4cb9afa,1682010000,51,201
6977,outfit.f75f6043c5814e998e72b925ef7a21dd,1676394000,160,202
7152,outfit.e23577f8c36e4693879fd07fca0d0932,1605718800,15,203
3147,outfit.d8909288c79b4df6b6547aa381d360f1,1646586000,161,204
4603,outfit.9dc1abebc456d310,1642438800,162,205
2402,outfit.caee00d04a954a69a3cca9e02cf67440,1590080400,163,125
2833,outfit.7f44b4762bda4246a1aa7cd533047141,1643562000,54,206
675,outfit.9b7e2e060c874d3287c4cee69860679a,1706806800,45,157
416,outfit.c0fa278a2de845a8b72cc0f20ce18227,1601830800,33,207
3267,outfit.22e47ac833dc47889bf2c9bf6baed182,1666803600,43,208
86,outfit.31661e90877148d9bbe3846f087063f7,1639933200,164,209
5695,outfit.60a1072927ca4f13ae03d6f876c42cb3,1630515600,44,210
4404,outfit.a1efdc0d88774773957da6e703852211,1634576400,91,211
4258,outfit.3261057a0eba46f687d41af05ddee170,1665594000,165,212
4463,outfit.8ad1c89174094a26bd4cbcfdcad4aecc,1646586000,36,213
1232,outfit.6ee6ff4c35ca4e099c7272e8466af23d,1685466000,166,214
446,outfit.0fb3e70ac4cd4f60bbf584d3c075e8ed,1636045200,0,215
4564,outfit.d24b8b64d37f4ea29ccc8aeb0c1bbb2f,1635181200,167,216
7244,outfit.bd37bc0ed1857fb5,1650906000,22,217
6051,outfit.9b1b854fc8a535ae,1711990800,168,218
1390,outfit.6b1d1739830a4f3cbe5530716d9890a2,1653498000,77,219
2492,outfit.4688b412bce3457a9c1727fd38ab4a06,1687453200,138,220
3267,outfit.ae538ccb6bf14a858b0f66458e592872,1591894800,43,221
5778,outfit.8a9297abf702469b88dcdb1ce6cd35bd,1689613200,169,222
4218,outfit.654e48473404490fbb74d6a48db9ce9b,1658768400,170,223
1626,outfit.b6dfe60b7a8c421f9de22342860f17bc,1650042000,28,224
1237,outfit.85244edf68884b9fa35758fe33b84612,1646758800,25,225
4464,outfit.bb72f30cdb4246d1bc47ff8b17cf4162,1692378000,55,226
5657,outfit.774b95bb02cb4be0b92d2a232bdb8b0f,1649178000,171,227
1586,outfit.9c101c6da5bfc6e1,1681578000,23,228
2085,outfit.ec43e546a9d543ee8c15c07cb70608a9,1679763600,172,181
3521,outfit.3fb6cd2d1f454b85937d1540dcf212f0,1672851600,58,31
2205,outfit.ac5bdf39908e44dabf5536871716d1c9,1693501200,132,229
2223,outfit.2195858f2ed34268bfd5e45eb4ae50d7,1596992400,173,230
4674,outfit.173befabe7a14130b0e646ca4152150c,1610298000,12,231
1447,outfit.ada989bbc2322203,1648832400,174,232
4853,outfit.b45f71cef3bf96b3,1622480400,175,233
3028,outfit.cdc50f2c7fc54079a32bdf91b2d65e78,1639674000,176,234
272,outfit.925b3a37354592ef,1671037200,86,158
3189,outfit.1c78096241a04da2bb89cb692f3953b0,1646067600,29,235
2052,outfit.8f6c3fbd7db0400caaf95a95ab29a97d,1631552400,177,236
3684,outfit.dd04098010f74a67ac9bf82eeb4b976c,1703869200,72,237
606,outfit.9cd6c1a82e884a77b55b6113de55fea7,1643302800,178,238
2102,outfit.2a06aba4942f46359361633e8c1e9e59,1623085200,179,239
6036,outfit.4238aa017620494dbe0724f9b8f8f702,1664038800,180,240
1894,outfit.6962210a388343c2a203996ee7a30eb0,1605459600,181,241
7089,outfit.17753fa2c9914d659fe5432c2a06f1fa,1619974800,182,194
3649,outfit.2a307327642c41fda6f4f1b9d8a8080a,1597597200,66,242
2799,outfit.36462b7293ae423fb6b7180022cfcb58,1690390800,183,243
2485,outfit.5c3e94100ece4badabb0d1835ab78377,1643734800,184,244
2949,outfit.9481d2d7251be70f,1635181200,185,245
2831,outfit.925b3a37354592ef,1656262800,186,158
6955,outfit.2ead65a1ecf54c38a27bebc2bf47b9b1,1621443600,30,246
5680,outfit.422bc3cc7f6a429086cf8c49273ecd90,1629738000,21,247
4638,outfit.b6596a2ff7a748f3b9a67ac54db28b96,1662915600,46,248
3727,outfit.d6896eaf6b734f40943d6cce5d23c1e3,1623603600,187,249
6965,outfit.e17a0df1f70743e590827d7df93bb7f4,1660496400,125,119
6879,outfit.8cbb77c85f07443e9c2e6687e4131a45,1647277200,188,250
6429,outfit.b21aec5d36074eb790d69c5c40b7d77c,1678899600,128,180
4336,outfit.cd218662a26c4c29b372ed1563cf0ced,1653843600,119,251
5695,outfit.bc490bc7db204af498825badd2d59285,1604250000,44,252
1386,outfit.801f1b35886e42f6907ec4709420c7e3,1709571600,189,253
7048,outfit.f8e95f5fd1b641a4823ea3c6010e19cb,1635267600,190,254
3312,outfit.3a5aeafe771d488f84bc18af5db17114,1604595600,31,255
5733,outfit.8ad1c89174094a26bd4cbcfdcad4aecc,1670173200,191,213
1896,outfit.efbeb50344e54028b243698b3dd1b700,1608138000,90,256
6885,outfit.ba4ea8e459d0dfcb,1600016400,88,257
6284,outfit.820179fa25670e17,1668618000,97,258
572,outfit.c5a8b5900a2744589424bd5f8494497b,1617642000,35,259
606,outfit.a0a96262277c45ff82220ffe62a04f65,1656176400,178,260
3896,outfit.ae922e922588454591edca7cabf0db48,1672506000,192,261
2170,outfit.8c4d4f54e42a4ca391913811b6d17ab0,1650474000,19,262
2649,outfit.da552355bfd04649a987a3881b99d09c,1688230800,14,178
621,outfit.24f7bb6f025640bb9f3d5df253dbefb5,1610298000,193,263
5303,outfit.98fd2627236f7f19,1702746000,194,264
3312,outfit.176a117b3644491bb4ad187c4c5a0067,1625677200,31,265
6601,outfit.b26dea94dbd147919dbe9c6378c9c52f,1701709200,78,266
7270,outfit.2084ead8ec3c42fa83eb74b5e36d330f,1699203600,195,267
1412,outfit.048fe7f87ee34a4095f2141bd51e3b80,1649264400,73,268
6380,outfit.fb060da6c30143fd9735e8fd364910e0,1636650000,196,269
1626,outfit.df79806b22844eae8e38a61b63ffeee3,1652634000,28,270
361,outfit.9956752d78a44dea91307b82661d85aa,1661187600,197,271
4960,outfit.5241f5b777a147bbb786de5bd171be85,1696784400,198,272
1792,outfit.226376c162234c77ac8d2df07b262caa,1633021200,199,273
6318,outfit.9b440739a4ab0623,1600621200,26,274
1008,outfit.ccae6ec63d494a5eadd0d6b001597c42,1706634000,100,275
2475,outfit.6f6ace195ce44ccdbafbb72c1b4cde13,1632243600,200,276
3147,outfit.95a9732c69cb1e4c,1654534800,161,277
4464,outfit.c93e99cc15dc4420994f40954bf9d8a8,1697648400,55,278
2573,outfit.394609460a3549928924f3a0dc5a6e3d,1604509200,201,279
5695,outfit.28b064407198448db7149be19f0161f4,1604250000,44,280
6734,outfit.bbdd99b53f925ae3,1638464400,202,281
4817,outfit.f5cdd470173a4cbb913353aac985eebe,1598893200,203,282
6907,outfit.f32718341e9443d8a36121a8913ff304,1619974800,32,283
3924,outfit.ecd20396b6454329b80dd3a7f3d5c0c4,1687885200,204,284
4696,outfit.a7b955473f2248a8a818455cb08c9e79,1675702800,205,285
7400,outfit.d91c416ae1584028ba0c20f1329bbb97,1610298000,206,286
3896,outfit.0af9759a37b84904b1335e0847fcbb60,1669827600,192,287
1749,outfit.b0d5835cfb6f4f918690a79fd842e7a6,1702141200,207,288
5736,outfit.14b7969c5bef4051848ecc977eef38a2,1657990800,139,289
6371,outfit.d38e14c8ec254910be97725a7198f0fb,1603990800,208,290
6988,outfit.7b4f2169219844b0841ffb1a8c602ee2,1684429200,81,291
6977,outfit.066124b928d44087851ad9a0fe809510,1671037200,160,292
746,outfit.84a8c067a942482a8a358cfae822a3b1,1571590800,209,293
1336,outfit.cb29aca3f7be4551b07a9d1b02957e02,1705856400,210,95
4906,outfit.9f8b081ec48c605c,1596992400,4,294
454,outfit.0654b5aaef694f20ace802009972a59e,1654189200,96,295
1809,outfit.62d7da11abfd412185d3323c4ea67939,1647709200,211,296
5224,outfit.70b441e6ee444f86a12921f85e5c2002,1630515600,17,297
2329,outfit.25ff5e5ef4b541d79324a66515f1d89a,1663779600,212,298
4823,outfit.ad6f853b5c31b6f5,1719334800,213,299
1193,outfit.0e79f46fd9f344bdb7c714ffce9e98aa,1617814800,214,300
5330,outfit.a5a7231c342d45cca35cf536be58d63e,1644685200,215,301
3094,outfit.4f88de908942498980138fc606c745fb,1621875600,11,302
6591,outfit.fabaa18896e64e6ba835286d7f1d44e3,1707411600,120,303
3267,outfit.ae538ccb6bf14a858b0f66458e592872,1653584400,43,221
5694,outfit.d4d71ae7c0194db7b38fa774db0981f4,1600794000,216,304
5144,outfit.9653e8c2cb5f44eeb2a9015e4b11c162,1675962000,217,305
2102,outfit.924f4c42857340e68e7e874fcd5c6775,1666026000,179,306
3320,outfit.cc03f27af19f42a483a2f03ad997279d,1675875600,68,307
6456,outfit.f4608a1f01534d818dd6424ed99428cd,1650560400,157,308
1032,outfit.ad0e0bb9c3ab3cb3,1649610000,218,309
1626,outfit.b3d31d76ede3d815,1678899600,28,310
6786,outfit.1ba117ad1dfc4db98e92536c9d6724fe,1664902800,219,311
3312,outfit.2a1a73c9f78d4dd09b2333fde8036160,1616605200,31,312
4998,outfit.bbd6ae88b44bfd29,1650387600,220,159
2085,outfit.145c644d683b4ccfa07d073d8c4efa6a,1661446800,172,313
3727,outfit.353d5f65327e4dc7a10203844a59c560,1649869200,187,314
1248,outfit.466afa76adb144b7ad004be6382cfc54,1610470800,221,315
7244,outfit.c51bd8f0c3464297b89ffa73328c3275,1690304400,22,316
2170,outfit.e3f24e663eb84a2b9b20cde76be3b04e,1606064400,19,317
7009,outfit.b58b4d9011806e34,1646845200,222,318
7400,outfit.d1404a07cbda4bf68dd8d57cb0e32207,1617814800,206,319
3227,outfit.900dd323358401b1,1635181200,223,320
1684,outfit.439ff276a34d4993ad9cf68d06c67d96,1637514000,224,89
5754,outfit.931ef0d0cada4965a8ea693f7a520b64,1591894800,225,321
6907,outfit.abcb318cd2f62d3b,1654448400,32,322
6592,outfit.2121de17fb604c6ea87a3f9b6d0030db,1654102800,129,323
6936,outfit.24204aa044c44df084bf383e731cc535,1632243600,226,324
2273,outfit.2b9a47fa00e642a1ba23dae6a67ae88c,1710694800,148,325
490,outfit.4c96620b5f444f05adcd28bcfd3861d5,1613322000,227,326
4810,outfit.7d48fb77be2340e3be0de8ab4f9a97a3,1666803600,228,327
675,outfit.207232e414dd46e5b7352becfd9e53e5,1612112400,45,168
4404,outfit.d4a659e844e64b399669fe54284c3595,1663088400,91,328
3094,outfit.89954cb83fe420c2,1623776400,11,329
2170,outfit.ede0d0fd9315467c868825bcb20d2fe6,1695661200,19,330
3382,outfit.9dc1abebc456d310,1641229200,229,205
6907,outfit.84cfd784c9dd4ad6,1683306000,32,191
6940,outfit.b04f116bc3224f22a8f17d62934fe2cd,1657213200,230,331
3740,outfit.8102ab9ef36547d1b50627b45fe5be95,1586970000,231,332
416,outfit.16d009b7c441450183dbace1c9e64dce,1654534800,33,333
6781,outfit.b7c4ed0668334bd1b5f8e91059b88da5,1615482000,146,334
3123,outfit.f1e688d410884ee0940d861fb2f620ac,1647536400,232,335
1083,outfit.816fb1b6edef8b59,1570986000,233,336
490,outfit.3339007e20b94181807f9570766cde62,1592154000,227,337
416,outfit.896f0af4aaaa4d56a26ab9e37e94ad14,1607014800,33,338
3103,outfit.bf0bc59908734a2a9c7a47a1442bf744,1604250000,79,339
6798,outfit.256b152a25b44f3386d247011bacca56,1657904400,135,340
470,outfit.89c2a6a730c324a0,1611075600,234,341
640,outfit.fd816aa2311d45c78fd0ab2d663a177a,1647795600,235,342
3846,outfit.7ca0d67e06f7491f926b46e7fbdbd32c,1615136400,118,343
2703,outfit.bb8aa151e5f63d31,1684170000,236,344
5645,outfit.b5db150f4740b356,1679936400,237,345
1481,outfit.e2ac14f5ba454e0eaf3e7c0f926c65ee,1626282000,115,346
6526,outfit.99d3c1ea30367e62,1673197200,62,347
6907,outfit.b80a7f8948aefe75,1638291600,32,348
4073,outfit.7f12d0cbd88d440f84b259599e625b69,1667926800,38,349
1516,outfit.b401ac00dd8e441c8e698a5eaad7a645,1628787600,238,350
1586,outfit.55d914792ebf4d18808eb0bd3ec70bb3,1686848400,23,29
3312,outfit.394da7e98f8a4531b64e45da73749eec,1614099600,31,351
3510,outfit.29d4c138b56e4579898dbb7f47f6cafc,1669568400,239,352
123,outfit.4d87f217c19241cf9a4feb9d75638e1a,1633453200,240,353
5914,outfit.756079160a3e402d87df01062ec3b941,1651165200,74,354
3267,outfit.82303d2b1b524d6795661a1f5426a134,1595178000,43,355
1248,outfit.d4498e3094f048d8808f056832637685,1668186000,221,356
416,outfit.a1c7ea9aa83e32c8,1712422800,33,357
1585,outfit.447e5486379147879a59e168c261d9e2,1674579600,241,358
2716,outfit.10702960934e47ca8b83d90cb167b470,1612285200,242,359
7371,outfit.9b7e2e060c874d3287c4cee69860679a,1653757200,18,157
6447,outfit.17753fa2c9914d659fe5432c2a06f1fa,1667062800,243,194
6310,outfit.93645d358d378609,1646586000,16,360
5694,outfit.fdc3cdbad50644ad97fc0a903f967e15,1641142800,216,49
1589,outfit.cc5b53a2d9f44413afdd86c5d0dfd1c1,1668790800,244,361
1517,outfit.b2e035a8cce61dcb,1629392400,122,362
3267,outfit.e2c4d90753314eddbdf3a836e28a0209,1611075600,43,363
5694,outfit.91d7bcbd88004c9e939fb7877dc4a1f7,1623776400,216,364
4640,outfit.62f1b6fba2104c1296481b7f8bc074dd,1632934800,245,365
4258,outfit.a4699b3b33b4d99c,1647104400,165,366
3147,outfit.95a9732c69cb1e4c,1633366800,161,277
6526,outfit.925c69db26f6bbae,1720458000,62,367
824,outfit.233cc1a575934df38cc3c307901345e5,1644944400,246,368
3608,outfit.79d8ad807b5a4fbc86d21e759e3c7342,1612112400,247,369
2846,outfit.37dfcefd9016441b96537a6b3de58e29,1646067600,248,370
5694,outfit.c563800deaac4b8c93de7689b707c71c,1638291600,216,371
948,outfit.e947dbab69e64c5a85f1fe565b5f3a49,1659459600,249,372
4731,outfit.98d6cf4fef49ec24,1660064400,53,373
55,outfit.a5d5bfee852848c18596d844a3a9025e,1659718800,117,374
1382,outfit.ef9f4ad754194793ab95e6c30f5606ae,1614272400,20,375
6284,outfit.9b0a47dc97c7ecc8,1620061200,97,376
4823,outfit.648dfae980884d3ab831ced525815111,1714064400,213,377
2223,outfit.4df885933c6b4006827c3c816f27d9d7,1599670800,173,378
416,outfit.aec255abd8714065996db11cc150f061,1596387600,33,379
5490,outfit.a1c7ea9aa83e32c8,1633971600,104,357
6177,outfit.afcfeb5d7cda41318a080365f05c9075,1638118800,250,380
5531,outfit.819fe443b574445a979f4f0571a65677,1649264400,105,381
5694,outfit.4158a6fc47074d23b6591ae8583673a8,1617901200,216,382
3320,outfit.b75d871f45424868baa650472e43193a,1683565200,68,383
6988,outfit.a9f2bcb6885fe60a,1705597200,81,384
2205,outfit.a1efdc0d88774773957da6e703852211,1690822800,132,211
550,outfit.01601322d21a422fbc2db49c7866e264,1607533200,251,385
2762,outfit.93826cc51216dcd0,1649955600,252,386
568,outfit.2463040b4a624400a85cd400d0ae0e7e,1634058000,253,387
3147,outfit.b45f71cef3bf96b3,1648746000,161,233
851,outfit.9be713a0af3b45aa9577949469b1e0de,1622998800,254,388
6372,outfit.202c5658aee14e4180cd074aa81842a1,1612717200,143,41
4638,outfit.39e26260f13d466b946601bafd691d36,1662915600,46,389
3749,outfit.3dce88ceca134c02b8b9abfd791825d1,1693242000,49,390
847,outfit.f5fb40c43d174f799509d01145b1ed1f,1685725200,255,391
2869,outfit.5a5e28a29c694c5abf08514ba5b85937,1714928400,256,392
4877,outfit.bb8aa151e5f63d31,1597597200,257,344
2448,outfit.3f9b25249293481cac7469b68f545c7b,1661014800,258,393
2271,outfit.9f58acfe6b554e4ca880e378aa7e8e56,1602608400,259,394
3192,outfit.f11efd8c7b064175b4997b1ab65b5458,1661360400,52,54
825,outfit.229cc0c550f54fb3b3b937bab2abda35,1619456400,113,395
3094,outfit.5c6bcfee583b4d7aa6fa807279637d59,1619715600,11,179
1382,outfit.4c8d6c10b08440fcb06d8893d705124b,1665766800,20,396
5251,outfit.148857ae81d84843ae1671986a4e145e,1637773200,260,397
4819,outfit.e947dbab69e64c5a85f1fe565b5f3a49,1638723600,159,372
5100,outfit.8c8e4271cb4466db,1655398800,261,398
4769,outfit.3dac69d72aed4d1ca4fc6bcff6b7cd4f,1610902800,85,399
6513,outfit.a8175a1b696f4b85,1627923600,107,400
1998,outfit.a3d25f31c9758d32,1673974800,262,401
7048,outfit.80820b9138cd4205885caaa0a65dd6a4,1629392400,190,402
5695,outfit.04bac9c52e4f40ba95d8a044093fcbe6,1620147600,44,403
1625,outfit.b6f7358d6feb42ceaec950e6b66f4a34,1659200400,263,404
1128,outfit.0630ef7d996d4c489b4e54e85bd09e5a,1636563600,264,405
55,outfit.4024086987064c41b6bd30c6871358ac,1672938000,117,406
3477,outfit.2ead65a1ecf54c38a27bebc2bf47b9b1,1574614800,133,246
490,outfit.124195196333488e8ba4d195b96ecbdf,1594918800,227,407
4336,outfit.036fa904ea5446f6bed6470693f19128,1653843600,119,408
2250,outfit.946ae92e21374e0d8935761e881bb94b,1671642000,265,409
361,outfit.a2626764264ace79,1650646800,197,410
4289,outfit.2208707dcf134558b4d335f1e3534655,1684429200,266,23
3649,outfit.0e35a8a758734c2b98adfc8630b4e029,1594918800,66,92
7135,outfit.89fab8d7d294457fa493f087c68b6bc1,1672506000,267,411
6319,outfit.875635fa72e9a84a,1631206800,34,412
5695,outfit.80820b9138cd4205885caaa0a65dd6a4,1617555600,44,402
4170,outfit.a189dca13d2e4274afe5758a78f49000,1642093200,87,413
6591,outfit.76443d6db496494dbb26ac275ecbdb3b,1667926800,120,72
5130,outfit.506146e24b7042b1a1b3d0c829f446a4,1657299600,268,414
2340,outfit.93d1f684375e6e8c,1616346000,269,415
3116,outfit.b26dea94dbd147919dbe9c6378c9c52f,1665334800,270,266
4218,outfit.ed5a5a066ca647b6a9aaeb1ec8e7ee87,1642093200,170,416
2500,outfit.6705bc03d5e649f4bec363e6367cd89a,1692637200,150,417
675,outfit.d0c649c31ecc49a18d0cf19d7270073c,1693587600,45,418
3642,outfit.aa160ca041de17bb,1601485200,271,419
6372,outfit.f7826f04ea8643d3b68964a5ab27b0a2,1601830800,143,420
6287,outfit.d8909288c79b4df6b6547aa381d360f1,1572541200,140,204
3608,outfit.3f495adddb5143f8a5123973e907b1f2,1598893200,247,421
2623,outfit.b4552786134645be908f6201f300cd1a,1622480400,272,422
6295,outfit.14727804dc6945f9baabcd76ad96a744,1660755600,273,423
4656,outfit.d6241a805f5e4108abfbdbc9f58fcb23,1696352400,130,85
1248,outfit.1cb90c4ef4cd4941913e9ab5a095b0d8,1607014800,221,424
675,outfit.b36a2b4ce3d90e1b,1638118800,45,425
454,outfit.7d273c5424a34a9cb3217beeed7070d4,1688317200,96,426
6955,outfit.13db1499701e46f5b6e98d5e6d34267a,1629392400,30,427
3988,outfit.cc2a4ea6b82044d2804ee26e593fbc00,1605200400,274,428
2714,outfit.5b607271e3ee467bb4188f977c0336b8,1643821200,275,429
490,outfit.f28182fcffa64738813bde8ce70db7cb,1654966800,227,430
2130,outfit.6e50879668384d469557b1c93bc1d7a6,1610902800,276,431
416,outfit.0f8322b7e0a64bcf8a0ac8936262049c,1657126800,33,432
5285,outfit.1a05c2e6ba8c4de28923f683bef9c1ae,1688576400,277,14
3267,outfit.8db90f1e88eb432e9422eaf57fc55562,1632070800,43,433
4656,outfit.1023091eb7324562a4153373934bcb64,1696352400,130,434
4193,outfit.df81c6ba86ef4c3c8fd2976934eb4078,1662656400,278,435
3291,outfit.a1c7ea9aa83e32c8,1706374800,279,357
3477,outfit.1a00ea6f566c40b3865a214d062a462d,1571850000,133,436
846,outfit.db025960e5494378bd81a48377b0a1bc,1612890000,152,437
4731,outfit.3ae8377476ab4594b00bd3a7790e9549,1665334800,53,438
572,outfit.a8fae88d2b7640e2b28161d301fc5e08,1636045200,35,439
6879,outfit.124195196333488e8ba4d195b96ecbdf,1600102800,188,407
3312,outfit.6b0e9219365c474194b0d0a0652e7a59,1614099600,31,440
4880,outfit.e22f9123cb4e4c1081a4b831ff586b32,1672246800,280,441
7110,outfit.925c69db26f6bbae,1711645200,281,367
2364,outfit.d8909288c79b4df6b6547aa381d360f1,1627837200,93,204
6429,outfit.aa10e3ab93793dc9,1668531600,128,442
3727,outfit.30a3ca6bb1c44394be44eff0548ed968,1652461200,187,443
4193,outfit.947023ca62c57b96,1683565200,278,444
2812,outfit.164ec220792945e99be76a1f7291a9b8,1679331600,51,445
6526,outfit.7ca0d67e06f7491f926b46e7fbdbd32c,1657299600,62,343
4634,outfit.2846db8e50bc49a7a1b5f37be769f364,1673629200,282,446
2170,outfit.e3f24e663eb84a2b9b20cde76be3b04e,1608483600,19,317
3577,outfit.c5b61903ca9849fe830fd86f7cb4da50,1678899600,136,447
6303,outfit.29d43c48eee84539b3e1597c9cd55194,1672506000,283,50
1412,outfit.1096c0a926c244b39b44ff523a6ad9e0,1617728400,73,83
5760,outfit.aecdd6d2249e8bc7,1651683600,59,448
6287,outfit.9d15759d591e8fe7,1570554000,140,449
7150,outfit.8ad0bb9029424a069f82d58c44b0d7fa,1623603600,284,450
3749,outfit.e5fd898057d54a5f8373fd8381b33a1b,1645635600,49,451
5843,outfit.1cda37cc756345aeb22ccfc54fef10a4,1636477200,285,452
6696,outfit.3261057a0eba46f687d41af05ddee170,1629046800,2,212
2102,outfit.b6596a2ff7a748f3b9a67ac54db28b96,1668704400,179,248
4674,outfit.4c41406859e04bc7b29036c62ea1b7df,1703523600,12,453
4240,outfit.cf2fa10de8ea412186fd6dd1f658e3ff,1632330000,70,135
4638,outfit.fa737f8bee584d309426410002edac0e,1617210000,46,454
3094,outfit.a6b9c3792d6a4ad4,1609866000,11,93
7209,outfit.ef37915fe2f546378750595366833b79,1632157200,286,455
2831,outfit.925b3a37354592ef,1661533200,186,158
456,outfit.a7e848f47d2643d988bbaf47dae4a136,1630256400,287,456
1706,outfit.b49e6f1cc73f48f9a6329311214ee57f,1676653200,288,457
6380,outfit.97071c364d1944db8c7ae6a9d768a51a,1639328400,196,458
3459,outfit.2766e5ad48a2427a898f60aaacf85622,1621443600,289,459
1412,outfit.3037fa72ade7482e8c13863bc447c11c,1649264400,73,460
851,outfit.6537917dc4e440fcb5793037388b3d7f,1620234000,254,461
2619,outfit.ee94b77c56794feab26ffb22c2b9e2ca,1666890000,290,462
5303,outfit.37af7c19c13949819ca971b380a9f97c,1702746000,194,132
3376,outfit.2cca272e852c42448c449664b8d98693,1636909200,291,463
3459,outfit.ad062450831242c091c3cfc78407df6d,1614877200,289,464
4175,outfit.e11253de97ba42eb819cf53373fcbe8d,1705165200,292,465
123,outfit.9d97d017a5c747ac89d59efab886369a,1641488400,240,466
1770,outfit.80603a3d95e4beb7,1665939600,293,467
4218,outfit.75fd35081c884af28940d854e0a8c67f,1644858000,170,468
6456,outfit.22b16afebcf749d08ab2a83d88406516,1692637200,157,469
496,outfit.05a3c99a55404dc8984fde902ccaad18,1673283600,294,115
6118,outfit.3261b5e6c4574ee9aacde7740fde9f7c,1573491600,7,470
5531,outfit.cd92590952d54e1d8b3bec0bbecb901b,1619715600,105,471
6372,outfit.a9cb9b79d0899e0f,1594141200,143,472
757,outfit.4dd6b2524e5b4379baa90d5f3f80280a,1651597200,295,473
4218,outfit.4dd6b2524e5b4379baa90d5f3f80280a,1615741200,170,473
4017,outfit.6b027f465816489f83945f85bd6f1c17,1702054800,296,474
2703,outfit.6d6fe6b3b2514ecc8c47947292874f90,1692118800,236,475
6513,outfit.8fe12d169d14a8ab,1638810000,107,476
1382,outfit.96cb494dcb47696b,1621962000,20,477
2383,outfit.ed5a5a066ca647b6a9aaeb1ec8e7ee87,1662397200,297,416
4336,outfit.841aea73b3d4485eaf08932aa82d8c2a,1643475600,119,478
5852,outfit.234ce093695f4773aba7287620cee9ca,1629219600,134,56
1716,outfit.d73105249af8497a8400a0f75a825741,1618160400,298,479
2040,outfit.db01c7586017469ea4cc561b59fa2aca,1604250000,24,480
2714,outfit.b9311cecf65f795b,1671382800,275,481
6696,outfit.ffd83466cdb84a0dba02339aa0c72f73,1621270800,2,482
4193,outfit.64910701f4974360acc6851b2b0fd7cf,1636909200,278,483
5398,outfit.03b18817e1894e588c3ae117a47d830c,1620925200,299,484
3267,outfit.b1adfc4204c602e5,1708966800,43,170
2383,outfit.c7be4c2774424a498f63ebe6ea4b5933,1659718800,297,485
2617,outfit.e6abf593ad3949cd8a2b345ed4249ff6,1632070800,50,120
4558,outfit.31661e90877148d9bbe3846f087063f7,1597338000,300,209
1128,outfit.03bdf90c39e1431685d49ce8309dd242,1633885200,264,486
215,outfit.91d7bcbd88004c9e939fb7877dc4a1f7,1622480400,80,364
1354,outfit.b8a404e6aad069ba,1691254800,301,487
3727,outfit.e965f8f929a345ecab825313cd4b3f24,1647190800,187,488
7270,outfit.8459e55ea3800598,1670259600,195,489
4899,outfit.9c255f602b1e4455a79e0fe0cee938c1,1600016400,302,490
3116,outfit.ac3e4eefb550471989769e1e4d1683d1,1665334800,270,491
5695,outfit.9cec5087297d4c1fa1a855dd7286ebd7,1625418000,44,492
4899,outfit.ac93e6bc39c341dd9592de80ee57e522,1602608400,302,493
4463,outfit.359ce2bd2e40491686ce3ebc4a13ead6,1651770000,36,494
3259,outfit.d18d24b0f27547d5802d44c8331a29cd,1604509200,303,495
6601,outfit.f6e0ac328eac45939027a5dbf9d8a086,1712250000,78,8
902,outfit.2174208dffe5493fa440e48d290a11bb,1666371600,304,496
1083,outfit.9933049f02ac4f3a,1572541200,233,497
7270,outfit.8459e55ea3800598,1664989200,195,489
6907,outfit.8bbfae6c08924fb2aafcf709665906a9,1648746000,32,498
1412,outfit.6df9fd60925949a5acdd17de4dd4e7a1,1630947600,73,499
576,outfit.81c2ee9d12b442ecbad61d22061364f3,1656262800,305,500
4452,outfit.ad848f726cd93e66,1592758800,306,501
5405,outfit.833b2280ae99434db2fb843f78d79e25,1618851600,64,502
576,outfit.ee94b77c56794feab26ffb22c2b9e2ca,1641142800,305,462
2204,outfit.8c5e53894f0ca50e,1672592400,307,503
2831,outfit.0a769485844446769b0609c505933bab,1661533200,186,504
7026,outfit.b9bffddb2fa945e6a3d076ea97f1c5cb,1605459600,308,505
1248,outfit.1243dceca4be4ad99c5a651708f6d041,1657558800,221,506
3267,outfit.a34cdcaefffe44c89674b55f96a03950,1618851600,43,507
1382,outfit.e2ac14f5ba454e0eaf3e7c0f926c65ee,1668445200,20,346
5100,outfit.8fda8ef6cb62ebcc,1713286800,261,508
3189,outfit.6dea8453a7dd4701830624eeea14bf9b,1682269200,29,30
3740,outfit.524627d9e5544cb8ab8c738c64a440c4,1583946000,231,509
996,outfit.9739950a93f6aa90,1657818000,309,510
1248,outfit.ee40e812ed554b87a45637339c72cbd6,1644598800,221,511
5236,outfit.35e53b748ea043f79cd9a2caca3a995b,1632157200,310,512
2148,outfit.c41b5bc7cfa0435abe71b09cfccc17ea,1663693200,311,513
5398,outfit.8a458a93e4cd4214a520074f16d5b9fa,1703350800,299,19
7411,outfit.1b4027c5a27d4ac293ccb2377c38d408,1684429200,5,514
7026,outfit.2195858f2ed34268bfd5e45eb4ae50d7,1608051600,308,230
6642,outfit.c51bd8f0c3464297b89ffa73328c3275,1619974800,312,316
1749,outfit.ad848f726cd93e66,1702141200,207,501
3533,outfit.cf7f6a83f16a490aa765d3ead2b2b82e,1594659600,108,515
6696,outfit.df04bf46dbd54868a63d2db542a5fa3d,1621270800,2,516
3053,outfit.2174208dffe5493fa440e48d290a11bb,1621357200,313,496
5224,outfit.e18310c477cb4fa38cd9ba31e9997c4f,1647795600,17,517
6447,outfit.8302402a6e8e8e8c,1640192400,243,518
3347,outfit.bf5d4348f69b718f,1583946000,314,69
69,outfit.7cc6bd8e645a41d2837976a0d09e3ca9,1643648400,315,0
2364,outfit.64524dbb801942fb9b9b0b5853183177,1615136400,93,64
4336,outfit.e98a6e485b1941d98e43c0e74cc6885b,1648573200,119,519
1998,outfit.29c39d6085f345dfbccc23a2f8e274a6,1700240400,262,520
1585,outfit.55e47b50f0dc4852a5784fffafa63488,1669309200,241,521
3147,outfit.f8e95f5fd1b641a4823ea3c6010e19cb,1630429200,161,254
1881,outfit.648db79508724c99ab948e953e4813a7,1695661200,316,522
215,outfit.32bbe20e948d4839b63aa0f4b540b466,1617642000,80,523
4209,outfit.1023091eb7324562a4153373934bcb64,1639674000,317,434
3376,outfit.1704515347d34164b1de0aa1300d063a,1639501200,291,524
2340,outfit.aa76777d3b9d4073a342e2093e4ea1e2,1618938000,269,10
568,outfit.f75f6043c5814e998e72b925ef7a21dd,1620925200,253,202
1705,outfit.924f4c42857340e68e7e874fcd5c6775,1688576400,318,306
4218,outfit.7cc6bd8e645a41d2837976a0d09e3ca9,1610557200,170,0
2649,outfit.d6706746bcd74c05883df24d4b775e0e,1701450000,14,525
2273,outfit.98887be7a2e49dba,1658077200,148,526
2675,outfit.944ba4bd2e6441f39a9e45ef42121224,1665421200,319,527
675,outfit.4b5c2be520b045e490ca17fcb9d87b90,1611766800,45,528
4240,outfit.42a71b8c872f470c8350ac507497071e,1626368400,70,529
2056,outfit.338c7b24bb1140d7aa47279c9490cfe7,1654448400,320,530
4452,outfit.62f7c8d4fde443459940c727ef8176a5,1596992400,306,531
2759,outfit.d071fd1e083f4a08966866c856a0c5e8,1635872400,101,532
86,outfit.93d11b40e1db46198d34109e7d0ebfe9,1648054800,164,533
3123,outfit.40d4710206044ca5924846d3ebd83d04,1646067600,232,534
6907,outfit.8d182cff0398384c,1606669200,32,535
2492,outfit.a3d27b283d42172d,1682182800,138,79
6592,outfit.a38b3b3e20364b78bfcf0bb1eadcc0e5,1604422800,129,536
3749,outfit.522c1f5a3380421e9539663185f60fbc,1608483600,49,537
6284,outfit.adf3063b0cdf501d,1645030800,97,538
446,outfit.196ad12873534afcbec5bc12e921798d,1597770000,0,539
3028,outfit.15f39d4408a449febc2bd0d1afbb0f1f,1647536400,176,540
3991,outfit.9a864c1333f6ce88,1600621200,321,541
6429,outfit.b2e035a8cce61dcb,1660582800,128,362
6284,outfit.499d31bd36254c7191245e1d40745824,1592326800,97,96
3093,outfit.7d29eb8d2f0341b2a1c2eeb8c76416f4,1661792400,322,73
568,outfit.fbda7f830faf4caf9b0a085054f22e54,1618246800,253,35
572,outfit.a824c0030f59545a,1646586000,35,542
2250,outfit.3aec93f22b9a450ab7dfc26095abc609,1676998800,265,543
4404,outfit.2204df2016c84afd873a1d7e09f6ec75,1715619600,91,544
5760,outfit.9e28084ee8e94a1d8afe4abe643fa8d5,1672851600,59,545
4880,outfit.6e50879668384d469557b1c93bc1d7a6,1661706000,280,431
1706,outfit.b8a404e6aad069ba,1646067600,288,487
3103,outfit.b36a2b4ce3d90e1b,1612198800,79,425
4834,outfit.3c6978266dfb4b9793e2c730496089d1,1658682000,131,546
3103,outfit.d72f9d58cad643e9964ced2cf3bd30a3,1598979600,79,547
4193,outfit.e6d04857b6e54eecbd905c7e8093c960,1691514000,278,548
6287,outfit.25c93e08d9064a1c85d877bf4157a626,1571158800,140,549
5695,outfit.893fa92eb13185cf,1622739600,44,131
910,outfit.8c4d4f54e42a4ca391913811b6d17ab0,1598288400,109,262
2217,outfit.bd9dca3a7c0d808c,1614790800,323,550
1517,outfit.007a4828b12b40ed9ed3db0c5803b813,1632416400,122,551
1348,outfit.4a4c3e2895e2437b8cda83c27064abba,1650819600,324,552
6,outfit.8e0381dffb04d62e,1632416400,325,553
1706,outfit.97ec221c84bcfbe3,1638291600,288,554
266,outfit.8a458a93e4cd4214a520074f16d5b9fa,1703955600,156,19
5891,outfit.d4a659e844e64b399669fe54284c3595,1630602000,326,328
3267,outfit.203f5d33e7324d65a1d8175b3b910416,1677430800,43,127
2519,outfit.43e73eedf7134d04afd27ea87948ce03,1595782800,327,555
675,outfit.925b3a37354592ef,1688230800,45,158
2519,outfit.a2b8e80de6b525a9,1594918800,327,556
2364,outfit.b2e035a8cce61dcb,1617814800,93,362
3028,outfit.2d4ed8658aa045b29663902f1e0ce84a,1645030800,176,84
4834,outfit.9b4637003c444b1d9c75e5eb5487d669,1653411600,131,557
3230,outfit.55aa098dd93644fe961d0137a79adbea,1607274000,328,558
4608,outfit.af3cb94171784fff803b50e9a99cd890,1599411600,48,559
6642,outfit.bcc71d0caf95dc33,1625677200,312,17
1008,outfit.9a0283b3b9e34e39a0038cb7b7044c75,1706634000,100,560
1896,outfit.e4bb08fb4a5f4f11843632fa2a227421,1605546000,90,561
7270,outfit.a38b3b3e20364b78bfcf0bb1eadcc0e5,1680714000,195,536
6372,outfit.67c7e051a163432eadc34be683ea3d44,1602435600,143,562
3291,outfit.ceb25ee97e894d46869ca3eb799d48e0,1606323600,279,563
1382,outfit.24e1bde79f694d5aa980e0c889fa29c4,1671037200,20,564
2556,outfit.89954cb83fe420c2,1627837200,329,329
4463,outfit.298b9f94af66454b9f07ebed997e9f9a,1649178000,36,565
1809,outfit.853a99845bbe4b4884e0a6a1c289bd05,1650387600,211,566
1374,outfit.a8175a1b696f4b85,1601830800,6,400
6085,outfit.23596174e2b1478385adda8f5f48416f,1635958800,330,567
3669,outfit.a2ecd990912ca6bd,1658595600,331,568
6907,outfit.4d91614bd70b4799a861fe5ea43db494,1678035600,32,185
4656,outfit.5e1b9778e36d475699772148e5d4e27b,1696352400,130,569
5531,outfit.1b3e2ad0256b4c839afe49dcfcd50b40,1646067600,105,570
1770,outfit.55e47b50f0dc4852a5784fffafa63488,1681664400,293,521
1862,outfit.a273058ddb56de19,1639414800,332,571
606,outfit.fea3bb7d8ff54872ad84977465e29da4,1653498000,178,572
6583,outfit.837d79eeae2a466cab88d515bd1aa409,1645549200,333,573
6284,outfit.ad859eefb9c84ef29b7fb8bfb046ba48,1639328400,97,574
6885,outfit.2fe31ac153bc422c945294c342de95a2,1610038800,88,106
1684,outfit.ac5a7a176b304d17b27ebe10bb3a168b,1625072400,224,575
3094,outfit.2c262bf74e874db8b21f0cfae430c005,1600966800,11,576
1083,outfit.9617c0965077556e,1643907600,233,577
1382,outfit.2ab1a79e73cd419fb4479cea44e12c84,1692032400,20,578
6118,outfit.a1b5b9335a89a082,1574960400,7,579
454,outfit.ff08dd87bf144defaa332eac0bf5bd4e,1638291600,96,580
3123,outfit.0f8322b7e0a64bcf8a0ac8936262049c,1689613200,232,432
4774,outfit.7395b78d10084aebb906f8f83bfd89cc,1636909200,334,3
490,outfit.8060c53293c94422bf08bb0997ab9763,1573146000,227,581
6402,outfit.4158a6fc47074d23b6591ae8583673a8,1671469200,335,382
6957,outfit.735aa66e915446a5be13642ee0dff5e5,1629651600,336,582
7225,outfit.c8855506fa9d47308b87aa0fe5efe3ca,1653498000,337,583
2485,outfit.0aab21277b674f7fbb146ca7e853eef6,1680368400,184,584
490,outfit.b657867a142340aaa12e133d9835c823,1602608400,227,585
4289,outfit.53bf6ed2516f473a87497e8170d4c8e1,1671382800,266,586
5615,outfit.9617c0965077556e,1696266000,338,577
4463,outfit.a7179f539117b9b7,1708534800,36,587
7041,outfit.3ae8377476ab4594b00bd3a7790e9549,1632762000,116,438
5778,outfit.3ce016303b474839a95f7375cf891639,1666026000,169,588
691,outfit.b813cd40d27344839e74b8b40ead859b,1592154000,339,589
3572,outfit.d8909288c79b4df6b6547aa381d360f1,1605027600,340,204
2248,outfit.c5b61903ca9849fe830fd86f7cb4da50,1695402000,341,447
1942,outfit.1d7da339dc6b48e68c801f5862573aad,1597942800,13,590
4481,outfit.76182a281e89442eb859adbeed75c451,1687021200,342,591
5812,outfit.d8909288c79b4df6b6547aa381d360f1,1605459600,95,204
283,outfit.8afbb76916e14187b0bc9aaabbc2bd24,1637082000,343,592
4218,outfit.4c6dedbe036e4a83b4847951a9bf03e1,1607878800,170,593
1282,outfit.a5a7231c342d45cca35cf536be58d63e,1682096400,344,301
4877,outfit.767ecbf6b9bb4969ad78de1a78dbf039,1592154000,257,145
3230,outfit.b3c827a7bc271120,1602003600,328,594
757,outfit.6c86cf3af9714425906495712ee3e311,1654621200,295,595
4774,outfit.55135c282c3849ac8b06f82861870970,1647277200,334,596
4258,outfit.819fe443b574445a979f4f0571a65677,1665594000,165,381
6550,outfit.9b440739a4ab0623,1583686800,345,274
3103,outfit.b42337853cae4f66a2e7640b6845d2e5,1604250000,79,597
496,outfit.4c8d6c10b08440fcb06d8893d705124b,1673283600,294,396
4725,outfit.acb94cbb42e1b894,1641834000,83,598
6592,outfit.a647aca5ce17d71e,1609866000,129,599
7060,outfit.fc33a7e64d794702a5d4b0ba40870c69,1632934800,346,600
6085,outfit.cc2a4ea6b82044d2804ee26e593fbc00,1635958800,330,428
3896,outfit.978ae36482bb4c1bb32f8a6524cfdb76,1685552400,192,601
3227,outfit.fdc3cdbad50644ad97fc0a903f967e15,1635181200,223,49
996,outfit.39e26260f13d466b946601bafd691d36,1655226000,309,389
7060,outfit.767c953e45b8447eb7ff8d44dd5b65e1,1622653200,346,602
6011,outfit.9c0b47f4d629c3f3,1656608400,114,603
416,outfit.96cb494dcb47696b,1628182800,33,477
2273,outfit.d928300162a4434c84b6a5f5c2da0506,1647536400,148,604
4409,outfit.af3a5e4cc2959d66,1709571600,347,605
3259,outfit.854021359d3e487ca1c90e5bd126ea0c,1597942800,303,606
3320,outfit.ad50bddf369641b0827aad7ce9f36022,1707411600,68,607
6371,outfit.c2c7871b40df44969ba85dea0f927f42,1608051600,208,608
5318,outfit.55e47b50f0dc4852a5784fffafa63488,1676566800,84,521
3740,outfit.fc18564205bd40c8bdcd638e83f45ed7,1598893200,231,609
757,outfit.d73105249af8497a8400a0f75a825741,1638723600,295,479
1896,outfit.a8e7915eda974714aa57df8f38a87546,1603040400,90,610
2812,outfit.d8f20c3b2cae42b29b56f2b61cb6e715,1617901200,51,611
7070,outfit.ddb15f8dac0c4e03a7c88805a98cfcc8,1659546000,124,612
1255,outfit.77afaa494e3e439384ec71a0b6634225,1600794000,348,613
3577,outfit.9c19cb240c0c06d1,1668531600,136,614
4696,outfit.2174208dffe5493fa440e48d290a11bb,1657126800,205,496
4877,outfit.4a42bebcc6534e8697fd6f7656839c29,1597597200,257,615
6907,outfit.96f7210a2ae0aa93,1622480400,32,24
6526,outfit.9c255f602b1e4455a79e0fe0cee938c1,1673197200,62,490
606,outfit.8cddb9b88c984068a92d14c539dd24e6,1682442000,178,616
6303,outfit.b59ff04becb14446b4785b12e9ddf16f,1688144400,283,617
4774,outfit.ceda10a556b24c7c9ceeb2cc1601429a,1639587600,334,618
5236,outfit.11395b1173644fedbcfc219469f27b84,1670086800,310,619
1819,outfit.fb060da6c30143fd9735e8fd364910e0,1655571600,349,269
3846,outfit.1f534d95ccf6415a8af3b5799dd959e7,1633280400,118,620
5342,outfit.74013b892b4a4f75979af28137c31558,1651338000,71,102
6907,outfit.4bd8e39e3d5442c4b76dcd9797725b38,1633021200,32,621
4608,outfit.73ca4657bd9c4ce5b0e697f570323479,1655139600,48,622
4258,outfit.db6e87de63f347a0af3ecbf3b7463a55,1663002000,165,623
3093,outfit.b6f7358d6feb42ceaec950e6b66f4a34,1659114000,322,404
3312,outfit.bc45deb17b3a3e75,1608483600,31,624
568,outfit.142a3686d9ec47afb71932e592f45a92,1626109200,253,625
6287,outfit.31d5bc7c60334b9889e9ed768f05e578,1602608400,140,104
5695,outfit.a3d27b283d42172d,1606755600,44,79
5330,outfit.ddb15f8dac0c4e03a7c88805a98cfcc8,1652374800,215,612
6372,outfit.ed5a5a066ca647b6a9aaeb1ec8e7ee87,1584032400,143,416
3267,outfit.981387ce664649c08f8c79dc4e8339d0,1609866000,43,626
4640,outfit.98a0bb3110de7f3e,1625418000,245,147
996,outfit.47ffcece5f244f9a9cf888f7f6d16e29,1652029200,309,627
1998,outfit.c663f1c85a344f039eacb889398b6b91,1687021200,262,628
6380,outfit.e2b66b5d631840f2902ce6125a60b9fe,1634576400,196,629
2402,outfit.3ef1542d099048efa539e8c67a385732,1604250000,163,630
6903,outfit.8c5e53894f0ca50e,1600794000,350,503
7041,outfit.5eaea43d8e34424a95efef2f14b54092,1634835600,116,631
3291,outfit.8ccfe9b6e0b0473b95bc91b156139d89,1669568400,279,632
3642,outfit.5dbcbf03f1ec4ad280e3b90b688f0dc3,1601485200,271,633
785,outfit.f90281a639af4658861d20629586878d,1712422800,351,634
1497,outfit.9c60137e95ac47c4b54413f4226d4206,1650474000,352,635
490,outfit.6b8d0d5720af4e33af8dff7afe7b0ed3,1670778000,227,636
5734,outfit.92db973be0926d3f,1633626000,353,637
6118,outfit.e8f877d97bec44b49a40abd355d69d51,1574269200,7,638
1248,outfit.bf74b8813bc14a0a9ef9ad2f2234ff20,1694451600,221,639
3267,outfit.dfcd2f8c28c84d8db5aabe6da9e9c01a,1624208400,43,640
6303,outfit.7c3e32e564f84de28c9ab8a6f06a2e24,1664557200,283,641
2870,outfit.99d3c1ea30367e62,1666717200,354,347
1700,outfit.e947dbab69e64c5a85f1fe565b5f3a49,1666285200,355,372
4819,outfit.1ef0bbcac4054678bea5622eec91880a,1638723600,159,642
7089,outfit.173b6b1204df4f128bcbdd843d91351e,1693501200,182,643
86,outfit.3e47b084ad704fb5b25b38809fae38a7,1639933200,164,148
3267,outfit.1ba9e80c87c84ac98d59fd5fbecf6f32,1656262800,43,644
6163,outfit.8d7319b7cde9526b,1667235600,98,645
5734,outfit.2aad4629b66d435c8da4594d7a3f7eec,1638896400,353,646
5100,outfit.5a7e3301a60341d0957331a181335cff,1650128400,261,48
1706,outfit.b49e6f1cc73f48f9a6329311214ee57f,1643648400,288,457
5490,outfit.f60a93dd961d4856a6d40e366ef90717,1633885200,104,647
3385,outfit.2327c16896b343989de61510ab6f3c40,1637514000,356,648
3041,outfit.206df08f735c415bbcaca8d70e762971,1659718800,76,649
910,outfit.c7be4c2774424a498f63ebe6ea4b5933,1598288400,109,485
658,outfit.f1545647b834426291f0de8408206ced,1573750800,82,650
691,outfit.9a0283b3b9e34e39a0038cb7b7044c75,1600362000,339,560
560,outfit.929220a63bf843f99474bc2644fcb53d,1666371600,67,129
2102,outfit.34afd8b7f33d434c8e0ac2849eab231d,1681750800,179,651
2022,outfit.6ef37d8d2ee744229ed6350d8a94f308,1674320400,149,652
872,outfit.ecd27d5311ba4d3d95b9b5c3071ed764,1660669200,357,653
3459,outfit.c52099f0269e4b6ebd66b79d3cca1d01,1599411600,289,654
7411,outfit.c46affd5f8ee4749b1f8e7d4ff47f3ff,1639501200,5,655
6696,outfit.841fdd28d3f644c0bb8efd874e818027,1618765200,2,656
2799,outfit.98a0bb3110de7f3e,1690390800,183,147
1348,outfit.f4a5306ea45d4ab9b40340f016bab653,1650819600,324,657
6118,outfit.3ce016303b474839a95f7375cf891639,1570986000,7,588
356,outfit.ad062450831242c091c3cfc78407df6d,1632243600,358,464
2131,outfit.ee5f9c358ba84da3be552135a8185673,1639674000,359,658
3215,outfit.8f892d2a86a7024f,1606755600,360,659
416,outfit.439ff276a34d4993ad9cf68d06c67d96,1696611600,33,89
1207,outfit.9e90f563acb38233,1639933200,361,660
5593,outfit.bf5d4348f69b718f,1643648400,362,69
7199,outfit.8238ed2091e347149ddd6114aeeb2655,1639069200,363,661
3291,outfit.b33b5cbbea204ab79a1060c3a17546b3,1698426000,279,662
1591,outfit.e8df4af3451c46e5940238065ee6b401,1654275600,364,663
3094,outfit.e3908cb31aeb463dbd473b3e4c03c14d,1594918800,11,664
572,outfit.a8fae88d2b7640e2b28161d301fc5e08,1620147600,35,439
7244,outfit.257570a5166f43fba7f231ab1e0e2d11,1690304400,22,665
3094,outfit.08dbb547a168423fa28b156f63acf8c4,1597942800,11,666
55,outfit.897c161625314c1a993188bc0a5ca063,1649178000,117,42
2617,outfit.56dec64c8c834afaace780273bbde124,1608483600,50,667
1773,outfit.8a9297abf702469b88dcdb1ce6cd35bd,1691254800,365,222
4289,outfit.96cb494dcb47696b,1681837200,266,477
5405,outfit.d92a7bb56d3149b8983caa966d7868fa,1621443600,64,668
5694,outfit.b068cf45c37e4aeaa1cff939a86e759f,1635699600,216,669
3041,outfit.8fc193be35a546b987480b6cb5323beb,1643907600,76,670
2649,outfit.8e3a6e9e196cfbc0,1688230800,14,142
3769,outfit.96d41e4ecb154101be678d4302a266ba,1673802000,366,671
6858,outfit.abd2e79be5f941a5aa407cc34ff63105,1689354000,367,672
3189,outfit.63fc53c3d8784dd39553a33d54ff4921,1635699600,29,673
1138,outfit.bef1cf2e05fe40709accfbc38e9a0a30,1689526800,368,674
948,outfit.f60a93dd961d4856a6d40e366ef90717,1690995600,249,647
3192,outfit.48cf5d6579da4369b03b1f04719b322a,1629046800,52,675
1374,outfit.23bf2c58e916407987746990096b204e,1612458000,6,676
4130,outfit.4c96620b5f444f05adcd28bcfd3861d5,1680282000,369,326
3267,outfit.9b8cb306a9fd4315bbda3cd2b056e36a,1711472400,43,677
3103,outfit.908c317a79634a2f9f14d86283135c0b,1630515600,79,45
2170,outfit.ce7d171c13174b21b05e2764491dc73d,1613926800,19,171
2892,outfit.80d81410fa5f0ae4,1620147600,370,678
6940,outfit.6fa8bb1601aa44698177e99a24a52863,1670432400,230,679
2918,outfit.f7826f04ea8643d3b68964a5ab27b0a2,1665248400,371,420
2076,outfit.3fb6cd2d1f454b85937d1540dcf212f0,1633021200,372,31
6591,outfit.439ff276a34d4993ad9cf68d06c67d96,1702054800,120,89
2703,outfit.fc14b8a036fa4ac196b9160b9b1fe0d2,1689440400,236,680
3649,outfit.3b8ec1aa02f64daebc17177ba35efcd2,1610902800,66,681
2918,outfit.d0c6cd30a1f146a8a1ae6f73b34a0103,1678294800,371,682
4725,outfit.ae3c94e801eb4aebb7c3714ec981521c,1701104400,83,37
414,outfit.32b52e42d8e844199bf05c4739bedf16,1703264400,373,683
4170,outfit.6c68130ccc5b41a79388037d5bd3004f,1649091600,87,684
1382,outfit.b04f116bc3224f22a8f17d62934fe2cd,1611594000,20,331
130,outfit.9337c57be08b48f685e77490d17da267,1651683600,374,685
5844,outfit.2386f5b10f544de1a8f7a53a4b3bb92f,1571590800,40,60
5318,outfit.6d042743afa04727815f717cce0b2ac0,1697475600,84,686
2273,outfit.cb5a982c42784a9a834b5f15a47749b8,1634662800,148,687
6526,outfit.fd816aa2311d45c78fd0ab2d663a177a,1670518800,62,342
2703,outfit.00c68b581a95458991a876f791e739ab,1681578000,236,688
6526,outfit.b37b7ee0ee994bdaa199cba1c831b31d,1665248400,62,689
6907,outfit.595a88f3986340b9b7ee163cbe32c85d,1685984400,32,690
3189,outfit.4e050e31c96240e18d8da53b205dcfa8,1633021200,29,691
3040,outfit.229cc0c550f54fb3b3b937bab2abda35,1686502800,375,395
4149,outfit.a5b02d479256493ea45ba0405d9c6587,1618160400,376,692
2703,outfit.1431039944fe4be88f8890a04a346b09,1647363600,236,693
6907,outfit.5235ff1f43e94601b30e4f25d6abcb39,1612112400,32,694
3521,outfit.bdf0b714576b2118,1685898000,58,123
1390,outfit.a9f2bcb6885fe60a,1635699600,77,384
6907,outfit.f32718341e9443d8a36121a8913ff304,1646067600,32,283
5490,outfit.a824c0030f59545a,1667062800,104,542
1878,outfit.ad412f59706c86b8,1644426000,3,695
3028,outfit.dcf9da47ee4e4bd994d4faa2aaadb321,1642438800,176,696
6519,outfit.78d16995b62e40d48f06a20dbf72d844,1620752400,377,66
950,outfit.4b20b3ccd3cd41fe98d0225f47276e2c,1640019600,378,22
4404,outfit.980eb1c72e1e71f6,1713027600,91,697
5144,outfit.e8df4af3451c46e5940238065ee6b401,1688922000,217,663
2204,outfit.8046647faecd43129ae560e955ebc8e5,1659373200,307,698
1591,outfit.671c37e96f5247e68b198e2a61dbe34e,1656867600,364,699
7371,outfit.d91c416ae1584028ba0c20f1329bbb97,1592326800,18,286
572,outfit.cb29aca3f7be4551b07a9d1b02957e02,1683824400,35,95
605,outfit.56663aaf60aa4b5c8267bed372c72677,1611766800,379,68
2766,outfit.173b6b1204df4f128bcbdd843d91351e,1698858000,380,643
7411,outfit.30c41f57e4a1445ca8256fd6ccbc8356,1596387600,5,700
1382,outfit.142a3686d9ec47afb71932e592f45a92,1619370000,20,625
1522,outfit.ada6bb8993e7a05e,1592154000,121,701
1282,outfit.f82bfbc5af1c4997956e63f92ea51907,1718989200,344,702
5100,outfit.e0a3899c698544c4bf205f2a6eae496c,1645030800,261,703
4501,outfit.0ed1568a6b6545e4932bee98c84aa544,1685984400,381,53
3041,outfit.a2883b9efb1b4eb889e269c98e09f661,1696525200,76,704
2796,outfit.b5db150f4740b356,1645808400,27,345
4608,outfit.006b61bc5e404f37a41b85e6ae915723,1620320400,48,705
1586,outfit.87cafc24da73f5a4,1644166800,23,706
6526,outfit.ab93c31e243d4d19b90ca72c4ae17e25,1659978000,62,707
1998,outfit.7ba3a82d83c24f4096668fa3c59b2c54,1636390800,262,708
6310,outfit.7ca0d67e06f7491f926b46e7fbdbd32c,1646586000,16,343
2703,outfit.bbdd99b53f925ae3,1686848400,236,281
1412,outfit.b9bffddb2fa945e6a3d076ea97f1c5cb,1628442000,73,505
4906,outfit.5862a9386cbc4ff29e9892f49274c243,1599757200,4,7
5657,outfit.142a3686d9ec47afb71932e592f45a92,1643562000,171,625
6519,outfit.66da7242210f4c3fa7a47285efe37504,1644253200,377,709
3320,outfit.adf3063b0cdf501d,1667926800,68,538
4464,outfit.bae42664f07a447e,1655571600,55,710
3227,outfit.89954cb83fe420c2,1642957200,223,329
456,outfit.790f5da62cbc479694f4df750c3a76c7,1626627600,287,711
6903,outfit.b2924603fbe14557b4e7175a3bbe4d5e,1600621200,350,712
2703,outfit.62b7b6c55aa84d89a8bc7b99173f571e,1652634000,236,713
6858,outfit.8d7319b7cde9526b,1660496400,367,645
262,outfit.ad062450831242c091c3cfc78407df6d,1645722000,382,464
3094,outfit.2a4ac5ffa2a44630a5295e135713963f,1603990800,11,714
804,outfit.819bf34ba04d4748b9232e1df3bf9c8e,1633021200,383,715
1248,outfit.505dbed58d2a45bc9bd72774be4f5c47,1604336400,221,716
6372,outfit.db03133911df4812b48f31358089632c,1617642000,143,717
4452,outfit.e17a0df1f70743e590827d7df93bb7f4,1604854800,306,119
2815,outfit.d44ae0b21fb940feab3385596af0c711,1652115600,384,718
267,outfit.98c77b103c834bec95a332ea8b683db1,1647104400,385,719
675,outfit.a9a4918501579729,1643302800,45,720
6,outfit.648db79508724c99ab948e953e4813a7,1629824400,325,522
5760,outfit.524627d9e5544cb8ab8c738c64a440c4,1659632400,59,509
5118,outfit.326753f766be46ea82c771b041c4dd32,1597597200,158,174
3094,outfit.676f2b8ab3894ff293c0fbd62398bc05,1635872400,11,721
6380,outfit.951c39634b6a4626,1631811600,196,722
2040,outfit.cafdca5ad56a4f6ea824cc20fab5b5ae,1606669200,24,723
4463,outfit.c09187a8a8334f118324a6c4de5f7a91,1657040400,36,724
5661,outfit.cb29aca3f7be4551b07a9d1b02957e02,1715101200,386,95
2508,outfit.65d319260c9e49369ee53b603caa89f0,1661274000,387,725
6310,outfit.142a3686d9ec47afb71932e592f45a92,1636045200,16,625
1354,outfit.ad6f853b5c31b6f5,1685984400,301,299
5459,outfit.7ca0d67e06f7491f926b46e7fbdbd32c,1698166800,10,343
5490,outfit.a2ecd990912ca6bd,1634835600,104,568
6781,outfit.9f16b609a91c48e3,1671382800,146,109
1840,outfit.0106cbd7e23f41da92e3081146b4ad03,1622739600,141,726
3577,outfit.760624a41d5f48e5a2f749acd6f4568b,1626022800,136,727
2383,outfit.8f34384795bfc03e,1642698000,297,728
1525,outfit.fc14b8a036fa4ac196b9160b9b1fe0d2,1602003600,388,680
3094,outfit.b1adfc4204c602e5,1671987600,11,170
4880,outfit.557da3a4e43b4aa18835708e7320f359,1706374800,280,729
3649,outfit.26cdd2ae3a854c73a9d207dc298e3367,1605546000,66,730
3103,outfit.4ee818d5bdbb409397fa9157da2e96b1,1601571600,79,731
5760,outfit.a5f369e8f0504905bd14d3a58f8dc8cb,1683219600,59,732
6284,outfit.8fda8ef6cb62ebcc,1671210000,97,508
2040,outfit.167c1898ccab4dbcb3d0a74591e1902f,1618160400,24,733
1586,outfit.f8e95f5fd1b641a4823ea3c6010e19cb,1681578000,23,254
2519,outfit.9bf55c30dee14573ac0d46c03fce3a0e,1595782800,327,734
1792,outfit.99cc91aeda7eb778,1619715600,199,735
4464,outfit.851c21ffa4468a82,1710781200,55,736
6310,outfit.841869bb72cf0dd1,1659805200,16,737
2833,outfit.648704eeb8f143c2ac81079d01853223,1664902800,54,738
5169,outfit.a01f2c0fa05d3f98,1677517200,389,739
6781,outfit.342ecd6e76d54f2b8e2cf31ece991f48,1634144400,146,740
4240,outfit.29a0d66e916c4bc690cf393bcea980e4,1629046800,70,741
1684,outfit.7cc6bd8e645a41d2837976a0d09e3ca9,1666198800,224,0
4906,outfit.c929e1bd6aa940f7a34c16471389c460,1596992400,4,4
6526,outfit.34fb4047b75346ba9ced8912198506ff,1667926800,62,742
1605,outfit.bfdc262fa6ea40458a3ff1a4353e71f9,1633539600,390,743
3608,outfit.aac9da3df1d5b519,1606755600,247,744
1386,outfit.113cdf3f57984c3a9cc75afd5bf45c03,1670173200,189,745
568,outfit.64524dbb801942fb9b9b0b5853183177,1620925200,253,64
6513,outfit.b09e135ba34c46daaf3a5495dcec6e83,1629046800,107,78
3376,outfit.9bd9226c247f4ee8a64be90ee310fd8b,1639501200,291,746
1232,outfit.fdb60816253847178ab8a51f0ccbbe56,1685034000,166,747
313,outfit.e7180235b62040eb9afeab19f74c5a73,1683392400,391,748
5379,outfit.790f5da62cbc479694f4df750c3a76c7,1639674000,102,711
3094,outfit.2ea36f84cb12427686eed685f97f2a8f,1679763600,11,749
2022,outfit.29c39d6085f345dfbccc23a2f8e274a6,1676998800,149,520
5236,outfit.c18d614b53ad40d9ac3f3c48278fa09f,1670086800,310,750
4336,outfit.d751f378f5214d2e941994a9ecc4b046,1645981200,119,44
5236,outfit.68d7e3b9e8be4f07b3b200682d7dc456,1680541200,310,751
3094,outfit.fabaa18896e64e6ba835286d7f1d44e3,1606410000,11,303
4725,outfit.14b7969c5bef4051848ecc977eef38a2,1645981200,83,289
2833,outfit.c56b02923f6c4bdda50d3b93b48ce291,1653670800,54,752
6591,outfit.a95a05ea858446c38ffd5535ab65a392,1665248400,120,753
1809,outfit.fd816aa2311d45c78fd0ab2d663a177a,1692464400,211,342
4463,outfit.fe07e41596d841c6943aa7819488c565,1687366800,36,754
319,outfit.3dac69d72aed4d1ca4fc6bcff6b7cd4f,1685293200,392,399
1207,outfit.118f15046d0b45d48929bb91df474761,1632762000,361,755
6955,outfit.17996f09f2a84c078a7b0bd718bcddd6,1629392400,30,756
1412,outfit.a38b3b3e20364b78bfcf0bb1eadcc0e5,1630947600,73,536
3103,outfit.eeee122cf40b4035b6ee0e26b194c531,1609866000,79,757
1862,outfit.8f4c967492cd42a6a0afec84b3500e93,1632762000,332,758
7411,outfit.b87b2a39d4f64871865834bdfc4cf1e6,1628614800,5,759
1710,outfit.a9a4918501579729,1600621200,393,720
4858,outfit.3f9b25249293481cac7469b68f545c7b,1606064400,394,393
910,outfit.00fa8d1fd5804fe78ac284c2e0c28b4e,1601226000,109,760
6834,outfit.f40373a3c86d43cda4155344e39334c7,1645981200,106,761
2329,outfit.25ff5e5ef4b541d79324a66515f1d89a,1646067600,212,298
7100,outfit.1f0ae1de64a54ab8ade3151460b27eb6,1655398800,61,762
2085,outfit.a38554cc5999458397c5f190f0f3c38d,1674666000,172,99
5144,outfit.6d042743afa04727815f717cce0b2ac0,1629046800,217,686
6046,outfit.15d79dfee61f4e1a840f3fa2368563de,1596387600,395,763
3051,outfit.769849cd28044a7188d9fce349c06156,1599152400,396,764
3094,outfit.31edccd419de4fc5ae6aeb7eed4327ab,1600966800,11,765
2040,outfit.ede0d0fd9315467c868825bcb20d2fe6,1596992400,24,330
5695,outfit.1185a02614b947abbd217a5ba0b05a67,1601485200,44,766
139,outfit.38572c7dec3b4460bf36ade1d517ce20,1660582800,111,767
3094,outfit.93fb65b596dc4d628b4812d30178a4dc,1609866000,11,768
3669,outfit.6df9fd60925949a5acdd17de4dd4e7a1,1687539600,331,499
454,outfit.b8248f42bf864dabbf1f70840a474142,1712077200,96,769
6903,outfit.bf6df4f0abba9e2f,1600621200,350,770
1526,outfit.46796cfb57174c9cb04ef0489123a073,1651338000,142,771
2273,outfit.cc5b53a2d9f44413afdd86c5d0dfd1c1,1658077200,148,361
2085,outfit.b4e582b38a10f6bf,1671987600,172,772
1516,outfit.9827e0aa5b554cd4a6c02abfd990d3fd,1626282000,238,773
568,outfit.127cbdac62d948a1827499f13034becf,1618246800,253,774
2402,outfit.ae77f7b917ff4730a2300bf43f24735e,1592758800,163,775
6642,outfit.e6d04857b6e54eecbd905c7e8093c960,1612285200,312,548
5645,outfit.b9311cecf65f795b,1664298000,237,481
6284,outfit.4c41406859e04bc7b29036c62ea1b7df,1614099600,97,453
319,outfit.8609dd7995e147efbdf631d515d34bed,1682701200,392,90
5330,outfit.d52f6e55c56a4d6ea952522543d06fbf,1686589200,215,91
5760,outfit.f465c31c406c4fc69448ba6a62d76ea6,1664902800,59,776
6591,outfit.071f256faafb419a9d235186bcf44c81,1717866000,120,777
1710,outfit.ce0b5207f51545bfbb1ec5cc1b01a8b7,1600621200,393,778
2170,outfit.c05f7a4778004af4b50ca321d248f1e9,1618938000,19,779
5144,outfit.4d15ca1915cf4639a9029a016640f7da,1617814800,217,71
568,outfit.226011180c0e4df4852d693067d02fef,1623603600,253,780
910,outfit.8ee54df25e43382d,1601226000,109,781
4564,outfit.688665113d8c4d13bae1db16e822454c,1629997200,167,782
3924,outfit.bf6df4f0abba9e2f,1706374800,204,770
5344,outfit.8302402a6e8e8e8c,1706720400,397,518
1382,outfit.d91c416ae1584028ba0c20f1329bbb97,1624813200,20,286
1735,outfit.2463040b4a624400a85cd400d0ae0e7e,1647450000,42,387
4960,outfit.9bf55c30dee14573ac0d46c03fce3a0e,1678294800,198,734
1770,outfit.a5f369e8f0504905bd14d3a58f8dc8cb,1668618000,293,732
6026,outfit.7cc254ca61fd49189825e315d9507a3d,1615741200,398,783
4137,outfit.cf2fa10de8ea412186fd6dd1f658e3ff,1685206800,399,135
1684,outfit.7cc6bd8e645a41d2837976a0d09e3ca9,1618765200,224,0
3875,outfit.7bf81ddabaf04521afae88cc4b70ef8f,1625677200,400,784
6911,outfit.99495169e3ffdfa4,1662829200,401,785
4463,outfit.3f9b25249293481cac7469b68f545c7b,1689958800,36,393
2716,outfit.75fd35081c884af28940d854e0a8c67f,1606842000,242,468
1382,outfit.a1bd30435ab14461af069cf262f1e1eb,1619370000,20,786
6988,outfit.fd816aa2311d45c78fd0ab2d663a177a,1687107600,81,342
3875,outfit.3192a1f5ab4b41c4ac530502ee7f5720,1628442000,400,787
2085,outfit.89954cb83fe420c2,1679763600,172,329
7411,outfit.25847fedcdc640569e0b07e0b38fef30,1692378000,5,788
3267,outfit.d71dd7d70f184d10b2bc26105f3283d2,1624208400,43,789
5379,outfit.1cac5f6638f140a3bcd41d5c1cf4bdc5,1595782800,102,790
1586,outfit.25cf652454ab4f9fa1b636cbd555cfa6,1686848400,23,791
1354,outfit.b1adfc4204c602e5,1699203600,301,170
5694,outfit.cac751eeb8fe4846a26b1fc647bc5ef2,1609866000,216,792
6818,outfit.a6c2cc1cde584657b1748339cee96a5a,1592326800,402,176
5760,outfit.9f16b609a91c48e3,1670173200,59,109
2273,outfit.80820b9138cd4205885caaa0a65dd6a4,1638982800,148,402
4258,outfit.0d19e03cbaa04339bd57439d7c22ec6c,1665594000,165,793
4656,outfit.b4e582b38a10f6bf,1693760400,130,772
3988,outfit.bbd662557126462f84e4912812fc1be0,1610902800,274,794
2519,outfit.b24fc57f02ac4e4c9061761ca18d9d3c,1600275600,327,795
572,outfit.a40883a05a5d406b985e7ad5451a61b8,1636045200,35,796
3376,outfit.875635fa72e9a84a,1636909200,291,412
1382,outfit.cf2fa10de8ea412186fd6dd1f658e3ff,1598374800,20,135
2833,outfit.badb81ea53ce4b62b54387b26501b6c9,1633626000,54,101
3669,outfit.fa20f4d239044e7a922e27c5b5fd9f4f,1700758800,331,797
5490,outfit.a1c7ea9aa83e32c8,1641402000,104,357
3846,outfit.0dbb762a27a343a1b1176dbc1fa8201b,1607274000,118,798
1443,outfit.8ad56e42a7bfeb00,1603645200,403,799
6298,outfit.e5503fe6f5f243fc90c526bcdb75c942,1624813200,404,128
1041,outfit.eb104cb68a534166899c4cce84b0fa55,1618246800,405,800
2085,outfit.d363ee8631554dccb9ced5babed2ce6a,1664038800,172,801
872,outfit.9aa24eb08db9447da1e6f285b151b357,1655398800,357,802
3267,outfit.374273ffb79943b7be144ceb14529592,1624208400,43,803
2703,outfit.bcc71d0caf95dc33,1663261200,236,17
69,outfit.b6e876bed3cff76c,1632762000,315,804
1684,outfit.944185e8eec8066a,1641402000,224,805
6526,outfit.deb2675432704b1e8048f6f90c102a00,1694192400,62,806
7104,outfit.df13ea56a17d4fad9fca92caa307b02c,1650646800,406,807
1710,outfit.8302402a6e8e8e8c,1603213200,393,518
7244,outfit.8688e9d35c0dba13,1606669200,22,808
3510,outfit.a0361d1da07f4cf4929c58bd45782fae,1677517200,239,809
7026,outfit.853997984302460e92bb9f8335ca5a0b,1623776400,308,810
1706,outfit.aa76777d3b9d4073a342e2093e4ea1e2,1646067600,288,10
5531,outfit.9b7e2e060c874d3287c4cee69860679a,1619715600,105,157
4834,outfit.769849cd28044a7188d9fce349c06156,1669309200,131,764
3279,outfit.bd37bc0ed1857fb5,1633021200,407,217
3103,outfit.d91c416ae1584028ba0c20f1329bbb97,1601571600,79,286
1553,outfit.656d8c9767e2417d8fad467465515b5d,1631552400,408,811
6932,outfit.0fdacd78ea72476d9688afaa61fc5c42,1610902800,409,812
851,outfit.3192a1f5ab4b41c4ac530502ee7f5720,1620234000,254,787
2273,outfit.0c3cac26eb674e35a4602a369b146592,1629997200,148,813
5531,outfit.feaa16af0f6b4a96b65f8a29ace77979,1657126800,105,814
55,outfit.1023091eb7324562a4153373934bcb64,1664989200,117,434
2205,outfit.9bf55c30dee14573ac0d46c03fce3a0e,1600189200,132,734
1894,outfit.2392f0645935482bb171c7fd35384587,1602608400,181,815
4017,outfit.138c6d460dc14dd4a223e9f2a484ad6d,1691514000,296,816
3291,outfit.6705bc03d5e649f4bec363e6367cd89a,1687885200,279,417
7342,outfit.6d6fe6b3b2514ecc8c47947292874f90,1684688400,410,475
4943,outfit.7d5887278cfb479b8c92081dc85ad698,1605805200,103,16
2687,outfit.2fe31ac153bc422c945294c342de95a2,1677690000,147,106
1735,outfit.170d553601c744e393427a92c0cf58b3,1627232400,42,817
5844,outfit.fa20f4d239044e7a922e27c5b5fd9f4f,1573664400,40,797
731,outfit.bb72f30cdb4246d1bc47ff8b17cf4162,1659978000,39,226
1390,outfit.837d79eeae2a466cab88d515bd1aa409,1633021200,77,573
1840,outfit.060cbfa6f9024404bd6a4ed96b7bd41b,1712595600,141,818
4656,outfit.8feb7001275554c8,1685811600,130,819
446,outfit.6d6fe6b3b2514ecc8c47947292874f90,1594832400,0,475
6957,outfit.76e513e7ba654a648bf90044a81b3926,1628010000,336,820
5844,outfit.3d6a6e8b147447cb94f5f2b8056018de,1572195600,40,821
746,outfit.82c79105bea94ffc800e561a5c9512c0,1570986000,209,822
2040,outfit.f1a25e8f1def4f2fa805aefcbb91bb62,1606669200,24,823
5760,outfit.81ce5109e01d4b7b9f944a3baa35c4d6,1664902800,59,122
3147,outfit.f311d710c5e84c58ba695897a2d8afa0,1630429200,161,824
3518,outfit.a9f2bcb6885fe60a,1694710800,411,384
3749,outfit.839e3ef745704a72a86272840cf862d4,1606064400,49,140
446,outfit.774b95bb02cb4be0b92d2a232bdb8b0f,1602781200,0,227
2040,outfit.34d7be74e161460bab8864520cacbfc6,1604250000,24,825
7244,outfit.3b2ed909c25f4ba28abf27a3ba98f5d0,1645808400,22,826
3846,outfit.b9e21535cf624b6eac04d3a9708f213b,1602003600,118,827
319,outfit.eafae74f4ff24c29862f7dba09874920,1682701200,392,828
1201,outfit.b9c0bbd563524653,1636909200,412,829
1684,outfit.ae922e922588454591edca7cabf0db48,1641402000,224,261
2812,outfit.1ba9e80c87c84ac98d59fd5fbecf6f32,1625158800,51,644
3267,outfit.b09e135ba34c46daaf3a5495dcec6e83,1658854800,43,78
67,outfit.eb104cb68a534166899c4cce84b0fa55,1682614800,413,800
606,outfit.9ec98510baa9411d905131e4377e154d,1653498000,178,830
7342,outfit.671c37e96f5247e68b198e2a61dbe34e,1684688400,410,699
4461,outfit.7d69ae2f5dc641bca0eed4b1dfc17ac8,1638464400,154,39
5531,outfit.a5a7231c342d45cca35cf536be58d63e,1662483600,105,301
4858,outfit.9739950a93f6aa90,1606064400,394,510
5680,outfit.b3d31d76ede3d815,1640538000,21,310
3821,outfit.e0f170b8b51f4ae4a7e00047b9ea8d79,1637686800,414,831
7199,outfit.890012ec91261ee6,1636563600,363,832
2812,outfit.bd029e8ff7cc4341bf48b2afaa0d9946,1622653200,51,833
2170,outfit.9f515fbe4fef48e0bbdebca645ea96c8,1624208400,19,834
1553,outfit.8fe12d169d14a8ab,1634230800,408,476
6875,outfit.21474001bd3e48a19da3a75c2f3819fa,1704474000,415,835
3924,outfit.e3c17b42a98943bb878e77b93485e940,1648659600,204,836
2833,outfit.13db1499701e46f5b6e98d5e6d34267a,1620320400,54,427
1684,outfit.97d97dbf860e43f8b123511d01711aaa,1637514000,224,837
5251,outfit.df1d0f1d24dc4629b4769b6a3dc89b43,1668186000,260,838
2492,outfit.b619ba973b4b49d79c89863737097ab3,1674406800,138,839
416,outfit.5242edab1a064713b3c92f329d51b514,1625158800,33,76
3291,outfit.9f58acfe6b554e4ca880e378aa7e8e56,1682614800,279,394
5760,outfit.defda56477d1496dacd7a61e447be9c4,1651683600,59,840
3669,outfit.9ae9443798cb496ba7848d3c3616ab1c,1642957200,331,841
7185,outfit.f4b3b0445dbd4466b2f5cc17cb14ae2f,1600189200,416,842
6907,outfit.93826cc51216dcd0,1709658000,32,386
5695,outfit.6f809ac4449f4502a6eee8832eabcb60,1617555600,44,843
1374,outfit.4a4c3e2895e2437b8cda83c27064abba,1628442000,6,552
6650,outfit.80820b9138cd4205885caaa0a65dd6a4,1685552400,417,402
6642,outfit.becc5bd9847a7c10,1617555600,312,844
6526,outfit.b45f71cef3bf96b3,1678294800,62,233
7209,outfit.63e5bdaff1b343328fbe6a01b518c546,1632157200,286,845
2271,outfit.95075e1ddb3d49a9a3fc51653c1e0421,1600016400,259,846
2489,outfit.b8edf89f3a5949949ae1188cd3283d6f,1610470800,418,847
4463,outfit.1bf5c2c096dc490f8e8efd7d09e6769c,1687366800,36,848
6284,outfit.82ca4f1985ca4966ac81db79cc5a5bc1,1593018000,97,849
4774,outfit.55bf4bdcb79e4027987f9b8c7eafe314,1647277200,334,850
2623,outfit.bbd662557126462f84e4912812fc1be0,1614704400,272,794
3382,outfit.89eec1f4fc5f40f59a6ea4149a4d00c4,1633366800,229,851
6592,outfit.a50024ea71e6453c9c09d6d65d21a5ea,1704128400,129,852
3878,outfit.f8ec4121473f4e418d2f999fd0745d44,1605805200,419,853
2052,outfit.a8770590533c28ad,1648314000,177,854
4640,outfit.3f9b25249293481cac7469b68f545c7b,1627578000,245,393
5251,outfit.447e5486379147879a59e168c261d9e2,1662915600,260,358
1735,outfit.48f1cbb3e03247b7bd894690722f655c,1697475600,42,855
1412,outfit.5b607271e3ee467bb4188f977c0336b8,1615136400,73,429
454,outfit.806a7fef96ec97e0,1719939600,96,856
4674,outfit.f75f6043c5814e998e72b925ef7a21dd,1682442000,12,202
4564,outfit.866385e680f6475e8b2899e2bc30a1fe,1627578000,167,857
2815,outfit.ab9dd6cb6757426c9d5968e731b29cb2,1654794000,384,858
4193,outfit.3f65ab1185ed4b06a4feab44d8fdc748,1688835600,278,859
1447,outfit.80d81410fa5f0ae4,1662051600,174,678
4258,outfit.9f58acfe6b554e4ca880e378aa7e8e56,1663002000,165,394
5778,outfit.1ef0bbcac4054678bea5622eec91880a,1668704400,169,642
5593,outfit.1f8f1544736b40b99c3485150d68342b,1641315600,362,860
5695,outfit.d6896eaf6b734f40943d6cce5d23c1e3,1633366800,44,249
1987,outfit.f233488767cf4bdf93f717f7d42c0cbf,1636909200,420,861
2088,outfit.43d5741ca13a453bb378172945b47fc8,1632762000,421,862
4501,outfit.2a1a34d38ac64414b5d7878a719984e9,1683306000,381,863
139,outfit.38572c7dec3b4460bf36ade1d517ce20,1655312400,111,767
2290,outfit.7b4f2169219844b0841ffb1a8c602ee2,1653584400,422,291
4452,outfit.d24b8b64d37f4ea29ccc8aeb0c1bbb2f,1602090000,306,216
3924,outfit.af0ed14f93f042fa8c43dc0ff2da97e6,1630256400,204,864
4853,outfit.854021359d3e487ca1c90e5bd126ea0c,1651942800,175,606
1840,outfit.e989b8cb4a814d97b642e1cb326f47e6,1667062800,141,865
1277,outfit.88a780cac1d40972,1659286800,423,32
6706,outfit.24204aa044c44df084bf383e731cc535,1609866000,424,324
1626,outfit.155567585a3c417fa6043924c2867d0e,1642352400,28,866
4674,outfit.4c41406859e04bc7b29036c62ea1b7df,1664125200,12,453
3988,outfit.9fde090f117fb9d9,1607878800,274,867
6380,outfit.34fb4047b75346ba9ced8912198506ff,1629133200,196,742
3094,outfit.fdc3cdbad50644ad97fc0a903f967e15,1609866000,11,49
3028,outfit.34b2a2a9779a47f0a1aff663fe8d1c86,1655485200,176,868
3291,outfit.2cca272e852c42448c449664b8d98693,1719507600,279,463
1589,outfit.b619ba973b4b49d79c89863737097ab3,1689699600,244,839
6284,outfit.76afccd8218448bcb7c5348bf4b76ef1,1605718800,97,869
902,outfit.97f20b8380c34615a30aed080071aa96,1703178000,304,870
5236,outfit.841869bb72cf0dd1,1667494800,310,737
5398,outfit.b24fc57f02ac4e4c9061761ca18d9d3c,1620925200,299,795
757,outfit.9ce064a4d8b5b825,1646586000,295,871
1327,outfit.d363ee8631554dccb9ced5babed2ce6a,1620666000,425,801
4218,outfit.abf8682bf7784e73af89ebfd6d542df0,1666717200,170,872
7041,outfit.b4e582b38a10f6bf,1637514000,116,772
932,outfit.12ca1b6aaefb46af8208fe008f3eb4e3,1664470800,426,144
3521,outfit.c71e9a58962a404b9d6c8df867b4b392,1675530000,58,873
1784,outfit.f062df328d7842e4bc5b0c41e309393b,1697562000,427,874
3608,outfit.63bcf26d934447e1aa4d53214cef7d4f,1607274000,247,875
3649,outfit.0fdacd78ea72476d9688afaa61fc5c42,1592326800,66,812
2383,outfit.ddf5ea0fe07746eb95e15f4cda0b5e4d,1662397200,297,876
4817,outfit.9d97d017a5c747ac89d59efab886369a,1601658000,203,466
2920,outfit.293b6f34465a4a28abffbfc87ad78849,1633280400,47,877
5224,outfit.7d5887278cfb479b8c92081dc85ad698,1635699600,17,16
1374,outfit.ae922e922588454591edca7cabf0db48,1625590800,6,261
4943,outfit.ca45a9e1634c4664a5f9688d3eaf261e,1603126800,103,878
6907,outfit.b80a7f8948aefe75,1603990800,32,348
3896,outfit.e14ebf07096246dbb7bf4e241b4c5b32,1647968400,192,182
7371,outfit.ed0bda9223004815822e8eaff7b7688f,1596387600,18,34
416,outfit.41e3a8155d734aa8a3c114e1dfbefe1b,1633453200,33,879
3312,outfit.e970ed3f6ffc48a1805fc82d98ef7981,1602003600,31,880
1443,outfit.95b998c29f9af2fd,1600621200,403,200
6781,outfit.f13af5d893714a7abcbca1ca15163fe9,1623603600,146,881
2329,outfit.fd816aa2311d45c78fd0ab2d663a177a,1655830800,212,342
1083,outfit.caf28526c07f46a9b8e16aa22e09593c,1570986000,233,882
1589,outfit.944efade730744e38b3b678dae890f98,1679158800,244,59
1735,outfit.97228689c245bc79,1668618000,42,175
785,outfit.c258add24a7a4550b115b749ea07524e,1704560400,351,883
2619,outfit.5330ecb4f53c4f7a865f99a6fdd37773,1677517200,290,884
4170,outfit.9bb6cde5e7d143db8e60793ec409d58b,1638464400,87,100
4336,outfit.b36a2b4ce3d90e1b,1667062800,119,425
4170,outfit.3b8ec1aa02f64daebc17177ba35efcd2,1651510800,87,681
996,outfit.be54589074780d08,1634230800,309,61
4218,outfit.84258d84646b3955,1631552400,170,885
2102,outfit.56cc017ee10f4e77a002829e408687ba,1636909200,179,886
1878,outfit.d1d9c6d189744cd29dbf2a778da4c399,1679850000,3,887
3846,outfit.2f5079f4f8384977a9ac6bb4b465c23c,1630429200,118,888
675,outfit.a38554cc5999458397c5f190f0f3c38d,1688230800,45,99
6129,outfit.a477b4efb5b14d348d9c07782fa1c26f,1655312400,428,889
5236,outfit.c71e9a58962a404b9d6c8df867b4b392,1643648400,310,873
1586,outfit.80333429732852d4,1692118800,23,890
5236,outfit.e89fab0bbc574d6c89242ff808d537e6,1664816400,310,891
6957,outfit.4060d4c7c61443afa5fd7dc4f18a9aec,1629651600,336,892
4667,outfit.a38b3b3e20364b78bfcf0bb1eadcc0e5,1610038800,429,536
2775,outfit.625293137dad4142a7558c88b74e3644,1656176400,127,893
1219,outfit.360831efda1443f6bd7c4c5931b1d189,1658336400,430,894
1032,outfit.ed0bda9223004815822e8eaff7b7688f,1641834000,218,34
6075,outfit.98fa1b5287182a9d,1670950800,431,895
4731,outfit.9481d2d7251be70f,1668013200,53,245
4463,outfit.31d5bc7c60334b9889e9ed768f05e578,1716310800,36,104
1819,outfit.061edd6d908049c5856935a0372ddc64,1666112400,349,896
3376,outfit.386472f39b5b4a7082e407d6171b4036,1639501200,291,897
5844,outfit.81a6106b4f3fe5c5,1572541200,40,898
1382,outfit.b68b720dbd521460,1637859600,20,899
1684,outfit.4b20b3ccd3cd41fe98d0225f47276e2c,1716138000,224,22
3320,outfit.5d29c975554e432eacf5e7d49c5342e3,1678294800,68,900
7411,outfit.ecd20396b6454329b80dd3a7f3d5c0c4,1596387600,5,284
6380,outfit.8a9297abf702469b88dcdb1ce6cd35bd,1636650000,196,222
7041,outfit.f062df328d7842e4bc5b0c41e309393b,1641488400,116,874
1831,outfit.8238ed2091e347149ddd6114aeeb2655,1700240400,432,661
6583,outfit.fea3bb7d8ff54872ad84977465e29da4,1645549200,333,572
6284,outfit.a3d27b283d42172d,1614099600,97,79
3749,outfit.fabccb7729514b23b386e2f93064548c,1613926800,49,901
3051,outfit.0fd1ffa75a364aba8427034859879e25,1599152400,396,902
3041,outfit.2fe31ac153bc422c945294c342de95a2,1664989200,76,106
4998,outfit.48cf5d6579da4369b03b1f04719b322a,1639674000,220,675
658,outfit.53a31f7360074b1cb7eb8b9c6367986d,1573750800,82,903
7411,outfit.66208dc33bb64be483ecda5b9a4f66fa,1603990800,5,904
3320,outfit.f465c31c406c4fc69448ba6a62d76ea6,1678294800,68,776
1982,outfit.a8544eb2962547d1bb80da530b4c377a,1633539600,433,905
6212,outfit.d81ef5af6f7b43358348ff1113aeb904,1671296400,434,906
4746,outfit.0654b5aaef694f20ace802009972a59e,1659718800,94,295
3312,outfit.6db79c15132b4860a7e3a34cbf5c44c2,1612112400,31,907
996,outfit.7f44b4762bda4246a1aa7cd533047141,1652547600,309,206
6733,outfit.3f65ab1185ed4b06a4feab44d8fdc748,1662397200,435,859
1706,outfit.8cbb77c85f07443e9c2e6687e4131a45,1631552400,288,250
7411,outfit.501f59ab11f94aa1a28a566911f8a8be,1592326800,5,908
7411,outfit.d1404a07cbda4bf68dd8d57cb0e32207,1606842000,5,319
4853,outfit.33775c3acbcf408aadc5a2436d0750ec,1630429200,175,909
3094,outfit.af4a7934c1e143efa7ff6dae227cc416,1600966800,11,910
6965,outfit.ae3c94e801eb4aebb7c3714ec981521c,1611507600,125,37
6118,outfit.90f7caee60bf4dbf8f731e83d2560155,1570467600,7,911
7411,outfit.342ecd6e76d54f2b8e2cf31ece991f48,1606842000,5,740
3320,outfit.2ab1a79e73cd419fb4479cea44e12c84,1694192400,68,578
7244,outfit.bbd662557126462f84e4912812fc1be0,1637254800,22,794
6526,outfit.ae922e922588454591edca7cabf0db48,1667926800,62,261
6429,outfit.c0dd5faf2a294aa09fd7a39dc7a313bd,1655312400,128,912
5844,outfit.03b18817e1894e588c3ae117a47d830c,1573059600,40,484
4834,outfit.e43d27b277bb4ad7aff36a857ce6f766,1638205200,131,913
5695,outfit.925c69db26f6bbae,1622739600,44,367
7009,outfit.9c101c6da5bfc6e1,1644426000,222,228
1193,outfit.2a4decf449b64584804dad1d704f4ef1,1621962000,214,914
6081,outfit.2c789fb5fc554dbd8dd86e423e809ff4,1598979600,92,915
5303,outfit.98fd2627236f7f19,1708102800,194,264
6011,outfit.a6c2cc1cde584657b1748339cee96a5a,1656608400,114,176
4899,outfit.df04bf46dbd54868a63d2db542a5fa3d,1600016400,302,516
6965,outfit.be1e83bfcede6836,1598374800,125,916
1481,outfit.9d3b8dd5711d3657,1639674000,115,917
1881,outfit.6e2a3eeffbf4433c9d6e5085d8c083f2,1695661200,316,918
4218,outfit.9341a89b191cd49f,1626282000,170,919
1840,outfit.bc5aa99812bd420fae43972060ba092e,1651251600,141,920
6591,outfit.67c7e051a163432eadc34be683ea3d44,1709917200,120,562
3312,outfit.e64440c76c164f76b87f4719745f3b68,1614099600,31,921
3988,outfit.ccae6ec63d494a5eadd0d6b001597c42,1605200400,274,275
3441,outfit.b26dea94dbd147919dbe9c6378c9c52f,1690563600,436,266
3533,outfit.085fb811e8144319a18fe29c43325329,1605200400,108,922
6907,outfit.b82c3360fbcd411683eb135b6450e7fd,1614531600,32,923
384,outfit.44c8e590e1df4f6ab23cf81b9ed39374,1686330000,437,196
1626,outfit.35040533aa374146acdf6819785d4b85,1642352400,28,924
1735,outfit.3b2ed909c25f4ba28abf27a3ba98f5d0,1673888400,42,826
1819,outfit.c08f7356b17643258f50b4cc3eb25fa6,1650301200,349,925
825,outfit.3aba9737d2f445478a8ce23b2fc22da8,1632675600,113,926
1716,outfit.8046647faecd43129ae560e955ebc8e5,1620579600,298,698
2687,outfit.edf01c8ca8f64059a8afaf72b4ba5eb3,1636304400,147,927
2297,outfit.dc7abe1bb20f423a8356cb4d089c56ff,1670518800,438,928
414,outfit.0ea2ed06e62c495195f67005f3057721,1690045200,373,929
4818,outfit.021142f5924f4280bd3948268d35db64,1685120400,439,930
6319,outfit.fd816aa2311d45c78fd0ab2d663a177a,1685898000,34,342
6591,outfit.76443d6db496494dbb26ac275ecbdb3b,1675875600,120,72
1389,outfit.78392fa87e224d719c89da109d9e263f,1666544400,440,931
2687,outfit.ee0dfdf3b9a349b591e78712514e2f5b,1680368400,147,932
5160,outfit.e43d27b277bb4ad7aff36a857ce6f766,1653411600,441,913
4960,outfit.5241f5b777a147bbb786de5bd171be85,1694192400,198,272
1382,outfit.5bf05f8589804ae290c997e60400cb6c,1657818000,20,933
4853,outfit.b1bce95db2fd4e28befe26b0a6985c73,1646067600,175,934
3577,outfit.8f34384795bfc03e,1610298000,136,728
1505,outfit.a83b27ea0df44e4d9773f8e7b5096ab9,1663002000,442,189
5398,outfit.0d0727d0c03f453495eaa85dc17d382d,1618506000,299,187
4884,outfit.d363ee8631554dccb9ced5babed2ce6a,1670691600,443,801
2619,outfit.9f515fbe4fef48e0bbdebca645ea96c8,1679936400,290,834
7411,outfit.2684b038d1e64fa1814b56b51b834047,1606669200,5,935
1032,outfit.81e52ba208d55e4d,1647277200,218,936
2617,outfit.ed9017ac844a486fac95996bcc5b4b84,1611162000,50,937
4906,outfit.31c50265a96d4e49aa5394db37e039f2,1599757200,4,938
4218,outfit.305bde2827b34ff192d1271ddb0e50bb,1623690000,170,939
2716,outfit.326753f766be46ea82c771b041c4dd32,1604250000,242,174
4638,outfit.cc5b53a2d9f44413afdd86c5d0dfd1c1,1638291600,46,361
1193,outfit.1af9826548074bb894ddfd86db27c9d9,1637514000,214,940
4899,outfit.0b721ca6ffdd489d91fa63f960ca64ec,1605459600,302,941
5405,outfit.0fce955a2b0840ff8630eb10804ccb99,1668963600,64,942
4667,outfit.75f72fc891604734a37a5ab96b006367,1610038800,429,943
6447,outfit.fbda7f830faf4caf9b0a085054f22e54,1646326800,243,35
4218,outfit.d04fbe1240ef405c867fb813b5aa8779,1679763600,170,944
6591,outfit.b4e582b38a10f6bf,1670518800,120,772
6592,outfit.8060c53293c94422bf08bb0997ab9763,1606842000,129,581
3259,outfit.924f4c42857340e68e7e874fcd5c6775,1596128400,303,306
3521,outfit.8060c53293c94422bf08bb0997ab9763,1667581200,58,581
2573,outfit.b1adfc4204c602e5,1612458000,201,170
3521,outfit.8ed6e4fedeb67e87,1649091600,58,945
3642,outfit.1c78096241a04da2bb89cb692f3953b0,1604250000,271,235
2273,outfit.d21f3628771b4dcebc478c94a456d999,1660755600,148,946
5330,outfit.0630ef7d996d4c489b4e54e85bd09e5a,1676221200,215,405
4107,outfit.b6bc32c8e1ead0b9,1626627600,444,947
5695,outfit.9ebd102e2b3b4b7484f86af242efad85,1598202000,44,948
3291,outfit.b3c827a7bc271120,1632416400,279,594
454,outfit.801f1b35886e42f6907ec4709420c7e3,1667408400,96,253
948,outfit.ad6f853b5c31b6f5,1690995600,249,299
2870,outfit.394609460a3549928924f3a0dc5a6e3d,1685034000,354,279
5344,outfit.b75d871f45424868baa650472e43193a,1646067600,397,383
4960,outfit.13ed9e9168f247308641b61eb258a756,1654707600,198,949
3896,outfit.34b2a2a9779a47f0a1aff663fe8d1c86,1663866000,192,868
6456,outfit.8046647faecd43129ae560e955ebc8e5,1689958800,157,698
3846,outfit.2901f306ff3a4e7e8288cc48ec400f5f,1615136400,118,950
2148,outfit.ceda10a556b24c7c9ceeb2cc1601429a,1666285200,311,618
3308,outfit.2a4decf449b64584804dad1d704f4ef1,1629997200,69,914
1517,outfit.e538cc03e9244a16910db1b27f7132db,1632416400,122,951
1626,outfit.6e50879668384d469557b1c93bc1d7a6,1655312400,28,431
3320,outfit.e2b3417940d44a5a8202c0a7b39604e1,1688835600,68,952
3846,outfit.9cd6c1a82e884a77b55b6113de55fea7,1619974800,118,238
948,outfit.eafae74f4ff24c29862f7dba09874920,1646240400,249,828
7082,outfit.c2a0cedead6d432ab2277ca1cc1524a8,1699894800,445,953
6988,outfit.992bf5adcd39d953,1713459600,81,954
3259,outfit.030be8f1ab0549db86e542e2ad08a5b2,1620234000,303,955
490,outfit.97228689c245bc79,1634144400,227,175
785,outfit.ef5fdc0209e74d39a8a24fcd05cbdce6,1665075600,351,956
4209,outfit.14727804dc6945f9baabcd76ad96a744,1637082000,317,423
6284,outfit.ae7389834f0c49c49b2ef43ff9cc1be9,1628182800,97,82
6591,outfit.ae538ccb6bf14a858b0f66458e592872,1715187600,120,221
130,outfit.030be8f1ab0549db86e542e2ad08a5b2,1659632400,374,955
3147,outfit.b45f71cef3bf96b3,1667754000,161,233
996,outfit.817cf154a066e6e0,1655226000,309,957
4289,outfit.ccae6ec63d494a5eadd0d6b001597c42,1695056400,266,275
5800,outfit.7df2526a1c3c4b10b3017e7935c30629,1677862800,446,958
2920,outfit.b068cf45c37e4aeaa1cff939a86e759f,1628614800,47,669
454,outfit.7d273c5424a34a9cb3217beeed7070d4,1696266000,96,426
1684,outfit.57e0110f769d47ea863ebea78235fd23,1692464400,224,156
1522,outfit.b8c30d318f9d0554,1598547600,121,36
3896,outfit.be3e7c4ec5718d36,1661965200,192,97
2273,outfit.6fca7e059a914e899fc6d816ef943972,1658077200,148,959
5778,outfit.8cbb77c85f07443e9c2e6687e4131a45,1681750800,169,250
4746,outfit.84f134b06fbed5a0,1642093200,94,960
2168,outfit.9a0283b3b9e34e39a0038cb7b7044c75,1661619600,447,560
1706,outfit.1b0e05e23cc047439c31fc35d0c34b55,1635699600,288,961
86,outfit.76e513e7ba654a648bf90044a81b3926,1645376400,164,820
1193,outfit.2121de17fb604c6ea87a3f9b6d0030db,1656176400,214,323
3192,outfit.09a274c103524f30bd8e3fcc3cbab7c1,1620925200,52,962
3259,outfit.b49e6f1cc73f48f9a6329311214ee57f,1630602000,303,457
4638,outfit.89a1a2941012477c83e6f9aaf2f144c8,1670778000,46,963
3259,outfit.89dbcc1289ee49c18bcb93fc69a52c02,1606669200,303,964
6371,outfit.41aa40088a25428985b642adaf4e7d84,1608224400,208,965
785,outfit.250a41fd89bf4548bb8c5db06f1cfbf1,1673024400,351,966
1585,outfit.f45e25a44bdd429991e9186db7fa64e5,1638118800,241,967
5645,outfit.0e1bd47c2f09419d84217b3a6b5e265f,1666890000,237,968
490,outfit.252b5f88ee66462e9aef2ea071969700,1631552400,227,969
1902,outfit.94f471a5d48f3464,1682614800,448,970
7118,outfit.1a05e7ef43cb440c93d0ef93fd430a32,1691946000,37,971
3267,outfit.f3c849f608834dc0ba962f2a2aa39c9e,1618851600,43,972
6212,outfit.e042570478134b1bb5b4be84c6a87e97,1642438800,434,973
3308,outfit.fb060da6c30143fd9735e8fd364910e0,1627491600,69,269
1840,outfit.95b998c29f9af2fd,1630861200,141,200
7411,outfit.bf299b7d8eeed1e5,1631466000,5,974
1626,outfit.760624a41d5f48e5a2f749acd6f4568b,1660582800,28,727
1980,outfit.dcf9da47ee4e4bd994d4faa2aaadb321,1628528400,75,696
767,outfit.4222d99ee6974151a01942b79f1054f7,1598202000,449,975
5617,outfit.3984754756394c3e95ade4b2080508c6,1673888400,56,976
5430,outfit.6b027f465816489f83945f85bd6f1c17,1620752400,450,474
7167,outfit.041c2a73da43488ea183556bf63a5675,1596992400,451,977
4769,outfit.043a430a63b34151a6489d2863ea11aa,1600794000,85,978
6955,outfit.fbda7f830faf4caf9b0a085054f22e54,1632070800,30,35
572,outfit.1e4e6b9f7f984a5f81d68773e0165c44,1636045200,35,979
5144,outfit.e89fab0bbc574d6c89242ff808d537e6,1670605200,217,891
3230,outfit.62f1b6fba2104c1296481b7f8bc074dd,1602003600,328,365
2649,outfit.b45f71cef3bf96b3,1704128400,14,233
269,outfit.fd299060de4749de80ac2d77720217df,1616950800,452,980
5695,outfit.93d1f684375e6e8c,1612371600,44,415
6818,outfit.13ed9e9168f247308641b61eb258a756,1603990800,402,949
6696,outfit.b8b6253b118140448c36fb7b55fdce90,1629046800,2,981
675,outfit.06464642967c4d9fa0f8267dfd3d80c0,1609866000,45,982
6361,outfit.8273c17c394043b8affdf5c04ee019ed,1698771600,453,983
3308,outfit.2b9a47fa00e642a1ba23dae6a67ae88c,1629997200,69,325
2766,outfit.82ec1db640c48b3f,1685638800,380,984
6372,outfit.767c953e45b8447eb7ff8d44dd5b65e1,1601830800,143,602
5778,outfit.9a0283b3b9e34e39a0038cb7b7044c75,1676653200,169,560
6118,outfit.a81022a3c0064b83a78615ebb9ffd109,1570467600,7,985
3608,outfit.93da3bfb33311ddf,1598893200,247,986
5490,outfit.11395b1173644fedbcfc219469f27b84,1641402000,104,619
7060,outfit.e2811dee68144484a423a3ef017258d3,1624813200,346,987
2363,outfit.9e28084ee8e94a1d8afe4abe643fa8d5,1660496400,454,545
2402,outfit.70bfcd7059a248ba9b8337bad5ce56fa,1604250000,163,18
266,outfit.ac365138f7722b8c,1696006800,156,988
1083,outfit.ab1e952330087c99,1572541200,233,989
4073,outfit.207232e414dd46e5b7352becfd9e53e5,1667926800,38,168
3028,outfit.92f2e542b76f7d6d,1715878800,176,990
4810,outfit.bab0a29ca356113c,1685120400,228,991
3103,outfit.e17a0df1f70743e590827d7df93bb7f4,1635786000,79,119
490,outfit.b36a2b4ce3d90e1b,1660237200,227,425
1840,outfit.ccf6f723db264c30b9e45b89203c4a28,1636045200,141,992
1894,outfit.453a4c074a164ad0bbef87ee09a09616,1600966800,181,993
4746,outfit.beb7edd11cd741538175c927a81cbf89,1664989200,94,81
4981,outfit.0765434fe76e4502aa76dbde3720d25d,1644512400,155,994
2130,outfit.171c86f3627845c08df08a82deb2241f,1618765200,276,995
5224,outfit.682446def1c34a79890b62c1397c7afb,1624899600,17,996
5130,outfit.6ea93b224a3c4027861e62805e0bd3f8,1675789200,268,997
454,outfit.394609460a3549928924f3a0dc5a6e3d,1638291600,96,279
2089,outfit.47ffcece5f244f9a9cf888f7f6d16e29,1615395600,455,627
1878,outfit.f5fb40c43d174f799509d01145b1ed1f,1633885200,3,391
5531,outfit.f102748bf7fe46a2a9a3eb170410b6bb,1617296400,105,998
4823,outfit.ccf6f723db264c30b9e45b89203c4a28,1698253200,213,992
1589,outfit.c1e2e74fb2d84e07bec3185521fbea5b,1666112400,244,999
5617,outfit.98d6cf4fef49ec24,1694883600,56,373
4218,outfit.7b4f2169219844b0841ffb1a8c602ee2,1623603600,170,291
1354,outfit.84cfd784c9dd4ad6,1691254800,301,191
2383,outfit.173b6b1204df4f128bcbdd843d91351e,1662397200,297,643
2087,outfit.34fb4047b75346ba9ced8912198506ff,1633971600,456,742
2833,outfit.a50024ea71e6453c9c09d6d65d21a5ea,1622739600,54,852
2762,outfit.676f2b8ab3894ff293c0fbd62398bc05,1624554000,252,721
6372,outfit.9d09514916e0a13c,1607274000,143,1000
4656,outfit.bfad6e38299544e991b1c5f0d92073f6,1699030800,130,1001
1354,outfit.0aab21277b674f7fbb146ca7e853eef6,1696525200,301,584
2085,outfit.9a5a00800acbac31,1674666000,172,1002
1942,outfit.abd7e59260904f73ba0937d81996a9f2,1600189200,13,1003
4853,outfit.113c7b9e83d0435894562f0b5ef41fc9,1646067600,175,1004
1626,outfit.e1a782a63cf54c7aa654d30392da1daa,1665853200,28,1005
2812,outfit.91b2efcbbd50491e89267d079de15ab2,1705770000,51,1006
4887,outfit.78392fa87e224d719c89da109d9e263f,1681837200,457,931
6706,outfit.f60a93dd961d4856a6d40e366ef90717,1596387600,424,647
6591,outfit.250a41fd89bf4548bb8c5db06f1cfbf1,1702054800,120,966
5398,outfit.e169ea04d96140928a856fbab4821a60,1620925200,299,1007
1922,outfit.3f495adddb5143f8a5123973e907b1f2,1629910800,458,421
7411,outfit.b3aca8927927e99d,1658163600,5,1008
7342,outfit.f1e688d410884ee0940d861fb2f620ac,1708534800,410,335
7050,outfit.7b4f2169219844b0841ffb1a8c602ee2,1633021200,459,291
2675,outfit.ede0d0fd9315467c868825bcb20d2fe6,1654880400,319,330
3053,outfit.338c7b24bb1140d7aa47279c9490cfe7,1610038800,313,530
1232,outfit.4be27307ae1c4611ad56aca101c8a6b4,1701277200,166,1009
3572,outfit.5eda9383bba2444aa517f17c3edd4453,1602003600,340,1010
7247,outfit.49e0781692bf413fb78ecfe466524e36,1673197200,460,1011
446,outfit.d8f20c3b2cae42b29b56f2b61cb6e715,1573491600,0,611
4667,outfit.292fc161ab8a48d59af997f56cce1cb4,1606237200,429,1012
4603,outfit.a3d27b283d42172d,1648659600,162,79
4218,outfit.8609dd7995e147efbdf631d515d34bed,1677344400,170,90
606,outfit.9c255f602b1e4455a79e0fe0cee938c1,1666717200,178,490
731,outfit.9aadfc9a1d195c33,1617555600,39,1013
7244,outfit.afed6567427c2287,1656176400,22,1014
4522,outfit.bf8385f15d6d468880c5e654f7599cf1,1694365200,461,1015
3477,outfit.b3c827a7bc271120,1573405200,133,594
3189,outfit.39c98e12ea9942a0a2c98c6297aabfbf,1650733200,29,1016
6519,outfit.9c255f602b1e4455a79e0fe0cee938c1,1632330000,377,490
3956,outfit.923f3fd476b5450b9582d1f525604546,1654362000,462,1017
5754,outfit.b25f7c6a65a2459c8819de57f27a2684,1595782800,225,1018
6604,outfit.206df08f735c415bbcaca8d70e762971,1595178000,463,649
3956,outfit.22b16afebcf749d08ab2a83d88406516,1654362000,462,469
3267,outfit.286ed5dbbdfc48caafe68d5122b21c8f,1621443600,43,1019
1412,outfit.a7b955473f2248a8a818455cb08c9e79,1652288400,73,285
6940,outfit.f465c31c406c4fc69448ba6a62d76ea6,1662570000,230,776
5236,outfit.9d23dc455c9c4837a3fe26931f944833,1633971600,310,1020
1336,outfit.aa76777d3b9d4073a342e2093e4ea1e2,1703178000,210,10
3267,outfit.94f142c01ddd4b179568eb535b745439,1626800400,43,1021
6036,outfit.0ff0d877678e4755b088d1c5d09bee11,1650819600,180,1022
3267,outfit.9effdad18841495bbd9239449480334c,1647536400,43,1023
6414,outfit.d71dd7d70f184d10b2bc26105f3283d2,1644858000,144,789
361,outfit.4e6dbf069e764052b71b95934301f615,1661187600,197,1024
283,outfit.7ba3a82d83c24f4096668fa3c59b2c54,1639674000,343,708
1553,outfit.a38b3b3e20364b78bfcf0bb1eadcc0e5,1636909200,408,536
4608,outfit.8428c700eb194931835b34f2860d3432,1604595600,48,1025
6591,outfit.a841b2acdc119218,1673197200,120,1026
1319,outfit.21474001bd3e48a19da3a75c2f3819fa,1664125200,464,835
3103,outfit.ada989bbc2322203,1604250000,79,232
414,outfit.c05f7a4778004af4b50ca321d248f1e9,1690045200,373,779
4258,outfit.83b1e08b46bf0031,1649782800,165,1027
266,outfit.bf8385f15d6d468880c5e654f7599cf1,1711645200,156,1015
2714,outfit.a83b27ea0df44e4d9773f8e7b5096ab9,1632675600,275,189
4258,outfit.b45f71cef3bf96b3,1655053200,165,233
6936,outfit.fbb003446d3c40a3879b475502a7e104,1664125200,226,177
3608,outfit.897c161625314c1a993188bc0a5ca063,1604250000,247,42
675,outfit.2a1a34d38ac64414b5d7878a719984e9,1614531600,45,863
3510,outfit.a8083cd1fd8b4da982f6f8b6364d96a6,1674838800,239,1028
3649,outfit.2a307327642c41fda6f4f1b9d8a8080a,1600275600,66,242
6038,outfit.961a17ab05934b81a815e365bfe692d4,1668013200,465,110
1589,outfit.8540f9229614257a,1668790800,244,1029
283,outfit.2a4ac5ffa2a44630a5295e135713963f,1637082000,343,714
4884,outfit.260d02e82bbd415bbe1e18918e98e0b6,1660150800,443,1030
4818,outfit.519b363c010c4157a561e58cf3cd8c07,1674752400,439,1031
3385,outfit.6e5ff70fac6443cfa4cb2de5077ed77d,1637514000,356,1032
1896,outfit.abd7e59260904f73ba0937d81996a9f2,1615914000,90,1003
1553,outfit.9bf55c30dee14573ac0d46c03fce3a0e,1636909200,408,734
2052,outfit.9cd6c1a82e884a77b55b6113de55fea7,1637254800,177,238
6601,outfit.fe06ae3e05fe48d1ac80a4d182cc8cb7,1712250000,78,1033
3103,outfit.9341a89b191cd49f,1609693200,79,919
785,outfit.359ce2bd2e40491686ce3ebc4a13ead6,1659805200,351,494
6706,outfit.beb7edd11cd741538175c927a81cbf89,1607274000,424,81
6038,outfit.181629c720b548f4a77a22851f1fbbce,1630947600,465,117
3533,outfit.ba6583e00b16b4b4,1607878800,108,1034
3308,outfit.fb060da6c30143fd9735e8fd364910e0,1663866000,69,269
7026,outfit.48f1cbb3e03247b7bd894690722f655c,1621270800,308,855
4336,outfit.41e3a8155d734aa8a3c114e1dfbefe1b,1669741200,119,879
6284,outfit.c8c5d18e8365419eba926afed7344dd7,1593018000,97,1035
4696,outfit.048fe7f87ee34a4095f2141bd51e3b80,1659805200,205,268
1770,outfit.8594e5715536955a,1671210000,293,1036
2089,outfit.beb7edd11cd741538175c927a81cbf89,1618506000,455,81
7371,outfit.cc2a4ea6b82044d2804ee26e593fbc00,1651165200,18,428
1382,outfit.ade5433e25b54fbbb66a54f8fe113132,1668445200,20,21
675,outfit.22d9e65ad5d54d439ce97df814e1dfbc,1632762000,45,1037
2623,outfit.4c9864b84197439ab388910160076c5d,1619974800,272,1038
1792,outfit.97ec221c84bcfbe3,1630342800,199,554
5490,outfit.453a4c074a164ad0bbef87ee09a09616,1664470800,104,993
490,outfit.7e99984aa9604071bc49a4f148394fbc,1594918800,227,1039
1354,outfit.2d872cbfe6434c0c9ec15ebfa518a6e7,1701795600,301,1040
4463,outfit.2a1a34d38ac64414b5d7878a719984e9,1703178000,36,863
3267,outfit.e947dbab69e64c5a85f1fe565b5f3a49,1613926800,43,372
6212,outfit.991252f75331465a9228cea0ae0bb890,1655485200,434,1041
361,outfit.8619bf33395941ca8a9e98931e1462ff,1650646800,197,1042
1481,outfit.f32718341e9443d8a36121a8913ff304,1626282000,115,283
4168,outfit.eb104cb68a534166899c4cce84b0fa55,1614186000,126,800
7244,outfit.e4bb08fb4a5f4f11843632fa2a227421,1639328400,22,561
2089,outfit.e18310c477cb4fa38cd9ba31e9997c4f,1623862800,455,517
1382,outfit.2ab1a79e73cd419fb4479cea44e12c84,1643130000,20,578
5694,outfit.cdca688f6a2b48c598ce6c5459088301,1591290000,216,133
2250,outfit.ad062450831242c091c3cfc78407df6d,1697907600,265,464
2687,outfit.c5b61903ca9849fe830fd86f7cb4da50,1638464400,147,447
6781,outfit.29d43c48eee84539b3e1597c9cd55194,1610384400,146,50
3267,outfit.6a0ee820e93d45bb86077aa56e1c231a,1624208400,43,1043
3713,outfit.41aa40088a25428985b642adaf4e7d84,1598893200,466,965
2762,outfit.af4a7934c1e143efa7ff6dae227cc416,1633021200,252,910
731,outfit.3b32e75fb8984ec9ad5d8ccb79999327,1607014800,39,1044
490,outfit.0d0727d0c03f453495eaa85dc17d382d,1702314000,227,187
6907,outfit.915272dd8393bc1d,1648746000,32,1045
948,outfit.ab93c31e243d4d19b90ca72c4ae17e25,1654189200,249,707
1626,outfit.ddd870ed06d64892af526d056b438894,1665853200,28,1046
4193,outfit.978ae36482bb4c1bb32f8a6524cfdb76,1694192400,278,601
2217,outfit.93d7a4479c7f446b80995278ada5874b,1612371600,323,1047
6631,outfit.616a99bd148443a6a54acbf0e8105c28,1632934800,467,1048
5891,outfit.f21be5bf141a4847b761afaef4ecaf81,1639587600,326,1049
5160,outfit.012a4c0079984d719f3f2626bb60b374,1658682000,441,1050
2759,outfit.b4e7c58304d74b64b8b2ddf13ba93c6d,1656176400,101,1051
2762,outfit.2901f306ff3a4e7e8288cc48ec400f5f,1618765200,252,950
7150,outfit.b232dfc2ba4bd49f,1620666000,284,1052
7152,outfit.2bb91a54c63d4f72a11a6ad7a00b35cf,1607533200,15,1053
666,outfit.3260a6894aef41329983b153a3c022ed,1655398800,468,161
6085,outfit.7abb8ad021294be3863e5ea746538347,1638205200,330,1054
6372,outfit.535d7a56f1a44289b93c6bd46f656d8f,1617642000,143,111
1389,outfit.5e96c1bc9f964af2b1a6e391db346131,1663952400,440,1055
2273,outfit.992bf5adcd39d953,1652806800,148,954
2465,outfit.e6bbfedb420c40059c5a6515c0f94dfd,1658163600,469,169
414,outfit.c38df3caf6f046aab92f3a0af51068ec,1711126800,373,1056
3533,outfit.4222d99ee6974151a01942b79f1054f7,1623085200,108,975
4017,outfit.92cbc812639543a2,1696784400,296,1057
6051,outfit.9e90ada207a84d58941638aa284a4827,1709312400,168,1058
86,outfit.81e7d3487b0e4c3b80aa064790d9992a,1639933200,164,1059
4769,outfit.eb104cb68a534166899c4cce84b0fa55,1605805200,85,800
996,outfit.6c4dd0c71db040ae9ac85030d4403e3e,1660496400,309,1060
3649,outfit.3c8a7e19e80f47ab98f2fc61316aa8f2,1608138000,66,1061
4175,outfit.b52ecf537c5a473391d9695d108c041c,1702486800,292,1062
4463,outfit.ed5a5a066ca647b6a9aaeb1ec8e7ee87,1612371600,36,416
1840,outfit.ddf9204937fc40069fe13a0c546e1df9,1659114000,141,1063
5615,outfit.eea233ccf31b454e997d24e78c888869,1706893200,338,1064
3312,outfit.d071fd1e083f4a08966866c856a0c5e8,1612112400,31,532
2846,outfit.e4da524a49fe4b5ea3eb8983e8dff52a,1641488400,248,1065
2205,outfit.7d273c5424a34a9cb3217beeed7070d4,1597597200,132,426
2052,outfit.f02905d4e5ac4f7e8d6e47288d92c154,1645894800,177,1066
582,outfit.3a5aeafe771d488f84bc18af5db17114,1616346000,470,255
4817,outfit.9130f7887cff4c05bda706822ac3806b,1604250000,203,1067
4634,outfit.3261b5e6c4574ee9aacde7740fde9f7c,1652461200,282,470
621,outfit.b5812826d5eb41f39aa282e64b91ebb6,1615395600,193,1068
6284,outfit.0b544c65a87645459ce9844f749e178f,1594746000,97,152
5490,outfit.8831dbbc9ac4aecc,1672333200,104,1069
3259,outfit.8399e72f71c74d9683a7416571e032fc,1608224400,303,1070
3988,outfit.72b64826af9f427e9b51b108ff3d5ba2,1610902800,274,1071
4858,outfit.bcc71d0caf95dc33,1597856400,394,17
996,outfit.c52099f0269e4b6ebd66b79d3cca1d01,1638896400,309,654
266,outfit.bf8385f15d6d468880c5e654f7599cf1,1698685200,156,1015
731,outfit.6e67b1da956c4635b7d67622604d2bbb,1614790800,39,1072
606,outfit.b1adfc4204c602e5,1638118800,178,170
1319,outfit.8459e55ea3800598,1661446800,464,489
785,outfit.8fda8ef6cb62ebcc,1630429200,351,508
3577,outfit.bf299b7d8eeed1e5,1686848400,136,974
3749,outfit.97ec221c84bcfbe3,1619110800,49,554
892,outfit.e5f491fc4e7e44709b03e381648231be,1637254800,471,1073
1248,outfit.5494f9123a164880a3ed401be7abcd8b,1649696400,221,1074
1354,outfit.8d6bd94d09354d22a77928a01bac9d25,1693933200,301,1075
4696,outfit.eb104cb68a534166899c4cce84b0fa55,1696611600,205,800
4638,outfit.fa737f8bee584d309426410002edac0e,1612112400,46,454
6907,outfit.5c6bcfee583b4d7aa6fa807279637d59,1717606800,32,179
3669,outfit.3bf44cf3a9d8493eb057521c2f3e88e2,1706029200,331,1076
2340,outfit.b2e035a8cce61dcb,1616346000,269,362
6011,outfit.9c0b47f4d629c3f3,1656608400,114,603
1526,outfit.d655fb3f59544532baf264b2c74cc571,1638464400,142,1077
490,outfit.252b5f88ee66462e9aef2ea071969700,1570726800,227,969
996,outfit.d0c649c31ecc49a18d0cf19d7270073c,1646672400,309,418
6513,outfit.925c69db26f6bbae,1638205200,107,367
4130,outfit.9341a89b191cd49f,1675184400,369,919
1626,outfit.8023680619aa366a,1655312400,28,1078
2168,outfit.1f534d95ccf6415a8af3b5799dd959e7,1664298000,447,620
731,outfit.155567585a3c417fa6043924c2867d0e,1607014800,39,866
2217,outfit.9b7f4ea284e640d19bb177049cd1c7af,1614790800,323,1079
996,outfit.be54589074780d08,1644253200,309,61
2519,outfit.8e683c0cb1da5481,1594918800,327,1080
7026,outfit.b0a5d80451942bf5,1626368400,308,1081
1248,outfit.ae3c94e801eb4aebb7c3714ec981521c,1670778000,221,37
4834,outfit.5b9e33fd71784ae7bbdac93ef7e8dbf4,1656090000,131,1082
2364,outfit.aa160ca041de17bb,1607360400,93,419
6526,outfit.ae922e922588454591edca7cabf0db48,1659978000,62,261
5130,outfit.df79806b22844eae8e38a61b63ffeee3,1678208400,268,270
3669,outfit.4c4d89bf0fcb4b32a9015ce1a7bade19,1690131600,331,1083
4638,outfit.39e26260f13d466b946601bafd691d36,1638291600,46,389
2022,outfit.203f5d33e7324d65a1d8175b3b910416,1670346000,149,127
7026,outfit.9c19cb240c0c06d1,1613408400,308,614
3259,outfit.f6eec8c3af9e43228f79ed7b49dd4633,1630602000,303,1084
2759,outfit.0e35a8a758734c2b98adfc8630b4e029,1648227600,101,92
6085,outfit.dc7abe1bb20f423a8356cb4d089c56ff,1635872400,330,928
1201,outfit.bb1024860d8f559e,1636909200,412,1085
6781,outfit.e4bb08fb4a5f4f11843632fa2a227421,1618160400,146,561
5224,outfit.a38b3b3e20364b78bfcf0bb1eadcc0e5,1675184400,17,536
55,outfit.030be8f1ab0549db86e542e2ad08a5b2,1654448400,117,955
6318,outfit.379ed2da3cb6428c9c9402855dfd61f8,1603126800,26,1086
416,outfit.96cb494dcb47696b,1646586000,33,477
4040,outfit.074a10af152c489ab0ecd8d67fa60fb9,1652202000,472,1087
1589,outfit.140ebf984d2f4e80b9e23431c24fe75c,1687107600,244,1088
2148,outfit.897c161625314c1a993188bc0a5ca063,1671555600,311,42
313,outfit.a1bd30435ab14461af069cf262f1e1eb,1673024400,391,786
4899,outfit.38ef91e51ef14bb19df9094a40bcb7f7,1605459600,302,199
1706,outfit.9e3bea6a01d94e03a43bfefac24422e4,1630342800,288,1089
6642,outfit.14a83a236b9a474c8cac31b4288065bf,1625677200,312,1090
1982,outfit.c69fd3c4befc43c08273d51d292c74e2,1636563600,433,1091
454,outfit.ad0e0bb9c3ab3cb3,1698944400,96,309
1896,outfit.1e4e6b9f7f984a5f81d68773e0165c44,1605546000,90,979
6781,outfit.484e1d365d5b4f91adff228b6e9204b8,1613062800,146,1092
3956,outfit.64096b7f0ef1430d9871e92fc198f693,1677949200,462,1093
1248,outfit.22d9e65ad5d54d439ce97df814e1dfbc,1610298000,221,1037
4674,outfit.7eb16fe1e199414bbb7f88d71fe7cb56,1625504400,12,1094
6372,outfit.4c9864b84197439ab388910160076c5d,1594141200,143,1038
1626,outfit.ac3e4eefb550471989769e1e4d1683d1,1676480400,28,491
5100,outfit.75f72fc891604734a37a5ab96b006367,1668618000,261,943
2508,outfit.b04f116bc3224f22a8f17d62934fe2cd,1653325200,387,331
3385,outfit.02de6177cfea418b8530f218f554f369,1640106000,356,1095
2085,outfit.ccf6f723db264c30b9e45b89203c4a28,1669395600,172,992
3721,outfit.dbfb7bbacf6f4fb1afa5c192c42d19ec,1589475600,112,1096
1374,outfit.e5503fe6f5f243fc90c526bcdb75c942,1607274000,6,128
5531,outfit.a8fae88d2b7640e2b28161d301fc5e08,1624986000,105,439
5615,outfit.b5812826d5eb41f39aa282e64b91ebb6,1698944400,338,1068
5844,outfit.bcd7efc3918cf15b,1570726800,40,1097
5531,outfit.80333429732852d4,1633021200,105,890
3320,outfit.9481d2d7251be70f,1683565200,68,245
1327,outfit.524627d9e5544cb8ab8c738c64a440c4,1615482000,425,509
1032,outfit.9abd359ee8d44269ab15d6cbfcd8eb81,1646931600,218,1098
3991,outfit.b42337853cae4f66a2e7640b6845d2e5,1606064400,321,597
1232,outfit.cf321774b9de4035802e1829303fd3da,1706547600,166,1099
6081,outfit.53bf6ed2516f473a87497e8170d4c8e1,1607014800,92,586
948,outfit.d1d9c6d189744cd29dbf2a778da4c399,1712077200,249,887
3312,outfit.aac9da3df1d5b519,1602003600,31,744
272,outfit.aa10e3ab93793dc9,1681491600,86,442
6284,outfit.503dfd75a3f84d38901d135120cdf40b,1603040400,97,1100
3669,outfit.1dd897589a5148198aea6c403d613063,1666544400,331,1101
6781,outfit.b80429b20d914612960e3cdbfcc0602c,1620752400,146,1102
1998,outfit.a294399ed5bfba8f,1630256400,262,1103
6118,outfit.41aa40088a25428985b642adaf4e7d84,1573059600,7,965
4746,outfit.767ecbf6b9bb4969ad78de1a78dbf039,1670259600,94,145
3385,outfit.8b6aab2ad8a64211b84b7d5eedea15d1,1653066000,356,1104
3649,outfit.3f10ec37bde34db685d87cbdb7ad1575,1600275600,66,1105
3291,outfit.2766e5ad48a2427a898f60aaacf85622,1611594000,279,459
2884,outfit.63fc53c3d8784dd39553a33d54ff4921,1665162000,473,673
1354,outfit.6587d43842ed43958181f9925d52806c,1693933200,301,1106
3727,outfit.beb7edd11cd741538175c927a81cbf89,1668358800,187,81
3521,outfit.892c3befd668414cabc0bda22c3f48ff,1651683600,58,1107
1749,outfit.25cf652454ab4f9fa1b636cbd555cfa6,1694278800,207,791
6310,outfit.0654b5aaef694f20ace802009972a59e,1638723600,16,295
204,outfit.a477b4efb5b14d348d9c07782fa1c26f,1684688400,474,889
6591,outfit.8a9297abf702469b88dcdb1ce6cd35bd,1717866000,120,222
4501,outfit.b28818ece07e4d079ab89fa18b117415,1707152400,381,1108
2812,outfit.34b2a2a9779a47f0a1aff663fe8d1c86,1671555600,51,868
496,outfit.8ad0bb9029424a069f82d58c44b0d7fa,1670605200,294,450
5531,outfit.f75f6043c5814e998e72b925ef7a21dd,1633021200,105,202
910,outfit.3e47b084ad704fb5b25b38809fae38a7,1595264400,109,148
606,outfit.72b64826af9f427e9b51b108ff3d5ba2,1635267600,178,1071
4899,outfit.ed0bda9223004815822e8eaff7b7688f,1605459600,302,34
6284,outfit.ce331a7cc22d4aaf82548e873c59e6cd,1592326800,97,1109
996,outfit.1b47c924e1684b9c94c76fa971ec8115,1647277200,309,1110
6318,outfit.16e87e3968054dc8824ba7ff56aed7f4,1619024400,26,1111
5760,outfit.1f534d95ccf6415a8af3b5799dd959e7,1670173200,59,620
4640,outfit.5b607271e3ee467bb4188f977c0336b8,1632934800,245,429
1586,outfit.2386f5b10f544de1a8f7a53a4b3bb92f,1626109200,23,60
3624,outfit.648db79508724c99ab948e953e4813a7,1711558800,151,522
3259,outfit.74034e464b524fad81e47ac5df3f4aad,1620234000,303,1112
6081,outfit.f233488767cf4bdf93f717f7d42c0cbf,1607014800,92,861
5695,outfit.8e408fb4b2c64525966837c7789f2965,1625418000,44,1113
3727,outfit.d3739869edc74a0a855e399f5b75a567,1649869200,187,1114
4656,outfit.bfad6e38299544e991b1c5f0d92073f6,1714755600,130,1001
1382,outfit.760587419305432581b1c2dd2d29e27f,1710435600,20,1115
7089,outfit.346aca2ad2134d0e95967b333990925c,1619974800,182,1116
2556,outfit.89954cb83fe420c2,1620579600,329,329
4336,outfit.c09187a8a8334f118324a6c4de5f7a91,1648573200,119,724
3721,outfit.db025960e5494378bd81a48377b0a1bc,1592326800,112,437
2703,outfit.afd3af027be275f2,1652634000,236,1117
7244,outfit.60dced53fd414aec99d569404f19c4ee,1599411600,22,195
2762,outfit.0dba9d16e2e54e58ad650f0ecc2b3ea5,1613581200,252,1118
1374,outfit.944efade730744e38b3b678dae890f98,1620147600,6,59
1382,outfit.0e6a4c4635124340b770ca2265f84377,1657818000,20,1119
5694,outfit.d04fbe1240ef405c867fb813b5aa8779,1707843600,216,944
996,outfit.9653e8c2cb5f44eeb2a9015e4b11c162,1665766800,309,305
2833,outfit.944efade730744e38b3b678dae890f98,1658941200,54,59
3727,outfit.bf59641874784125880c58615b5abbaa,1629219600,187,1120
4899,outfit.bbd662557126462f84e4912812fc1be0,1605459600,302,794
4998,outfit.a50024ea71e6453c9c09d6d65d21a5ea,1639674000,220,852
1412,outfit.82d7dcf690da4fc09bcf658816bccd3c,1622998800,73,1121
4725,outfit.2b9a47fa00e642a1ba23dae6a67ae88c,1653757200,83,325
6303,outfit.7cc254ca61fd49189825e315d9507a3d,1711904400,283,783
3123,outfit.1506b275d9894b3da75f83343e25a122,1641142800,232,1122
6885,outfit.5862a9386cbc4ff29e9892f49274c243,1607619600,88,7
3642,outfit.b8edf89f3a5949949ae1188cd3283d6f,1604250000,271,847
6591,outfit.2e4ccc3463a74e7cb674e891ca098271,1662656400,120,1123
446,outfit.31edccd419de4fc5ae6aeb7eed4327ab,1589821200,0,765
1684,outfit.c41b5bc7cfa0435abe71b09cfccc17ea,1689786000,224,513
4218,outfit.fea3bb7d8ff54872ad84977465e29da4,1623603600,170,572
6592,outfit.980eb1c72e1e71f6,1693587600,129,697
3458,outfit.c8899e358d4846b5b5973cc0f9342aed,1638291600,475,1124
1706,outfit.efbeb50344e54028b243698b3dd1b700,1652806800,288,256
4834,outfit.40f5c15e6ca0486293b24bdf66d40393,1656090000,131,1125
5318,outfit.936eb041616341df8280dfaf0198cb02,1692205200,84,1126
3533,outfit.5b219e65b35544769ae32989b15ff364,1602522000,108,1127
2131,outfit.ee0dfdf3b9a349b591e78712514e2f5b,1629306000,359,932
4409,outfit.56e3cc906a444a569d6b057189a361bf,1707066000,347,1128
6526,outfit.34fb4047b75346ba9ced8912198506ff,1670518800,62,742
6781,outfit.929220a63bf843f99474bc2644fcb53d,1618160400,146,129
746,outfit.d52f6e55c56a4d6ea952522543d06fbf,1691600400,209,91
7244,outfit.c51bd8f0c3464297b89ffa73328c3275,1664125200,22,316
2492,outfit.c0fa278a2de845a8b72cc0f20ce18227,1705942800,138,207
6907,outfit.78392fa87e224d719c89da109d9e263f,1651424400,32,931
6663,outfit.2ea36f84cb12427686eed685f97f2a8f,1675184400,476,749
3956,outfit.aa10e3ab93793dc9,1675530000,462,442
3432,outfit.0f8c445a9a334c6984277bd96513a37f,1653757200,153,1129
5130,outfit.b5f45ee9fdaaa13e,1659978000,268,1130
6380,outfit.b4e582b38a10f6bf,1700067600,196,772
6284,outfit.98d6cf4fef49ec24,1600621200,97,373
7041,outfit.2392f0645935482bb171c7fd35384587,1644166800,116,815
1792,outfit.2aad4629b66d435c8da4594d7a3f7eec,1622134800,199,646
3308,outfit.2b9a47fa00e642a1ba23dae6a67ae88c,1635440400,69,325
1505,outfit.c41b5bc7cfa0435abe71b09cfccc17ea,1652374800,442,513
4853,outfit.b133d563a5d54747ac3e2255486154f5,1622998800,175,1131
996,outfit.4222d99ee6974151a01942b79f1054f7,1647277200,309,975
572,outfit.83cae242e7d54be496b50e98f34e346e,1622739600,35,1132
2576,outfit.cc03f27af19f42a483a2f03ad997279d,1666458000,477,307
6955,outfit.ddb15f8dac0c4e03a7c88805a98cfcc8,1621443600,30,612
3577,outfit.ccf811c5b8f847758b9d79c74514890f,1692118800,136,1133
6447,outfit.369422f2e567409b88d925e916f3a555,1635094800,243,1134
6592,outfit.29a0d66e916c4bc690cf393bcea980e4,1651424400,129,741
6662,outfit.feaa16af0f6b4a96b65f8a29ace77979,1628096400,478,814
5459,outfit.99d3c1ea30367e62,1692896400,10,347
4218,outfit.ed5a5a066ca647b6a9aaeb1ec8e7ee87,1629997200,170,416
4020,outfit.a8083cd1fd8b4da982f6f8b6364d96a6,1635786000,479,1028
1374,outfit.914397611c9823ad,1625590800,6,1135
6447,outfit.9ae9443798cb496ba7848d3c3616ab1c,1632762000,243,841
5236,outfit.35331fbfbbe04b9ca3dfc1535cf148fc,1643648400,310,1136
6372,outfit.7f256b54c8ab4dbda7cb6cbc915c4ed7,1615136400,143,118
2088,outfit.b6596a2ff7a748f3b9a67ac54db28b96,1632416400,421,248
1735,outfit.12ca1b6aaefb46af8208fe008f3eb4e3,1671210000,42,144
675,outfit.75f72fc891604734a37a5ab96b006367,1601830800,45,943
1586,outfit.fc774521956e43c1b7b989272f5dca23,1676480400,23,149
3147,outfit.a03256f024a5452cb9208a8e2475c506,1625072400,161,1137
6940,outfit.7a9ac6aae6de40d4b1a260d95de95988,1657213200,230,1138
2799,outfit.fabaa18896e64e6ba835286d7f1d44e3,1708966800,183,303
658,outfit.bc490bc7db204af498825badd2d59285,1571158800,82,252
3577,outfit.8da5362b4130a623,1668531600,136,1139
1083,outfit.37886c165da3410ca29761ac81f95bf9,1570986000,233,1140
6046,outfit.118f15046d0b45d48929bb91df474761,1596387600,395,755
5031,outfit.1ff1200dca844ecd8ac042bd3363b7c5,1686502800,480,1141
2402,outfit.5b607271e3ee467bb4188f977c0336b8,1596128400,163,429
3572,outfit.841fdd28d3f644c0bb8efd874e818027,1599411600,340,656
4519,outfit.8e330b28328c4558a9523168b34d4d86,1626195600,60,192
6129,outfit.ade5433e25b54fbbb66a54f8fe113132,1638810000,428,21
666,outfit.f4a5306ea45d4ab9b40340f016bab653,1657990800,468,657
4000,outfit.929220a63bf843f99474bc2644fcb53d,1693760400,481,129
4960,outfit.4295344ef7464599b0e1698740582792,1699462800,198,1142
2052,outfit.76443d6db496494dbb26ac275ecbdb3b,1634835600,177,72
1881,outfit.0ed1568a6b6545e4932bee98c84aa544,1692982800,316,53
767,outfit.db13e9deae904483bed85c8358f81a8e,1598202000,449,1143
3905,outfit.085fb811e8144319a18fe29c43325329,1601571600,482,922
4774,outfit.84f134b06fbed5a0,1633971600,334,960
3956,outfit.27a162bde20b4961ba8d94a8828e036b,1683219600,462,1144
3432,outfit.98c77b103c834bec95a332ea8b683db1,1661706000,153,719
3669,outfit.7cff339e7950448c8485a2b44205adc0,1645635600,331,1145
1386,outfit.f14e9c44441c4a5ca2e109af309be3ce,1670173200,189,1146
6310,outfit.bd37bc0ed1857fb5,1662483600,16,217
7244,outfit.32684b5443394c4a91606c9aab8d3cdb,1619715600,22,1147
3924,outfit.3a08f6654ee4454bb0b5ba8dbbf765b0,1675011600,204,1148
6907,outfit.a3546e9a63f72521,1630429200,32,1149
5531,outfit.33d5d4c82b5f4d1688a04dac513e2740,1649264400,105,1150
7413,outfit.d78cbfab144149069da04737d98450a1,1598893200,483,1151
3459,outfit.9d23dc455c9c4837a3fe26931f944833,1599411600,289,1020
5208,outfit.bb0b2a2f58aa9f0b,1639069200,484,1152
5059,outfit.e9e6ef522291496dacaad16160c8a8f2,1641834000,485,1153
1862,outfit.d363ee8631554dccb9ced5babed2ce6a,1636995600,332,801
2402,outfit.7d48fb77be2340e3be0de8ab4f9a97a3,1599152400,163,327
2102,outfit.e5b1f8e936164ba3a527f3f2ab5a413e,1623085200,179,1154
2364,outfit.ad848f726cd93e66,1715014800,93,501
1700,outfit.29c39d6085f345dfbccc23a2f8e274a6,1666285200,355,520
5734,outfit.1c195032518b4aba942f6b4fb6ae4690,1639069200,353,1155
1881,outfit.226376c162234c77ac8d2df07b262caa,1700931600,316,273
3189,outfit.1c78096241a04da2bb89cb692f3953b0,1645635600,29,235
1700,outfit.b9c0bbd563524653,1682010000,355,829
5695,outfit.a02f335a26704f80a01232079d662ff4,1633021200,44,1156
996,outfit.a7b55780d1764599a3ee339fff38d002,1676394000,309,1157
2170,outfit.91a30aff3ad0422ea63780d69b21adc8,1613926800,19,1158
4209,outfit.faba9b9a9f654d6a8cfeb6bbdf840806,1631725200,317,1159
1248,outfit.07dcb037d0ed4eea9bf29230e6f2abec,1657558800,221,1160
1684,outfit.a02f335a26704f80a01232079d662ff4,1684515600,224,1156
4810,outfit.1cda37cc756345aeb22ccfc54fef10a4,1690390800,228,452
5694,outfit.9bc6939e74234024b9f6d34218418dfe,1607014800,216,1161
2205,outfit.b7cc6c38b121a845,1677603600,132,1162
6604,outfit.ed5a5a066ca647b6a9aaeb1ec8e7ee87,1595178000,463,416
6907,outfit.4b4a8f000a6b46d7a97df90ba4cd9874,1635699600,32,1163
7411,outfit.91605620213544c0b998da7831a483be,1655571600,5,1164
5805,outfit.4d87f217c19241cf9a4feb9d75638e1a,1641747600,486,353
4318,outfit.9739950a93f6aa90,1649091600,487,510
6526,outfit.b37b7ee0ee994bdaa199cba1c831b31d,1659978000,62,689
2170,outfit.853ff9245b124c84bb0973a6065e64de,1626800400,19,20
7181,outfit.ae922e922588454591edca7cabf0db48,1687798800,488,261
2762,outfit.92396971987c812b,1633021200,252,1165
1840,outfit.ed0bda9223004815822e8eaff7b7688f,1636045200,141,34
3308,outfit.0eefec8c0c33471d81035d9a79d1d455,1632762000,69,1166
5736,outfit.bb72f30cdb4246d1bc47ff8b17cf4162,1684256400,139,226
5694,outfit.91b2efcbbd50491e89267d079de15ab2,1591290000,216,1006
3749,outfit.9e50c4cb7e564151b3494f501b7d893d,1603213200,49,1167
5531,outfit.cac6eca6151b4f61b63157301f0cb229,1670346000,105,1168
4218,outfit.0ed1568a6b6545e4932bee98c84aa544,1679763600,170,53
560,outfit.127cbdac62d948a1827499f13034becf,1658422800,67,774
490,outfit.4a44a22cc7a8483aa15e978e0139b863,1602608400,227,1169
2148,outfit.9e90f563acb38233,1700499600,311,660
2271,outfit.268878c3e3e24d98bbc6e9770e2eb44c,1600794000,259,1170
5887,outfit.37d643c47053474a96acb8ca1069368b,1643216400,489,1171
902,outfit.1be9b916bb1f44f7a9d120b4ef62c871,1661101200,304,1172
7009,outfit.3b756132543a45d4a94b9bebb0aaebfb,1649523600,222,1173
4175,outfit.1b1e586b3bb2432f91b4a2e15dc719e1,1686675600,292,1174
7009,outfit.37886c165da3410ca29761ac81f95bf9,1652115600,222,1140
490,outfit.af3cb94171784fff803b50e9a99cd890,1628787600,227,559
4107,outfit.0149e9cdd92241a7a8c73a98eb397928,1634576400,444,1175
454,outfit.deb2675432704b1e8048f6f90c102a00,1701536400,96,806
3991,outfit.8f18f5ec1142ff1f,1603213200,321,1176
3265,outfit.e042570478134b1bb5b4be84c6a87e97,1596992400,490,973
3230,outfit.37886c165da3410ca29761ac81f95bf9,1607274000,328,1140
3227,outfit.8b14ea3bf7bc40ee,1635181200,223,1177
6163,outfit.8d6bd94d09354d22a77928a01bac9d25,1667235600,98,1075
6118,outfit.40a0759f9fee458ea303ea8d1ef61a74,1573059600,7,1178
996,outfit.234ce093695f4773aba7287620cee9ca,1634230800,309,56
1019,outfit.833277128aa04f21add3747d919b55ef,1690909200,491,1179
3080,outfit.794483397da8425a813301eecf9828c6,1626800400,492,1180
4674,outfit.03929cbe49e34b99bdd077380cc8d731,1706202000,12,1181
550,outfit.871f15bc73153001,1607533200,251,1182
1201,outfit.7eb16fe1e199414bbb7f88d71fe7cb56,1631552400,412,1094
6907,outfit.4bd8e39e3d5442c4b76dcd9797725b38,1603990800,32,621
1840,outfit.e989b8cb4a814d97b642e1cb326f47e6,1630861200,141,865
4318,outfit.896f0af4aaaa4d56a26ab9e37e94ad14,1656954000,487,338
1980,outfit.993dfa12c54fc46f,1660410000,75,1183
416,outfit.b24fc57f02ac4e4c9061761ca18d9d3c,1599066000,33,795
2687,outfit.22d9e65ad5d54d439ce97df814e1dfbc,1638464400,147,1037
5201,outfit.124195196333488e8ba4d195b96ecbdf,1626886800,493,407
4175,outfit.e11253de97ba42eb819cf53373fcbe8d,1707843600,292,465
86,outfit.55bf4bdcb79e4027987f9b8c7eafe314,1632157200,164,850
1374,outfit.afcfeb5d7cda41318a080365f05c9075,1622998800,6,380
6212,outfit.95a9732c69cb1e4c,1660755600,434,277
1589,outfit.9d2178974e7f4cd6a556586ebb767049,1671382800,244,1184
6318,outfit.0512cb21a4bc4326971af84ccc563495,1619024400,26,1185
2383,outfit.f5cdd470173a4cbb913353aac985eebe,1633366800,297,282
675,outfit.9b7577b41e374c5d8debce0abc0466de,1630256400,45,1186
3533,outfit.e6bbfedb420c40059c5a6515c0f94dfd,1658163600,108,169
4463,outfit.67c7e051a163432eadc34be683ea3d44,1697907600,36,562
675,outfit.43226226462b46ef9545ea320348ff21,1598547600,45,1187
1706,outfit.9e3bea6a01d94e03a43bfefac24422e4,1658077200,288,1089
6318,outfit.833effd849cb1526,1608051600,26,1188
1705,outfit.92f2e542b76f7d6d,1680714000,318,990
3669,outfit.83e56eb73d8f0127,1682269200,331,1189
2475,outfit.82ec1db640c48b3f,1632243600,200,984
3267,outfit.d39ea6485a024bb2a6529ce15d2739d7,1600621200,43,1190
3103,outfit.9dc1abebc456d310,1604250000,79,205
5760,outfit.80d81410fa5f0ae4,1688490000,59,678
5330,outfit.7eb16fe1e199414bbb7f88d71fe7cb56,1665594000,215,1094
1626,outfit.d0faaa3486494e7d8ee3298104bc8adb,1660582800,28,1191
4130,outfit.9341a89b191cd49f,1680282000,369,919
4194,outfit.3f495adddb5143f8a5123973e907b1f2,1670086800,110,421
4564,outfit.173b6b1204df4f128bcbdd843d91351e,1635094800,167,643
5303,outfit.61a93a8506024e779db658f842e26625,1697475600,194,1192
1922,outfit.ceb25ee97e894d46869ca3eb799d48e0,1650301200,458,563
4276,outfit.34afd8b7f33d434c8e0ac2849eab231d,1693155600,494,651
757,outfit.6c86cf3af9714425906495712ee3e311,1675789200,295,595
3577,outfit.b9c0bbd563524653,1650042000,136,829
1354,outfit.3fb6cd2d1f454b85937d1540dcf212f0,1701795600,301,31
2089,outfit.d92a7bb56d3149b8983caa966d7868fa,1615395600,455,668
5100,outfit.f89a59931cff4d4b8e63dd23cecd0e2d,1671210000,261,1193
1710,outfit.8feb7001275554c8,1603213200,393,819
1248,outfit.208d6c0a12484beaa7d86abbf736d390,1595437200,221,1194
2675,outfit.9e371154c9be4c08b587ea8e5da833b3,1673370000,319,1195
5285,outfit.d6706746bcd74c05883df24d4b775e0e,1691254800,277,525
2833,outfit.9b440739a4ab0623,1620320400,54,274
4651,outfit.a5bbbf5301db4e5b8b1e2532cfd23a24,1619370000,495,1196
4218,outfit.02323792c3fc471186d9e7c2debd393b,1602608400,170,1197
7181,outfit.eb3fd90e14dd49d2844a6dfc41d36f40,1690390800,488,1198
7089,outfit.4a6ed2fa953e43f98d557f0c98f04f7f,1701363600,182,1199
7209,outfit.82d7dcf690da4fc09bcf658816bccd3c,1638291600,286,1121
1382,outfit.ade5433e25b54fbbb66a54f8fe113132,1608483600,20,21
2519,outfit.a657836d8fac6ede,1594918800,327,1200
272,outfit.9b4637003c444b1d9c75e5eb5487d669,1702573200,86,557
6940,outfit.97071c364d1944db8c7ae6a9d768a51a,1694106000,230,458
2623,outfit.c8ed845f66e440a2aa938d05c647916f,1617728400,272,1201
4519,outfit.48dec5565f454acf903fe1ce1f41a39e,1626195600,60,1202
7400,outfit.31d5bc7c60334b9889e9ed768f05e578,1615136400,206,104
3821,outfit.dbfe1373a2f840979196fe10b912e0c5,1637686800,414,136
3094,outfit.4b5c2be520b045e490ca17fcb9d87b90,1606410000,11,528
6642,outfit.767ecbf6b9bb4969ad78de1a78dbf039,1612285200,312,145
5736,outfit.030be8f1ab0549db86e542e2ad08a5b2,1702746000,139,955
7181,outfit.96fdc91671d44285,1685120400,488,1203
1626,outfit.17753fa2c9914d659fe5432c2a06f1fa,1646845200,28,194
6310,outfit.2208707dcf134558b4d335f1e3534655,1641402000,16,23
4452,outfit.6e67b1da956c4635b7d67622604d2bbb,1602090000,306,1072
4501,outfit.49e0781692bf413fb78ecfe466524e36,1649178000,381,1011
2949,outfit.93d1f684375e6e8c,1640538000,185,415
7411,outfit.ac5bdf39908e44dabf5536871716d1c9,1713459600,5,229
6834,outfit.8f95b3473abb4a40ac2dc0956628e873,1661619600,106,1204
490,outfit.4431d4e34e6a4c0fba43aa50395893f7,1615741200,227,58
5615,outfit.ae7389834f0c49c49b2ef43ff9cc1be9,1719939600,338,82
675,outfit.a01f2c0fa05d3f98,1696179600,45,739
3441,outfit.55aa098dd93644fe961d0137a79adbea,1682701200,436,558
5144,outfit.756079160a3e402d87df01062ec3b941,1620579600,217,354
3189,outfit.e0f170b8b51f4ae4a7e00047b9ea8d79,1671814800,29,831
4774,outfit.b5f45ee9fdaaa13e,1636909200,334,1130
2833,outfit.fc18564205bd40c8bdcd638e83f45ed7,1630342800,54,609
4774,outfit.164ec220792945e99be76a1f7291a9b8,1664816400,334,445
5031,outfit.bbd662557126462f84e4912812fc1be0,1704992400,480,794
416,outfit.8f2d79606c6d4f44af3f6afd97a6ca3e,1609866000,33,1205
675,outfit.24f7bb6f025640bb9f3d5df253dbefb5,1601830800,45,263
4000,outfit.6b027f465816489f83945f85bd6f1c17,1696352400,481,474
7009,outfit.bbd6ae88b44bfd29,1646845200,222,159
2815,outfit.de20bfe0e31a4a33b8f0a25e9d93f97e,1657386000,384,1206
3749,outfit.17996f09f2a84c078a7b0bd718bcddd6,1606237200,49,756
6303,outfit.1431039944fe4be88f8890a04a346b09,1672506000,283,693
6907,outfit.f1ed4ff2e21a436997e35b1c918c304b,1651424400,32,1207
5932,outfit.d59aa8f0d8c048c68be664df7ce72bb1,1652288400,496,1208
6,outfit.78778f72774d4269abd8410a9511fdf6,1635094800,325,1209
3510,outfit.b5efe9b9e6104f0796fe1adc5650e75d,1666890000,239,1210
6940,outfit.229cc0c550f54fb3b3b937bab2abda35,1673110800,230,395
2273,outfit.a1e7bca1ce3791d6,1697562000,148,1211
5736,outfit.a3d25f31c9758d32,1684256400,139,401
804,outfit.7c3e32e564f84de28c9ab8a6f06a2e24,1641315600,383,641
6696,outfit.b42337853cae4f66a2e7640b6845d2e5,1618765200,2,597
3094,outfit.a8083cd1fd8b4da982f6f8b6364d96a6,1674666000,11,1028
948,outfit.f8be16c68a624ee7bf9a5120adb0cbcc,1672678800,249,1212
1277,outfit.6f038b817a5a4220a8dea6bbc464c4a2,1646067600,423,1213
2271,outfit.4431d4e34e6a4c0fba43aa50395893f7,1610989200,259,58
6936,outfit.a647aca5ce17d71e,1648227600,226,599
3821,outfit.9e28084ee8e94a1d8afe4abe643fa8d5,1637686800,414,545
1684,outfit.1e4a3ce9976a4d9a9061c167255f3875,1624208400,224,6
4640,outfit.33775c3acbcf408aadc5a2436d0750ec,1617037200,245,909
1255,outfit.ed86a931fd4c4662b52faad58b63f857,1600794000,348,1214
1626,outfit.769849cd28044a7188d9fce349c06156,1665853200,28,764
3291,outfit.55aa098dd93644fe961d0137a79adbea,1687885200,279,558
1586,outfit.dd5c21e0c1ee4428b7019e5740e3e8aa,1665853200,23,1215
4452,outfit.bdf0b714576b2118,1592758800,306,123
3878,outfit.01299c3ba3e5499d81d3bd951608de31,1605805200,419,1216
1374,outfit.c7f8c0ab1c36417eb3a7dea515d2a0e7,1604509200,6,1217
266,outfit.5a5e28a29c694c5abf08514ba5b85937,1701277200,156,392
2796,outfit.ccae6ec63d494a5eadd0d6b001597c42,1645808400,27,275
55,outfit.4024086987064c41b6bd30c6871358ac,1649178000,117,406
2485,outfit.f82bfbc5af1c4997956e63f92ea51907,1690909200,184,702
2170,outfit.8ccfe9b6e0b0473b95bc91b156139d89,1624208400,19,632
1382,outfit.3c0da42b00f94123aad9c641ff5073ad,1654448400,20,1218
4638,outfit.db5c1c953153428ca001e10600e8bb42,1598893200,46,1219
4960,outfit.b22fef4426ce72f9,1667926800,198,1220
1193,outfit.4060d4c7c61443afa5fd7dc4f18a9aec,1648227600,214,892
4193,outfit.3f65ab1185ed4b06a4feab44d8fdc748,1644858000,278,859
1138,outfit.915272dd8393bc1d,1665939600,368,1045
490,outfit.8a458a93e4cd4214a520074f16d5b9fa,1676134800,227,19
5100,outfit.4d91614bd70b4799a861fe5ea43db494,1652720400,261,185
4674,outfit.3230795e6aed435ab96c8fcf5e56fd08,1677344400,12,1221
7233,outfit.81c2ee9d12b442ecbad61d22061364f3,1699549200,497,500
6650,outfit.80820b9138cd4205885caaa0a65dd6a4,1696093200,417,402
2762,outfit.fc18564205bd40c8bdcd638e83f45ed7,1646586000,252,609
6361,outfit.f1e688d410884ee0940d861fb2f620ac,1704042000,453,335
2573,outfit.cdcd1bdbc00e4a1cb9b80f7f5bbddd49,1601830800,201,1222
2949,outfit.2d50ae29c3194358b9b042edb8e61949,1629306000,185,1223
6885,outfit.519b363c010c4157a561e58cf3cd8c07,1607619600,88,1031
4218,outfit.64524dbb801942fb9b9b0b5853183177,1636909200,170,64
3846,outfit.67d14062b639450faef4ae16726d3a50,1627837200,118,124
3533,outfit.f39f4017b82e4737b36b3674369af562,1597338000,108,1224
996,outfit.a6275beb200f40c7a6b422d5c8b3d4b7,1713114000,309,1225
606,outfit.c2d33a741bd14b39b33c7fbae31d3c31,1635267600,178,1226
3103,outfit.a824c0030f59545a,1622566800,79,542
1319,outfit.0f8c445a9a334c6984277bd96513a37f,1664125200,464,1129
2465,outfit.afed6567427c2287,1655571600,469,1014
55,outfit.82ec1db640c48b3f,1657040400,117,984
7100,outfit.1f8f1544736b40b99c3485150d68342b,1647450000,61,860
7110,outfit.9387d05b47f906c5,1695920400,281,1227
1412,outfit.ef9f4ad754194793ab95e6c30f5606ae,1628442000,73,375
6402,outfit.de20bfe0e31a4a33b8f0a25e9d93f97e,1668877200,335,1206
4819,outfit.935ea85c252f9586,1644598800,159,1228
6284,outfit.1185a02614b947abbd217a5ba0b05a67,1665939600,97,766
4906,outfit.83f21a4b1d7c7acb,1592931600,4,1229
3291,outfit.ac3e4eefb550471989769e1e4d1683d1,1614272400,279,491
7244,outfit.2463040b4a624400a85cd400d0ae0e7e,1653498000,22,387
1248,outfit.d601b0879a3a43b2ae6ff76706b2510d,1595437200,221,1230
6907,outfit.cd58f268e9e54fc08e5656e6f095975e,1701795600,32,1231
215,outfit.e965f8f929a345ecab825313cd4b3f24,1614531600,80,488
675,outfit.5b56622d721d4a359d14507923450d0f,1659373200,45,1232
6834,outfit.04bac9c52e4f40ba95d8a044093fcbe6,1664298000,106,403
2217,outfit.b75adc485cbf45ef936114c4337a7a9c,1610038800,323,1233
6965,outfit.9fbe0c9462e44696a73f5ffa75215ec0,1634230800,125,105
7244,outfit.78392fa87e224d719c89da109d9e263f,1619715600,22,931
731,outfit.3b32e75fb8984ec9ad5d8ccb79999327,1612458000,39,1044
3308,outfit.eb104cb68a534166899c4cce84b0fa55,1636909200,69,800
2920,outfit.0a5a3a2e1ff34f1792e1f2dad95cbc2b,1638464400,47,1234
4725,outfit.f89a59931cff4d4b8e63dd23cecd0e2d,1661706000,83,1193
4834,outfit.d4498e3094f048d8808f056832637685,1630256400,131,356
1706,outfit.bdd5835c2df56005,1652806800,288,1235
825,outfit.efabac44ce104279a8c819af8d14e5d6,1713718800,113,1236
2271,outfit.1a0f1f1c709c467e89f48bca44130450,1605459600,259,1237
4218,outfit.d38e14c8ec254910be97725a7198f0fb,1610557200,170,290
262,outfit.80333429732852d4,1637859600,382,890
7411,outfit.ecd27d5311ba4d3d95b9b5c3071ed764,1623690000,5,653
4463,outfit.bbdd99b53f925ae3,1697907600,36,281
660,outfit.f32718341e9443d8a36121a8913ff304,1638118800,498,283
3215,outfit.535d7a56f1a44289b93c6bd46f656d8f,1606755600,360,111
4404,outfit.bcdb248c57283524,1673629200,91,1238
3814,outfit.2901f306ff3a4e7e8288cc48ec400f5f,1607360400,499,950
1327,outfit.d89c1051a315434d90b87a3ea5aa1ea3,1615482000,425,1239
3749,outfit.bb1024860d8f559e,1642957200,49,1085
4979,outfit.31d5bc7c60334b9889e9ed768f05e578,1653411600,500,104
746,outfit.eafae74f4ff24c29862f7dba09874920,1574614800,209,828
1443,outfit.10702960934e47ca8b83d90cb167b470,1605805200,403,359
3227,outfit.374273ffb79943b7be144ceb14529592,1643130000,223,803
1684,outfit.4a4c3e2895e2437b8cda83c27064abba,1716138000,224,552
4696,outfit.b75d871f45424868baa650472e43193a,1649005200,205,383
490,outfit.794483397da8425a813301eecf9828c6,1649696400,227,1180
1792,outfit.a0d1107baf5919d5,1694019600,199,1240
2766,outfit.e6d04857b6e54eecbd905c7e8093c960,1682960400,380,548
462,outfit.a7e848f47d2643d988bbaf47dae4a136,1616605200,501,456
675,outfit.6ef37d8d2ee744229ed6350d8a94f308,1680368400,45,652
262,outfit.24f7bb6f025640bb9f3d5df253dbefb5,1631811600,382,263
1586,outfit.bb1024860d8f559e,1663261200,23,1085
2617,outfit.25cf652454ab4f9fa1b636cbd555cfa6,1642611600,50,791
1586,outfit.95cf185dc27fb18b,1694797200,23,151
5844,outfit.124195196333488e8ba4d195b96ecbdf,1574096400,40,407
4769,outfit.853997984302460e92bb9f8335ca5a0b,1600621200,85,810
606,outfit.9c255f602b1e4455a79e0fe0cee938c1,1658768400,178,490
5760,outfit.1b4027c5a27d4ac293ccb2377c38d408,1717520400,59,514
5169,outfit.ed0bda9223004815822e8eaff7b7688f,1682614800,389,34
1626,outfit.ed26f73fdcad4071a6efa9ea84e9de3c,1668531600,28,1241
576,outfit.0a2ba9ba978f485d918a5fc89a032ddb,1656262800,305,1242
5695,outfit.771bbd515cd448c19ac2778c729e8e8a,1596387600,44,1243
446,outfit.8776f5d660d948c9bf3243220d6b1f16,1589821200,0,1244
902,outfit.d3972ad336174608b061e6224cb1fad4,1669050000,304,1245
6781,outfit.55f87279b6a34e24b72a4febad468001,1658163600,146,1246
675,outfit.30c1385e9d714fa5b2000abce92e6c91,1606669200,45,1247
3624,outfit.7d5e7df1d7e44528bca8d9859759042d,1701104400,151,65
1412,outfit.2ea36f84cb12427686eed685f97f2a8f,1633539600,73,749
1255,outfit.a83b27ea0df44e4d9773f8e7b5096ab9,1600794000,348,189
86,outfit.b51ab929ce045cce,1642611600,164,1248
6911,outfit.ade5433e25b54fbbb66a54f8fe113132,1654880400,401,21
2364,outfit.f8be16c68a624ee7bf9a5120adb0cbcc,1617814800,93,1212
7114,outfit.6dea8453a7dd4701830624eeea14bf9b,1671037200,41,30
1585,outfit.38ef91e51ef14bb19df9094a40bcb7f7,1669309200,241,199
3896,outfit.fbc31b2005504087aa980bf59e078b7e,1680282000,192,1249
572,outfit.bb72f30cdb4246d1bc47ff8b17cf4162,1638723600,35,226
3051,outfit.b068cf45c37e4aeaa1cff939a86e759f,1592326800,396,669
6284,outfit.bcdac85da8684442b3963150def81453,1594746000,97,1250
3896,outfit.99cc91aeda7eb778,1680282000,192,735
550,outfit.b9e50bdab7103d0c,1607533200,251,1251
572,outfit.97071c364d1944db8c7ae6a9d768a51a,1633453200,35,458
6177,outfit.578a20ace62b4299a88b0ce610123797,1650301200,250,1252
2022,outfit.24d73455126347c3b71e4b1ebb1ed3fe,1670346000,149,1253
3320,outfit.2ab1a79e73cd419fb4479cea44e12c84,1699462800,68,578
4463,outfit.cdca688f6a2b48c598ce6c5459088301,1692637200,36,133
3123,outfit.1e4a3ce9976a4d9a9061c167255f3875,1647536400,232,6
1881,outfit.c5bee71e04014da8a068df3abe59a219,1695661200,316,1254
5490,outfit.7949c76d6d01458dadb4d517d86b6d3f,1695834000,104,1255
3846,outfit.dea118f1de544188ad16cda6259ba122,1607878800,118,1256
2364,outfit.2766e5ad48a2427a898f60aaacf85622,1662483600,93,459
1878,outfit.127cbdac62d948a1827499f13034becf,1653584400,3,774
5760,outfit.b6f7358d6feb42ceaec950e6b66f4a34,1664902800,59,404
1374,outfit.37391d71588c40bd82003f14276d6f92,1607274000,6,1257
3533,outfit.16e87e3968054dc8824ba7ff56aed7f4,1623690000,108,1111
4000,outfit.d04fbe1240ef405c867fb813b5aa8779,1670086800,481,944
6372,outfit.2386f5b10f544de1a8f7a53a4b3bb92f,1584032400,143,60
2649,outfit.81e7d3487b0e4c3b80aa064790d9992a,1693587600,14,1059
2168,outfit.9565d4d6787ad71f,1677517200,447,1258
7244,outfit.892c3befd668414cabc0bda22c3f48ff,1645722000,22,1107
2168,outfit.98296ce41570cae0,1666890000,447,1259
4258,outfit.8e330b28328c4558a9523168b34d4d86,1644685200,165,192
215,outfit.41e3a8155d734aa8a3c114e1dfbefe1b,1619974800,80,879
1591,outfit.e0a3899c698544c4bf205f2a6eae496c,1651597200,364,703
2619,outfit.9a5d41c7a63e40a2b4a5f2aa902d768b,1690477200,290,1260
1626,outfit.5048c556741f4513ade4ab8607e5a46f,1718470800,28,1261
5778,outfit.ae3c94e801eb4aebb7c3714ec981521c,1647536400,169,37
4336,outfit.01601322d21a422fbc2db49c7866e264,1659114000,119,385
5694,outfit.65bf9afca9c94299a8ea0b0b8fc4e03f,1601485200,216,1262
3094,outfit.c815d15af6ba46c580927f9bf81122f0,1677344400,11,1263
675,outfit.2a1a34d38ac64414b5d7878a719984e9,1619629200,45,863
5169,outfit.4d91614bd70b4799a861fe5ea43db494,1669741200,389,185
3265,outfit.4d4e09b9b0e543a3ba29014099787eb9,1596992400,490,1264
2217,outfit.48dec5565f454acf903fe1ce1f41a39e,1599152400,323,1202
3041,outfit.4aca0c3e3ac7443ea02b74ab3e06675a,1654448400,76,1265
1374,outfit.8a6d7780e2644bbfaa7695900a8266dd,1620147600,6,1266
1586,outfit.9cfd9a79329b16bd,1655312400,23,1267
3094,outfit.be3e7c4ec5718d36,1597942800,11,97
5695,outfit.aec255abd8714065996db11cc150f061,1601485200,44,379
6026,outfit.c37712eb6be74a56958a7ccf2b21637c,1618419600,398,1268
2085,outfit.3f10ec37bde34db685d87cbdb7ad1575,1666717200,172,1105
2619,outfit.95cf185dc27fb18b,1714237200,290,151
5144,outfit.1f0ae1de64a54ab8ade3151460b27eb6,1617814800,217,762
6051,outfit.f02905d4e5ac4f7e8d6e47288d92c154,1675270800,168,1066
1248,outfit.69000b1e14de4f0fa3ab832be40c6f04,1602608400,221,1269
932,outfit.b9bffddb2fa945e6a3d076ea97f1c5cb,1659200400,426,505
5236,outfit.9f58acfe6b554e4ca880e378aa7e8e56,1641834000,310,394
3459,outfit.67d14062b639450faef4ae16726d3a50,1621443600,289,124
1382,outfit.ced7a70fdb8c4168ad6b7264244de2e0,1603645200,20,1270
1840,outfit.9237685700e6542b,1633366800,141,1271
3459,outfit.d720fa6c17bf4c688054cbda17336d6c,1598893200,289,52
4725,outfit.2cc1bf3b23ce4811b7cc78ec9e50c379,1674925200,83,1272
5398,outfit.2ea36f84cb12427686eed685f97f2a8f,1623603600,299,749
4409,outfit.8399e72f71c74d9683a7416571e032fc,1693846800,347,1070
6310,outfit.2a307327642c41fda6f4f1b9d8a8080a,1644166800,16,242
2796,outfit.09a274c103524f30bd8e3fcc3cbab7c1,1658768400,27,962
5694,outfit.9481d2d7251be70f,1585846800,216,245
5303,outfit.5e1b9778e36d475699772148e5d4e27b,1708102800,194,569
675,outfit.167c1898ccab4dbcb3d0a74591e1902f,1601830800,45,733
6310,outfit.735aa66e915446a5be13642ee0dff5e5,1657126800,16,582
55,outfit.bc45deb17b3a3e75,1664989200,117,624
4779,outfit.92101abfe02e418f8bc033846dc6d1c8,1624986000,502,1273
1083,outfit.03254ea7a2b0485e91a77f415f1d4741,1573664400,233,1274
1626,outfit.c663f1c85a344f039eacb889398b6b91,1636995600,28,628
86,outfit.b42337853cae4f66a2e7640b6845d2e5,1653325200,164,597
5318,outfit.9b8cb306a9fd4315bbda3cd2b056e36a,1705424400,84,677
767,outfit.ae76eb7ed4c948258ccec12a6e024562,1598202000,449,1275
7244,outfit.9b7e2e060c874d3287c4cee69860679a,1656176400,22,157
3028,outfit.bbd662557126462f84e4912812fc1be0,1710608400,176,794
1626,outfit.7ba3a82d83c24f4096668fa3c59b2c54,1644858000,28,708
3267,outfit.e2c4d90753314eddbdf3a836e28a0209,1603386000,43,363
825,outfit.92101abfe02e418f8bc033846dc6d1c8,1619456400,113,1273
6284,outfit.139187a6eb1540b6b2b8aef96bd12601,1645030800,97,1276
2052,outfit.16f24c4eb69a48f1a34117fc6c0a691f,1639501200,177,1277
6781,outfit.64a0e45c83dc4304becbf6218ac02fb8,1646586000,146,1278
5459,outfit.8a458a93e4cd4214a520074f16d5b9fa,1698166800,10,19
7209,outfit.adb851b71e828162,1632157200,286,146
5490,outfit.8a458a93e4cd4214a520074f16d5b9fa,1619629200,104,19
3905,outfit.efc9e86a0cd84fd28d55609e33bff657,1601571600,482,1279
6081,outfit.0533ed8c59ce4cf29172f502a3a93a91,1609866000,92,1280
266,outfit.31c50265a96d4e49aa5394db37e039f2,1690736400,156,938
2703,outfit.1b0e05e23cc047439c31fc35d0c34b55,1655312400,236,961
2869,outfit.1f8f1544736b40b99c3485150d68342b,1675616400,256,860
4409,outfit.b068cf45c37e4aeaa1cff939a86e759f,1704387600,347,669
6907,outfit.57d3d071648f425f900f33b203e013c8,1625072400,32,1281
1032,outfit.93826cc51216dcd0,1644771600,218,386
361,outfit.1a05c2e6ba8c4de28923f683bef9c1ae,1653238800,197,14
1840,outfit.9ed854d660862b8f,1661792400,141,1282
6781,outfit.c22e4fbbfc23437a9f32d1ae2455223f,1626022800,146,1283
5844,outfit.f7826f04ea8643d3b68964a5ab27b0a2,1571590800,40,420
2492,outfit.3aec93f22b9a450ab7dfc26095abc609,1690045200,138,543
4638,outfit.3b2ed909c25f4ba28abf27a3ba98f5d0,1633021200,46,826
2649,outfit.292fc161ab8a48d59af997f56cce1cb4,1709312400,14,1012
5617,outfit.eb3fd90e14dd49d2844a6dfc41d36f40,1684256400,56,1198
3028,outfit.1dd897589a5148198aea6c403d613063,1666026000,176,1101
4998,outfit.2055788ae1cb401bb3e88f887d5bd028,1676826000,220,1284
5844,outfit.a66ab9f04f63457fb8f729349bff7c8e,1570726800,40,1285
4943,outfit.8fbf386b8fef8664,1605805200,103,1286
2273,outfit.9aa24eb08db9447da1e6f285b151b357,1634662800,148,802
5929,outfit.46796cfb57174c9cb04ef0489123a073,1642093200,9,771
5736,outfit.9a5d41c7a63e40a2b4a5f2aa902d768b,1678986000,139,1260
5695,outfit.833b2280ae99434db2fb843f78d79e25,1596387600,44,502
1586,outfit.e947dbab69e64c5a85f1fe565b5f3a49,1652634000,23,372
785,outfit.3b756132543a45d4a94b9bebb0aaebfb,1635699600,351,1173
785,outfit.d6241a805f5e4108abfbdbc9f58fcb23,1715014800,351,85
3103,outfit.adeaa758e4b292c5,1627923600,79,1287
2290,outfit.e98a6e485b1941d98e43c0e74cc6885b,1647795600,422,519
4731,outfit.c17c4a7eb8284a26b0025919877d3023,1665334800,53,1288
3267,outfit.439ff276a34d4993ad9cf68d06c67d96,1600621200,43,89
2217,outfit.f4a912d387fc4198a3f4a1d91701a595,1601830800,323,1289
1706,outfit.2d872cbfe6434c0c9ec15ebfa518a6e7,1681750800,288,1040
3279,outfit.d26a681dbdd54f448ef373de80e065d6,1638291600,407,1290
4464,outfit.4a42bebcc6534e8697fd6f7656839c29,1676739600,55,615
5695,outfit.bb1024860d8f559e,1628096400,44,1085
6696,outfit.e4bb08fb4a5f4f11843632fa2a227421,1623776400,2,561
731,outfit.6753fee0b6894243869c63032302de22,1649437200,39,1291
454,outfit.9d9aa8d609db476783be7553a9bb706f,1672678800,96,80
3713,outfit.49c64ac752d4452886a0f505007df0fd,1604250000,466,1292
2205,outfit.a38b3b3e20364b78bfcf0bb1eadcc0e5,1706720400,132,536
6734,outfit.955f2239f0b38561,1630861200,202,1293
5303,outfit.a396d7bd18eb4fd888ca77e30adf911e,1708102800,194,1294
6858,outfit.8831dbbc9ac4aecc,1652547600,367,1069
675,outfit.92423563b1ab408ea4e1137abf9774d6,1662051600,45,1295
6526,outfit.a1efdc0d88774773957da6e703852211,1657299600,62,211
3991,outfit.afd3af027be275f2,1606064400,321,1117
785,outfit.648db79508724c99ab948e953e4813a7,1662483600,351,522
1207,outfit.b9bffddb2fa945e6a3d076ea97f1c5cb,1637514000,361,505
4608,outfit.6000d807dc2b49ef94692e5f07a171f3,1593536400,48,1296
3259,outfit.f6eec8c3af9e43228f79ed7b49dd4633,1626714000,303,1084
5201,outfit.819bf34ba04d4748b9232e1df3bf9c8e,1629306000,493,715
847,outfit.8ce5277fd36a4926b5203cfcdb72fd72,1683046800,255,1297
3727,outfit.d720fa6c17bf4c688054cbda17336d6c,1647190800,187,52
107,outfit.5a0e04a9018a4904990fc85f1c8cd1ce,1633885200,503,1298
5144,outfit.5b1de7457379489c8e57a3c22844550b,1632070800,217,1299
2276,outfit.767ecbf6b9bb4969ad78de1a78dbf039,1619542800,504,145
5695,outfit.ed9017ac844a486fac95996bcc5b4b84,1606755600,44,937
3267,outfit.911cfceec45d9996,1591894800,43,1300
5695,outfit.be670e741ed74f9597a28f8bb3e5e537,1628787600,44,1301
230,outfit.c38212ead8334e87ad9103b67932eaf5,1652115600,505,1302
2846,outfit.ed0bda9223004815822e8eaff7b7688f,1641747600,248,34
996,outfit.a841b2acdc119218,1641747600,309,1026
1735,outfit.56e3cc906a444a569d6b057189a361bf,1663347600,42,1128
4519,outfit.a1b1329de0c52243,1626195600,60,1303
2812,outfit.eb687dffeab64aee8d3ab9da47d77d12,1716224400,51,1304
204,outfit.9abd359ee8d44269ab15d6cbfcd8eb81,1679418000,474,1098
5694,outfit.5242edab1a064713b3c92f329d51b514,1598806800,216,76
3308,outfit.ef37915fe2f546378750595366833b79,1653238800,69,455
7199,outfit.81b7059db24a1c94,1636563600,363,1305
5100,outfit.91d7bcbd88004c9e939fb7877dc4a1f7,1686934800,261,364
5224,outfit.8db90f1e88eb432e9422eaf57fc55562,1655744400,17,433
3175,outfit.fd816aa2311d45c78fd0ab2d663a177a,1715101200,123,342
1354,outfit.7cc254ca61fd49189825e315d9507a3d,1688576400,301,783
86,outfit.a388427605b34a2ab0e19304e54facc6,1634662800,164,1306
6287,outfit.34afd8b7f33d434c8e0ac2849eab231d,1602608400,140,651
3267,outfit.d71dd7d70f184d10b2bc26105f3283d2,1634662800,43,789
1896,outfit.cc2a4ea6b82044d2804ee26e593fbc00,1613494800,90,428
1248,outfit.a1b5b9335a89a082,1596474000,221,579
3227,outfit.03d688ca88f84e89aeb31592d6394247,1656176400,223,1307
3510,outfit.92db973be0926d3f,1666890000,239,637
5879,outfit.91d906d5cfcadc9b,1626973200,506,1308
215,outfit.bee0a33c3c774ae7b6eef6d298250ae4,1614531600,80,1309
1819,outfit.9d5c2d8415063b7e,1660842000,349,1310
6414,outfit.bbd662557126462f84e4912812fc1be0,1636995600,144,794
4943,outfit.7d5887278cfb479b8c92081dc85ad698,1611075600,103,16
3028,outfit.5c6bcfee583b4d7aa6fa807279637d59,1666026000,176,179
6380,outfit.cc03f27af19f42a483a2f03ad997279d,1713200400,196,307
851,outfit.afd208ad6e2c4771910f427504e634fe,1620234000,254,1311
6879,outfit.3f4efea108664d0fbdd0ebe5d724e275,1610643600,188,43
1706,outfit.57e0110f769d47ea863ebea78235fd23,1641142800,288,156
1501,outfit.841f070dd5a12094,1662397200,507,1312
3094,outfit.866385e680f6475e8b2899e2bc30a1fe,1643821200,11,857
3192,outfit.44c8e590e1df4f6ab23cf81b9ed39374,1620925200,52,196
3727,outfit.9cfd3798e4b27f4c,1668358800,187,1313
6526,outfit.9a0283b3b9e34e39a0038cb7b7044c75,1707411600,62,560
3749,outfit.f557450bb9d14a10951367293b052595,1635094800,49,1314
872,outfit.a5b02d479256493ea45ba0405d9c6587,1652720400,357,692
123,outfit.df13ea56a17d4fad9fca92caa307b02c,1629133200,240,807
1083,outfit.fe07e41596d841c6943aa7819488c565,1635181200,233,754
1193,outfit.6fd4e1ca2f474faa9366763ac28adb3c,1615482000,214,1315
3147,outfit.4c4d89bf0fcb4b32a9015ce1a7bade19,1665075600,161,1083
1896,outfit.a824c0030f59545a,1610902800,90,542
1374,outfit.0b721ca6ffdd489d91fa63f960ca64ec,1623085200,6,941
4463,outfit.bbdd99b53f925ae3,1654448400,36,281
293,outfit.293f074047f34fda9bd95d96c5b9f906,1571850000,508,1316
5680,outfit.1bf5c2c096dc490f8e8efd7d09e6769c,1629738000,21,848
1684,outfit.86a3e5e23b984060,1621357200,224,1317
6319,outfit.1096c0a926c244b39b44ff523a6ad9e0,1637600400,34,83
2492,outfit.94fee721c94da3bd,1705942800,138,1318
2649,outfit.96d41e4ecb154101be678d4302a266ba,1685638800,14,671
6212,outfit.de1b2d84d80341d2bcc0adcd5ce60af4,1666026000,434,1319
4998,outfit.df1d0f1d24dc4629b4769b6a3dc89b43,1652979600,220,838
5680,outfit.af314667889c49cfab85a0e890642a31,1637773200,21,1320
1248,outfit.a867d0ea463b4d6dbd0f750bc1962f49,1636045200,221,1321
1201,outfit.2463040b4a624400a85cd400d0ae0e7e,1629133200,412,387
4336,outfit.f465c31c406c4fc69448ba6a62d76ea6,1669741200,119,776
5100,outfit.80333429732852d4,1681664400,261,890
3875,outfit.3e47b084ad704fb5b25b38809fae38a7,1625677200,400,148
454,outfit.7c3e32e564f84de28c9ab8a6f06a2e24,1659459600,96,641
7082,outfit.22ff5d532d24420891c0292df8da84dd,1699894800,445,1322
3267,outfit.838393c0f12c45068f90821c83acac89,1608224400,43,1323
2519,outfit.915272dd8393bc1d,1595782800,327,1045
1032,outfit.58e553ab746b44d98763f86d0ceeac9f,1638896400,218,1324
3308,outfit.b8d5df5f249150ce,1640883600,69,1325
5379,outfit.043a430a63b34151a6489d2863ea11aa,1629824400,102,978
2918,outfit.db6e87de63f347a0af3ecbf3b7463a55,1670518800,371,623
3080,outfit.961a17ab05934b81a815e365bfe692d4,1629651600,492,110
5430,outfit.391478ac84d249b49a87a9d829590887,1670000400,450,1326
6284,outfit.9e3bea6a01d94e03a43bfefac24422e4,1614099600,97,1089
3749,outfit.deb2675432704b1e8048f6f90c102a00,1652288400,49,806
6038,outfit.32e640b3fc894710a096ec7ad3f7a976,1630947600,465,1327
446,outfit.9ed854d660862b8f,1605632400,0,1282
7100,outfit.0d0727d0c03f453495eaa85dc17d382d,1671210000,61,187
4725,outfit.34b2a2a9779a47f0a1aff663fe8d1c86,1685206800,83,868
1201,outfit.6a0ee820e93d45bb86077aa56e1c231a,1642093200,412,1043
2649,outfit.476b7bf9f9a74be3ae1a2152fee9fc3b,1711990800,14,1328
4564,outfit.8d7319b7cde9526b,1627578000,167,645
6380,outfit.3c0e2b952c024f85b23f3db26403df81,1705338000,196,1329
5722,outfit.d928300162a4434c84b6a5f5c2da0506,1631811600,509,604
3267,outfit.203f5d33e7324d65a1d8175b3b910416,1701018000,43,127
5734,outfit.9c24784c042d5fba,1636390800,353,1330
6907,outfit.1b0e05e23cc047439c31fc35d0c34b55,1614531600,32,961
6907,outfit.4b2a9c705f844b229cb293ba66c8ddf5,1675616400,32,1331
4817,outfit.a92d76f887cc44bd855fd1192a72ef23,1598893200,203,1332
680,outfit.4b2a9c705f844b229cb293ba66c8ddf5,1647018000,510,1331
3459,outfit.4b20b3ccd3cd41fe98d0225f47276e2c,1621443600,289,22
731,outfit.9d3b8dd5711d3657,1646758800,39,917
2040,outfit.b6fe67d2c969451f8f1ffc1de395b9d1,1601830800,24,1333
2675,outfit.13341577ef954838a87bf016b1501ebb,1676048400,319,1334
2085,outfit.cafdca5ad56a4f6ea824cc20fab5b5ae,1661446800,172,723
2217,outfit.5048c556741f4513ade4ab8607e5a46f,1607014800,323,1261
4834,outfit.d40f6349368b4e47b521138ba35d8ebc,1635440400,131,190
6318,outfit.d24b8b64d37f4ea29ccc8aeb0c1bbb2f,1605632400,26,216
6177,outfit.648db79508724c99ab948e953e4813a7,1635181200,250,522
361,outfit.a1c4999e99962415,1655917200,197,1335
1138,outfit.cd58f268e9e54fc08e5656e6f095975e,1671210000,368,1231
490,outfit.d1404a07cbda4bf68dd8d57cb0e32207,1631552400,227,319
2040,outfit.8ccfe9b6e0b0473b95bc91b156139d89,1594573200,24,632
3846,outfit.b7e42c6a4cc546d3936a1fc797a1b4ef,1625418000,118,1336
5760,outfit.77198ec009ad4cc98e710f5bcd1a6ab2,1670173200,59,1337
3040,outfit.a24ec8c88040844e,1650819600,375,1338
3846,outfit.e011693fdb0a434b825e510e6e8fd9c2,1607274000,118,1339
568,outfit.bf8385f15d6d468880c5e654f7599cf1,1620925200,253,1015
5760,outfit.d7a7b1a15fe04fd886b31c47431ebcb6,1654362000,59,1340
2250,outfit.8afbb76916e14187b0bc9aaabbc2bd24,1697907600,265,592
5887,outfit.d720fa6c17bf4c688054cbda17336d6c,1648314000,489,52
3312,outfit.05164954243a4c5cac4930572105ed27,1596646800,31,1341
4674,outfit.3dac69d72aed4d1ca4fc6bcff6b7cd4f,1604854800,12,399
7244,outfit.99cc91aeda7eb778,1636477200,22,735
3227,outfit.95a9732c69cb1e4c,1629651600,223,277
6212,outfit.7f13839eeae444e79acb75451f623074,1668704400,434,1342
1987,outfit.56663aaf60aa4b5c8267bed372c72677,1645722000,420,68
3103,outfit.5b87f52aec9f4c749cf6769993136db3,1598979600,79,1343
824,outfit.1233866861b14f0bb1e9116e90d9a492,1633366800,246,1344
6038,outfit.7cff339e7950448c8485a2b44205adc0,1633021200,465,1145
5897,outfit.eb2d7f4e04d648ab98ccc7a46934c459,1624813200,511,1345
3094,outfit.90a6743a8ffb95ab,1591894800,11,184
4853,outfit.a38b3b3e20364b78bfcf0bb1eadcc0e5,1639414800,175,536
680,outfit.4b2a9c705f844b229cb293ba66c8ddf5,1647018000,510,1331
4810,outfit.c815d15af6ba46c580927f9bf81122f0,1661533200,228,1263
5914,outfit.6df9fd60925949a5acdd17de4dd4e7a1,1591894800,74,499
6907,outfit.595a88f3986340b9b7ee163cbe32c85d,1627837200,32,690
2617,outfit.2766e5ad48a2427a898f60aaacf85622,1634662800,50,459
356,outfit.b701b51a404a44418a375258167ad442,1621530000,358,1346
5144,outfit.5a0e04a9018a4904990fc85f1c8cd1ce,1654794000,217,1298
3521,outfit.82ca4f1985ca4966ac81db79cc5a5bc1,1680627600,58,849
5812,outfit.827b99b7b40a655e,1602781200,95,1347
6380,outfit.ad848f726cd93e66,1636650000,196,501
5694,outfit.992bf5adcd39d953,1598806800,216,954
7411,outfit.bc490bc7db204af498825badd2d59285,1598806800,5,252
2022,outfit.0135459b57244e00a6b7ec6f9240c653,1667754000,149,1348
6526,outfit.b2453a30bd0746559282b2f06564d9af,1709917200,62,1349
1008,outfit.ccae6ec63d494a5eadd0d6b001597c42,1701277200,100,275
5160,outfit.145c644d683b4ccfa07d073d8c4efa6a,1656090000,441,313
892,outfit.074a10af152c489ab0ecd8d67fa60fb9,1637254800,471,1087
4336,outfit.5bf05f8589804ae290c997e60400cb6c,1664470800,119,933
3147,outfit.b6a27dfa0198a9bb,1651856400,161,1350
2762,outfit.beb24dfdb4829222,1641488400,252,1351
2217,outfit.0aa7e8933ae54c58b47cfe56e2143424,1601830800,323,1352
2148,outfit.17753fa2c9914d659fe5432c2a06f1fa,1703091600,311,194
2833,outfit.c22e4fbbfc23437a9f32d1ae2455223f,1639328400,54,1283
3267,outfit.848a85ca39d3fda6,1621443600,43,1353
675,outfit.cac6eca6151b4f61b63157301f0cb229,1598547600,45,1168
3227,outfit.9481d2d7251be70f,1650214800,223,245
7244,outfit.2327c16896b343989de61510ab6f3c40,1650906000,22,648
3905,outfit.d14ca830a51d455ca672e1f11d4554d4,1601571600,482,1354
2297,outfit.139187a6eb1540b6b2b8aef96bd12601,1662656400,438,1276
1354,outfit.9d470d5e4955bb54,1691254800,301,1355
6965,outfit.2a1a34d38ac64414b5d7878a719984e9,1607878800,125,863
454,outfit.9effdad18841495bbd9239449480334c,1677776400,96,1023
6177,outfit.81e7d3487b0e4c3b80aa064790d9992a,1635181200,250,1059
2869,outfit.5eaea43d8e34424a95efef2f14b54092,1680714000,256,631
1585,outfit.57e0110f769d47ea863ebea78235fd23,1653411600,241,156
7041,outfit.012a4c0079984d719f3f2626bb60b374,1641142800,116,1050
6907,outfit.abcb318cd2f62d3b,1683306000,32,322
269,outfit.595a88f3986340b9b7ee163cbe32c85d,1619542800,452,690
4463,outfit.1b3e2ad0256b4c839afe49dcfcd50b40,1695315600,36,570
5459,outfit.81e52ba208d55e4d,1698166800,10,936
55,outfit.a3d5299f391ebf8b,1675616400,117,1356
1382,outfit.7ae84d76f8634068b358e5f723942fa0,1611594000,20,1357
1770,outfit.df81c6ba86ef4c3c8fd2976934eb4078,1684256400,293,435
675,outfit.d91c416ae1584028ba0c20f1329bbb97,1603818000,45,286
6885,outfit.ba4ea8e459d0dfcb,1600016400,88,257
416,outfit.9333d13d00a6460aab2f7ac3da1c96ef,1601830800,33,1358
2089,outfit.9d23dc455c9c4837a3fe26931f944833,1620925200,455,1020
361,outfit.3f51dbc828b74034899009dd1a0177b5,1653238800,197,1359
1770,outfit.d21f3628771b4dcebc478c94a456d999,1684256400,293,946
4979,outfit.a0d1107baf5919d5,1645722000,500,1240
293,outfit.18463cd95aa04dbba9610a91b4f71be4,1572973200,508,1360
4519,outfit.abe970f711444589b6ce9e81bf35615d,1623603600,60,126
5201,outfit.f5fb40c43d174f799509d01145b1ed1f,1629306000,493,391
2329,outfit.b232dfc2ba4bd49f,1655830800,212,1052
3896,outfit.9b8cb306a9fd4315bbda3cd2b056e36a,1667235600,192,677
1684,outfit.99d3c1ea30367e62,1660928400,224,347
6310,outfit.f4a5306ea45d4ab9b40340f016bab653,1651856400,16,657
6051,outfit.cf321774b9de4035802e1829303fd3da,1690909200,168,1099
2085,outfit.f8e95f5fd1b641a4823ea3c6010e19cb,1671987600,172,254
5843,outfit.e6bbfedb420c40059c5a6515c0f94dfd,1639069200,285,169
2920,outfit.d8909288c79b4df6b6547aa381d360f1,1638464400,47,204
1336,outfit.9b0a47dc97c7ecc8,1703178000,210,376
4887,outfit.d7f1bc7197b6469db1b9c4faf4071cb7,1679158800,457,1361
4463,outfit.9b7f4ea284e640d19bb177049cd1c7af,1609866000,36,1079
6212,outfit.cd92590952d54e1d8b3bec0bbecb901b,1639674000,434,471
1336,outfit.b0d5835cfb6f4f918690a79fd842e7a6,1689958800,210,288
4810,outfit.b4e582b38a10f6bf,1677430800,228,772
4603,outfit.4238aa017620494dbe0724f9b8f8f702,1638810000,162,240
3749,outfit.bdf0b714576b2118,1624208400,49,123
2762,outfit.0d0727d0c03f453495eaa85dc17d382d,1646758800,252,187
5694,outfit.c71e9a58962a404b9d6c8df867b4b392,1620666000,216,873
3459,outfit.31edccd419de4fc5ae6aeb7eed4327ab,1612371600,289,765
2040,outfit.56dec64c8c834afaace780273bbde124,1615395600,24,667
6118,outfit.34bd3ce2dd644974b9e945a8d91d8bca,1574269200,7,153
3458,outfit.82857c0f835c4c8b8fea971653673d20,1655658000,475,1362
230,outfit.8238ed2091e347149ddd6114aeeb2655,1701450000,505,661
3094,outfit.1f534d95ccf6415a8af3b5799dd959e7,1612112400,11,620
4981,outfit.dd5c21e0c1ee4428b7019e5740e3e8aa,1639328400,155,1215
2649,outfit.94fee721c94da3bd,1698858000,14,1318
1354,outfit.3dac69d72aed4d1ca4fc6bcff6b7cd4f,1699203600,301,399
996,outfit.b1eeff303fb44f10a6c2ac36c0136514,1638896400,309,77
1700,outfit.0a5a3a2e1ff34f1792e1f2dad95cbc2b,1703091600,355,1234
4810,outfit.dcd2abde0c804a88ae1169c950cfbda1,1656262800,228,1363
3094,outfit.c815d15af6ba46c580927f9bf81122f0,1609866000,11,1263
1336,outfit.a8544eb2962547d1bb80da530b4c377a,1682096400,210,905
2649,outfit.e17a0df1f70743e590827d7df93bb7f4,1709312400,14,119
5169,outfit.96cb494dcb47696b,1672333200,389,477
5760,outfit.2846db8e50bc49a7a1b5f37be769f364,1662310800,59,446
996,outfit.85b4a99c5e6af89d,1631034000,309,1364
5914,outfit.a9e47a4cd09329dc,1651165200,74,1365
6310,outfit.02323792c3fc471186d9e7c2debd393b,1636045200,16,1197
3051,outfit.2a4decf449b64584804dad1d704f4ef1,1592326800,396,914
950,outfit.77441845458641bcb87eb64f10b76c12,1629997200,378,74
2681,outfit.aec255abd8714065996db11cc150f061,1635786000,512,379
3577,outfit.bf299b7d8eeed1e5,1657904400,136,974
4336,outfit.7c8c2504d76d42f4a96766337d3dac03,1648573200,119,1366
5694,outfit.e5503fe6f5f243fc90c526bcdb75c942,1614704400,216,128
1382,outfit.1d7da339dc6b48e68c801f5862573aad,1627491600,20,590
675,outfit.9b7e2e060c874d3287c4cee69860679a,1711990800,45,157
6879,outfit.57e0110f769d47ea863ebea78235fd23,1623690000,188,156
2812,outfit.f4a5306ea45d4ab9b40340f016bab653,1708448400,51,657
416,outfit.2208707dcf134558b4d335f1e3534655,1622998800,33,23
6903,outfit.be1953ddbefacff3,1600621200,350,1367
6402,outfit.03929cbe49e34b99bdd077380cc8d731,1666198800,335,1181
4638,outfit.3f65ab1185ed4b06a4feab44d8fdc748,1657558800,46,859
2815,outfit.0a769485844446769b0609c505933bab,1654794000,384,504
5615,outfit.851c21ffa4468a82,1690995600,338,736
456,outfit.ef37915fe2f546378750595366833b79,1626627600,287,455
5430,outfit.dd62d98a9d3e40659b5438f7388d8e01,1615395600,450,1368
3192,outfit.e44b11d043b34053ae7292d3ad3dc9a0,1608051600,52,1369
6885,outfit.5862a9386cbc4ff29e9892f49274c243,1607619600,88,7
2489,outfit.ae3b425f7b70953b,1607619600,418,1370
846,outfit.944185e8eec8066a,1614531600,152,805
996,outfit.a824c0030f59545a,1644253200,309,542
3846,outfit.51cc1780e9ef4f33ab4f532f36dc808c,1627837200,118,1371
5805,outfit.656dc77e8bd948e6bc85d9284c79af19,1653411600,486,162
7247,outfit.e8f877d97bec44b49a40abd355d69d51,1670518800,460,638
6447,outfit.9b7577b41e374c5d8debce0abc0466de,1635094800,243,1186
3267,outfit.03d688ca88f84e89aeb31592d6394247,1647795600,43,1307
1354,outfit.b7cc6c38b121a845,1696525200,301,1162
887,outfit.234ce093695f4773aba7287620cee9ca,1635181200,513,56
5330,outfit.7abb8ad021294be3863e5ea746538347,1642352400,215,1054
6706,outfit.b6f7358d6feb42ceaec950e6b66f4a34,1599584400,424,404
2485,outfit.d6241a805f5e4108abfbdbc9f58fcb23,1646154000,184,85
2920,outfit.4d15ca1915cf4639a9029a016640f7da,1630602000,47,71
3721,outfit.7d29eb8d2f0341b2a1c2eeb8c76416f4,1592326800,112,73
3094,outfit.c815d15af6ba46c580927f9bf81122f0,1708880400,11,1263
6817,outfit.b8b6253b118140448c36fb7b55fdce90,1650646800,514,981
4471,outfit.3dce88ceca134c02b8b9abfd791825d1,1693069200,515,390
4899,outfit.11c67729744647cea4955a4e21881e05,1602608400,302,1372
5805,outfit.ccf6f723db264c30b9e45b89203c4a28,1640883600,486,992
6734,outfit.b36a2b4ce3d90e1b,1630861200,202,425
4452,outfit.8cddb9b88c984068a92d14c539dd24e6,1594573200,306,616
6817,outfit.d70247c33e4b42569675e32cc3727701,1658509200,514,1373
6026,outfit.d73105249af8497a8400a0f75a825741,1613926800,398,479
3312,outfit.c8855506fa9d47308b87aa0fe5efe3ca,1599411600,31,583
6011,outfit.8f892d2a86a7024f,1654016400,114,659
1942,outfit.9d97d017a5c747ac89d59efab886369a,1596992400,13,466
4774,outfit.56cc017ee10f4e77a002829e408687ba,1644771600,334,886
3094,outfit.a4699b3b33b4d99c,1632157200,11,366
6787,outfit.b02888637a450867,1630429200,516,1374
6526,outfit.7ca0d67e06f7491f926b46e7fbdbd32c,1657299600,62,343
3320,outfit.d2affda3780840e8bab443abbd2e5478,1662656400,68,1375
4481,outfit.648704eeb8f143c2ac81079d01853223,1687021200,342,738
5694,outfit.ad50bddf369641b0827aad7ce9f36022,1588525200,216,607
4774,outfit.9ec98510baa9411d905131e4377e154d,1647277200,334,830
2364,outfit.a1c7ea9aa83e32c8,1610038800,93,357
1374,outfit.34fb4047b75346ba9ced8912198506ff,1625590800,6,742
3267,outfit.503dfd75a3f84d38901d135120cdf40b,1637514000,43,1100
4258,outfit.a7b57360602144b4838b5384b7fde769,1670864400,165,1376
746,outfit.a5d5bfee852848c18596d844a3a9025e,1574614800,209,374
5695,outfit.a995ea509cd69726,1649178000,44,1377
3320,outfit.2766e5ad48a2427a898f60aaacf85622,1675875600,68,459
1586,outfit.f8be16c68a624ee7bf9a5120adb0cbcc,1631034000,23,1212
4656,outfit.388d5e71d8ca46a59067b8f07c7a0760,1691082000,130,1378
3227,outfit.ccf811c5b8f847758b9d79c74514890f,1682442000,223,1133
6284,outfit.2c4583bd98d748f29b7f7fb1cf6c43c4,1600275600,97,1379
1706,outfit.4be27307ae1c4611ad56aca101c8a6b4,1649610000,288,1009
5680,outfit.f4a5306ea45d4ab9b40340f016bab653,1635094800,21,657
5160,outfit.b2f9d48f3d4c4549b8d51fcd04979a79,1633539600,441,1380
3259,outfit.202c5658aee14e4180cd074aa81842a1,1636477200,303,41
1083,outfit.a68b7a70b061a667,1570986000,233,1381
1585,outfit.0af9759a37b84904b1335e0847fcbb60,1650819600,241,287
2271,outfit.30d1aee07a924c969deb23980fe0949b,1610989200,259,1382
446,outfit.49373f388eda466080c3464a0d8cdc44,1636045200,0,1383
3041,outfit.9956752d78a44dea91307b82661d85aa,1670259600,76,271
5694,outfit.d4220f5dd22c4d409d8121e26b11dc99,1604422800,216,1384
2340,outfit.a935f1495271461689278b60c8d1a25d,1613926800,269,1385
5303,outfit.e0f170b8b51f4ae4a7e00047b9ea8d79,1715878800,194,831
5760,outfit.92f2e542b76f7d6d,1680627600,59,990
4564,outfit.05164954243a4c5cac4930572105ed27,1637254800,167,1341
4774,outfit.bccadadafedf47d8b394517cf1668424,1644771600,334,1386
4463,outfit.5eca705d63054d639d39074a939b25a4,1689958800,36,1387
3312,outfit.b5db150f4740b356,1599411600,31,345
2870,outfit.feaa16af0f6b4a96b65f8a29ace77979,1682442000,354,814
5760,outfit.9e28084ee8e94a1d8afe4abe643fa8d5,1683219600,59,545
5490,outfit.b02888637a450867,1656522000,104,1374
4168,outfit.98aa99e47dee4f019d8b2620a9745f98,1654707600,126,1388
5887,outfit.3b32be97a62d43eebed1287be7cf5988,1644339600,489,1389
4452,outfit.95b998c29f9af2fd,1604854800,306,200
2687,outfit.b4e582b38a10f6bf,1659373200,147,772
6550,outfit.be1953ddbefacff3,1583686800,345,1367
3215,outfit.394d965b33b8430692c31984bf51e554,1606755600,360,1390
5846,outfit.09ed7d853d264be0b707417f8ee4630d,1686502800,517,1391
5303,outfit.b21aec5d36074eb790d69c5c40b7d77c,1713286800,194,180
6907,outfit.5235ff1f43e94601b30e4f25d6abcb39,1598893200,32,694
6526,outfit.931ef0d0cada4965a8ea693f7a520b64,1691514000,62,321
3227,outfit.9b0a47dc97c7ecc8,1698253200,223,376
5615,outfit.76443d6db496494dbb26ac275ecbdb3b,1701536400,338,72
5208,outfit.7b28d52de2cb4e4f8b00b14dd8512644,1644426000,484,1392
6907,outfit.5235ff1f43e94601b30e4f25d6abcb39,1646067600,32,694
5805,outfit.caee00d04a954a69a3cca9e02cf67440,1661360400,486,125
1586,outfit.c012d37926b545bf90d7c4a0c5634696,1641402000,23,1393
2448,outfit.afd3af027be275f2,1658336400,258,1117
4471,outfit.53bf6ed2516f473a87497e8170d4c8e1,1701018000,515,586
1792,outfit.32e640b3fc894710a096ec7ad3f7a976,1616346000,199,1327
3123,outfit.8ed6e4fedeb67e87,1643648400,232,945
319,outfit.8609dd7995e147efbdf631d515d34bed,1682701200,392,90
785,outfit.15f39d4408a449febc2bd0d1afbb0f1f,1635699600,351,540
1412,outfit.a841b2acdc119218,1625590800,73,1026
5914,outfit.b33b5cbbea204ab79a1060c3a17546b3,1602176400,74,662
7270,outfit.2084ead8ec3c42fa83eb74b5e36d330f,1670259600,195,267
6911,outfit.d1404a07cbda4bf68dd8d57cb0e32207,1704906000,401,319
6414,outfit.b1006d213be64405940960dc44274caf,1635440400,144,1394
1412,outfit.b2194a655acd4fc683da0607aed980aa,1620320400,73,1395
3814,outfit.8f6c3fbd7db0400caaf95a95ab29a97d,1602176400,499,236
1819,outfit.8ed6e4fedeb67e87,1671382800,349,945
5130,outfit.f6eec8c3af9e43228f79ed7b49dd4633,1673110800,268,1084
6592,outfit.7d29eb8d2f0341b2a1c2eeb8c76416f4,1654102800,129,73
6601,outfit.76e513e7ba654a648bf90044a81b3926,1699117200,78,820
6936,outfit.036fa904ea5446f6bed6470693f19128,1641142800,226,408
3040,outfit.767ecbf6b9bb4969ad78de1a78dbf039,1668186000,375,145
731,outfit.11c8bc7fcf3145f29a1b9be52483b41a,1619370000,39,1396
6319,outfit.9e28084ee8e94a1d8afe4abe643fa8d5,1633021200,34,545
6526,outfit.9c255f602b1e4455a79e0fe0cee938c1,1683565200,62,490
2329,outfit.fd816aa2311d45c78fd0ab2d663a177a,1700845200,212,342
6977,outfit.ef5fdc0209e74d39a8a24fcd05cbdce6,1678813200,160,956
6364,outfit.233cc1a575934df38cc3c307901345e5,1629046800,518,368
3312,outfit.b25f7c6a65a2459c8819de57f27a2684,1614099600,31,1018
3320,outfit.7f53199a70b045598d5cbc1c0546d248,1704733200,68,1397
6051,outfit.ec43e546a9d543ee8c15c07cb70608a9,1690909200,168,181
6354,outfit.b7ebd99d748b28d0,1664038800,519,1398
932,outfit.a5bbbf5301db4e5b8b1e2532cfd23a24,1651251600,426,1196
6879,outfit.26e0f5cc69634d079b4cd4a55b315809,1629910800,188,1399
7376,outfit.b1ddecd27b94476d833c0ea2c2bb6d3a,1626800400,99,1400
666,outfit.e4bb08fb4a5f4f11843632fa2a227421,1655398800,468,561
3094,outfit.6753fee0b6894243869c63032302de22,1606410000,11,1291
5430,outfit.af0ed14f93f042fa8c43dc0ff2da97e6,1612976400,450,864
6026,outfit.4431d4e34e6a4c0fba43aa50395893f7,1636909200,398,58
6696,outfit.df04bf46dbd54868a63d2db542a5fa3d,1629046800,2,516
4724,outfit.a647aca5ce17d71e,1666112400,520,599
6402,outfit.ad848f726cd93e66,1668877200,335,501
3669,outfit.8e408fb4b2c64525966837c7789f2965,1658595600,331,1113
3051,outfit.54324ee259f749ef9e2cb2e22446a2e6,1599066000,396,1401
4240,outfit.0b721ca6ffdd489d91fa63f960ca64ec,1637168400,70,941
6875,outfit.466afa76adb144b7ad004be6382cfc54,1701795600,415,315
266,outfit.5b607271e3ee467bb4188f977c0336b8,1696006800,156,429
6955,outfit.048fe7f87ee34a4095f2141bd51e3b80,1634662800,30,268
6051,outfit.50968c211b5941648f6519e289b84da7,1675270800,168,1402
5224,outfit.e14ebf07096246dbb7bf4e241b4c5b32,1685552400,17,182
2833,outfit.d77ef34608454debb3c7b18a03877004,1653670800,54,1403
6583,outfit.4dd6b2524e5b4379baa90d5f3f80280a,1645549200,333,473
5531,outfit.b8311b5c70cc4a46927bae03a650edcf,1641747600,105,1404
4638,outfit.fa737f8bee584d309426410002edac0e,1601485200,46,454
3041,outfit.ae9518aba2aff33b,1639328400,76,1405
1516,outfit.0b544c65a87645459ce9844f749e178f,1628787600,238,152
5760,outfit.defda56477d1496dacd7a61e447be9c4,1654362000,59,840
2576,outfit.3f495adddb5143f8a5123973e907b1f2,1653238800,477,421
416,outfit.e0758c1aad1d4207a476a4186dddad11,1607014800,33,1406
2762,outfit.ade5433e25b54fbbb66a54f8fe113132,1618851600,252,21
4880,outfit.240ac09f29724bc58045e16a2721cb8f,1682614800,280,1407
7411,outfit.1506b275d9894b3da75f83343e25a122,1636909200,5,1122
3080,outfit.31edccd419de4fc5ae6aeb7eed4327ab,1629651600,492,765
4000,outfit.c41b5bc7cfa0435abe71b09cfccc17ea,1659546000,481,513
1248,outfit.b2e035a8cce61dcb,1601830800,221,362
4464,outfit.535d7a56f1a44289b93c6bd46f656d8f,1660842000,55,111
6781,outfit.13db1499701e46f5b6e98d5e6d34267a,1652893200,146,427
4464,outfit.379ed2da3cb6428c9c9402855dfd61f8,1674061200,55,1086
2088,outfit.abce86c0d08341ed96a999cb4425d840,1629738000,421,186
6907,outfit.a0a96262277c45ff82220ffe62a04f65,1625072400,32,260
6818,outfit.305bde2827b34ff192d1271ddb0e50bb,1596474000,402,939
1553,outfit.34c4b585b0854a158c2b7e53478e3c00,1626627600,408,1408
2716,outfit.b82c3360fbcd411683eb135b6450e7fd,1610298000,242,923
3510,outfit.b8b6253b118140448c36fb7b55fdce90,1672160400,239,981
3127,outfit.30c1385e9d714fa5b2000abce92e6c91,1638464400,521,1247
4185,outfit.f1e688d410884ee0940d861fb2f620ac,1669827600,522,335
3051,outfit.139187a6eb1540b6b2b8aef96bd12601,1596387600,396,1276
7152,outfit.b4e897cae6915720,1605718800,15,1409
4464,outfit.f1a25e8f1def4f2fa805aefcbb91bb62,1660842000,55,823
731,outfit.b8c30d318f9d0554,1635699600,39,36
5201,outfit.c1e2e74fb2d84e07bec3185521fbea5b,1625418000,493,999
490,outfit.1b11be15702b4c59ba76f79ed71df7ce,1683824400,227,1410
2273,outfit.6fca7e059a914e899fc6d816ef943972,1658077200,148,959
6550,outfit.5c6bcfee583b4d7aa6fa807279637d59,1583686800,345,179
605,outfit.946ae92e21374e0d8935761e881bb94b,1619542800,379,409
3175,outfit.bb1024860d8f559e,1707325200,123,1085
572,outfit.a40883a05a5d406b985e7ad5451a61b8,1630861200,35,796
3312,outfit.0a2e52320225494eb85a5488ff0dafd7,1636650000,31,1411
1998,outfit.f926e8589d9147c5822d152566769240,1632157200,262,1412
1032,outfit.9cd6c1a82e884a77b55b6113de55fea7,1647882000,218,238
4193,outfit.7ae84d76f8634068b358e5f723942fa0,1680973200,278,1357
4656,outfit.48dec5565f454acf903fe1ce1f41a39e,1683133200,130,1202
3094,outfit.92db973be0926d3f,1603990800,11,637
1706,outfit.86b2fd508097409d,1655485200,288,1413
948,outfit.b2e035a8cce61dcb,1654189200,249,362
675,outfit.93da3bfb33311ddf,1603818000,45,986
3267,outfit.bd9ba0c2ceae44f0a9174af5abe965de,1639933200,43,1414
675,outfit.1e33dfb5c66847f29088ba6717b10f75,1672592400,45,1415
660,outfit.c18d614b53ad40d9ac3f3c48278fa09f,1638118800,498,750
7411,outfit.6e67b1da956c4635b7d67622604d2bbb,1592326800,5,1072
6696,outfit.8cab85b45b23bfec,1629046800,2,1416
3267,outfit.81e52ba208d55e4d,1658854800,43,936
5661,outfit.fc774521956e43c1b7b989272f5dca23,1667840400,386,149
4834,outfit.8632cef7c2524f1ea8f213f5398eb754,1632848400,131,1417
6663,outfit.705792b3c7c2487ea489a85c1be84122,1651338000,476,1418
4667,outfit.d81ef5af6f7b43358348ff1113aeb904,1603213200,429,906
3192,outfit.62d7da11abfd412185d3323c4ea67939,1610902800,52,296
2273,outfit.72b64826af9f427e9b51b108ff3d5ba2,1668704400,148,1071
2276,outfit.be1cd8f914742de6,1633885200,504,1419
2271,outfit.bf00e652d6b83df2,1598893200,259,1420
6604,outfit.2a307327642c41fda6f4f1b9d8a8080a,1603386000,463,242
3094,outfit.29d43c48eee84539b3e1597c9cd55194,1609866000,11,50
2170,outfit.8459e55ea3800598,1606064400,19,489
2273,outfit.ef9f1336091444cfb75dc29538ecbec9,1671296400,148,25
5615,outfit.9617c0965077556e,1701536400,338,577
6977,outfit.aa160ca041de17bb,1668445200,160,419
3312,outfit.9d2ae3e74d7f4d9bbde82be334a3a21b,1599411600,31,1421
3017,outfit.7cc6bd8e645a41d2837976a0d09e3ca9,1638723600,65,0
2273,outfit.da7886916bfb4f4dae18d06d28aca900,1632330000,148,1422
5932,outfit.3b32e75fb8984ec9ad5d8ccb79999327,1647018000,496,1044
2918,outfit.e837786453834dce89358fa547d891c2,1683565200,371,1423
4067,outfit.98eebea274f23dd6,1685120400,523,1424
3267,outfit.c46affd5f8ee4749b1f8e7d4ff47f3ff,1600621200,43,655
2519,outfit.4431d4e34e6a4c0fba43aa50395893f7,1595782800,327,58
2273,outfit.b45f71cef3bf96b3,1639414800,148,233
5490,outfit.0f545b5ba1274c66b2896afdcc48c5d9,1633885200,104,1425
5432,outfit.a1c7ea9aa83e32c8,1591808400,524,357
4696,outfit.8f18f5ec1142ff1f,1665075600,205,1176
1626,outfit.97228689c245bc79,1700067600,28,175
293,outfit.e172da755f4248f4af3241dd47efae12,1572973200,508,1426
2884,outfit.fec66293d37940b79dde2c1acd761fe3,1662570000,473,1427
6372,outfit.e4bb08fb4a5f4f11843632fa2a227421,1598806800,143,561
7411,outfit.2d872cbfe6434c0c9ec15ebfa518a6e7,1674061200,5,1040
5733,outfit.23596174e2b1478385adda8f5f48416f,1659632400,191,567
6879,outfit.b5db150f4740b356,1631638800,188,345
3308,outfit.978ae36482bb4c1bb32f8a6524cfdb76,1669136400,69,601
2812,outfit.74034e464b524fad81e47ac5df3f4aad,1615309200,51,1112
3649,outfit.83e56eb73d8f0127,1603040400,66,1189
3533,outfit.cf2fa10de8ea412186fd6dd1f658e3ff,1591722000,108,135
3291,outfit.0149e9cdd92241a7a8c73a98eb397928,1629910800,279,1175
5379,outfit.071f256faafb419a9d235186bcf44c81,1642352400,102,777
3116,outfit.de1b2d84d80341d2bcc0adcd5ce60af4,1660064400,270,1319
6591,outfit.e608f9225d314a12a390b165d222cc28,1654707600,120,1428
7060,outfit.63bcf26d934447e1aa4d53214cef7d4f,1622653200,346,875
1706,outfit.99cc91aeda7eb778,1671296400,288,735
1374,outfit.db019075c1344988a8148ff887ce6534,1607274000,6,1429
1706,outfit.298d036f8c334821bbdc97c61fcc122d,1635699600,288,1430
6781,outfit.d3970e5f36ce440fb7ad9d7b74cc7f48,1613062800,146,193
4258,outfit.8f4c967492cd42a6a0afec84b3500e93,1652374800,165,758
3749,outfit.68d7e3b9e8be4f07b3b200682d7dc456,1654966800,49,751
1382,outfit.0f545b5ba1274c66b2896afdcc48c5d9,1627232400,20,1425
7247,outfit.a2883b9efb1b4eb889e269c98e09f661,1678294800,460,704
3094,outfit.1ba117ad1dfc4db98e92536c9d6724fe,1627923600,11,311
7244,outfit.f1ed4ff2e21a436997e35b1c918c304b,1596992400,22,1207
4258,outfit.83b1e08b46bf0031,1663002000,165,1027
6706,outfit.801f1b35886e42f6907ec4709420c7e3,1609866000,424,253
3267,outfit.595a88f3986340b9b7ee163cbe32c85d,1597856400,43,690
1585,outfit.bc490bc7db204af498825badd2d59285,1646240400,241,252
6519,outfit.0ed1568a6b6545e4932bee98c84aa544,1626714000,377,53
640,outfit.a647aca5ce17d71e,1670346000,235,599
7247,outfit.34bd3ce2dd644974b9e945a8d91d8bca,1675875600,460,153
2402,outfit.4431d4e34e6a4c0fba43aa50395893f7,1590080400,163,58
6907,outfit.b82c3360fbcd411683eb135b6450e7fd,1633021200,32,923
3094,outfit.b22fef4426ce72f9,1674666000,11,1220
3740,outfit.c71e9a58962a404b9d6c8df867b4b392,1583946000,231,873
1412,outfit.8ad1c89174094a26bd4cbcfdcad4aecc,1625590800,73,213
1840,outfit.f45e25a44bdd429991e9186db7fa64e5,1630861200,141,967
7026,outfit.56e3cc906a444a569d6b057189a361bf,1610902800,308,1128
1684,outfit.8022397c5e3d4ab4bc8e421da9236d29,1668877200,224,1431
920,outfit.65489efb22d947a8865099ddde5b790d,1602176400,525,1432
3572,outfit.f4a5306ea45d4ab9b40340f016bab653,1599411600,340,657
948,outfit.8f18f5ec1142ff1f,1641488400,249,1176
5695,outfit.35e53b748ea043f79cd9a2caca3a995b,1617642000,44,512
4769,outfit.875635fa72e9a84a,1605805200,85,412
4834,outfit.c5ded4868d344a5bbf49e5c1a3c136f8,1643562000,131,1433
5160,outfit.9c2285b935d84f3b85e9678007eac190,1633539600,441,1434
1792,outfit.40b60bd4c9e44c8d9375ef879e7d5f1a,1619715600,199,1435
3533,outfit.ced7a70fdb8c4168ad6b7264244de2e0,1605200400,108,1270
3094,outfit.a9f2bcb6885fe60a,1655139600,11,384
5929,outfit.28b064407198448db7149be19f0161f4,1642093200,9,280
5531,outfit.7abb8ad021294be3863e5ea746538347,1627578000,105,1054
5379,outfit.f6eec8c3af9e43228f79ed7b49dd4633,1671123600,102,1084
5615,outfit.d39ea6485a024bb2a6529ce15d2739d7,1712077200,338,1190
3846,outfit.cea86926af844ee3b8855186595be918,1625418000,118,1436
3147,outfit.9e3bea6a01d94e03a43bfefac24422e4,1623171600,161,1089
804,outfit.f233488767cf4bdf93f717f7d42c0cbf,1630256400,383,861
454,outfit.9d9aa8d609db476783be7553a9bb706f,1701536400,96,80
6310,outfit.84f134b06fbed5a0,1659805200,16,960
3192,outfit.e17a0df1f70743e590827d7df93bb7f4,1605459600,52,119
680,outfit.654e48473404490fbb74d6a48db9ce9b,1652288400,510,223
1684,outfit.f376dd31f0194adead88365684ce1e14,1684515600,224,1437
4725,outfit.1f0ae1de64a54ab8ade3151460b27eb6,1701104400,83,762
675,outfit.908c317a79634a2f9f14d86283135c0b,1659373200,45,45
3094,outfit.be3e7c4ec5718d36,1650819600,11,97
4638,outfit.d4a659e844e64b399669fe54284c3595,1609866000,46,328
4899,outfit.55e47b50f0dc4852a5784fffafa63488,1605459600,302,521
454,outfit.7f0e983a1e8f464a8761e005e931fc48,1701536400,96,1438
414,outfit.bb9941f03f84490bb44a844ee73753ad,1690045200,373,1439
4608,outfit.235240be067b4381b6441e39d0023721,1625590800,48,1440
6591,outfit.fbc31b2005504087aa980bf59e078b7e,1652029200,120,1249
2383,outfit.8f34384795bfc03e,1659718800,297,728
1412,outfit.b2924603fbe14557b4e7175a3bbe4d5e,1622998800,73,712
3147,outfit.e12b4be9f07a4da0937a29f9efe16965,1654534800,161,1441
4853,outfit.89954cb83fe420c2,1654621200,175,329
1586,outfit.a8c3007784dfc486,1694797200,23,1442
2271,outfit.af0ed14f93f042fa8c43dc0ff2da97e6,1610989200,259,864
675,outfit.a6b9c3792d6a4ad4,1599411600,45,93
3572,outfit.2a4decf449b64584804dad1d704f4ef1,1602003600,340,914
746,outfit.dcf9da47ee4e4bd994d4faa2aaadb321,1571936400,209,696
215,outfit.eb2d7f4e04d648ab98ccc7a46934c459,1630429200,80,1345
5844,outfit.a66ab9f04f63457fb8f729349bff7c8e,1573491600,40,1285
1193,outfit.a2ecd990912ca6bd,1624294800,214,568
1382,outfit.aca18f7f7df3a642,1619370000,20,1443
606,outfit.c7b2894a9f3c4c568f982ca6c89ea6d8,1703523600,178,88
3192,outfit.df1d0f1d24dc4629b4769b6a3dc89b43,1605459600,52,838
2085,outfit.8ed02140f93ffa8c,1664125200,172,1444
996,outfit.ca56ec7bf3fa49ed9f8a1a3dbba4b31c,1689354000,309,1445
5695,outfit.43d5741ca13a453bb378172945b47fc8,1601485200,44,862
1589,outfit.a7b55780d1764599a3ee339fff38d002,1697648400,244,1157
2812,outfit.c71e9a58962a404b9d6c8df867b4b392,1692550800,51,873
4696,outfit.5c6bcfee583b4d7aa6fa807279637d59,1659805200,205,179
4638,outfit.816fb1b6edef8b59,1601485200,46,336
6526,outfit.4431d4e34e6a4c0fba43aa50395893f7,1678294800,62,58
3924,outfit.993dfa12c54fc46f,1679936400,204,1183
1526,outfit.7d9ffbf078f34b06af2f4a2765005db6,1635699600,142,1446
6011,outfit.e837786453834dce89358fa547d891c2,1648746000,114,1423
454,outfit.7d273c5424a34a9cb3217beeed7070d4,1643648400,96,426
6038,outfit.b82c3360fbcd411683eb135b6450e7fd,1627837200,465,923
416,outfit.fbb003446d3c40a3879b475502a7e104,1617642000,33,177
5760,outfit.82ca4f1985ca4966ac81db79cc5a5bc1,1659632400,59,849
5680,outfit.91fb3dd15c894aae8d2718882dfb927a,1640538000,21,1447
6364,outfit.48f1cbb3e03247b7bd894690722f655c,1629046800,518,855
2812,outfit.c71e9a58962a404b9d6c8df867b4b392,1682010000,51,873
313,outfit.6b8d0d5720af4e33af8dff7afe7b0ed3,1675702800,391,636
606,outfit.e169ea04d96140928a856fbab4821a60,1690304400,178,1007
5309,outfit.b8edf89f3a5949949ae1188cd3283d6f,1666198800,526,847
6940,outfit.8a91fcc1f1f612e6,1683478800,230,1448
5778,outfit.deb2675432704b1e8048f6f90c102a00,1660755600,169,806
2762,outfit.ed9017ac844a486fac95996bcc5b4b84,1617555600,252,937
4463,outfit.e17a0df1f70743e590827d7df93bb7f4,1697907600,36,119
6519,outfit.234ce093695f4773aba7287620cee9ca,1618246800,377,56
1773,outfit.b1adfc4204c602e5,1704474000,365,170
2168,outfit.8a1cf5ac88bb4b80930feda22d5dcc49,1658941200,447,1449
5130,outfit.cb29aca3f7be4551b07a9d1b02957e02,1665162000,268,95
4564,outfit.af3a0f7fe64e49fc81c4d13f6ac481ec,1639674000,167,1450
3147,outfit.d7e3f493b73c45c785ac6887d20f4069,1651856400,161,1451
6310,outfit.1b4027c5a27d4ac293ccb2377c38d408,1659805200,16,514
4640,outfit.03d688ca88f84e89aeb31592d6394247,1619974800,245,1307
3028,outfit.78392fa87e224d719c89da109d9e263f,1642352400,176,931
6318,outfit.2684b038d1e64fa1814b56b51b834047,1610470800,26,935
6781,outfit.993dfa12c54fc46f,1641747600,146,1183
2492,outfit.992bf5adcd39d953,1697994000,138,954
55,outfit.56dec64c8c834afaace780273bbde124,1654448400,117,667
6212,outfit.305bde2827b34ff192d1271ddb0e50bb,1655485200,434,939
4810,outfit.756079160a3e402d87df01062ec3b941,1664211600,228,354
1232,outfit.e3bf7fedde71456db683e017a65e9814,1701277200,166,1452
660,outfit.8f4c967492cd42a6a0afec84b3500e93,1638118800,498,758
3749,outfit.70bfcd7059a248ba9b8337bad5ce56fa,1647018000,49,18
4240,outfit.8d6bd94d09354d22a77928a01bac9d25,1637168400,70,1075
4877,outfit.c0dd5faf2a294aa09fd7a39dc7a313bd,1594746000,257,912
1481,outfit.1506b275d9894b3da75f83343e25a122,1632070800,115,1122
3094,outfit.8ed6ba09f55049c59f9462e07cc30bb8,1609866000,11,1453
6212,outfit.69000b1e14de4f0fa3ab832be40c6f04,1645117200,434,1269
3094,outfit.e0f170b8b51f4ae4a7e00047b9ea8d79,1597942800,11,831
293,outfit.83e56eb73d8f0127,1571158800,508,1189
2833,outfit.2a4ac5ffa2a44630a5295e135713963f,1625418000,54,714
3227,outfit.6f809ac4449f4502a6eee8832eabcb60,1644944400,223,843
1032,outfit.e9a6c652ea8d42dc8752d70dce0c57c6,1638896400,218,1454
3740,outfit.7cc254ca61fd49189825e315d9507a3d,1606842000,231,783
3041,outfit.4688b412bce3457a9c1727fd38ab4a06,1651770000,76,220
4769,outfit.b4e582b38a10f6bf,1603040400,85,772
1700,outfit.82d7dcf690da4fc09bcf658816bccd3c,1713632400,355,1121
675,outfit.095de7562bbf447f8dc83ec1a0e8edb4,1624554000,45,1455
1706,outfit.7c8c2504d76d42f4a96766337d3dac03,1627837200,288,1366
7411,outfit.8fbf386b8fef8664,1658163600,5,1286
2276,outfit.e4da524a49fe4b5ea3eb8983e8dff52a,1633626000,504,1065
6526,outfit.9f16b609a91c48e3,1707411600,62,109
2217,outfit.56e3cc906a444a569d6b057189a361bf,1604422800,323,1128
1626,outfit.93d7a4479c7f446b80995278ada5874b,1643302800,28,1047
3749,outfit.49c64ac752d4452886a0f505007df0fd,1647018000,49,1292
6696,outfit.26a6d5aa3fea4de08cb8723770250042,1631725200,2,1456
1840,outfit.80d81410fa5f0ae4,1638723600,141,678
6907,outfit.92f2e542b76f7d6d,1709658000,32,990
6817,outfit.2fb54603691a49b498bb904a3b6bb28e,1655917200,514,1457
1553,outfit.af4a7934c1e143efa7ff6dae227cc416,1636909200,408,910
7371,outfit.ab1e952330087c99,1592326800,18,989
454,outfit.a50024ea71e6453c9c09d6d65d21a5ea,1719939600,96,852
490,outfit.09f131a3a13141da9b70638289d27de3,1573146000,227,1458
2884,outfit.cdf556b326334303a52f2df9eb42dd3a,1665162000,473,1459
470,outfit.9bb1d6f57be44f24,1611075600,234,1460
1522,outfit.66da7242210f4c3fa7a47285efe37504,1595955600,121,709
6177,outfit.4f88de908942498980138fc606c745fb,1683392400,250,302
4906,outfit.9a6b734068749450,1599757200,4,1461
3458,outfit.7bf81ddabaf04521afae88cc4b70ef8f,1644426000,475,784
6907,outfit.1b0e05e23cc047439c31fc35d0c34b55,1625072400,32,961
1585,outfit.f66d734ea0fa4854b73f96714fd19ecf,1635440400,241,1462
1447,outfit.ae3c94e801eb4aebb7c3714ec981521c,1654102800,174,37
2402,outfit.9a52065e9e7b4814bb5707173819674f,1592758800,163,1463
5695,outfit.35e53b748ea043f79cd9a2caca3a995b,1649178000,44,512
675,outfit.d0faaa3486494e7d8ee3298104bc8adb,1690909200,45,1191
3649,outfit.9c101c6da5bfc6e1,1608138000,66,228
846,outfit.af7384d7b857af65,1603904400,152,1464
5800,outfit.6d042743afa04727815f717cce0b2ac0,1685811600,446,686
2271,outfit.060cbfa6f9024404bd6a4ed96b7bd41b,1602608400,259,818
6734,outfit.be1cd8f914742de6,1646586000,202,1419
2675,outfit.ede0d0fd9315467c868825bcb20d2fe6,1665421200,319,330
7411,outfit.f398680c9638415dbe02347d447dd922,1606669200,5,26
1138,outfit.a44036e74abd5cb1,1668618000,368,1465
416,outfit.9e50c4cb7e564151b3494f501b7d893d,1596387600,33,1167
4464,outfit.a388427605b34a2ab0e19304e54facc6,1652893200,55,1306
1522,outfit.49e0781692bf413fb78ecfe466524e36,1600621200,121,1011
2492,outfit.8f4c967492cd42a6a0afec84b3500e93,1684774800,138,758
4608,outfit.1a05e7ef43cb440c93d0ef93fd430a32,1655139600,48,971
3320,outfit.e0f170b8b51f4ae4a7e00047b9ea8d79,1665248400,68,831
4463,outfit.be1e83bfcede6836,1646499600,36,916
731,outfit.c5a8b5900a2744589424bd5f8494497b,1612371600,39,259
767,outfit.40a0759f9fee458ea303ea8d1ef61a74,1598202000,449,1178
4608,outfit.53cd37dc1d6345ce89fa68e62e936c58,1655139600,48,1466
5760,outfit.57d3d071648f425f900f33b203e013c8,1649091600,59,1281
3572,outfit.374273ffb79943b7be144ceb14529592,1607274000,340,803
5224,outfit.b1adfc4204c602e5,1677603600,17,170
1390,outfit.32b52e42d8e844199bf05c4739bedf16,1638291600,77,683
3814,outfit.e89fab0bbc574d6c89242ff808d537e6,1599584400,499,891
2085,outfit.8afbb76916e14187b0bc9aaabbc2bd24,1664125200,172,592
1749,outfit.ba44c51358c85e35,1710003600,207,1467
6591,outfit.67c7e051a163432eadc34be683ea3d44,1678294800,120,562
4564,outfit.eeee122cf40b4035b6ee0e26b194c531,1637254800,167,757
269,outfit.268878c3e3e24d98bbc6e9770e2eb44c,1614531600,452,1170
6103,outfit.92f2e542b76f7d6d,1709830800,57,990
4769,outfit.688665113d8c4d13bae1db16e822454c,1602176400,85,782
55,outfit.da552355bfd04649a987a3881b99d09c,1630429200,117,178
1336,outfit.fa20f4d239044e7a922e27c5b5fd9f4f,1708534800,210,797
6081,outfit.97ec221c84bcfbe3,1604595600,92,554
6011,outfit.63fc53c3d8784dd39553a33d54ff4921,1646067600,114,673
2383,outfit.4c41406859e04bc7b29036c62ea1b7df,1639069200,297,453
902,outfit.53cd37dc1d6345ce89fa68e62e936c58,1695315600,304,1466
3608,outfit.99449d4e1681465fa507c7e091ada568,1598893200,247,1468
1368,outfit.f1ed4ff2e21a436997e35b1c918c304b,1631552400,527,1207
6284,outfit.3156bec4c44640bea10e7356936109ff,1628182800,97,1469
675,outfit.4688b412bce3457a9c1727fd38ab4a06,1609866000,45,220
2703,outfit.cd58f268e9e54fc08e5656e6f095975e,1684170000,236,1231
7114,outfit.ede0d0fd9315467c868825bcb20d2fe6,1665766800,41,330
3094,outfit.ad412f59706c86b8,1598547600,11,695
3432,outfit.98c77b103c834bec95a332ea8b683db1,1659027600,153,719
4819,outfit.682cad04f9644aa692e0326d850b670d,1647018000,159,1470
1923,outfit.260d02e82bbd415bbe1e18918e98e0b6,1703523600,528,1030
3749,outfit.2766e5ad48a2427a898f60aaacf85622,1616518800,49,459
1585,outfit.ea4cdef4b083408eb9410d077f9c929b,1633021200,241,1471
1982,outfit.0a28be020a644e7d9ef9858b3adc29c4,1638982800,433,1472
5432,outfit.9d2ae3e74d7f4d9bbde82be334a3a21b,1591808400,524,1421
2273,outfit.b8edf89f3a5949949ae1188cd3283d6f,1633366800,148,847
5695,outfit.4e834d5f015d474e8fd547e080f750f8,1598202000,44,1473
6380,outfit.90913fe41f7b45abb3ec29e857df6352,1700067600,196,1474
4464,outfit.379ed2da3cb6428c9c9402855dfd61f8,1681837200,55,1086
932,outfit.dcedf030b9134a08a8d3df3f4fdb07ea,1659200400,426,1475
2617,outfit.0a5a3a2e1ff34f1792e1f2dad95cbc2b,1637514000,50,1234
5490,outfit.36654cc2920c42b7a8c294cf349544fe,1669741200,104,1476
490,outfit.7395b78d10084aebb906f8f83bfd89cc,1647018000,227,3
7411,outfit.25847fedcdc640569e0b07e0b38fef30,1652893200,5,788
490,outfit.95075e1ddb3d49a9a3fc51653c1e0421,1590512400,227,846
6011,outfit.c05f7a4778004af4b50ca321d248f1e9,1682874000,114,779
2383,outfit.e3beae7266754b369fb289ece8c757ba,1659718800,297,87
4817,outfit.a5d5bfee852848c18596d844a3a9025e,1601658000,203,374
4218,outfit.292fc161ab8a48d59af997f56cce1cb4,1618419600,170,1012
6380,outfit.aeab8a7eca6601f1,1631811600,196,1477
3624,outfit.ce53377b121b4648abc0a3c97e58bff1,1658941200,151,1478
4779,outfit.8c8215f7c0a7445b9b09d3da37b462c6,1619715600,502,1479
6447,outfit.9aadfc9a1d195c33,1642093200,243,1013
6879,outfit.e5503fe6f5f243fc90c526bcdb75c942,1628442000,188,128
3227,outfit.9b0a47dc97c7ecc8,1647363600,223,376
3533,outfit.be670e741ed74f9597a28f8bb3e5e537,1594573200,108,1301
2329,outfit.d21f3628771b4dcebc478c94a456d999,1650560400,212,946
5778,outfit.fabaa18896e64e6ba835286d7f1d44e3,1676653200,169,303
4638,outfit.d19ff6b2b8cd4521b1419e4e80cf3ac6,1704992400,46,1480
1193,outfit.d6789556754c4ce084d2fc7c354ae23d,1628182800,214,1481
1277,outfit.a2820311cb51576b,1664557200,423,1482
2573,outfit.7cc254ca61fd49189825e315d9507a3d,1633626000,201,783
454,outfit.30d1aee07a924c969deb23980fe0949b,1651510800,96,1382
446,outfit.af4c1536e8d62d77,1571936400,0,1483
2508,outfit.3230795e6aed435ab96c8fcf5e56fd08,1637600400,387,1221
5344,outfit.3aba9737d2f445478a8ce23b2fc22da8,1646067600,397,926
6303,outfit.c38212ead8334e87ad9103b67932eaf5,1656608400,283,1302
2170,outfit.853ff9245b124c84bb0973a6065e64de,1682442000,19,20
2833,outfit.cd734667a90745b3a826957b1dc343ac,1622739600,54,1484
4218,outfit.d1404a07cbda4bf68dd8d57cb0e32207,1626282000,170,319
2833,outfit.53c1b23f677a4816a518a2624c18e8b3,1656349200,54,1485
5736,outfit.1ff1200dca844ecd8ac042bd3363b7c5,1681664400,139,1141
1773,outfit.96fdc91671d44285,1693933200,365,1203
4638,outfit.39e26260f13d466b946601bafd691d36,1630429200,46,389
3094,outfit.81e7d3487b0e4c3b80aa064790d9992a,1606410000,11,1059
5694,outfit.9b0a47dc97c7ecc8,1645981200,216,376
1735,outfit.9e90ada207a84d58941638aa284a4827,1650128400,42,1058
490,outfit.31edccd419de4fc5ae6aeb7eed4327ab,1597338000,227,765
1248,outfit.64910701f4974360acc6851b2b0fd7cf,1628701200,221,483
2500,outfit.d60c7801271e488d88f0f13a0b28e6b6,1692637200,150,1486
4696,outfit.77441845458641bcb87eb64f10b76c12,1662483600,205,74
6734,outfit.d91c416ae1584028ba0c20f1329bbb97,1638464400,202,286
691,outfit.bd37bc0ed1857fb5,1597597200,339,217
4193,outfit.94f96de6e74f4a51b85f15018f9ad0fa,1631638800,278,155
6907,outfit.2ab1a79e73cd419fb4479cea44e12c84,1612112400,32,578
2448,outfit.2fe31ac153bc422c945294c342de95a2,1647795600,258,106
3192,outfit.30c41f57e4a1445ca8256fd6ccbc8356,1605459600,52,700
6585,outfit.a743bd93e1a86501,1605718800,529,1487
3727,outfit.944185e8eec8066a,1660410000,187,805
3459,outfit.be167b5f608a44b9851b13123a4d705c,1604250000,289,1488
6885,outfit.a50024ea71e6453c9c09d6d65d21a5ea,1692291600,88,852
1390,outfit.adeaa758e4b292c5,1653498000,77,1287
3459,outfit.6753fee0b6894243869c63032302de22,1598893200,289,1291
3227,outfit.8b14ea3bf7bc40ee,1644944400,223,1177
3103,outfit.2d4ed8658aa045b29663902f1e0ce84a,1609866000,79,84
1382,outfit.d263cb821a244b41b4c47ac08fa10596,1619370000,20,1489
996,outfit.9e3bea6a01d94e03a43bfefac24422e4,1645722000,309,1089
267,outfit.9d2ae3e74d7f4d9bbde82be334a3a21b,1643907600,385,1421
4137,outfit.6753fee0b6894243869c63032302de22,1642438800,399,1291
4452,outfit.252b5f88ee66462e9aef2ea071969700,1597165200,306,969
3518,outfit.3ef1542d099048efa539e8c67a385732,1705251600,411,630
2040,outfit.d948ea24ce8a484db5bd640400d50cce,1594573200,24,1490
675,outfit.c560abcbbf2b40edbacbd51dfa99bf58,1630256400,45,1491
5303,outfit.37af7c19c13949819ca971b380a9f97c,1713286800,194,132
5754,outfit.ce53377b121b4648abc0a3c97e58bff1,1596387600,225,1478
3227,outfit.9b0a47dc97c7ecc8,1708880400,223,376
2649,outfit.b701b51a404a44418a375258167ad442,1701450000,14,1346
3846,outfit.3260a6894aef41329983b153a3c022ed,1604422800,118,161
5130,outfit.250a41fd89bf4548bb8c5db06f1cfbf1,1662570000,268,966
4834,outfit.030be8f1ab0549db86e542e2ad08a5b2,1651165200,131,955
1878,outfit.8a458a93e4cd4214a520074f16d5b9fa,1646931600,3,19
2762,outfit.915272dd8393bc1d,1638810000,252,1045
3267,outfit.80333429732852d4,1613926800,43,890
7167,outfit.5112f70e9eeb4eeaa914446e421cdfb3,1596992400,451,1492
4725,outfit.3c0e2b952c024f85b23f3db26403df81,1679936400,83,1329
5531,outfit.98aa99e47dee4f019d8b2620a9745f98,1617296400,105,1388
4817,outfit.88e9a4b11d284db686be6be18502f641,1602435600,203,1493
4853,outfit.594f2f8f9a604c168f60b00506f0cfb6,1630429200,175,1494
3123,outfit.4ca0964f8f604f42b71268c44e41db7d,1658077200,232,1495
6907,outfit.24c32dd0323c4873949167fe0d1db421,1688576400,32,1496
2205,outfit.9cfd3798e4b27f4c,1682874000,132,1313
2148,outfit.33775c3acbcf408aadc5a2436d0750ec,1682010000,311,909
7167,outfit.03f24a5a208f481eab99f81ff4742928,1602435600,451,1497
3320,outfit.9b8cb306a9fd4315bbda3cd2b056e36a,1699462800,68,677
6429,outfit.9341a89b191cd49f,1668531600,128,919
6026,outfit.a1c7ea9aa83e32c8,1634230800,398,357
2022,outfit.4be27307ae1c4611ad56aca101c8a6b4,1684688400,149,1009
1933,outfit.13341577ef954838a87bf016b1501ebb,1691773200,530,1334
4452,outfit.f1a50d26ea6e4b81bc647433e60958db,1604854800,306,1498
5778,outfit.d3ca7df0bdfc41fa91877417e2eb8315,1650214800,169,1499
3749,outfit.2ea36f84cb12427686eed685f97f2a8f,1657558800,49,749
4276,outfit.ee35f79e0dc64dc6b321dcccc476d68e,1669741200,494,1500
6786,outfit.8273c17c394043b8affdf5c04ee019ed,1651683600,219,983
6295,outfit.0f545b5ba1274c66b2896afdcc48c5d9,1654016400,273,1425
414,outfit.6c68130ccc5b41a79388037d5bd3004f,1711126800,373,684
1684,outfit.af7384d7b857af65,1650387600,224,1464
2329,outfit.138c6d460dc14dd4a223e9f2a484ad6d,1650560400,212,816
4218,outfit.dea118f1de544188ad16cda6259ba122,1690304400,170,1256
3896,outfit.713570ccf2364240b906d668908737ff,1680282000,192,1501
825,outfit.a388427605b34a2ab0e19304e54facc6,1614531600,113,1306
5694,outfit.a38554cc5999458397c5f190f0f3c38d,1632070800,216,99
5224,outfit.df81c6ba86ef4c3c8fd2976934eb4078,1677603600,17,435
1522,outfit.2701e5369cbe4015a19e9074113cb899,1600621200,121,1502
5144,outfit.682446def1c34a79890b62c1397c7afb,1620579600,217,996
7041,outfit.2fe31ac153bc422c945294c342de95a2,1641488400,116,106
3291,outfit.b4e7c58304d74b64b8b2ddf13ba93c6d,1711558800,279,1051
6046,outfit.9685cc11be684ed39ab8edac1e9a822b,1659718800,395,1503
2649,outfit.b5812826d5eb41f39aa282e64b91ebb6,1709312400,14,1068
7089,outfit.9ff74f4f2a2f4454a7a629777cff27a6,1630602000,182,1504
4640,outfit.5b607271e3ee467bb4188f977c0336b8,1625418000,245,429
6955,outfit.17996f09f2a84c078a7b0bd718bcddd6,1624208400,30,756
1374,outfit.b5f45ee9fdaaa13e,1631120400,6,1130
5318,outfit.8cab85b45b23bfec,1668618000,84,1416
1248,outfit.0ed1568a6b6545e4932bee98c84aa544,1631466000,221,53
2775,outfit.14e59903e2184edb963cf2e3f1b55e0c,1669395600,127,1505
416,outfit.2121de17fb604c6ea87a3f9b6d0030db,1630861200,33,323
3147,outfit.b49e6f1cc73f48f9a6329311214ee57f,1625072400,161,457
2649,outfit.645253cbcd81420fac17364b8f66426a,1719853200,14,1506
5852,outfit.9387d05b47f906c5,1626109200,134,1227
606,outfit.bfdc262fa6ea40458a3ff1a4353e71f9,1687712400,178,743
675,outfit.6ef37d8d2ee744229ed6350d8a94f308,1635354000,45,652
2833,outfit.326753f766be46ea82c771b041c4dd32,1639328400,54,174
3267,outfit.e2ac14f5ba454e0eaf3e7c0f926c65ee,1597856400,43,346
3267,outfit.b49e6f1cc73f48f9a6329311214ee57f,1595178000,43,457
2799,outfit.3b49ff8bbdf2444a83abcdc0fbb45f01,1695747600,183,1507
6011,outfit.3b8ec1aa02f64daebc17177ba35efcd2,1688144400,114,681
6284,outfit.05b4c9d840a24bbe8656bc4bb3bce484,1600275600,97,1508
2205,outfit.8a1cf5ac88bb4b80930feda22d5dcc49,1685552400,132,1449
454,outfit.4c4d89bf0fcb4b32a9015ce1a7bade19,1714669200,96,1083
4651,outfit.60dced53fd414aec99d569404f19c4ee,1633280400,495,195
2170,outfit.6dea8453a7dd4701830624eeea14bf9b,1616346000,19,30
4501,outfit.d071fd1e083f4a08966866c856a0c5e8,1667667600,381,532
3320,outfit.ab5f8f08a7379c5f,1665248400,68,1509
3432,outfit.5330ecb4f53c4f7a865f99a6fdd37773,1640710800,153,884
4452,outfit.7bf81ddabaf04521afae88cc4b70ef8f,1604854800,306,784
2762,outfit.5241f5b777a147bbb786de5bd171be85,1613581200,252,272
1505,outfit.a7b955473f2248a8a818455cb08c9e79,1649782800,442,285
6402,outfit.8cab85b45b23bfec,1663606800,335,1416
6955,outfit.2766e5ad48a2427a898f60aaacf85622,1629392400,30,459
996,outfit.47ffcece5f244f9a9cf888f7f6d16e29,1628614800,309,627
7244,outfit.f23993293d944d1b9bf173ca5be1a409,1677344400,22,197
6787,outfit.c9ba76ae33c44aa5a06b23a4e4229fb1,1630429200,516,1510
1894,outfit.e9f82d690d5a452ca833a578fd0f0dd0,1605459600,181,1511
3896,outfit.80820b9138cd4205885caaa0a65dd6a4,1677603600,192,402
1336,outfit.98d6cf4fef49ec24,1703178000,210,373
6733,outfit.97ec221c84bcfbe3,1678035600,435,554
1382,outfit.e839f20d4c8a4086bd22a8b7bb71271d,1620925200,20,1512
675,outfit.207232e414dd46e5b7352becfd9e53e5,1601830800,45,168
4810,outfit.819bf34ba04d4748b9232e1df3bf9c8e,1658854800,228,715
2649,outfit.b5812826d5eb41f39aa282e64b91ebb6,1704128400,14,1068
5118,outfit.da7886916bfb4f4dae18d06d28aca900,1597597200,158,1422
785,outfit.23dc66edd5004b3ea86fd2fb1ac9cb1f,1597597200,351,1513
1348,outfit.0eefec8c0c33471d81035d9a79d1d455,1656090000,324,1166
746,outfit.c7be4c2774424a498f63ebe6ea4b5933,1571245200,209,485
5169,outfit.44c8e590e1df4f6ab23cf81b9ed39374,1659200400,389,196
6988,outfit.b5812826d5eb41f39aa282e64b91ebb6,1681837200,81,1068
2766,outfit.d9c02686a2094291837d95d09384481b,1696179600,380,1514
5972,outfit.43d27be4c064485697d6e4496f66576c,1613322000,531,1515
2869,outfit.e5f491fc4e7e44709b03e381648231be,1685984400,256,1073
3308,outfit.b232dfc2ba4bd49f,1645549200,69,1052
4336,outfit.155567585a3c417fa6043924c2867d0e,1659114000,119,866
1382,outfit.7f0e983a1e8f464a8761e005e931fc48,1699981200,20,1438
2831,outfit.a0d1107baf5919d5,1650992400,186,1240
5734,outfit.fcd37df89e7341dfb75d074f0d092396,1633626000,353,1516
4638,outfit.ef37915fe2f546378750595366833b79,1643648400,46,455
3259,outfit.e3f24e663eb84a2b9b20cde76be3b04e,1636477200,303,317
5490,outfit.b768912b0eaf45f19918f8ef07d1bd1b,1661792400,104,1517
1248,outfit.07dcb037d0ed4eea9bf29230e6f2abec,1623258000,221,1160
3521,outfit.28b064407198448db7149be19f0161f4,1654362000,58,280
2040,outfit.3e47b084ad704fb5b25b38809fae38a7,1620752400,24,148
86,outfit.cafdca5ad56a4f6ea824cc20fab5b5ae,1632157200,164,723
1770,outfit.bd2ab280ed364f26,1657990800,293,1518
3608,outfit.2ead65a1ecf54c38a27bebc2bf47b9b1,1604250000,247,246
5236,outfit.bf00e652d6b83df2,1659546000,310,1420
1809,outfit.97f20b8380c34615a30aed080071aa96,1681923600,211,870
902,outfit.181629c720b548f4a77a22851f1fbbce,1671642000,304,117
5844,outfit.9347386eb2dada73,1574182800,40,1519
2617,outfit.32bbe20e948d4839b63aa0f4b540b466,1603386000,50,523
5224,outfit.70b441e6ee444f86a12921f85e5c2002,1661965200,17,297
6318,outfit.4448e1b8445d4f75803151b3794492b6,1597856400,26,1520
4463,outfit.f102748bf7fe46a2a9a3eb170410b6bb,1697907600,36,998
5379,outfit.fbc8b0687de1468c9a8517d5568431d9,1629824400,102,1521
1840,outfit.806a7fef96ec97e0,1653843600,141,856
1526,outfit.7b3050921c08481b93e761760834c5f7,1638464400,142,1522
6585,outfit.89dbcc1289ee49c18bcb93fc69a52c02,1610989200,529,964
2383,outfit.d04fbe1240ef405c867fb813b5aa8779,1638205200,297,944
5615,outfit.3037fa72ade7482e8c13863bc447c11c,1714669200,338,460
2920,outfit.8e3a6e9e196cfbc0,1628182800,47,142
2168,outfit.8a91fcc1f1f612e6,1658941200,447,1448
3028,outfit.ceb25ee97e894d46869ca3eb799d48e0,1645030800,176,563
3259,outfit.ccb9ff4f288f418d883547a0c1341f1c,1606669200,303,1523
2573,outfit.a1bd30435ab14461af069cf262f1e1eb,1641142800,201,786
4769,outfit.866385e680f6475e8b2899e2bc30a1fe,1600794000,85,857
4746,outfit.f32718341e9443d8a36121a8913ff304,1662397200,94,283
3259,outfit.a73edcbba7424dd8aa3643bf4b7587ba,1606669200,303,1524
1008,outfit.cb5a982c42784a9a834b5f15a47749b8,1698685200,100,687
2762,outfit.b1adfc4204c602e5,1649350800,252,170
1282,outfit.b04f116bc3224f22a8f17d62934fe2cd,1692637200,344,331
2217,outfit.9c2285b935d84f3b85e9678007eac190,1604422800,323,1434
3051,outfit.7cc6bd8e645a41d2837976a0d09e3ca9,1592326800,396,0
4810,outfit.b22fef4426ce72f9,1682528400,228,1220
606,outfit.391478ac84d249b49a87a9d829590887,1656176400,178,1326
2762,outfit.32bbe20e948d4839b63aa0f4b540b466,1649437200,252,523
6981,outfit.db025960e5494378bd81a48377b0a1bc,1596387600,532,437
5694,outfit.37dfcefd9016441b96537a6b3de58e29,1627837200,216,370
2040,outfit.dce1b27e6e5944c08b7253d1ebae5a60,1623603600,24,1525
6818,outfit.b70defa54d04468fa8318bbece5d3933,1596474000,402,1526
4884,outfit.abe970f711444589b6ce9e81bf35615d,1668099600,443,126
55,outfit.ae647cff261c11fe,1651770000,117,1527
3291,outfit.44c8e590e1df4f6ab23cf81b9ed39374,1608483600,279,196
1998,outfit.a294399ed5bfba8f,1629133200,262,1103
6965,outfit.f5cdd470173a4cbb913353aac985eebe,1655226000,125,282
6601,outfit.13341577ef954838a87bf016b1501ebb,1712250000,78,1334
1390,outfit.9a0283b3b9e34e39a0038cb7b7044c75,1650906000,77,560
4218,outfit.337cc518c38b4bc18d879987d91b073c,1648227600,170,1528
5778,outfit.9341a89b191cd49f,1663434000,169,919
3103,outfit.98a0bb3110de7f3e,1619974800,79,147
4906,outfit.756c7b6b56d64e75a760eefb71b200ce,1596992400,4,1529
7026,outfit.fbc8b0687de1468c9a8517d5568431d9,1608051600,308,1521
4067,outfit.5f638bee24e542c2ad2eaef2f5227087,1664211600,523,1530
3267,outfit.fd816aa2311d45c78fd0ab2d663a177a,1626800400,43,342
1585,outfit.980eb1c72e1e71f6,1666630800,241,697
4218,outfit.0533ed8c59ce4cf29172f502a3a93a91,1661446800,170,1280
1505,outfit.b068cf45c37e4aeaa1cff939a86e759f,1655053200,442,669
3017,outfit.654e48473404490fbb74d6a48db9ce9b,1631552400,65,223
3312,outfit.819fe443b574445a979f4f0571a65677,1634230800,31,381
5531,outfit.de582935a0ae42e28c735362403e5ca4,1662483600,105,1531
4640,outfit.a4699b3b33b4d99c,1622653200,245,366
3103,outfit.1f534d95ccf6415a8af3b5799dd959e7,1606842000,79,620
5760,outfit.8273c17c394043b8affdf5c04ee019ed,1651683600,59,983
69,outfit.8a458a93e4cd4214a520074f16d5b9fa,1636304400,315,19
2766,outfit.a8c3007784dfc486,1701450000,380,1442
7026,outfit.9a32f8a3fb1d4a8b8089a102068ef9bc,1610902800,308,1532
6295,outfit.a2ecd990912ca6bd,1650819600,273,568
2649,outfit.94fee721c94da3bd,1709312400,14,1318
4638,outfit.c52099f0269e4b6ebd66b79d3cca1d01,1665507600,46,654
6604,outfit.388d5e71d8ca46a59067b8f07c7a0760,1598202000,463,1378
1706,outfit.16f24c4eb69a48f1a34117fc6c0a691f,1649610000,288,1277
4858,outfit.ccf6f723db264c30b9e45b89203c4a28,1603213200,394,992
4819,outfit.2d4ed8658aa045b29663902f1e0ce84a,1633971600,159,84
5695,outfit.b227d2e4685f4a56a13c4e43023021ec,1657040400,44,1533
462,outfit.961a17ab05934b81a815e365bfe692d4,1619370000,501,110
1896,outfit.5c6bcfee583b4d7aa6fa807279637d59,1605546000,90,179
2290,outfit.987e9a7da88098db,1645894800,422,1534
2759,outfit.f853a75ce5624944895a17b2f615d138,1638464400,101,1535
3051,outfit.c5a8b5900a2744589424bd5f8494497b,1596387600,396,259
675,outfit.89ce51a125971793,1619629200,45,163
3320,outfit.ef5fdc0209e74d39a8a24fcd05cbdce6,1673197200,68,956
6977,outfit.0392ab260e644b338316a915c76e18c6,1673715600,160,1536
1998,outfit.a7c0fa89d00d0d5d,1702832400,262,1537
2205,outfit.55135c282c3849ac8b06f82861870970,1693501200,132,596
675,outfit.866385e680f6475e8b2899e2bc30a1fe,1632762000,45,857
2759,outfit.abe970f711444589b6ce9e81bf35615d,1661446800,101,126
1248,outfit.c012d37926b545bf90d7c4a0c5634696,1620579600,221,1393
5169,outfit.1b9ab78223b843e08e1daeb660783adf,1661878800,389,1538
4258,outfit.27a162bde20b4961ba8d94a8828e036b,1652374800,165,1144
731,outfit.a7e848f47d2643d988bbaf47dae4a136,1646758800,39,456
2617,outfit.8d9f00f7e6494b03beae69bfed8e6c58,1600794000,50,1539
5224,outfit.e5503fe6f5f243fc90c526bcdb75c942,1644253200,17,128
5695,outfit.1c195032518b4aba942f6b4fb6ae4690,1614790800,44,1155
490,outfit.cd58f268e9e54fc08e5656e6f095975e,1662915600,227,1231
5778,outfit.8d6bd94d09354d22a77928a01bac9d25,1668704400,169,1075
2833,outfit.4158a6fc47074d23b6591ae8583673a8,1643562000,54,382
6592,outfit.fabccb7729514b23b386e2f93064548c,1602003600,129,901
2052,outfit.29157c382f2e40f3845d96ba8040929d,1629306000,177,1540
2716,outfit.29c39d6085f345dfbccc23a2f8e274a6,1604250000,242,520
490,outfit.a1f38765322e65b2,1620925200,227,1541
1605,outfit.cdca688f6a2b48c598ce6c5459088301,1628442000,390,133
3624,outfit.021142f5924f4280bd3948268d35db64,1693155600,151,930
6879,outfit.e0a3899c698544c4bf205f2a6eae496c,1626282000,188,703
3848,outfit.6345f9fdf4f340bdb2781ee8fd68deb6,1627232400,145,1542
6601,outfit.bb72f30cdb4246d1bc47ff8b17cf4162,1704387600,78,226
6591,outfit.d6896eaf6b734f40943d6cce5d23c1e3,1657299600,120,249
6354,outfit.da552355bfd04649a987a3881b99d09c,1661360400,519,178
1792,outfit.dc7abe1bb20f423a8356cb4d089c56ff,1616346000,199,928
6303,outfit.60a1072927ca4f13ae03d6f876c42cb3,1680282000,283,210
5130,outfit.40de51943eb44f01b6504c863bb5e741,1657299600,268,1543
1201,outfit.bb35c791b2bfa191,1626195600,412,1544
7411,outfit.43e73eedf7134d04afd27ea87948ce03,1598806800,5,555
6163,outfit.61c6e404ee8847fb9e1d95143f9d590c,1693501200,98,1545
1248,outfit.ed26f73fdcad4071a6efa9ea84e9de3c,1660237200,221,1241
2675,outfit.95cf185dc27fb18b,1665421200,319,151
7342,outfit.d9c02686a2094291837d95d09384481b,1663779600,410,1514
123,outfit.3f10ec37bde34db685d87cbdb7ad1575,1633453200,240,1105
4667,outfit.090bd507e982425ab2a610ccdc3942d8,1606237200,429,1546
454,outfit.fdc3cdbad50644ad97fc0a903f967e15,1677776400,96,49
490,outfit.7c43cbb261ed4a91a0931c7583f32871,1676134800,227,1547
5169,outfit.9565d4d6787ad71f,1669741200,389,1258
1684,outfit.f4a2cebc0a544c9abc6305e9bd33b9c6,1679245200,224,1548
356,outfit.9bd220ce35b14c1b9b9d89dfc2b123c8,1624208400,358,1549
6601,outfit.ac52d51d1863129e,1709571600,78,103
6284,outfit.59f5e44d06e04f8994127e5f6cc8c05c,1600275600,97,1550
3376,outfit.ab9dd6cb6757426c9d5968e731b29cb2,1639501200,291,858
675,outfit.f3067ef490224ffba4c9a8b16458c624,1701450000,45,121
5760,outfit.afed6567427c2287,1717520400,59,1014
3577,outfit.27a3cd48834e43b2ad991c05136ee880,1615136400,136,1551
6526,outfit.fd816aa2311d45c78fd0ab2d663a177a,1680973200,62,342
6907,outfit.542f3e3ae20d42bea4c81a418f7adb7b,1680714000,32,1552
7060,outfit.4becdc0147e84943bd4676bd65b579e1,1624813200,346,1553
5144,outfit.3b49ff8bbdf2444a83abcdc0fbb45f01,1652115600,217,1507
675,outfit.6b027f465816489f83945f85bd6f1c17,1595782800,45,474
6372,outfit.abd7e59260904f73ba0937d81996a9f2,1590339600,143,1003
4998,outfit.ef5fdc0209e74d39a8a24fcd05cbdce6,1676826000,220,956
4240,outfit.49c64ac752d4452886a0f505007df0fd,1631725200,70,1292
846,outfit.9e90ada207a84d58941638aa284a4827,1609866000,152,1058
3510,outfit.2cc1bf3b23ce4811b7cc78ec9e50c379,1685206800,239,1272
470,outfit.c31bb29beac44217b5a6d572ca147130,1607274000,234,1554
356,outfit.13e5c6482ae340a696f30c156512408b,1634749200,358,1555
6372,outfit.6705bc03d5e649f4bec363e6367cd89a,1594141200,143,417
6911,outfit.95259e4b3bb245728928dadf026ce781,1702227600,401,1556
3577,outfit.ccf811c5b8f847758b9d79c74514890f,1671123600,136,1133
3259,outfit.acb94cbb42e1b894,1627923600,303,598
5236,outfit.bf00e652d6b83df2,1641142800,310,1420
6988,outfit.0af9759a37b84904b1335e0847fcbb60,1660842000,81,287
2617,outfit.06ac471d39bf42989d65d70dc6e65967,1634662800,50,1557
3094,outfit.ccae6ec63d494a5eadd0d6b001597c42,1600966800,11,275
7366,outfit.8ce5277fd36a4926b5203cfcdb72fd72,1661360400,533,1297
1505,outfit.9481d2d7251be70f,1652374800,442,245
5695,outfit.fcd37df89e7341dfb75d074f0d092396,1606755600,44,1516
5100,outfit.8e970ddf2f28404c9bf2a08b022c576a,1668618000,261,1558
4981,outfit.505dbed58d2a45bc9bd72774be4f5c47,1645808400,155,716
1735,outfit.10702960934e47ca8b83d90cb167b470,1697475600,42,359
3267,outfit.828280fdcb0431d8,1605805200,43,1559
3988,outfit.35331fbfbbe04b9ca3dfc1535cf148fc,1607878800,274,1136
7070,outfit.f82bfbc5af1c4997956e63f92ea51907,1664816400,124,702
7100,outfit.ac93e6bc39c341dd9592de80ee57e522,1637082000,61,493
4336,outfit.03b18817e1894e588c3ae117a47d830c,1651251600,119,484
5100,outfit.a7e848f47d2643d988bbaf47dae4a136,1639587600,261,456
5100,outfit.cc03f27af19f42a483a2f03ad997279d,1645376400,261,307
3846,outfit.8fe12d169d14a8ab,1609952400,118,476
7026,outfit.e488fad708e84b36bd791e820b19e3fe,1621270800,308,1560
2617,outfit.93d1f684375e6e8c,1606064400,50,415
2383,outfit.a743bd93e1a86501,1645376400,297,1487
713,outfit.3b2ed909c25f4ba28abf27a3ba98f5d0,1682442000,534,826
5805,outfit.b463faabc03163c8,1653411600,486,1561
3510,outfit.2cc1bf3b23ce4811b7cc78ec9e50c379,1682614800,239,1272
3267,outfit.8ed6ba09f55049c59f9462e07cc30bb8,1645376400,43,1453
5224,outfit.bb1024860d8f559e,1647882000,17,1085
454,outfit.fc14b8a036fa4ac196b9160b9b1fe0d2,1672678800,96,680
2492,outfit.061cf3fb3952410baeb8b3c61cc23415,1716397200,138,1562
1894,outfit.39d30bdd02814cfbae737840b8e01321,1605459600,181,1563
4522,outfit.bf8385f15d6d468880c5e654f7599cf1,1694365200,461,1015
2775,outfit.ee40e812ed554b87a45637339c72cbd6,1656176400,127,511
490,outfit.478c7aaed8f8413d9618e508ddd7d59b,1597338000,227,1564
3267,outfit.a1c7ea9aa83e32c8,1658854800,43,357
3017,outfit.f0362cb6059c40938c0945eca21b572e,1633366800,65,1565
2617,outfit.75f72fc891604734a37a5ab96b006367,1645376400,50,943
7026,outfit.b3c827a7bc271120,1615827600,308,594
4608,outfit.860daab99091d08f,1655139600,48,1566
4638,outfit.abce86c0d08341ed96a999cb4425d840,1619974800,46,186
470,outfit.7df2526a1c3c4b10b3017e7935c30629,1600275600,234,958
5694,outfit.203f5d33e7324d65a1d8175b3b910416,1697216400,216,127
4638,outfit.219dfc82879a4c95a5e46cd7e35dcef3,1712854800,46,1567
1237,outfit.5b1de7457379489c8e57a3c22844550b,1648746000,25,1299
283,outfit.f465c31c406c4fc69448ba6a62d76ea6,1631811600,343,776
4725,outfit.9b1b854fc8a535ae,1638982800,83,218
4725,outfit.892c3befd668414cabc0bda22c3f48ff,1636390800,83,1107
4258,outfit.da552355bfd04649a987a3881b99d09c,1649782800,165,178
7376,outfit.edf01c8ca8f64059a8afaf72b4ba5eb3,1626714000,99,927
2052,outfit.9e28084ee8e94a1d8afe4abe643fa8d5,1632848400,177,545
2248,outfit.61a93a8506024e779db658f842e26625,1695402000,341,1192
6988,outfit.b1adfc4204c602e5,1692378000,81,170
2884,outfit.bf59641874784125880c58615b5abbaa,1662570000,473,1120
675,outfit.5b56622d721d4a359d14507923450d0f,1632762000,45,1232
4067,outfit.e8df4af3451c46e5940238065ee6b401,1685120400,523,663
872,outfit.a5f369e8f0504905bd14d3a58f8dc8cb,1657990800,357,732
1902,outfit.15c97a5fde81407f8cd5be88a178efdc,1685206800,448,1568
1497,outfit.29cd53ddb5014076a20efe315a26a144,1639674000,352,1569
446,outfit.4b4220f875c140e1b2e455317cf84184,1597597200,0,1570
6591,outfit.2e45b72fc0bb4754bad43840aca11da6,1652029200,120,1571
3896,outfit.34b2a2a9779a47f0a1aff663fe8d1c86,1661965200,192,868
2619,outfit.5330ecb4f53c4f7a865f99a6fdd37773,1711558800,290,884
1626,outfit.2766e5ad48a2427a898f60aaacf85622,1697389200,28,459
731,outfit.1bd222290ef949289385cfdc1a02c20d,1638291600,39,1572
5224,outfit.8022397c5e3d4ab4bc8e421da9236d29,1677603600,17,1431
1553,outfit.04bac9c52e4f40ba95d8a044093fcbe6,1629046800,408,403
266,outfit.13341577ef954838a87bf016b1501ebb,1711645200,156,1334
5778,outfit.b7cc6c38b121a845,1663434000,169,1162
3267,outfit.d61bd06b8b28429abe50d3f42eb685e0,1595178000,43,1573
1626,outfit.ac3e4eefb550471989769e1e4d1683d1,1671123600,28,491
3116,outfit.3f2ed80371424e879c455f3eb07fcaa7,1665334800,270,1574
731,outfit.b4e7c58304d74b64b8b2ddf13ba93c6d,1633021200,39,1051
2040,outfit.a28b2e6008184ba19240c926b1af0eff,1623603600,24,1575
2402,outfit.9aee78d90d74477a8709a5f6baf24e74,1596128400,163,1576
3577,outfit.2a1a34d38ac64414b5d7878a719984e9,1663261200,136,863
675,outfit.0b544c65a87645459ce9844f749e178f,1622134800,45,152
4819,outfit.e989b8cb4a814d97b642e1cb326f47e6,1636304400,159,865
4725,outfit.82ca4f1985ca4966ac81db79cc5a5bc1,1645981200,83,849
2217,outfit.9a8a18eecd5649eda11bf75987a90efa,1612371600,323,1577
731,outfit.cf321774b9de4035802e1829303fd3da,1614790800,39,1099
416,outfit.17996f09f2a84c078a7b0bd718bcddd6,1617642000,33,756
5490,outfit.253fb654ace04cbb9280e54d54b62ed8,1619629200,104,134
5694,outfit.203f5d33e7324d65a1d8175b3b910416,1652547600,216,127
2290,outfit.eea233ccf31b454e997d24e78c888869,1706288400,422,1064
3459,outfit.2fac9258e5a64ac9a7658f54bd2056a8,1604250000,289,1578
4725,outfit.b401ac00dd8e441c8e698a5eaad7a645,1679936400,83,350
3320,outfit.40f5c15e6ca0486293b24bdf66d40393,1686243600,68,1125
1626,outfit.a0361d1da07f4cf4929c58bd45782fae,1684170000,28,809
446,outfit.92bfe824eed24b63bca70a7df494b8d4,1573491600,0,1579
6284,outfit.2a4ac5ffa2a44630a5295e135713963f,1600275600,97,714
4240,outfit.5eda9383bba2444aa517f17c3edd4453,1626195600,70,1010
6456,outfit.f4608a1f01534d818dd6424ed99428cd,1647882000,157,308
572,outfit.a8fae88d2b7640e2b28161d301fc5e08,1630861200,35,439
3017,outfit.ef9f4ad754194793ab95e6c30f5606ae,1633366800,65,375
1792,outfit.dea118f1de544188ad16cda6259ba122,1622134800,199,1256
3749,outfit.883321945299904e,1693242000,49,1580
2276,outfit.09b4eec28e5c4672ae712982a2a32bfe,1631725200,504,1581
6631,outfit.ef5fdc0209e74d39a8a24fcd05cbdce6,1632934800,467,956
6601,outfit.cb29aca3f7be4551b07a9d1b02957e02,1693846800,78,95
1193,outfit.22c011b90cf34e56a9613321cd35514b,1630947600,214,1582
640,outfit.837d79eeae2a466cab88d515bd1aa409,1675702800,235,573
1942,outfit.29e6b2a21c5946d3a22772aa398a8361,1635181200,13,1583
2071,outfit.34b2a2a9779a47f0a1aff663fe8d1c86,1634576400,137,868
1382,outfit.a50024ea71e6453c9c09d6d65d21a5ea,1598374800,20,852
5891,outfit.46796cfb57174c9cb04ef0489123a073,1627923600,326,771
7041,outfit.83b1e08b46bf0031,1644166800,116,1027
996,outfit.7f44b4762bda4246a1aa7cd533047141,1668445200,309,206
6526,outfit.7ae84d76f8634068b358e5f723942fa0,1665248400,62,1357
3320,outfit.f7826f04ea8643d3b68964a5ab27b0a2,1712595600,68,420
3624,outfit.57ffd059f0374d6995a1f8fd4ee0d2ed,1693155600,151,1584
5760,outfit.d21f3628771b4dcebc478c94a456d999,1685898000,59,946
2271,outfit.2174208dffe5493fa440e48d290a11bb,1607878800,259,496
3094,outfit.ed0bda9223004815822e8eaff7b7688f,1664125200,11,34
4769,outfit.92101abfe02e418f8bc033846dc6d1c8,1603040400,85,1273
6026,outfit.82d7dcf690da4fc09bcf658816bccd3c,1637600400,398,1121
2148,outfit.8e330b28328c4558a9523168b34d4d86,1692550800,311,192
1840,outfit.fbb003446d3c40a3879b475502a7e104,1641402000,141,177
6907,outfit.b8a404e6aad069ba,1633021200,32,487
3577,outfit.65d319260c9e49369ee53b603caa89f0,1655312400,136,725
230,outfit.96520672b1fc4ebdb9bd3b431609192c,1654794000,505,1585
2130,outfit.9df47f2be7324ffa9fe6cd184656a7ed,1618765200,276,1586
3441,outfit.94fee721c94da3bd,1680022800,436,1318
4564,outfit.379ed2da3cb6428c9c9402855dfd61f8,1650128400,167,1086
4336,outfit.3339007e20b94181807f9570766cde62,1651251600,119,337
2273,outfit.e0f5195a15e748629ab2981e8900d008,1632070800,148,1587
3103,outfit.1ff1200dca844ecd8ac042bd3363b7c5,1622653200,79,1141
454,outfit.021142f5924f4280bd3948268d35db64,1645635600,96,930
7411,outfit.cd58f268e9e54fc08e5656e6f095975e,1603990800,5,1231
6786,outfit.a8c3007784dfc486,1693846800,219,1442
3642,outfit.f1e688d410884ee0940d861fb2f620ac,1601485200,271,335
675,outfit.92423563b1ab408ea4e1137abf9774d6,1619629200,45,1295
3312,outfit.26a9eb230d0b4820a0fcc230f0fe8cf2,1599411600,31,1588
2918,outfit.1b729a38bf964452b2683cb84a9e14c1,1659978000,371,1589
6907,outfit.5235ff1f43e94601b30e4f25d6abcb39,1630429200,32,694
3192,outfit.ed69171af5c648529d89ac51d442646e,1621184400,52,1590
6447,outfit.43226226462b46ef9545ea320348ff21,1639328400,243,1187
6591,outfit.5c282a76e71b4edd81ab7579454a9de3,1657299600,120,1591
3577,outfit.adf3063b0cdf501d,1610298000,136,538
1706,outfit.9565d4d6787ad71f,1647536400,288,1258
3441,outfit.91d906d5cfcadc9b,1674925200,436,1308
2619,outfit.d40f6349368b4e47b521138ba35d8ebc,1701104400,290,190
4834,outfit.a022100a2a964f4d9b262749de0b15d4,1632848400,131,1592
3291,outfit.7ba3a82d83c24f4096668fa3c59b2c54,1616691600,279,708
5812,outfit.63fc53c3d8784dd39553a33d54ff4921,1600189200,95,673
5844,outfit.9bb6cde5e7d143db8e60793ec409d58b,1572541200,40,100
3312,outfit.dbe73a98b209457299a8c8591381e1e8,1616605200,31,1593
446,outfit.5b219e65b35544769ae32989b15ff364,1570467600,0,1127
1998,outfit.688665113d8c4d13bae1db16e822454c,1663434000,262,782
5695,outfit.e169ea04d96140928a856fbab4821a60,1601485200,44,1007
2223,outfit.292fc161ab8a48d59af997f56cce1cb4,1599670800,173,1012
3749,outfit.3c0da42b00f94123aad9c641ff5073ad,1624208400,49,1218
446,outfit.a38b3b3e20364b78bfcf0bb1eadcc0e5,1589821200,0,536
6361,outfit.ada6bb8993e7a05e,1690822800,453,701
4040,outfit.eb60db20ed1d4ddeb7e2b03e05cae83c,1654880400,472,1594
3267,outfit.b24fc57f02ac4e4c9061761ca18d9d3c,1616346000,43,795
2130,outfit.1b1e586b3bb2432f91b4a2e15dc719e1,1613581200,276,1174
4674,outfit.d91c416ae1584028ba0c20f1329bbb97,1631120400,12,286
416,outfit.935ea85c252f9586,1696611600,33,1228
416,outfit.ccf6f723db264c30b9e45b89203c4a28,1622998800,33,992
3192,outfit.9a0283b3b9e34e39a0038cb7b7044c75,1621184400,52,560
7376,outfit.e837786453834dce89358fa547d891c2,1626714000,99,1423
4725,outfit.0e35a8a758734c2b98adfc8630b4e029,1664384400,83,92
6907,outfit.94466aa2cd2e46019ad5a362477e5a66,1625072400,32,1595
7114,outfit.64910701f4974360acc6851b2b0fd7cf,1676394000,41,483
2576,outfit.df79806b22844eae8e38a61b63ffeee3,1661187600,477,270
3094,outfit.e0f170b8b51f4ae4a7e00047b9ea8d79,1629910800,11,831
6526,outfit.b09e135ba34c46daaf3a5495dcec6e83,1712595600,62,78
3028,outfit.3b8a8f44f52f4b92b4935f08f4d2b9d7,1639674000,176,1596
2130,outfit.db01c7586017469ea4cc561b59fa2aca,1610902800,276,480
4564,outfit.1dc2bd9dc2ae421883e8845f3e335449,1632416400,167,1597
5405,outfit.66dd95a10af54a18ae4b24b3702f869e,1618851600,64,1598
4884,outfit.ea4cdef4b083408eb9410d077f9c929b,1699635600,443,1471
7409,outfit.c51bd8f0c3464297b89ffa73328c3275,1696352400,535,316
414,outfit.ef5fdc0209e74d39a8a24fcd05cbdce6,1703264400,373,956
3477,outfit.ae3c94e801eb4aebb7c3714ec981521c,1573405200,133,37
3713,outfit.94487eff13dc2b77,1601485200,466,1599
1923,outfit.260d02e82bbd415bbe1e18918e98e0b6,1698253200,528,1030
7026,outfit.3dac69d72aed4d1ca4fc6bcff6b7cd4f,1623776400,308,399
6734,outfit.67c7e051a163432eadc34be683ea3d44,1625763600,202,562
4258,outfit.9806850e4ad5479dbad69c1c94eb60a9,1644685200,165,1600
6402,outfit.b9c0bbd563524653,1668877200,335,829
1386,outfit.9e90ada207a84d58941638aa284a4827,1696438800,189,1058
3189,outfit.39c98e12ea9942a0a2c98c6297aabfbf,1638464400,29,1016
7152,outfit.6f728ba37a6a48c79e1755dd50f191c6,1610902800,15,1601
3192,outfit.234ce093695f4773aba7287620cee9ca,1647450000,52,56
6675,outfit.b6e876bed3cff76c,1597942800,536,804
675,outfit.8302402a6e8e8e8c,1696179600,45,518
713,outfit.e14ebf07096246dbb7bf4e241b4c5b32,1659718800,534,182
1792,outfit.8fda8ef6cb62ebcc,1699290000,199,508
6965,outfit.900dd323358401b1,1598893200,125,320
7050,outfit.688665113d8c4d13bae1db16e822454c,1635699600,459,782
6955,outfit.97071c364d1944db8c7ae6a9d768a51a,1675011600,30,458
4404,outfit.713570ccf2364240b906d668908737ff,1628528400,91,1501
6817,outfit.760587419305432581b1c2dd2d29e27f,1663866000,514,1115
5694,outfit.5b607271e3ee467bb4188f977c0336b8,1588525200,216,429
3189,outfit.e0f170b8b51f4ae4a7e00047b9ea8d79,1658595600,29,831
4558,outfit.56dec64c8c834afaace780273bbde124,1594918800,300,667
4981,outfit.505dbed58d2a45bc9bd72774be4f5c47,1646931600,155,716
3192,outfit.124195196333488e8ba4d195b96ecbdf,1605459600,52,407
1248,outfit.3230795e6aed435ab96c8fcf5e56fd08,1660237200,221,1221
1138,outfit.adf3063b0cdf501d,1697475600,368,538
6675,outfit.e17a0df1f70743e590827d7df93bb7f4,1597942800,536,119
215,outfit.62d7da11abfd412185d3323c4ea67939,1619974800,80,296
3477,outfit.7406df88036f4f16bfc1a4c03002d315,1571850000,133,1602
4769,outfit.be1e83bfcede6836,1608224400,85,916
1368,outfit.a647aca5ce17d71e,1633021200,527,599
5932,outfit.23596174e2b1478385adda8f5f48416f,1647018000,496,567
2052,outfit.76443d6db496494dbb26ac275ecbdb3b,1631638800,177,72
5617,outfit.6e2a3eeffbf4433c9d6e5085d8c083f2,1689526800,56,918
1390,outfit.a020ae6b34e6e0a8,1638291600,77,1603
3769,outfit.8f4c967492cd42a6a0afec84b3500e93,1665853200,366,758
4887,outfit.13e5c6482ae340a696f30c156512408b,1684429200,457,1555
1237,outfit.5b1de7457379489c8e57a3c22844550b,1646067600,25,1299
1412,outfit.1b9ab78223b843e08e1daeb660783adf,1612717200,73,1538
6284,outfit.a24ec8c88040844e,1633626000,97,1338
3017,outfit.671c37e96f5247e68b198e2a61dbe34e,1628096400,65,699
69,outfit.acfea696146d1fca,1653152400,315,1604
4564,outfit.bde48c83d7bbd11f,1627578000,167,1605
3477,outfit.ad3a9ba9fa902fc0,1574614800,133,1606
4193,outfit.2fa33a989f58419db01800a94dd76fd6,1639501200,278,1607
4880,outfit.63fc53c3d8784dd39553a33d54ff4921,1679936400,280,673
6304,outfit.75fd35081c884af28940d854e0a8c67f,1698166800,537,468
2085,outfit.d933a0b2120d4102bcfe5f51886dc0e1,1664125200,172,1608
4017,outfit.aa76777d3b9d4073a342e2093e4ea1e2,1709917200,296,10
4564,outfit.961a17ab05934b81a815e365bfe692d4,1635094800,167,110
7244,outfit.372a132f8fe4463f8fdb8d7a8b3f5206,1648227600,22,139
6129,outfit.aac9da3df1d5b519,1657904400,428,744
1412,outfit.a841b2acdc119218,1657558800,73,1026
2400,outfit.fc3f7855aa394fa5945bc8d90b6eee95,1658768400,63,1609
5379,outfit.1642071c303e44a19ce63dfbbf8384bd,1595782800,102,1610
5208,outfit.34b2a2a9779a47f0a1aff663fe8d1c86,1641142800,484,868
6903,outfit.c4c75ed0869147faa31911d6b9919b7a,1600794000,350,1611
3291,outfit.0dba9d16e2e54e58ad650f0ecc2b3ea5,1661619600,279,1118
7411,outfit.bf00e652d6b83df2,1702918800,5,1420
7041,outfit.93d11b40e1db46198d34109e7d0ebfe9,1636995600,116,533
2297,outfit.8db4b3541b97c627,1662656400,438,1612
6911,outfit.f75f6043c5814e998e72b925ef7a21dd,1652202000,401,202
150,outfit.fa20f4d239044e7a922e27c5b5fd9f4f,1651165200,538,797
2271,outfit.a499a6d7e2dd41c48075234f5713c3d4,1600016400,259,1613
1706,outfit.f8e95f5fd1b641a4823ea3c6010e19cb,1646240400,288,254
3312,outfit.388d5e71d8ca46a59067b8f07c7a0760,1602003600,31,1378
6675,outfit.c9be10d661bc4a4992a6c757b6e75ca8,1597942800,536,1614
2402,outfit.5e96c1bc9f964af2b1a6e391db346131,1590080400,163,1055
6526,outfit.deb2675432704b1e8048f6f90c102a00,1667926800,62,806
462,outfit.dc0ccd196e79413d9c7216f3970942ec,1633280400,501,1615
2884,outfit.1233866861b14f0bb1e9116e90d9a492,1665162000,473,1344
2085,outfit.03d688ca88f84e89aeb31592d6394247,1669395600,172,1307
490,outfit.f32718341e9443d8a36121a8913ff304,1652288400,227,283
1933,outfit.d0c6cd30a1f146a8a1ae6f73b34a0103,1702314000,530,682
1193,outfit.d21f3628771b4dcebc478c94a456d999,1634749200,214,946
1553,outfit.be3e7c4ec5718d36,1634230800,408,97
4640,outfit.32722b47b465460e91c775e73609e78b,1627578000,245,1616
446,outfit.8fbf386b8fef8664,1592326800,0,1286
3320,outfit.2d4ed8658aa045b29663902f1e0ce84a,1673197200,68,84
4452,outfit.cc30aac83a794a269779fc0b2984abba,1607014800,306,51
4817,outfit.394d965b33b8430692c31984bf51e554,1602435600,203,1390
2204,outfit.8c5e53894f0ca50e,1675270800,307,503
3684,outfit.dd04098010f74a67ac9bf82eeb4b976c,1698598800,72,237
3846,outfit.57e0110f769d47ea863ebea78235fd23,1628528400,118,156
267,outfit.93d7a4479c7f446b80995278ada5874b,1638291600,385,1047
7400,outfit.29c39d6085f345dfbccc23a2f8e274a6,1617814800,206,520
3291,outfit.9806850e4ad5479dbad69c1c94eb60a9,1637859600,279,1600
6212,outfit.cb29aca3f7be4551b07a9d1b02957e02,1658077200,434,95
4564,outfit.8a9a59a3ebbb46a8bea05ebe9599a1c0,1639674000,167,1617
3749,outfit.aac7f6af58ec7121,1603213200,49,1618
3094,outfit.549dd7bf94d4442abfd053dc32ee54cc,1600966800,11,1619
86,outfit.5494f9123a164880a3ed401be7abcd8b,1642611600,164,1074
1881,outfit.155567585a3c417fa6043924c2867d0e,1698253200,316,866
4960,outfit.20ae7885d88441348ab7a255bcc2173e,1631206800,198,12
2762,outfit.c5a8b5900a2744589424bd5f8494497b,1635699600,252,259
3053,outfit.a95a05ea858446c38ffd5535ab65a392,1618333200,313,753
4696,outfit.ed0bda9223004815822e8eaff7b7688f,1654534800,205,34
4638,outfit.a1bd30435ab14461af069cf262f1e1eb,1660237200,46,786
572,outfit.1e4e6b9f7f984a5f81d68773e0165c44,1630861200,35,979
5843,outfit.09f131a3a13141da9b70638289d27de3,1652461200,285,1458
7114,outfit.6537917dc4e440fcb5793037388b3d7f,1692032400,41,461
3347,outfit.d24b8b64d37f4ea29ccc8aeb0c1bbb2f,1583946000,314,216
2759,outfit.fd709e5fcf3c44569fcc59edf75d4193,1666717200,101,1620
2273,outfit.c815d15af6ba46c580927f9bf81122f0,1635699600,148,1263
3740,outfit.e9a6c652ea8d42dc8752d70dce0c57c6,1586970000,231,1454
2250,outfit.0512cb21a4bc4326971af84ccc563495,1676998800,265,1185
887,outfit.d933a0b2120d4102bcfe5f51886dc0e1,1635699600,513,1608
6284,outfit.9aadfc9a1d195c33,1611594000,97,1013
1684,outfit.925c69db26f6bbae,1628182800,224,367
2619,outfit.f1a25e8f1def4f2fa805aefcbb91bb62,1706374800,290,823
2148,outfit.b8311b5c70cc4a46927bae03a650edcf,1692550800,311,1404
2168,outfit.9bf55c30dee14573ac0d46c03fce3a0e,1682614800,447,734
3846,outfit.ada6bb8993e7a05e,1630429200,118,701
6879,outfit.02323792c3fc471186d9e7c2debd393b,1629910800,188,1197
7366,outfit.955f2239f0b38561,1674579600,533,1293
1980,outfit.1b11be15702b4c59ba76f79ed71df7ce,1663088400,75,1410
6907,outfit.106726e45449496989051f9f0ff73af0,1638291600,32,1621
5344,outfit.369422f2e567409b88d925e916f3a555,1706720400,397,1134
6303,outfit.46fd30ba34534c96b133e88f257cb7e1,1661965200,283,33
4960,outfit.36654cc2920c42b7a8c294cf349544fe,1638896400,198,1476
3243,outfit.e11253de97ba42eb819cf53373fcbe8d,1710003600,539,465
7244,outfit.caee00d04a954a69a3cca9e02cf67440,1615136400,22,125
3094,outfit.0533ed8c59ce4cf29172f502a3a93a91,1597942800,11,1280
746,outfit.dc245aeac99d4052a26a3e0eb509d9ce,1570640400,209,1622
3533,outfit.031a15e68a354f8cbe8f65c45da3f231,1625158800,108,1623
1922,outfit.d0faaa3486494e7d8ee3298104bc8adb,1652893200,458,1191
1700,outfit.02885ab411b942b8b450097054217ebf,1653066000,355,1624
996,outfit.39e26260f13d466b946601bafd691d36,1645722000,309,389
123,outfit.5d300bde08e848898bfb5e15c1269b43,1629133200,240,1625
5059,outfit.e9e6ef522291496dacaad16160c8a8f2,1633971600,485,1153
6129,outfit.b5812826d5eb41f39aa282e64b91ebb6,1625763600,428,1068
6372,outfit.82ec1db640c48b3f,1677517200,143,984
7342,outfit.3b2ed909c25f4ba28abf27a3ba98f5d0,1653152400,410,826
6310,outfit.5a7e3301a60341d0957331a181335cff,1637600400,16,48
6907,outfit.595a88f3986340b9b7ee163cbe32c85d,1662397200,32,690
7244,outfit.24204aa044c44df084bf383e731cc535,1645722000,22,324
2714,outfit.b9311cecf65f795b,1666112400,275,481
2716,outfit.ced7a70fdb8c4168ad6b7264244de2e0,1612285200,242,1270
5694,outfit.a294399ed5bfba8f,1585846800,216,1103
6907,outfit.599900d12a21423ca2bb8830f498a4bd,1657040400,32,1626
5342,outfit.5b99177128de4ffbbdf6b5255d411f15,1656608400,71,1627
4289,outfit.4c96620b5f444f05adcd28bcfd3861d5,1674061200,266,326
4638,outfit.676f2b8ab3894ff293c0fbd62398bc05,1614531600,46,721
7244,outfit.c46affd5f8ee4749b1f8e7d4ff47f3ff,1629219600,22,655
3814,outfit.d9c02686a2094291837d95d09384481b,1602176400,499,1514
3147,outfit.dd04098010f74a67ac9bf82eeb4b976c,1627837200,161,237
4960,outfit.113cdf3f57984c3a9cc75afd5bf45c03,1633626000,198,745
2576,outfit.0a5a3a2e1ff34f1792e1f2dad95cbc2b,1666458000,477,1234
416,outfit.37886c165da3410ca29761ac81f95bf9,1620234000,33,1140
1902,outfit.b401ac00dd8e441c8e698a5eaad7a645,1674838800,448,350
2759,outfit.df13ea56a17d4fad9fca92caa307b02c,1666717200,101,807
6936,outfit.26a6d5aa3fea4de08cb8723770250042,1638291600,226,1456
490,outfit.c95b16794434474e8d02306d2f1b6a0a,1573146000,227,1628
6011,outfit.9df47f2be7324ffa9fe6cd184656a7ed,1672506000,114,1586
3769,outfit.a4a8f76f18ed4907ba632600bd676db4,1705338000,366,1629
293,outfit.18463cd95aa04dbba9610a91b4f71be4,1571850000,508,1360
1382,outfit.defda56477d1496dacd7a61e447be9c4,1608483600,20,840
4774,outfit.113cdf3f57984c3a9cc75afd5bf45c03,1633971600,334,745
454,outfit.b9e21535cf624b6eac04d3a9708f213b,1672678800,96,827
7209,outfit.7d5e7df1d7e44528bca8d9859759042d,1636995600,286,65
1505,outfit.3ccefaac1825408c82d9980a3ea5964a,1649782800,442,1630
3320,outfit.5024e38969364cc2bcb0025151e4ec55,1702054800,68,1631
4725,outfit.abe970f711444589b6ce9e81bf35615d,1648486800,83,126
6380,outfit.f4a2cebc0a544c9abc6305e9bd33b9c6,1700067600,196,1548
872,outfit.a5f369e8f0504905bd14d3a58f8dc8cb,1657990800,357,732
1193,outfit.fcd37df89e7341dfb75d074f0d092396,1658768400,214,1516
7152,outfit.b45f71cef3bf96b3,1610902800,15,233
785,outfit.33775c3acbcf408aadc5a2436d0750ec,1635699600,351,909
2475,outfit.30c1385e9d714fa5b2000abce92e6c91,1632416400,200,1247
675,outfit.1e33dfb5c66847f29088ba6717b10f75,1617642000,45,1415
2675,outfit.dc762a7b6d30497b983f8127846123b0,1681146000,319,1632
4137,outfit.9cfd3798e4b27f4c,1629133200,399,1313
3267,outfit.7c3e32e564f84de28c9ab8a6f06a2e24,1624208400,43,641
3267,outfit.ea4cdef4b083408eb9410d077f9c929b,1695747600,43,1471
3053,outfit.338c7b24bb1140d7aa47279c9490cfe7,1618333200,313,530
150,outfit.7ee7542297f944ecb49f4fe5b44728f7,1656435600,538,1
2619,outfit.9936eee8f01a25d8,1661619600,290,1633
902,outfit.5c6bcfee583b4d7aa6fa807279637d59,1700586000,304,179
6885,outfit.60c345cbd0924fe7800ac38922a74cb1,1607619600,88,1634
4638,outfit.f0362cb6059c40938c0945eca21b572e,1617210000,46,1565
1840,outfit.95b998c29f9af2fd,1636131600,141,200
1792,outfit.944185e8eec8066a,1614704400,199,805
3896,outfit.841fdd28d3f644c0bb8efd874e818027,1669827600,192,656
5844,outfit.84490bc64ffe4c6db02a6eef76219f1e,1570640400,40,1635
4193,outfit.c51bd8f0c3464297b89ffa73328c3275,1686243600,278,316
5236,outfit.62b7b6c55aa84d89a8bc7b99173f571e,1670086800,310,713
568,outfit.9b7e2e060c874d3287c4cee69860679a,1626109200,253,157
3608,outfit.bb925d82b43cfc38,1609866000,247,1636
6965,outfit.1cb6a65c7f17496086a58779b0efb273,1607878800,125,1637
3259,outfit.d4498e3094f048d8808f056832637685,1617642000,303,356
6965,outfit.a824c0030f59545a,1598374800,125,542
2766,outfit.dc7abe1bb20f423a8356cb4d089c56ff,1685638800,380,928
2273,outfit.24204aa044c44df084bf383e731cc535,1639674000,148,324
4463,outfit.bfad6e38299544e991b1c5f0d92073f6,1708534800,36,1001
6319,outfit.6b027f465816489f83945f85bd6f1c17,1664902800,34,474
731,outfit.b0a5d80451942bf5,1619370000,39,1081
4209,outfit.cac6eca6151b4f61b63157301f0cb229,1639674000,317,1168
6734,outfit.8154323d7dae46d3b98fb5e85b96a41a,1657386000,202,1638
266,outfit.a3d5299f391ebf8b,1690736400,156,1356
6817,outfit.3b8a8f44f52f4b92b4935f08f4d2b9d7,1661187600,514,1596
6129,outfit.60a1072927ca4f13ae03d6f876c42cb3,1625763600,428,210
6038,outfit.32e640b3fc894710a096ec7ad3f7a976,1635786000,465,1327
2703,outfit.03a5ffb8c27947de936564061de3d046,1668531600,236,1639
4725,outfit.98a0bb3110de7f3e,1711558800,83,147
2217,outfit.9178d6f714280d40,1599152400,323,1640
6075,outfit.e0f5195a15e748629ab2981e8900d008,1652461200,431,1587
3312,outfit.c0dd5faf2a294aa09fd7a39dc7a313bd,1604595600,31,912
2681,outfit.6b8d0d5720af4e33af8dff7afe7b0ed3,1634576400,512,636
150,outfit.9bd9226c247f4ee8a64be90ee310fd8b,1651165200,538,746
6911,outfit.ccae6ec63d494a5eadd0d6b001597c42,1662829200,401,275
3577,outfit.9c19cb240c0c06d1,1655312400,136,614
3017,outfit.33af134887eb422baed2c7207f9cd5bc,1633626000,65,1641
2619,outfit.dce1b27e6e5944c08b7253d1ebae5a60,1664298000,290,1525
6051,outfit.3c0e2b952c024f85b23f3db26403df81,1711990800,168,1329
416,outfit.293b6f34465a4a28abffbfc87ad78849,1599066000,33,877
2170,outfit.bd9dca3a7c0d808c,1608483600,19,550
6907,outfit.b80a7f8948aefe75,1701795600,32,348
2448,outfit.b5db150f4740b356,1658336400,258,345
3267,outfit.2ea36f84cb12427686eed685f97f2a8f,1607878800,43,749
691,outfit.37dfcefd9016441b96537a6b3de58e29,1592154000,339,370
5694,outfit.97ec221c84bcfbe3,1608051600,216,554
6907,outfit.b82c3360fbcd411683eb135b6450e7fd,1601485200,32,923
6663,outfit.b227d2e4685f4a56a13c4e43023021ec,1688144400,476,1533
4674,outfit.e98a6e485b1941d98e43c0e74cc6885b,1599584400,12,519
2170,outfit.03f24a5a208f481eab99f81ff4742928,1608483600,19,1497
5694,outfit.c563800deaac4b8c93de7689b707c71c,1627837200,216,371
5144,outfit.9d23dc455c9c4837a3fe26931f944833,1629046800,217,1020
2833,outfit.38ef91e51ef14bb19df9094a40bcb7f7,1639328400,54,199
5464,outfit.b45f71cef3bf96b3,1639414800,540,233
2775,outfit.155567585a3c417fa6043924c2867d0e,1666717200,127,866
1586,outfit.3f93a64eb5c5449096f841fe5fdc2b8a,1681578000,23,1642
746,outfit.b3aca8927927e99d,1572886800,209,1008
2329,outfit.f23993293d944d1b9bf173ca5be1a409,1647882000,212,197
454,outfit.bc2d17659e8b4d6b8bae2675b1c9dcd9,1656781200,96,1643
2131,outfit.1233866861b14f0bb1e9116e90d9a492,1647363600,359,1344
416,outfit.616a99bd148443a6a54acbf0e8105c28,1701882000,33,1048
2076,outfit.f853a75ce5624944895a17b2f615d138,1633021200,372,1535
5344,outfit.066124b928d44087851ad9a0fe809510,1648746000,397,292
3267,outfit.7cff339e7950448c8485a2b44205adc0,1603386000,43,1145
6287,outfit.82ec1db640c48b3f,1571072400,140,984
3227,outfit.b42337853cae4f66a2e7640b6845d2e5,1635181200,223,597
2052,outfit.925c69db26f6bbae,1637600400,177,367
7270,outfit.9e90ada207a84d58941638aa284a4827,1672938000,195,1058
572,outfit.e96d2e7204fb4c1ea24fe71b3f967e0c,1617901200,35,183
5645,outfit.df13ea56a17d4fad9fca92caa307b02c,1674838800,237,807
1980,outfit.57e0110f769d47ea863ebea78235fd23,1633626000,75,156
4452,outfit.a38554cc5999458397c5f190f0f3c38d,1594573200,306,99
1412,outfit.a7b955473f2248a8a818455cb08c9e79,1612717200,73,285
1083,outfit.83f7ed2dfaa11b7f,1572541200,233,1644
3041,outfit.9685cc11be684ed39ab8edac1e9a822b,1667667600,76,1503
7082,outfit.33d5d4c82b5f4d1688a04dac513e2740,1702486800,445,1150
6526,outfit.0f9681d7171142aa84399d37dc7b4ed3,1670518800,62,46
4107,outfit.2802e9d00cc84b788fd1184e5be2fe03,1651770000,444,1645
4834,outfit.d8cabdaf5af9426dad953821aefb0ba8,1650819600,131,1646
2573,outfit.2766e5ad48a2427a898f60aaacf85622,1646240400,201,459
2687,outfit.b3b241dbfc6220b8,1651424400,147,1647
2649,outfit.7ee7542297f944ecb49f4fe5b44728f7,1698858000,14,1
2364,outfit.9e90ada207a84d58941638aa284a4827,1643216400,93,1058
1336,outfit.76443d6db496494dbb26ac275ecbdb3b,1695315600,210,72
6585,outfit.484e1d365d5b4f91adff228b6e9204b8,1605718800,529,1092
7100,outfit.2eb01f9b5c004ab18987fa709ca7d9cb,1689526800,61,1648
1792,outfit.aeb4096f234e6c40,1629997200,199,1649
5760,outfit.2d4ed8658aa045b29663902f1e0ce84a,1651683600,59,84
6585,outfit.5603265d26874d16a34565f9929cd60a,1603040400,529,1650
4824,outfit.e319ab9f2a9143da8cc4defb08ce33cc,1664989200,89,1651
3103,outfit.2d4ed8658aa045b29663902f1e0ce84a,1633280400,79,84
5432,outfit.4e834d5f015d474e8fd547e080f750f8,1591808400,524,1473
658,outfit.c0dd5faf2a294aa09fd7a39dc7a313bd,1573750800,82,912
3308,outfit.c71e9a58962a404b9d6c8df867b4b392,1629997200,69,873
1840,outfit.ad0e0bb9c3ab3cb3,1643907600,141,309
4834,outfit.d4498e3094f048d8808f056832637685,1650819600,131,356
1083,outfit.173b6b1204df4f128bcbdd843d91351e,1570986000,233,643
5760,outfit.4d91614bd70b4799a861fe5ea43db494,1683219600,59,185
3308,outfit.b80845e98ea3453d,1636995600,69,1652
3227,outfit.beb24dfdb4829222,1711386000,223,1351
3312,outfit.c0dd5faf2a294aa09fd7a39dc7a313bd,1625677200,31,912
2170,outfit.4f4a70076bf4450a8fce9db3d214b234,1606064400,19,1653
675,outfit.b40a8b62f26f47cea8ece55873794e76,1595782800,45,1654
1032,outfit.9f58acfe6b554e4ca880e378aa7e8e56,1641834000,218,394
2573,outfit.af314667889c49cfab85a0e890642a31,1604509200,201,1320
283,outfit.337f6a0507d640eb8561d28d58cf2f65,1629133200,343,1655
2364,outfit.8ad0bb9029424a069f82d58c44b0d7fa,1629997200,93,450
4608,outfit.57ffd059f0374d6995a1f8fd4ee0d2ed,1660410000,48,1584
4276,outfit.9617c0965077556e,1711558800,494,577
3572,outfit.37dfcefd9016441b96537a6b3de58e29,1599411600,340,370
5222,outfit.8609dd7995e147efbdf631d515d34bed,1695488400,541,90
7110,outfit.113cdf3f57984c3a9cc75afd5bf45c03,1701190800,281,745
1773,outfit.1e4a3ce9976a4d9a9061c167255f3875,1699203600,365,6
1792,outfit.944185e8eec8066a,1630342800,199,805
3080,outfit.a1efdc0d88774773957da6e703852211,1629392400,492,211
361,outfit.853ff9245b124c84bb0973a6065e64de,1687453200,197,20
1589,outfit.a647aca5ce17d71e,1705597200,244,599
3521,outfit.bdf0b714576b2118,1685898000,58,123
1248,outfit.819fe443b574445a979f4f0571a65677,1623258000,221,381
7400,outfit.abe970f711444589b6ce9e81bf35615d,1620579600,206,126
6073,outfit.40d4710206044ca5924846d3ebd83d04,1592413200,542,534
2675,outfit.8459e55ea3800598,1670691600,319,489
4818,outfit.b49e6f1cc73f48f9a6329311214ee57f,1682528400,439,457
5430,outfit.2846db8e50bc49a7a1b5f37be769f364,1618160400,450,446
5222,outfit.ddd870ed06d64892af526d056b438894,1687539600,541,1046
3649,outfit.4eee4da4300c4ba384571bbf0890e482,1592326800,66,1656
4404,outfit.b8a404e6aad069ba,1652461200,91,487
490,outfit.3339007e20b94181807f9570766cde62,1573146000,227,337
69,outfit.8ed6e4fedeb67e87,1632762000,315,945
1626,outfit.e9e6ef522291496dacaad16160c8a8f2,1665853200,28,1153
1585,outfit.f45e25a44bdd429991e9186db7fa64e5,1638118800,241,967
6429,outfit.cd92590952d54e1d8b3bec0bbecb901b,1671123600,128,471
3127,outfit.a83b27ea0df44e4d9773f8e7b5096ab9,1644426000,521,189
1553,outfit.ebfe6bcdfcb7442686f24eecaba39c1c,1652634000,408,1657
69,outfit.0106cbd7e23f41da92e3081146b4ad03,1642784400,315,726
3846,outfit.b7cc6c38b121a845,1617642000,118,1162
3956,outfit.9387d05b47f906c5,1707066000,462,1227
3749,outfit.41e3a8155d734aa8a3c114e1dfbefe1b,1627578000,49,879
675,outfit.206df08f735c415bbcaca8d70e762971,1609866000,45,649
3956,outfit.f687126a10584fb5bb3ddcb1fc9ffae9,1685898000,462,1658
262,outfit.7ee7542297f944ecb49f4fe5b44728f7,1629738000,382,1
6011,outfit.afd208ad6e2c4771910f427504e634fe,1646067600,114,1311
3259,outfit.8c8215f7c0a7445b9b09d3da37b462c6,1611507600,303,1479
3740,outfit.8edf7dfac9374a0da611edb9dbc5a62c,1612890000,231,1659
6818,outfit.0ff0d877678e4755b088d1c5d09bee11,1600966800,402,1022
4998,outfit.866385e680f6475e8b2899e2bc30a1fe,1663606800,220,857
1998,outfit.8a458a93e4cd4214a520074f16d5b9fa,1652806800,262,19
1525,outfit.9ed854d660862b8f,1602003600,388,1282
3956,outfit.26a9eb230d0b4820a0fcc230f0fe8cf2,1659632400,462,1588
2869,outfit.a9a4918501579729,1704474000,256,720
4817,outfit.9b4637003c444b1d9c75e5eb5487d669,1601658000,203,557
948,outfit.b2e035a8cce61dcb,1654189200,249,362
262,outfit.abe970f711444589b6ce9e81bf35615d,1635181200,382,126
7150,outfit.2fac9258e5a64ac9a7658f54bd2056a8,1618160400,284,1578
2532,outfit.a743bd93e1a86501,1622653200,543,1487
6988,outfit.7351b9594dfe43e68810cd2359952ee3,1702918800,81,1660
2276,outfit.9481d2d7251be70f,1619542800,504,245
4218,outfit.b1bce95db2fd4e28befe26b0a6985c73,1634230800,170,934
4769,outfit.b4e582b38a10f6bf,1597856400,85,772
1684,outfit.b49e6f1cc73f48f9a6329311214ee57f,1624208400,224,457
2675,outfit.c69fd3c4befc43c08273d51d292c74e2,1694365200,319,1091
2649,outfit.8feb7001275554c8,1706806800,14,819
606,outfit.5e96c1bc9f964af2b1a6e391db346131,1651078800,178,1055
1980,outfit.be3e7c4ec5718d36,1641488400,75,97
605,outfit.a759980bd9c72584,1614531600,379,1661
4674,outfit.09d700689d8a4f6e8f20edfcfb890bc0,1615309200,12,1662
572,outfit.b3aca8927927e99d,1652288400,35,1008
1749,outfit.c663f1c85a344f039eacb889398b6b91,1710003600,207,628
1255,outfit.391478ac84d249b49a87a9d829590887,1600794000,348,1326
5330,outfit.499d31bd36254c7191245e1d40745824,1663002000,215,96
4463,outfit.6587d43842ed43958181f9925d52806c,1716310800,36,1106
2869,outfit.f5cdd470173a4cbb913353aac985eebe,1717606800,256,282
3988,outfit.9fde090f117fb9d9,1616605200,274,867
4318,outfit.817cf154a066e6e0,1649091600,487,957
4463,outfit.372a132f8fe4463f8fdb8d7a8b3f5206,1649264400,36,139
5615,outfit.b619b14568c94d46ac314ae0983703bd,1706893200,338,38
6642,outfit.43226226462b46ef9545ea320348ff21,1617555600,312,1187
1706,outfit.bdd5835c2df56005,1652806800,288,1235
7181,outfit.1eb6accbfe2d4edd8358e67200384784,1685120400,488,1663
3053,outfit.3cd520846acc415fa68f1a7d6f1b7cee,1607878800,313,1664
1382,outfit.007a4828b12b40ed9ed3db0c5803b813,1627232400,20,551
5844,outfit.b5e0008d5ea22068,1572541200,40,1665
272,outfit.36ae937d5a4348b2b187b2b53c65b207,1652547600,86,1666
6817,outfit.98d6cf4fef49ec24,1666458000,514,373
996,outfit.1b47c924e1684b9c94c76fa971ec8115,1646672400,309,1110
6310,outfit.e96d2e7204fb4c1ea24fe71b3f967e0c,1641834000,16,183
996,outfit.7599372461da4ca08c94fc2e6d9fa4e4,1636304400,309,1667
3094,outfit.2ea36f84cb12427686eed685f97f2a8f,1603990800,11,749
2532,outfit.767ecbf6b9bb4969ad78de1a78dbf039,1675357200,543,145
572,outfit.98aa99e47dee4f019d8b2620a9745f98,1712854800,35,1388
4240,outfit.bc490bc7db204af498825badd2d59285,1629046800,70,252
824,outfit.f1ec68c001974b238355b08a582e1b89,1639587600,246,1668
4981,outfit.6f038b817a5a4220a8dea6bbc464c4a2,1646931600,155,1213
2087,outfit.bf4012c983f1c111,1633539600,456,1669
550,outfit.10702960934e47ca8b83d90cb167b470,1700413200,251,359
3669,outfit.3b49ff8bbdf2444a83abcdc0fbb45f01,1703350800,331,1507
1501,outfit.931ef0d0cada4965a8ea693f7a520b64,1620925200,507,321
2833,outfit.820179fa25670e17,1627837200,54,258
5694,outfit.4d91614bd70b4799a861fe5ea43db494,1620925200,216,185
4725,outfit.c8c5d18e8365419eba926afed7344dd7,1682614800,83,1035
6364,outfit.dac42acd25b1410aacbf75c85cc6cb7f,1626368400,518,1670
1809,outfit.57e0110f769d47ea863ebea78235fd23,1687194000,211,156
2205,outfit.060cbfa6f9024404bd6a4ed96b7bd41b,1682874000,132,818
6212,outfit.880e71e3568b6812,1645117200,434,1671
4640,outfit.f75f6043c5814e998e72b925ef7a21dd,1630256400,245,202
130,outfit.dac42acd25b1410aacbf75c85cc6cb7f,1649091600,374,1670
2576,outfit.29c39d6085f345dfbccc23a2f8e274a6,1655917200,477,520
1248,outfit.e5c71f9ecf564fb39b2815a07e3c7fd6,1595437200,221,1672
4240,outfit.2121de17fb604c6ea87a3f9b6d0030db,1626195600,70,323
4258,outfit.6dea8453a7dd4701830624eeea14bf9b,1652374800,165,30
2273,outfit.bc490bc7db204af498825badd2d59285,1639674000,148,252
5330,outfit.6587d43842ed43958181f9925d52806c,1678640400,215,1106
996,outfit.4222d99ee6974151a01942b79f1054f7,1665766800,309,975
5342,outfit.9341a89b191cd49f,1648746000,71,919
6319,outfit.adf3063b0cdf501d,1656954000,34,538
3094,outfit.f8e95f5fd1b641a4823ea3c6010e19cb,1621875600,11,254
7413,outfit.cc2a4ea6b82044d2804ee26e593fbc00,1601485200,483,428
6955,outfit.d8cabdaf5af9426dad953821aefb0ba8,1629392400,30,1646
2762,outfit.a8175a1b696f4b85,1638205200,252,400
3896,outfit.2b9a47fa00e642a1ba23dae6a67ae88c,1664557200,192,325
1626,outfit.5048c556741f4513ade4ab8607e5a46f,1705338000,28,1261
6526,outfit.99d3c1ea30367e62,1704733200,62,347
2022,outfit.b62a06fd0f523bac,1670346000,149,1673
3749,outfit.09b4eec28e5c4672ae712982a2a32bfe,1645635600,49,1581
713,outfit.841fdd28d3f644c0bb8efd874e818027,1700931600,534,656
1526,outfit.1378c78099224f24a8b3cf7007cdb4d5,1635699600,142,1674
3267,outfit.03d688ca88f84e89aeb31592d6394247,1613926800,43,1307
3477,outfit.8302402a6e8e8e8c,1574614800,133,518
6798,outfit.c5ded4868d344a5bbf49e5c1a3c136f8,1671123600,135,1433
4638,outfit.a84d98da9b0b4c8d95457d446a4df5fd,1681232400,46,1675
731,outfit.25847fedcdc640569e0b07e0b38fef30,1659978000,39,788
3243,outfit.e43d27b277bb4ad7aff36a857ce6f766,1702141200,539,913
1625,outfit.929220a63bf843f99474bc2644fcb53d,1651251600,263,129
4634,outfit.a5a7231c342d45cca35cf536be58d63e,1657731600,282,301
5734,outfit.80333429732852d4,1644771600,353,890
4819,outfit.a1bd30435ab14461af069cf262f1e1eb,1647018000,159,786
6310,outfit.eafae74f4ff24c29862f7dba09874920,1638723600,16,828
4107,outfit.9fcb20cced63441fbee2002faed4ea39,1646499600,444,1676
6284,outfit.b6dfe60b7a8c421f9de22342860f17bc,1636304400,97,224
6781,outfit.34f5581736934174aa24aa69cefa8653,1610384400,146,1677
4906,outfit.9a6b734068749450,1596042000,4,1461
7244,outfit.7c8c2504d76d42f4a96766337d3dac03,1653498000,22,1366
4674,outfit.6345f9fdf4f340bdb2781ee8fd68deb6,1604854800,12,1542
204,outfit.a294399ed5bfba8f,1671642000,474,1103
5734,outfit.9fde090f117fb9d9,1633626000,353,867
7199,outfit.af879b315e9e04fc,1641834000,363,1678
767,outfit.511e82e05a794357a718e90238e7fcf9,1598202000,449,1679
5344,outfit.d628edcdb5d743e09c72d3482c5df99c,1688144400,397,13
3189,outfit.c012d37926b545bf90d7c4a0c5634696,1663952400,29,1393
1684,outfit.611ba8f831e449f0a5bf0dfcc78e35a6,1687194000,224,114
5695,outfit.447e5486379147879a59e168c261d9e2,1649178000,44,358
6592,outfit.d6789556754c4ce084d2fc7c354ae23d,1704128400,129,1481
996,outfit.a3d27b283d42172d,1692032400,309,79
416,outfit.a8cd42d443d608cc,1686070800,33,1680
6526,outfit.0f545b5ba1274c66b2896afdcc48c5d9,1659978000,62,1425
456,outfit.65880fd633594bf4ab0b833b9c09d29a,1624467600,287,1681
4899,outfit.4431d4e34e6a4c0fba43aa50395893f7,1600016400,302,58
1605,outfit.b6f7358d6feb42ceaec950e6b66f4a34,1628182800,390,404
446,outfit.bcee8c80b45d64f9,1628096400,0,1682
2762,outfit.66dd95a10af54a18ae4b24b3702f869e,1638291600,252,1598
490,outfit.af3cb94171784fff803b50e9a99cd890,1590512400,227,559
4638,outfit.abce86c0d08341ed96a999cb4425d840,1648746000,46,186
996,outfit.1b4027c5a27d4ac293ccb2377c38d408,1689354000,309,514
7135,outfit.a5d5bfee852848c18596d844a3a9025e,1675184400,267,374
3533,outfit.cdcd1bdbc00e4a1cb9b80f7f5bbddd49,1594573200,108,1222
7411,outfit.fc3f7855aa394fa5945bc8d90b6eee95,1594573200,5,1609
6907,outfit.b80a7f8948aefe75,1638291600,32,348
1840,outfit.09f131a3a13141da9b70638289d27de3,1696784400,141,1458
2448,outfit.97071c364d1944db8c7ae6a9d768a51a,1655744400,258,458
1710,outfit.2392f0645935482bb171c7fd35384587,1603213200,393,815
3094,outfit.afcfeb5d7cda41318a080365f05c9075,1638205200,11,380
1248,outfit.6fb87aa78e6343ba811fe22dc8fe0217,1600189200,221,1683
4067,outfit.24c32dd0323c4873949167fe0d1db421,1682528400,523,1496
5778,outfit.048fe7f87ee34a4095f2141bd51e3b80,1655485200,169,268
3669,outfit.1b729a38bf964452b2683cb84a9e14c1,1653325200,331,1589
2846,outfit.e4da524a49fe4b5ea3eb8983e8dff52a,1655658000,248,1065
1878,outfit.bd061db386d78a56,1656262800,3,1684
6519,outfit.173befabe7a14130b0e646ca4152150c,1616346000,377,231
2273,outfit.8edf7dfac9374a0da611edb9dbc5a62c,1635181200,148,1659
6212,outfit.ae7389834f0c49c49b2ef43ff9cc1be9,1658077200,434,82
490,outfit.ad412f59706c86b8,1694451600,227,695
2556,outfit.5d29c975554e432eacf5e7d49c5342e3,1620579600,329,900
6591,outfit.e3bf7fedde71456db683e017a65e9814,1662656400,120,1452
1735,outfit.9acd6a788f014e9b81fb32f2c97f53d8,1671210000,42,1685
3376,outfit.37886c165da3410ca29761ac81f95bf9,1636909200,291,1140
6601,outfit.b0677486667c446c9f61ae24522c6b26,1707066000,78,1686
872,outfit.bc66a84c6977422daff287c7ecdb12d3,1655398800,357,1687
4638,outfit.bd2ab280ed364f26,1638291600,46,1518
6818,outfit.925b3a37354592ef,1592326800,402,158
5615,outfit.a520a9aa8147d618,1709398800,338,1688
4463,outfit.656dc77e8bd948e6bc85d9284c79af19,1716310800,36,162
5887,outfit.8273c17c394043b8affdf5c04ee019ed,1645894800,489,983
7409,outfit.7ae84d76f8634068b358e5f723942fa0,1670086800,535,1357
293,outfit.eafae74f4ff24c29862f7dba09874920,1572973200,508,828
3267,outfit.a1c7ea9aa83e32c8,1693069200,43,357
6907,outfit.f58adb25909143e9aebc9e35f054988c,1622480400,32,1689
5929,outfit.9fe63b9753004f98b972bea88546901f,1636909200,9,1690
5169,outfit.915d00f05ea74ed9872f00dbf6367ac4,1659200400,389,1691
4906,outfit.767c953e45b8447eb7ff8d44dd5b65e1,1596042000,4,602
4638,outfit.6b1d1739830a4f3cbe5530716d9890a2,1619974800,46,219
804,outfit.ebfe6bcdfcb7442686f24eecaba39c1c,1638291600,383,1657
86,outfit.db6e87de63f347a0af3ecbf3b7463a55,1634662800,164,623
7413,outfit.2208707dcf134558b4d335f1e3534655,1598893200,483,23
3267,outfit.713570ccf2364240b906d668908737ff,1597856400,43,1501
3243,outfit.c93e99cc15dc4420994f40954bf9d8a8,1696870800,539,278
6907,outfit.54324ee259f749ef9e2cb2e22446a2e6,1603990800,32,1401
6310,outfit.65880fd633594bf4ab0b833b9c09d29a,1657126800,16,1681
1382,outfit.adf3063b0cdf501d,1649955600,20,538
2846,outfit.98aa99e47dee4f019d8b2620a9745f98,1637600400,248,1388
1706,outfit.25cf652454ab4f9fa1b636cbd555cfa6,1650214800,288,791
6212,outfit.d8909288c79b4df6b6547aa381d360f1,1648141200,434,204
1586,outfit.97228689c245bc79,1663261200,23,175
2703,outfit.b1bce95db2fd4e28befe26b0a6985c73,1686848400,236,934
1522,outfit.abd7e59260904f73ba0937d81996a9f2,1595955600,121,1003
5100,outfit.1b3e2ad0256b4c839afe49dcfcd50b40,1673888400,261,570
4725,outfit.53c1b23f677a4816a518a2624c18e8b3,1661706000,83,1485
86,outfit.167c1898ccab4dbcb3d0a74591e1902f,1634662800,164,733
5130,outfit.8e3a6e9e196cfbc0,1657299600,268,142
2519,outfit.cd734667a90745b3a826957b1dc343ac,1595782800,327,1484
1390,outfit.9e90ada207a84d58941638aa284a4827,1633021200,77,1058
785,outfit.66da7242210f4c3fa7a47285efe37504,1670346000,351,709
675,outfit.a01f2c0fa05d3f98,1638118800,45,739
4979,outfit.98a0bb3110de7f3e,1653411600,500,147
5236,outfit.b6e876bed3cff76c,1635699600,310,804
3956,outfit.bae42664f07a447e,1685898000,462,710
4240,outfit.32bbe20e948d4839b63aa0f4b540b466,1631725200,70,523
6287,outfit.f32718341e9443d8a36121a8913ff304,1570640400,140,283
3459,outfit.55e47b50f0dc4852a5784fffafa63488,1612371600,289,521
2340,outfit.a020ae6b34e6e0a8,1621530000,269,1603
3608,outfit.de1b2d84d80341d2bcc0adcd5ce60af4,1612112400,247,1319
1684,outfit.b80845e98ea3453d,1671469200,224,1652
5531,outfit.fe07e41596d841c6943aa7819488c565,1612285200,105,754
2056,outfit.d61bd06b8b28429abe50d3f42eb685e0,1638723600,320,1573
2762,outfit.d70247c33e4b42569675e32cc3727701,1609866000,252,1373
356,outfit.66da7242210f4c3fa7a47285efe37504,1637514000,358,709
2040,outfit.ac365138f7722b8c,1618160400,24,988
414,outfit.56dec64c8c834afaace780273bbde124,1687453200,373,667
640,outfit.29a4e469a1354981b601de67474f6d66,1696611600,235,1692
1626,outfit.17753fa2c9914d659fe5432c2a06f1fa,1678899600,28,194
7270,outfit.2084ead8ec3c42fa83eb74b5e36d330f,1678035600,195,267
6287,outfit.6ef37d8d2ee744229ed6350d8a94f308,1602608400,140,652
1625,outfit.9617c0965077556e,1651251600,263,577
7150,outfit.1a265d0988ad4e86966114062e4ca547,1620666000,284,1693
3727,outfit.df04bf46dbd54868a63d2db542a5fa3d,1678726800,187,516
2148,outfit.abe970f711444589b6ce9e81bf35615d,1700499600,311,126
1840,outfit.95b998c29f9af2fd,1664470800,141,200
3577,outfit.b701b51a404a44418a375258167ad442,1615136400,136,1346
3279,outfit.b7cc6c38b121a845,1629133200,407,1162
3291,outfit.b6dfe60b7a8c421f9de22342860f17bc,1624554000,279,224
4638,outfit.a33786c65b0f40f78b8c15ac4748d862,1668186000,46,94
5760,outfit.ce331a7cc22d4aaf82548e873c59e6cd,1654362000,59,1109
5459,outfit.944efade730744e38b3b678dae890f98,1695574800,10,59
3320,outfit.fabaa18896e64e6ba835286d7f1d44e3,1665248400,68,303
490,outfit.b2cb4b87e0f8fce5,1654966800,227,1694
1980,outfit.6b8d0d5720af4e33af8dff7afe7b0ed3,1641488400,75,636
4185,outfit.f1e688d410884ee0940d861fb2f620ac,1680282000,522,335
1735,outfit.af3a0f7fe64e49fc81c4d13f6ac481ec,1647450000,42,1450
4696,outfit.aca18f7f7df3a642,1651856400,205,1443
3642,outfit.f66d734ea0fa4854b73f96714fd19ecf,1601485200,271,1462
1517,outfit.8023680619aa366a,1629392400,122,1078
5733,outfit.93d7a4479c7f446b80995278ada5874b,1662310800,191,1047
3041,outfit.9685cc11be684ed39ab8edac1e9a822b,1672938000,76,1503
606,outfit.9a0283b3b9e34e39a0038cb7b7044c75,1666717200,178,560
4501,outfit.3230795e6aed435ab96c8fcf5e56fd08,1683306000,381,1221
5318,outfit.1b11be15702b4c59ba76f79ed71df7ce,1660669200,84,1410
7100,outfit.d04fbe1240ef405c867fb813b5aa8779,1663347600,61,944
5844,outfit.92db973be0926d3f,1570640400,40,637
3094,outfit.efbeb50344e54028b243698b3dd1b700,1619715600,11,256
3040,outfit.ddf5ea0fe07746eb95e15f4cda0b5e4d,1678554000,375,876
1516,outfit.16f24c4eb69a48f1a34117fc6c0a691f,1626282000,238,1277
1840,outfit.fbb003446d3c40a3879b475502a7e104,1636045200,141,177
6372,outfit.e4bb08fb4a5f4f11843632fa2a227421,1612112400,143,561
658,outfit.9bd220ce35b14c1b9b9d89dfc2b123c8,1571158800,82,1549
3259,outfit.37f5db61da1b4fb0a50472c1ddc442a4,1622998800,303,112
4960,outfit.989e3eb7e1be092f,1638896400,198,1695
4452,outfit.9a0283b3b9e34e39a0038cb7b7044c75,1600189200,306,560
3533,outfit.7d48fb77be2340e3be0de8ab4f9a97a3,1602522000,108,327
2085,outfit.8e2e2acae5583042,1666717200,172,1696
2856,outfit.82ec1db640c48b3f,1652893200,544,984
5617,outfit.a50024ea71e6453c9c09d6d65d21a5ea,1681664400,56,852
4404,outfit.5e119d066b62498491b2919f0453d803,1623258000,91,1697
5490,outfit.7c8c2504d76d42f4a96766337d3dac03,1622480400,104,1366
55,outfit.02cbb0ff0c1348ce9fb9906805fb9049,1633021200,117,1698
7199,outfit.84cfd784c9dd4ad6,1633366800,363,191
2573,outfit.78d16995b62e40d48f06a20dbf72d844,1609866000,201,66
675,outfit.7c3e32e564f84de28c9ab8a6f06a2e24,1648832400,45,641
606,outfit.124195196333488e8ba4d195b96ecbdf,1651078800,178,407
3577,outfit.2aad4629b66d435c8da4594d7a3f7eec,1668531600,136,646
6447,outfit.fe07e41596d841c6943aa7819488c565,1641229200,243,754
2619,outfit.466afa76adb144b7ad004be6382cfc54,1685206800,290,315
3093,outfit.f5fb40c43d174f799509d01145b1ed1f,1653843600,322,391
4073,outfit.ada6bb8993e7a05e,1662656400,38,701
2833,outfit.37391d71588c40bd82003f14276d6f92,1633885200,54,1257
2250,outfit.8afbb76916e14187b0bc9aaabbc2bd24,1692637200,265,592
5615,outfit.b619b14568c94d46ac314ae0983703bd,1712077200,338,38
6284,outfit.37886c165da3410ca29761ac81f95bf9,1663347600,97,1140
6304,outfit.8a458a93e4cd4214a520074f16d5b9fa,1625418000,537,19
5318,outfit.bcdb248c57283524,1678986000,84,1238
3562,outfit.3fb6cd2d1f454b85937d1540dcf212f0,1598202000,545,31
5224,outfit.915272dd8393bc1d,1627837200,17,1045
932,outfit.e457a3fb8aeb44b99d9ebae19bab9fae,1659200400,426,1699
3103,outfit.a84d98da9b0b4c8d95457d446a4df5fd,1606842000,79,1675
2102,outfit.835db11c96461b2c,1633626000,179,1700
5694,outfit.78d16995b62e40d48f06a20dbf72d844,1631552400,216,66
4725,outfit.8fc193be35a546b987480b6cb5323beb,1638982800,83,670
5208,outfit.defda56477d1496dacd7a61e447be9c4,1636477200,484,840
4463,outfit.229cc0c550f54fb3b3b937bab2abda35,1697907600,36,395
3040,outfit.e3bf7fedde71456db683e017a65e9814,1676134800,375,1452
6046,outfit.4688b412bce3457a9c1727fd38ab4a06,1649178000,395,220
6284,outfit.8fda8ef6cb62ebcc,1609866000,97,508
2623,outfit.c52099f0269e4b6ebd66b79d3cca1d01,1617728400,272,654
2383,outfit.29d4c138b56e4579898dbb7f47f6cafc,1651770000,297,352
6284,outfit.84f782be1a41490f9223e753c8f180f3,1597683600,97,1701
3649,outfit.be42b519d7d245248c41491532ef50b0,1597597200,66,1702
1998,outfit.29c39d6085f345dfbccc23a2f8e274a6,1689613200,262,520
3533,outfit.bcfda2c04c124f0084c43aa7169c640c,1597338000,108,1703
7411,outfit.17996f09f2a84c078a7b0bd718bcddd6,1596387600,5,756
675,outfit.13e5c6482ae340a696f30c156512408b,1643302800,45,1555
5490,outfit.c52b1b61074f48729901d6f3360fbdab,1659114000,104,1704
1589,outfit.aa76777d3b9d4073a342e2093e4ea1e2,1676739600,244,10
3749,outfit.81e52ba208d55e4d,1616432400,49,936
4834,outfit.ad6f853b5c31b6f5,1635872400,131,299
3259,outfit.6705bc03d5e649f4bec363e6367cd89a,1639069200,303,417
3267,outfit.1e1ade9c992d4eb8b7f11cd398a928c7,1621443600,43,1705
3094,outfit.992bf5adcd39d953,1627923600,11,954
1138,outfit.6a8a9e4b00374d0e953550820b496573,1684256400,368,5
824,outfit.1233866861b14f0bb1e9116e90d9a492,1636390800,246,1344
6583,outfit.1b9ab78223b843e08e1daeb660783adf,1655917200,333,1538
4193,outfit.e7180235b62040eb9afeab19f74c5a73,1657299600,278,748
2649,outfit.06ac471d39bf42989d65d70dc6e65967,1688230800,14,1557
5760,outfit.9e28084ee8e94a1d8afe4abe643fa8d5,1693846800,59,545
2532,outfit.f465c31c406c4fc69448ba6a62d76ea6,1620320400,543,776
2273,outfit.bb1024860d8f559e,1679072400,148,1085
1987,outfit.d3972ad336174608b061e6224cb1fad4,1642957200,420,1245
1706,outfit.aa76777d3b9d4073a342e2093e4ea1e2,1646067600,288,10
3041,outfit.fbc8b0687de1468c9a8517d5568431d9,1639328400,76,1521
1327,outfit.8cddb9b88c984068a92d14c539dd24e6,1627491600,425,616
5615,outfit.9617c0965077556e,1706893200,338,577
6310,outfit.841fdd28d3f644c0bb8efd874e818027,1636045200,16,656
4481,outfit.ad6f853b5c31b6f5,1681750800,342,299
4725,outfit.841f070dd5a12094,1659027600,83,1312
4834,outfit.63bcf26d934447e1aa4d53214cef7d4f,1669309200,131,875
6706,outfit.9e20be28268142a1a6a917fe7ae1b237,1604854800,424,1706
1735,outfit.1096c0a926c244b39b44ff523a6ad9e0,1632762000,42,83
3103,outfit.6ac4c823524146de990ca1ad979e6388,1614618000,79,1707
3649,outfit.8fc193be35a546b987480b6cb5323beb,1603040400,66,670
2687,outfit.3b45aacc673049bdac58580de574f957,1680368400,147,1708
454,outfit.b8248f42bf864dabbf1f70840a474142,1717347600,96,769
3533,outfit.148857ae81d84843ae1671986a4e145e,1620147600,108,397
7366,outfit.b0d5835cfb6f4f918690a79fd842e7a6,1666630800,533,288
6011,outfit.96520672b1fc4ebdb9bd3b431609192c,1651338000,114,1585
7400,outfit.d24b8b64d37f4ea29ccc8aeb0c1bbb2f,1620579600,206,216
3279,outfit.4431d4e34e6a4c0fba43aa50395893f7,1630429200,407,58
1516,outfit.97071c364d1944db8c7ae6a9d768a51a,1628787600,238,458
6073,outfit.beb5bb1ab69c3993,1596733200,542,1709
5615,outfit.34b2a2a9779a47f0a1aff663fe8d1c86,1698944400,338,868
4696,outfit.c95b16794434474e8d02306d2f1b6a0a,1651856400,205,1628
4774,outfit.47ffcece5f244f9a9cf888f7f6d16e29,1644771600,334,627
6733,outfit.1185a02614b947abbd217a5ba0b05a67,1675616400,435,766
2364,outfit.929220a63bf843f99474bc2644fcb53d,1627837200,93,129
5722,outfit.690dcda28d044c5f8f134ffcb66cc02b,1645462800,509,1710
3041,outfit.64910701f4974360acc6851b2b0fd7cf,1670259600,76,483
3291,outfit.09a274c103524f30bd8e3fcc3cbab7c1,1627232400,279,962
3227,outfit.4c41406859e04bc7b29036c62ea1b7df,1661446800,223,453
4463,outfit.ea3962c74e6e4b578a4fcee30dfa2aa4,1607014800,36,1711
1933,outfit.e98a6e485b1941d98e43c0e74cc6885b,1702314000,530,519
5303,outfit.37af7c19c13949819ca971b380a9f97c,1718557200,194,132
6591,outfit.2d872cbfe6434c0c9ec15ebfa518a6e7,1657299600,120,1040
4746,outfit.b9e21535cf624b6eac04d3a9708f213b,1657040400,94,827
6402,outfit.11395b1173644fedbcfc219469f27b84,1668877200,335,619
6786,outfit.8bbfae6c08924fb2aafcf709665906a9,1646413200,219,498
7247,outfit.4024086987064c41b6bd30c6871358ac,1680973200,460,406
6940,outfit.6b027f465816489f83945f85bd6f1c17,1659891600,230,474
5932,outfit.e64440c76c164f76b87f4719745f3b68,1652288400,496,921
7041,outfit.b1a8ed1f5b6d4a2f86fb528cc029006e,1634835600,116,1712
606,outfit.235240be067b4381b6441e39d0023721,1648400400,178,1440
5694,outfit.f23993293d944d1b9bf173ca5be1a409,1600880400,216,197
996,outfit.a7b55780d1764599a3ee339fff38d002,1641747600,309,1157
5778,outfit.81ce5109e01d4b7b9f944a3baa35c4d6,1681750800,169,122
2040,outfit.aa10e3ab93793dc9,1599411600,24,442
3267,outfit.a1c7ea9aa83e32c8,1621443600,43,357
3848,outfit.021142f5924f4280bd3948268d35db64,1624554000,145,930
4501,outfit.a189dca13d2e4274afe5758a78f49000,1651770000,381,413
4464,outfit.95cf185dc27fb18b,1681837200,55,151
7367,outfit.fa20f4d239044e7a922e27c5b5fd9f4f,1672678800,1,797
3291,outfit.f78250a23a6d4a97ba23c8194eb9c5cb,1608483600,279,1713
2364,outfit.1cac5f6638f140a3bcd41d5c1cf4bdc5,1617814800,93,790
6932,outfit.abd2e79be5f941a5aa407cc34ff63105,1626627600,409,672
1336,outfit.b809fe3003f76644,1705856400,210,1714
6885,outfit.89eec1f4fc5f40f59a6ea4149a4d00c4,1602608400,88,851
6295,outfit.a935f1495271461689278b60c8d1a25d,1663434000,273,1385
6706,outfit.a38b3b3e20364b78bfcf0bb1eadcc0e5,1599584400,424,536
384,outfit.5d2d7dca81534a789407bce8180af049,1670605200,437,1715
6706,outfit.3261b5e6c4574ee9aacde7740fde9f7c,1599584400,424,470
4185,outfit.113c7b9e83d0435894562f0b5ef41fc9,1672506000,522,1004
3227,outfit.16f24c4eb69a48f1a34117fc6c0a691f,1644858000,223,1277
416,outfit.c5ded4868d344a5bbf49e5c1a3c136f8,1625158800,33,1433
2271,outfit.b02888637a450867,1600016400,259,1374
3053,outfit.b62a06fd0f523bac,1607878800,313,1673
6212,outfit.e457a3fb8aeb44b99d9ebae19bab9fae,1650214800,434,1699
4674,outfit.4cd9a6b549d04973a044716c3448b739,1599584400,12,1716
6885,outfit.16c67c6789f94fb8a10de95277e1a321,1602608400,88,1717
2573,outfit.8e0381dffb04d62e,1638378000,201,553
1626,outfit.5048c556741f4513ade4ab8607e5a46f,1692118800,28,1261
1248,outfit.50a8ff8407894fcb9048249c78732fc4,1618160400,221,1718
1586,outfit.99495169e3ffdfa4,1626195600,23,785
4858,outfit.387c78501d144475a53e61c4043f1d62,1570381200,394,1719
606,outfit.d3739869edc74a0a855e399f5b75a567,1658768400,178,1114
5531,outfit.1b3e2ad0256b4c839afe49dcfcd50b40,1630342800,105,570
5754,outfit.d3739869edc74a0a855e399f5b75a567,1594314000,225,1114
6817,outfit.7a9ac6aae6de40d4b1a260d95de95988,1655917200,514,1138
5432,outfit.e5f491fc4e7e44709b03e381648231be,1591808400,524,1073
3320,outfit.5024e38969364cc2bcb0025151e4ec55,1662656400,68,1631
3518,outfit.a0a46d933783476c9109aafdeeeb550e,1686762000,411,1720
5379,outfit.b6a27dfa0198a9bb,1634576400,102,1350
6591,outfit.b09e135ba34c46daaf3a5495dcec6e83,1717866000,120,78
2649,outfit.e4eb7dca201f42c9b8fae01f44b42c91,1690909200,14,1721
6879,outfit.74034e464b524fad81e47ac5df3f4aad,1605200400,188,1112
2089,outfit.b45f71cef3bf96b3,1629133200,455,233
5778,outfit.ae3c94e801eb4aebb7c3714ec981521c,1647536400,169,37
3320,outfit.f11efd8c7b064175b4997b1ab65b5458,1694192400,68,54
4218,outfit.2a307327642c41fda6f4f1b9d8a8080a,1698253200,170,242
2329,outfit.9c101c6da5bfc6e1,1661101200,212,228
6429,outfit.ded9a0e26ca846ba86ae2eb4f12fe831,1652634000,128,1722
4608,outfit.80603a3d95e4beb7,1657731600,48,467
3094,outfit.656d8c9767e2417d8fad467465515b5d,1597942800,11,811
272,outfit.298b9f94af66454b9f07ebed997e9f9a,1660496400,86,565
3521,outfit.7b4f2169219844b0841ffb1a8c602ee2,1670173200,58,291
4017,outfit.3a5aeafe771d488f84bc18af5db17114,1720458000,296,255
4899,outfit.447e5486379147879a59e168c261d9e2,1600016400,302,358
1684,outfit.c46affd5f8ee4749b1f8e7d4ff47f3ff,1655658000,224,655
6402,outfit.6b027f465816489f83945f85bd6f1c17,1663606800,335,474
5760,outfit.2846db8e50bc49a7a1b5f37be769f364,1693846800,59,446
6585,outfit.fd816aa2311d45c78fd0ab2d663a177a,1610989200,529,342
5733,outfit.a1e7bca1ce3791d6,1649091600,191,1211
3878,outfit.d996a07dfe044baaae7e995c4e6d67a9,1603126800,419,1723
2759,outfit.6b027f465816489f83945f85bd6f1c17,1643821200,101,474
2148,outfit.ecd27d5311ba4d3d95b9b5c3071ed764,1639674000,311,653
5100,outfit.793b193b39194ef19a052aac02bf6c2b,1655398800,261,1724
5531,outfit.9c101c6da5bfc6e1,1638291600,105,228
6046,outfit.3225a86ab6564f8fb0a3992446982bdb,1662397200,395,1725
462,outfit.7395b78d10084aebb906f8f83bfd89cc,1621875600,501,3
2812,outfit.37886c165da3410ca29761ac81f95bf9,1614618000,51,1140
6786,outfit.f14e9c44441c4a5ca2e109af309be3ce,1691168400,219,1146
1138,outfit.6a8a9e4b00374d0e953550820b496573,1663347600,368,5
4240,outfit.7cff339e7950448c8485a2b44205adc0,1629046800,70,1145
7152,outfit.588d78c7613f4e10b418317946a7a186,1612112400,15,1726
6177,outfit.f8e95f5fd1b641a4823ea3c6010e19cb,1647795600,250,254
2205,outfit.935ea85c252f9586,1704042000,132,1228
2402,outfit.85ef135795fc4b9fb082438789d4daa9,1599152400,163,1727
6284,outfit.499d31bd36254c7191245e1d40745824,1650128400,97,96
3740,outfit.29a4e469a1354981b601de67474f6d66,1604250000,231,1692
3291,outfit.3b756132543a45d4a94b9bebb0aaebfb,1621962000,279,1173
470,outfit.083b787389954cc09d79eab4ed0424a6,1607274000,234,108
6585,outfit.7f44b4762bda4246a1aa7cd533047141,1608483600,529,206
825,outfit.bb8aa151e5f63d31,1632675600,113,344
846,outfit.2e4ccc3463a74e7cb674e891ca098271,1606669200,152,1123
1706,outfit.b657867a142340aaa12e133d9835c823,1658077200,288,585
1032,outfit.915272dd8393bc1d,1649005200,218,1045
6212,outfit.9f58acfe6b554e4ca880e378aa7e8e56,1647536400,434,394
3320,outfit.d7f1bc7197b6469db1b9c4faf4071cb7,1715187600,68,1361
6026,outfit.df81c6ba86ef4c3c8fd2976934eb4078,1650733200,398,435
6310,outfit.31c50265a96d4e49aa5394db37e039f2,1651856400,16,938
1586,outfit.c1647a6e778d4245931b540ef1505b1f,1631120400,23,1728
2649,outfit.f11efd8c7b064175b4997b1ab65b5458,1688230800,14,54
785,outfit.b0d5835cfb6f4f918690a79fd842e7a6,1715014800,351,288
2204,outfit.5024e38969364cc2bcb0025151e4ec55,1654102800,307,1631
5251,outfit.527e5a69558c404f81d9d3c68272f67b,1668186000,260,1729
3227,outfit.374273ffb79943b7be144ceb14529592,1647363600,223,803
2217,outfit.8690d4d46fd2436c98f61bde4a65cc61,1607014800,323,1730
4107,outfit.1bf5c2c096dc490f8e8efd7d09e6769c,1651770000,444,848
3291,outfit.e5c71f9ecf564fb39b2815a07e3c7fd6,1658941200,279,1672
3669,outfit.43e73eedf7134d04afd27ea87948ce03,1658595600,331,555
1809,outfit.124195196333488e8ba4d195b96ecbdf,1703005200,211,407
2465,outfit.ea4cdef4b083408eb9410d077f9c929b,1708275600,469,1471
6456,outfit.2a307327642c41fda6f4f1b9d8a8080a,1687366800,157,242
4258,outfit.9abd359ee8d44269ab15d6cbfcd8eb81,1655053200,165,1098
267,outfit.95cf185dc27fb18b,1635440400,385,151
3189,outfit.61a93a8506024e779db658f842e26625,1635786000,29,1192
6212,outfit.cd92590952d54e1d8b3bec0bbecb901b,1676653200,434,471
7070,outfit.a388427605b34a2ab0e19304e54facc6,1662224400,124,1306
416,outfit.de20bfe0e31a4a33b8f0a25e9d93f97e,1694019600,33,1206
3312,outfit.b25f7c6a65a2459c8819de57f27a2684,1599411600,31,1018
3267,outfit.dad7a49a6dd54b0797b841af3ffaad7f,1632070800,43,1731
416,outfit.2121de17fb604c6ea87a3f9b6d0030db,1612458000,33,323
3123,outfit.9e20be28268142a1a6a917fe7ae1b237,1660755600,232,1706
1219,outfit.360831efda1443f6bd7c4c5931b1d189,1661014800,430,894
6303,outfit.1b11be15702b4c59ba76f79ed71df7ce,1664557200,283,1410
3259,outfit.ac52d51d1863129e,1608224400,303,103
2918,outfit.d4498e3094f048d8808f056832637685,1688835600,371,356
3459,outfit.16d009b7c441450183dbace1c9e64dce,1604250000,289,333
4073,outfit.bfad6e38299544e991b1c5f0d92073f6,1686243600,38,1001
2870,outfit.b46fdffcec7c6364,1669395600,354,1732
4276,outfit.a273058ddb56de19,1695834000,494,571
3713,outfit.8f3c92feb1d346a38c17825713a9cb12,1604250000,466,1733
3041,outfit.2392f0645935482bb171c7fd35384587,1667667600,76,815
2508,outfit.76182a281e89442eb859adbeed75c451,1658595600,387,591
7225,outfit.f062df328d7842e4bc5b0c41e309393b,1666717200,337,874
490,outfit.f904f5addd0f4a22863e3a689428b88b,1610557200,227,1734
3382,outfit.372a132f8fe4463f8fdb8d7a8b3f5206,1641142800,229,139
3459,outfit.b4e582b38a10f6bf,1606755600,289,772
6284,outfit.84f782be1a41490f9223e753c8f180f3,1647450000,97,1701
5805,outfit.22ff5d532d24420891c0292df8da84dd,1640538000,486,1322
6046,outfit.9e8dd974e09f44ef886fce0d3557d652,1603040400,395,1735
4834,outfit.fec66293d37940b79dde2c1acd761fe3,1645981200,131,1427
5734,outfit.b3d31d76ede3d815,1640710800,353,310
1522,outfit.a2883b9efb1b4eb889e269c98e09f661,1600621200,121,704
5694,outfit.203f5d33e7324d65a1d8175b3b910416,1699894800,216,127
2681,outfit.ec471fe2ed734d1fa37ce1b2b0088619,1637254800,512,1736
2022,outfit.9d48b49a73e3ee2b,1687366800,149,1737
7150,outfit.fabccb7729514b23b386e2f93064548c,1627232400,284,901
4779,outfit.8a9a59a3ebbb46a8bea05ebe9599a1c0,1627837200,502,1617
4404,outfit.e6abf593ad3949cd8a2b345ed4249ff6,1644771600,91,120
5695,outfit.4644eb6ccd594982b873ebfa22d1fe61,1639501200,44,1738
6038,outfit.268878c3e3e24d98bbc6e9770e2eb44c,1627837200,465,1170
2833,outfit.89c2a6a730c324a0,1656349200,54,341
269,outfit.656d8c9767e2417d8fad467465515b5d,1619542800,452,811
1336,outfit.767c953e45b8447eb7ff8d44dd5b65e1,1692637200,210,602
675,outfit.118f15046d0b45d48929bb91df474761,1601830800,45,755
6858,outfit.671c37e96f5247e68b198e2a61dbe34e,1689354000,367,699
3740,outfit.342ecd6e76d54f2b8e2cf31ece991f48,1612890000,231,740
7244,outfit.d751f378f5214d2e941994a9ecc4b046,1687712400,22,44
6318,outfit.bb72f30cdb4246d1bc47ff8b17cf4162,1597856400,26,226
4461,outfit.22c011b90cf34e56a9613321cd35514b,1638464400,154,1582
3243,outfit.3f9b25249293481cac7469b68f545c7b,1699549200,539,393
746,outfit.e172da755f4248f4af3241dd47efae12,1574614800,209,1426
1219,outfit.2347aaf8e3e34c34977a3682e0b3bdbc,1663693200,430,1739
7342,outfit.6ca970d4e98f47e085d82952693a215f,1716310800,410,1740
3521,outfit.c71e9a58962a404b9d6c8df867b4b392,1714842000,58,873
1390,outfit.940d8268582284b6,1651510800,77,1741
1998,outfit.0dba9d16e2e54e58ad650f0ecc2b3ea5,1643907600,262,1118
6988,outfit.1c434db5b4cc42b8a656625c4d93fba4,1660842000,81,1742
3432,outfit.af5cb730014e66b0,1638205200,153,1743
2500,outfit.3eae986d05314414abe4ab66b1f1d94c,1692637200,150,1744
6310,outfit.8cbb77c85f07443e9c2e6687e4131a45,1654534800,16,250
3956,outfit.a38554cc5999458397c5f190f0f3c38d,1680627600,462,99
4501,outfit.10702960934e47ca8b83d90cb167b470,1696525200,381,359
4194,outfit.f28fdb12e7c5455daa2d0de52c9ccd8f,1654275600,110,1745
3721,outfit.a5c559f08448bea7,1595178000,112,1746
4452,outfit.77accd502dd8426bb3b8772f0f33c9b9,1596992400,306,1747
4193,outfit.b1ddecd27b94476d833c0ea2c2bb6d3a,1686243600,278,1400
2619,outfit.e5c71f9ecf564fb39b2815a07e3c7fd6,1679936400,290,1672
6304,outfit.55bf4bdcb79e4027987f9b8c7eafe314,1687626000,537,850
7409,outfit.ef7ddc016c5c46129c32f5676c077449,1662224400,535,1748
5118,outfit.6e67b1da956c4635b7d67622604d2bbb,1597597200,158,1072
1447,outfit.5b99177128de4ffbbdf6b5255d411f15,1667322000,174,1627
2170,outfit.dc762a7b6d30497b983f8127846123b0,1640019600,19,1632
6364,outfit.31db3530dd7749a5b342e0650a8c8b7a,1624208400,518,1749
6319,outfit.3a5aeafe771d488f84bc18af5db17114,1659632400,34,255
1382,outfit.142a3686d9ec47afb71932e592f45a92,1603645200,20,625
3094,outfit.d4d71ae7c0194db7b38fa774db0981f4,1600966800,11,304
2815,outfit.e9e6ef522291496dacaad16160c8a8f2,1660064400,384,1153
2040,outfit.6dea8453a7dd4701830624eeea14bf9b,1594573200,24,30
3441,outfit.c8c5d18e8365419eba926afed7344dd7,1687971600,436,1035
416,outfit.ae77f7b917ff4730a2300bf43f24735e,1641488400,33,775
3956,outfit.b6f4e6d64e3144d2b528b6bf75e5ddcd,1654362000,462,1750
6631,outfit.bb35c791b2bfa191,1632934800,467,1544
2170,outfit.e837786453834dce89358fa547d891c2,1616346000,19,1423
2040,outfit.f78250a23a6d4a97ba23c8194eb9c5cb,1594573200,24,1713
3227,outfit.b42337853cae4f66a2e7640b6845d2e5,1640538000,223,597
3477,outfit.80d3fdb1a7ec49bb,1574614800,133,1751
3192,outfit.56cc017ee10f4e77a002829e408687ba,1602781200,52,886
1840,outfit.906fccaad75a644c,1622739600,141,1752
6519,outfit.9c19cb240c0c06d1,1635440400,377,614
4218,outfit.ae3c94e801eb4aebb7c3714ec981521c,1682442000,170,37
824,outfit.360831efda1443f6bd7c4c5931b1d189,1639587600,246,894
3094,outfit.866385e680f6475e8b2899e2bc30a1fe,1674666000,11,857
4333,outfit.25ff5e5ef4b541d79324a66515f1d89a,1638464400,546,298
1354,outfit.8de67bc21e388b19,1696525200,301,1753
4519,outfit.13b4586fba46462abebff1b7b145e499,1626195600,60,47
5169,outfit.9617c0965077556e,1656522000,389,577
4608,outfit.05164954243a4c5cac4930572105ed27,1602003600,48,1341
1784,outfit.1ef0bbcac4054678bea5622eec91880a,1625763600,427,642
1382,outfit.0e79f46fd9f344bdb7c714ffce9e98aa,1606323600,20,300
3577,outfit.bbdd99b53f925ae3,1647363600,136,281
1922,outfit.f2eb7517a30f4a00843b499d81bab69c,1628701200,458,1754
454,outfit.d7bff1b799a34575a47ce0f531791c9f,1654189200,96,1755
4960,outfit.defda56477d1496dacd7a61e447be9c4,1670518800,198,840
1706,outfit.84b3db8e945423dc,1645117200,288,1756
7413,outfit.78778f72774d4269abd8410a9511fdf6,1598893200,483,1209
2796,outfit.48cf5d6579da4369b03b1f04719b322a,1658768400,27,675
2273,outfit.993dfa12c54fc46f,1647536400,148,1183
3459,outfit.11395b1173644fedbcfc219469f27b84,1612371600,289,619
5100,outfit.978a2705fa024cc6986b47b035e78ff8,1671210000,261,1757
5224,outfit.50c5d21a8bb0414b9b8d7ae5d0f9754f,1643821200,17,1758
3432,outfit.79a40865291e442bb6473767b615d4d9,1651165200,153,1759
2204,outfit.47ffcece5f244f9a9cf888f7f6d16e29,1667322000,307,627
5695,outfit.b8b6253b118140448c36fb7b55fdce90,1644771600,44,981
1237,outfit.24e1bde79f694d5aa980e0c889fa29c4,1634576400,25,564
7101,outfit.cc30aac83a794a269779fc0b2984abba,1613926800,8,51
1705,outfit.27a3cd48834e43b2ad991c05136ee880,1678035600,318,1551
3094,outfit.92396971987c812b,1600966800,11,1165
1881,outfit.50968c211b5941648f6519e289b84da7,1692982800,316,1402
2148,outfit.292fc161ab8a48d59af997f56cce1cb4,1666285200,311,1012
1497,outfit.cdf556b326334303a52f2df9eb42dd3a,1645376400,352,1459
2040,outfit.7bf81ddabaf04521afae88cc4b70ef8f,1599411600,24,784
4638,outfit.cba27389161e42689734a7912d8904a3,1710176400,46,1760
262,outfit.92396971987c812b,1637859600,382,1165
621,outfit.7ba3a82d83c24f4096668fa3c59b2c54,1623344400,193,708
3624,outfit.5e119d066b62498491b2919f0453d803,1664298000,151,1697
5778,outfit.b9e21535cf624b6eac04d3a9708f213b,1663434000,169,827
2892,outfit.9f58acfe6b554e4ca880e378aa7e8e56,1625418000,370,394
1138,outfit.f376dd31f0194adead88365684ce1e14,1671210000,368,1437
2762,outfit.66dd95a10af54a18ae4b24b3702f869e,1608224400,252,1598
4336,outfit.7395b78d10084aebb906f8f83bfd89cc,1653843600,119,3
6907,outfit.3b8b5f19d5fc4d66ab636569a6c9d030,1625072400,32,1761
1770,outfit.841fdd28d3f644c0bb8efd874e818027,1668618000,293,656
3577,outfit.8400c26ee9d435bb,1692118800,136,1762
1586,outfit.89a1a2941012477c83e6f9aaf2f144c8,1718470800,23,963
7150,outfit.a3d27b283d42172d,1623603600,284,79
5734,outfit.32722b47b465460e91c775e73609e78b,1637600400,353,1616
6026,outfit.337cc518c38b4bc18d879987d91b073c,1620925200,398,1528
5531,outfit.9b7e2e060c874d3287c4cee69860679a,1614618000,105,157
6907,outfit.5b56622d721d4a359d14507923450d0f,1598893200,32,1232
5490,outfit.f1ed4ff2e21a436997e35b1c918c304b,1659114000,104,1207
4452,outfit.b6dfe60b7a8c421f9de22342860f17bc,1594573200,306,224
902,outfit.d1404a07cbda4bf68dd8d57cb0e32207,1665939600,304,319
1987,outfit.ad0e0bb9c3ab3cb3,1649350800,420,309
4674,outfit.6382007b5e4e4e5ba3ddd8571427ecb6,1602176400,12,1763
262,outfit.80333429732852d4,1643043600,382,890
6592,outfit.8ed6e4fedeb67e87,1604422800,129,945
666,outfit.64a0e45c83dc4304becbf6218ac02fb8,1655398800,468,1278
4276,outfit.d89c1051a315434d90b87a3ea5aa1ea3,1667062800,494,1239
356,outfit.25ff5e5ef4b541d79324a66515f1d89a,1624208400,358,298
4193,outfit.efbeb50344e54028b243698b3dd1b700,1642352400,278,256
1354,outfit.839e3ef745704a72a86272840cf862d4,1691254800,301,140
6456,outfit.bb1024860d8f559e,1674320400,157,1085
3094,outfit.b2194a655acd4fc683da0607aed980aa,1603990800,11,1395
3649,outfit.b5efe9b9e6104f0796fe1adc5650e75d,1592326800,66,1210
1336,outfit.cb29aca3f7be4551b07a9d1b02957e02,1705856400,210,95
3192,outfit.df13ea56a17d4fad9fca92caa307b02c,1644944400,52,807
4409,outfit.a388427605b34a2ab0e19304e54facc6,1699117200,347,1306
4558,outfit.f102748bf7fe46a2a9a3eb170410b6bb,1591894800,300,998
5736,outfit.849c7f2e055c46478710a291b5ffa5db,1671210000,139,1764
6526,outfit.4431d4e34e6a4c0fba43aa50395893f7,1667926800,62,58
1896,outfit.173befabe7a14130b0e646ca4152150c,1615914000,90,231
1626,outfit.d933a0b2120d4102bcfe5f51886dc0e1,1708016400,28,1608
7041,outfit.b4e582b38a10f6bf,1637600400,116,772
5760,outfit.e947dbab69e64c5a85f1fe565b5f3a49,1646413200,59,372
7411,outfit.14b7969c5bef4051848ecc977eef38a2,1652893200,5,289
6706,outfit.c2c7871b40df44969ba85dea0f927f42,1602435600,424,608
4336,outfit.32684b5443394c4a91606c9aab8d3cdb,1648573200,119,1147
7411,outfit.0f545b5ba1274c66b2896afdcc48c5d9,1700326800,5,1425
4725,outfit.72b64826af9f427e9b51b108ff3d5ba2,1677517200,83,1071
2519,outfit.2684b038d1e64fa1814b56b51b834047,1601830800,327,935
7411,outfit.1072872925cb416299b831528deb0b33,1697648400,5,1765
3669,outfit.2b58c1736f264448af950c49ea4b5d14,1711213200,331,1766
7048,outfit.2a307327642c41fda6f4f1b9d8a8080a,1637514000,190,242
2364,outfit.b6f7358d6feb42ceaec950e6b66f4a34,1643216400,93,404
5661,outfit.fc774521956e43c1b7b989272f5dca23,1675789200,386,149
1374,outfit.a95a05ea858446c38ffd5535ab65a392,1625590800,6,753
1586,outfit.aa160ca041de17bb,1665853200,23,419
3267,outfit.81e52ba208d55e4d,1629392400,43,936
572,outfit.ac52d51d1863129e,1638723600,35,103
1382,outfit.ba142263ccbf4c89848b29f8eeea4651,1627232400,20,1767
1382,outfit.9632d3d89d835c67,1608483600,20,1768
4170,outfit.005123277cc440ffbac2d52252cfcac1,1638464400,87,1769
7070,outfit.0f8b461931a94b419de690621a0582f0,1654275600,124,1770
4769,outfit.bbdd99b53f925ae3,1608224400,85,281
3230,outfit.0c3cac26eb674e35a4602a369b146592,1602003600,328,813
5208,outfit.ce53377b121b4648abc0a3c97e58bff1,1636477200,484,1478
1497,outfit.d8909288c79b4df6b6547aa381d360f1,1647795600,352,204
3192,outfit.a34cdcaefffe44c89674b55f96a03950,1629046800,52,507
2040,outfit.e3beae7266754b369fb289ece8c757ba,1610298000,24,87
7244,outfit.96cb494dcb47696b,1615136400,22,477
2869,outfit.5b99177128de4ffbbdf6b5255d411f15,1685984400,256,1627
560,outfit.f7826f04ea8643d3b68964a5ab27b0a2,1658422800,67,420
5224,outfit.790f5da62cbc479694f4df750c3a76c7,1659286800,17,711
1348,outfit.2327c16896b343989de61510ab6f3c40,1645722000,324,648
3749,outfit.8a6d7780e2644bbfaa7695900a8266dd,1608483600,49,1266
3103,outfit.346aca2ad2134d0e95967b333990925c,1627923600,79,1116
3147,outfit.9d5c2d8415063b7e,1623171600,161,1310
1831,outfit.7ca0d67e06f7491f926b46e7fbdbd32c,1702832400,432,343
490,outfit.56663aaf60aa4b5c8267bed372c72677,1600016400,227,68
6526,outfit.3260a6894aef41329983b153a3c022ed,1667926800,62,161
3521,outfit.abf8682bf7784e73af89ebfd6d542df0,1659632400,58,872
4149,outfit.15c97a5fde81407f8cd5be88a178efdc,1620666000,376,1568
1041,outfit.853997984302460e92bb9f8335ca5a0b,1629046800,405,810
5760,outfit.aecdd6d2249e8bc7,1667581200,59,448
7411,outfit.ef7ddc016c5c46129c32f5676c077449,1628701200,5,1748
2040,outfit.8619bf33395941ca8a9e98931e1462ff,1596992400,24,1042
470,outfit.9d3b8dd5711d3657,1607274000,234,917
3103,outfit.8102ab9ef36547d1b50627b45fe5be95,1599066000,79,332
3510,outfit.ce53377b121b4648abc0a3c97e58bff1,1669568400,239,1478
4603,outfit.35040533aa374146acdf6819785d4b85,1635094800,162,924
6303,outfit.c815d15af6ba46c580927f9bf81122f0,1672506000,283,1263
5760,outfit.4c41406859e04bc7b29036c62ea1b7df,1691168400,59,453
5615,outfit.d14ca830a51d455ca672e1f11d4554d4,1706893200,338,1354
3265,outfit.d948ea24ce8a484db5bd640400d50cce,1600362000,490,1490
932,outfit.ac93e6bc39c341dd9592de80ee57e522,1659200400,426,493
950,outfit.35331fbfbbe04b9ca3dfc1535cf148fc,1634576400,378,1136
4463,outfit.ed5a5a066ca647b6a9aaeb1ec8e7ee87,1649264400,36,416
5778,outfit.b9311cecf65f795b,1671296400,169,481
2022,outfit.3a4714a8bc0e4d4682f7d592ae0758fd,1674320400,149,1771
6591,outfit.b068cf45c37e4aeaa1cff939a86e759f,1675875600,120,669
2205,outfit.682cad04f9644aa692e0326d850b670d,1677603600,132,1470
5914,outfit.8ed6e4fedeb67e87,1599152400,74,945
4725,outfit.c71e9a58962a404b9d6c8df867b4b392,1648486800,83,873
6965,outfit.9e28084ee8e94a1d8afe4abe643fa8d5,1604854800,125,545
3147,outfit.b45f71cef3bf96b3,1673024400,161,233
5531,outfit.7f13839eeae444e79acb75451f623074,1701882000,105,1342
1319,outfit.6705bc03d5e649f4bec363e6367cd89a,1658768400,464,417
2884,outfit.23596174e2b1478385adda8f5f48416f,1670432400,473,567
2833,outfit.70b441e6ee444f86a12921f85e5c2002,1636304400,54,297
6907,outfit.96f7210a2ae0aa93,1651424400,32,24
4336,outfit.f28182fcffa64738813bde8ce70db7cb,1643475600,119,430
5852,outfit.924f4c42857340e68e7e874fcd5c6775,1626109200,134,306
4834,outfit.1bd222290ef949289385cfdc1a02c20d,1638118800,131,1572
2799,outfit.1f8f1544736b40b99c3485150d68342b,1708966800,183,860
5144,outfit.0bb30c1818f44d50b81b7ddf2663b839,1702141200,217,1772
7152,outfit.092ee39646f34dafac13607ee3c17215,1607533200,15,1773
6734,outfit.cd218662a26c4c29b372ed1563cf0ced,1628096400,202,251
5852,outfit.2fe31ac153bc422c945294c342de95a2,1697475600,134,106
4169,outfit.83e56eb73d8f0127,1597856400,547,1189
6526,outfit.81ce5109e01d4b7b9f944a3baa35c4d6,1717866000,62,122
920,outfit.ad412f59706c86b8,1602176400,525,695
6303,outfit.95c292eefaa5453bbb381c3117b7b152,1659286800,283,143
6036,outfit.b1a8ed1f5b6d4a2f86fb528cc029006e,1653411600,180,1712
2703,outfit.8e0381dffb04d62e,1650042000,236,553
5897,outfit.c8c5d18e8365419eba926afed7344dd7,1622134800,511,1035
490,outfit.b1adfc4204c602e5,1631552400,227,170
1386,outfit.7d69ae2f5dc641bca0eed4b1dfc17ac8,1667581200,189,39
6781,outfit.48cf5d6579da4369b03b1f04719b322a,1618160400,146,675
2687,outfit.ee0dfdf3b9a349b591e78712514e2f5b,1646154000,147,932
6414,outfit.15d79dfee61f4e1a840f3fa2368563de,1633971600,144,763
7185,outfit.bbd662557126462f84e4912812fc1be0,1602781200,416,794
4834,outfit.9e90f563acb38233,1664038800,131,660
416,outfit.f45e25a44bdd429991e9186db7fa64e5,1604422800,33,967
1083,outfit.e17a0df1f70743e590827d7df93bb7f4,1570986000,233,119
496,outfit.501f59ab11f94aa1a28a566911f8a8be,1681059600,294,908
4107,outfit.9e90f563acb38233,1634490000,444,660
6081,outfit.a9f2bcb6885fe60a,1609866000,92,384
1933,outfit.3f10ec37bde34db685d87cbdb7ad1575,1694451600,530,1105
5887,outfit.55e47b50f0dc4852a5784fffafa63488,1643821200,489,521
361,outfit.074a10af152c489ab0ecd8d67fa60fb9,1658509200,197,1087
3521,outfit.ae538ccb6bf14a858b0f66458e592872,1691168400,58,221
5722,outfit.09f131a3a13141da9b70638289d27de3,1628701200,509,1458
6642,outfit.5862a9386cbc4ff29e9892f49274c243,1614618000,312,7
6591,outfit.9d9a208f27af4ef5b822e26affe1549a,1720458000,120,1774
1922,outfit.012a4c0079984d719f3f2626bb60b374,1631725200,458,1050
6907,outfit.57d3d071648f425f900f33b203e013c8,1717606800,32,1281
7371,outfit.abe450dff4d74a5ba0d20c3a5d55e409,1599152400,18,198
3924,outfit.f5e7d2d5b6524aa8afd7e9cc3a1ef67d,1690477200,204,107
4452,outfit.90905e386df640ff96ea108db7afabfa,1599670800,306,1775
4318,outfit.2ac58ac5808446649bf9adbb74a55dab,1654362000,487,1776
5430,outfit.4b2a9c705f844b229cb293ba66c8ddf5,1615395600,450,1331
4218,outfit.8ad0bb9029424a069f82d58c44b0d7fa,1610557200,170,450
5760,outfit.f7826f04ea8643d3b68964a5ab27b0a2,1691168400,59,420
2085,outfit.b26dea94dbd147919dbe9c6378c9c52f,1661446800,172,266
675,outfit.206df08f735c415bbcaca8d70e762971,1698858000,45,649
7041,outfit.514093f168604338b66059bf9e4e900c,1637514000,116,1777
4558,outfit.75fd35081c884af28940d854e0a8c67f,1596733200,300,468
446,outfit.85244edf68884b9fa35758fe33b84612,1594832400,0,225
6380,outfit.a94fbc2c00c0d099,1634576400,196,1778
5760,outfit.ada6bb8993e7a05e,1651683600,59,701
3094,outfit.abd7e59260904f73ba0937d81996a9f2,1621875600,11,1003
2250,outfit.33775c3acbcf408aadc5a2436d0750ec,1687366800,265,909
2649,outfit.3b49ff8bbdf2444a83abcdc0fbb45f01,1717261200,14,1507
675,outfit.908c317a79634a2f9f14d86283135c0b,1595782800,45,45
6818,outfit.8f34384795bfc03e,1598893200,402,728
6526,outfit.97d97dbf860e43f8b123511d01711aaa,1688835600,62,837
6118,outfit.b45f71cef3bf96b3,1574874000,7,233
7101,outfit.abe970f711444589b6ce9e81bf35615d,1613926800,8,126
3259,outfit.c39cd97f51b243e5855fb09a7513f94f,1614877200,303,1779
746,outfit.4f88de908942498980138fc606c745fb,1573405200,209,302
2833,outfit.2c789fb5fc554dbd8dd86e423e809ff4,1622739600,54,915
1248,outfit.c93e99cc15dc4420994f40954bf9d8a8,1681232400,221,278
1831,outfit.9ce064a4d8b5b825,1700240400,432,871
1138,outfit.8238ed2091e347149ddd6114aeeb2655,1678986000,368,661
2884,outfit.6537917dc4e440fcb5793037388b3d7f,1701968400,473,461
5680,outfit.ce53377b121b4648abc0a3c97e58bff1,1634490000,21,1478
2703,outfit.05a3c99a55404dc8984fde902ccaad18,1671123600,236,115
7026,outfit.d9c02686a2094291837d95d09384481b,1610902800,308,1514
6907,outfit.b82c3360fbcd411683eb135b6450e7fd,1627837200,32,923
6284,outfit.d751f378f5214d2e941994a9ecc4b046,1600275600,97,44
2205,outfit.37d643c47053474a96acb8ca1069368b,1600189200,132,1171
4149,outfit.01601322d21a422fbc2db49c7866e264,1623344400,376,385
4318,outfit.987e9a7da88098db,1651683600,487,1534
1716,outfit.853a99845bbe4b4884e0a6a1c289bd05,1625158800,298,566
948,outfit.9e20be28268142a1a6a917fe7ae1b237,1648918800,249,1706
4463,outfit.3037fa72ade7482e8c13863bc447c11c,1657040400,36,460
1773,outfit.bc2d17659e8b4d6b8bae2675b1c9dcd9,1696525200,365,1643
5169,outfit.2846db8e50bc49a7a1b5f37be769f364,1682614800,389,446
3846,outfit.372a132f8fe4463f8fdb8d7a8b3f5206,1630429200,118,139
3230,outfit.be1cd8f914742de6,1602003600,328,1419
4185,outfit.6d6fe6b3b2514ecc8c47947292874f90,1664557200,522,475
2762,outfit.95a9732c69cb1e4c,1616086800,252,277
2383,outfit.207232e414dd46e5b7352becfd9e53e5,1680714000,297,168
414,outfit.1b068bef871542b69522f45a4bb412db,1708621200,373,1780
1840,outfit.6a0ee820e93d45bb86077aa56e1c231a,1654189200,141,1043
5100,outfit.6b8d0d5720af4e33af8dff7afe7b0ed3,1676566800,261,636
6402,outfit.8fda8ef6cb62ebcc,1668877200,335,508
606,outfit.d21f3628771b4dcebc478c94a456d999,1695661200,178,946
1706,outfit.b49e6f1cc73f48f9a6329311214ee57f,1650819600,288,457
5379,outfit.f233488767cf4bdf93f717f7d42c0cbf,1637168400,102,861
3669,outfit.3bf44cf3a9d8493eb057521c2f3e88e2,1695488400,331,1076
7371,outfit.a5650c1bada909fd,1599152400,18,1781
3267,outfit.4f7f49256cb04353a63a140320de900e,1605805200,43,1782
3267,outfit.9b0a47dc97c7ecc8,1613926800,43,376
3267,outfit.dad7a49a6dd54b0797b841af3ffaad7f,1664211600,43,1731
6879,outfit.9d97d017a5c747ac89d59efab886369a,1602694800,188,466
4640,outfit.e796e7141e9246b5a7a9cd70ed30fdeb,1617037200,245,1783
2833,outfit.6a0ee820e93d45bb86077aa56e1c231a,1628010000,54,1043
6907,outfit.81e52ba208d55e4d,1709658000,32,936
2273,outfit.1185a02614b947abbd217a5ba0b05a67,1640192400,148,766
1878,outfit.945c07b5abe74714bf79b94a7b9a9383,1653584400,3,1784
5760,outfit.9f16b609a91c48e3,1667581200,59,109
4906,outfit.305bde2827b34ff192d1271ddb0e50bb,1596042000,4,939
680,outfit.4b2a9c705f844b229cb293ba66c8ddf5,1681232400,510,1331
6298,outfit.848a85ca39d3fda6,1622048400,404,1353
675,outfit.1e33dfb5c66847f29088ba6717b10f75,1627405200,45,1415
2556,outfit.676f2b8ab3894ff293c0fbd62398bc05,1629738000,329,721
5733,outfit.23596174e2b1478385adda8f5f48416f,1659632400,191,567
5031,outfit.113cdf3f57984c3a9cc75afd5bf45c03,1641402000,480,745
4998,outfit.b33b5cbbea204ab79a1060c3a17546b3,1676826000,220,662
2170,outfit.ded9a0e26ca846ba86ae2eb4f12fe831,1611162000,19,1722
7244,outfit.8cbb77c85f07443e9c2e6687e4131a45,1661446800,22,250
2402,outfit.bbd662557126462f84e4912812fc1be0,1596128400,163,794
572,outfit.c5b61903ca9849fe830fd86f7cb4da50,1670778000,35,447
456,outfit.817cf154a066e6e0,1626627600,287,957
4218,outfit.0dcd9f8fa95a4d81a7bb43df05668e4d,1613322000,170,1785
2273,outfit.aa76777d3b9d4073a342e2093e4ea1e2,1666026000,148,10
2573,outfit.0d0727d0c03f453495eaa85dc17d382d,1633626000,201,187
6911,outfit.cf8979c845a44aa79fb194f54383b150,1689008400,401,1786
3051,outfit.9d3b8dd5711d3657,1599152400,396,917
5897,outfit.ae538ccb6bf14a858b0f66458e592872,1622134800,511,221
902,outfit.9f7434145481442191419433bd1aa953,1658422800,304,1787
4818,outfit.1da2e77fd6594cb7bf3e7f4dd0e187b3,1716742800,439,1788
3094,outfit.75f72fc891604734a37a5ab96b006367,1609866000,11,943
3267,outfit.9186c9c2c5c44937968d8683b56c26ba,1611075600,43,1789
3669,outfit.0fdacd78ea72476d9688afaa61fc5c42,1656003600,331,812
3814,outfit.374273ffb79943b7be144ceb14529592,1602176400,499,803
4464,outfit.4d87f217c19241cf9a4feb9d75638e1a,1660842000,55,353
272,outfit.d52f6e55c56a4d6ea952522543d06fbf,1665766800,86,91
454,outfit.7e42814501954a3ca6c89f717ff2bfd7,1635699600,96,1790
3312,outfit.a995ea509cd69726,1623085200,31,1377
2217,outfit.609f102d66db422da0587164e5faba1a,1607014800,323,1791
5805,outfit.edf01c8ca8f64059a8afaf72b4ba5eb3,1632157200,486,927
1586,outfit.a0358734a2b24bf6b531d86101378b7d,1678899600,23,1792
1585,outfit.804540f3384690cf,1664038800,241,1793
1382,outfit.2204df2016c84afd873a1d7e09f6ec75,1692032400,20,544
6642,outfit.bf8385f15d6d468880c5e654f7599cf1,1614618000,312,1015
4818,outfit.408993ce568a4791a30e71e38ffce749,1708966800,439,1794
910,outfit.a19d17a0915646ec9feaa760d03d1fe2,1598288400,109,1795
2576,outfit.cf1d104fc65c4fd987d195e2a58e588a,1663866000,477,1796
1735,outfit.d933a0b2120d4102bcfe5f51886dc0e1,1652720400,42,1608
1706,outfit.7df2526a1c3c4b10b3017e7935c30629,1650214800,288,958
6212,outfit.c05f7a4778004af4b50ca321d248f1e9,1637686800,434,779
1819,outfit.648db79508724c99ab948e953e4813a7,1638810000,349,522
680,outfit.527e5a69558c404f81d9d3c68272f67b,1647018000,510,1729
3924,outfit.a34cdcaefffe44c89674b55f96a03950,1664470800,204,507
6879,outfit.12ca1b6aaefb46af8208fe008f3eb4e3,1615741200,188,144
6940,outfit.ae3c94e801eb4aebb7c3714ec981521c,1665162000,230,37
5736,outfit.a3d25f31c9758d32,1665939600,139,401
4810,outfit.7d5e7df1d7e44528bca8d9859759042d,1664211600,228,65
4887,outfit.13e5c6482ae340a696f30c156512408b,1679158800,457,1555
3291,outfit.56dec64c8c834afaace780273bbde124,1635181200,279,667
3094,outfit.05ea7abce4864a959f73627ba67cdb93,1638982800,11,1797
3875,outfit.7bf81ddabaf04521afae88cc4b70ef8f,1625504400,400,784
86,outfit.f11efd8c7b064175b4997b1ab65b5458,1647795600,164,54
1792,outfit.8feb7001275554c8,1616346000,199,819
4137,outfit.abd7e59260904f73ba0937d81996a9f2,1638205200,399,1003
3103,outfit.d3ca7df0bdfc41fa91877417e2eb8315,1635872400,79,1499
3846,outfit.992bf5adcd39d953,1622653200,118,954
6936,outfit.05ee1828c13a47c29f06de6d993fbafe,1679763600,226,1798
7185,outfit.deb2675432704b1e8048f6f90c102a00,1602781200,416,806
496,outfit.94fee721c94da3bd,1688922000,294,1318
4218,outfit.a7b955473f2248a8a818455cb08c9e79,1708880400,170,285
4169,outfit.f102748bf7fe46a2a9a3eb170410b6bb,1597856400,547,998
1447,outfit.fa20f4d239044e7a922e27c5b5fd9f4f,1662051600,174,797
1626,outfit.09a274c103524f30bd8e3fcc3cbab7c1,1689440400,28,962
3103,outfit.d72f9d58cad643e9964ced2cf3bd30a3,1612198800,79,547
5695,outfit.29c4a457231a489cbffecc33717d3c5b,1604250000,44,1799
5593,outfit.95736bee85ac4163ad8a60e8e6a0ddf5,1643648400,362,116
6011,outfit.63fc53c3d8784dd39553a33d54ff4921,1696093200,114,673
902,outfit.2a4decf449b64584804dad1d704f4ef1,1671642000,304,914
1248,outfit.75fd35081c884af28940d854e0a8c67f,1607014800,221,468
416,outfit.be54589074780d08,1688662800,33,61
3347,outfit.5b56622d721d4a359d14507923450d0f,1587056400,314,1232
2329,outfit.03a5ffb8c27947de936564061de3d046,1684688400,212,1639
6907,outfit.4b2a9c705f844b229cb293ba66c8ddf5,1704474000,32,1331
6287,outfit.fc774521956e43c1b7b989272f5dca23,1570554000,140,149
1390,outfit.c7f8c0ab1c36417eb3a7dea515d2a0e7,1638291600,77,1217
6310,outfit.fcd37df89e7341dfb75d074f0d092396,1641747600,16,1516
3094,outfit.4f88de908942498980138fc606c745fb,1652461200,11,302
2250,outfit.8302402a6e8e8e8c,1663779600,265,518
1282,outfit.b1ddecd27b94476d833c0ea2c2bb6d3a,1718989200,344,1400
731,outfit.3b32e75fb8984ec9ad5d8ccb79999327,1638291600,39,1044
3147,outfit.a02f335a26704f80a01232079d662ff4,1638291600,161,1156
3320,outfit.8609dd7995e147efbdf631d515d34bed,1694192400,68,90
3459,outfit.5241f5b777a147bbb786de5bd171be85,1601485200,289,272
785,outfit.3b2ed909c25f4ba28abf27a3ba98f5d0,1638205200,351,826
6834,outfit.11395b1173644fedbcfc219469f27b84,1651078800,106,619
6372,outfit.7d69ae2f5dc641bca0eed4b1dfc17ac8,1669568400,143,39
3459,outfit.d21f3628771b4dcebc478c94a456d999,1599411600,289,946
446,outfit.d141393e8f8247db9c62121a790ed9be,1638723600,0,1800
1207,outfit.95736bee85ac4163ad8a60e8e6a0ddf5,1634576400,361,116
5694,outfit.801f1b35886e42f6907ec4709420c7e3,1615136400,216,253
3312,outfit.4238aa017620494dbe0724f9b8f8f702,1634230800,31,240
4817,outfit.13b4586fba46462abebff1b7b145e499,1604250000,203,47
5778,outfit.93fb65b596dc4d628b4812d30178a4dc,1684342800,169,768
5236,outfit.8a6d7780e2644bbfaa7695900a8266dd,1638291600,310,1266
2762,outfit.a95a05ea858446c38ffd5535ab65a392,1635699600,252,753
1933,outfit.9acab5019c4d4b24bd8ad51412404e87,1702314000,530,1801
4183,outfit.d89c1051a315434d90b87a3ea5aa1ea3,1673888400,548,1239
3459,outfit.b7e42c6a4cc546d3936a1fc797a1b4ef,1598893200,289,1336
6535,outfit.9b7577b41e374c5d8debce0abc0466de,1634835600,549,1186
4463,outfit.e3bf7fedde71456db683e017a65e9814,1609866000,36,1452
490,outfit.6b027f465816489f83945f85bd6f1c17,1678554000,227,474
4834,outfit.b58b4d9011806e34,1632934800,131,318
6284,outfit.8f107798337996b7,1597597200,97,1802
3227,outfit.d71dd7d70f184d10b2bc26105f3283d2,1653498000,223,789
2340,outfit.be670e741ed74f9597a28f8bb3e5e537,1624208400,269,1301
4853,outfit.682cad04f9644aa692e0326d850b670d,1638291600,175,1470
5645,outfit.a5bbbf5301db4e5b8b1e2532cfd23a24,1666890000,237,1196
1382,outfit.4c8d6c10b08440fcb06d8893d705124b,1632070800,20,396
6907,outfit.4b4a8f000a6b46d7a97df90ba4cd9874,1643648400,32,1163
5754,outfit.2c4583bd98d748f29b7f7fb1cf6c43c4,1591894800,225,1379
4218,outfit.02323792c3fc471186d9e7c2debd393b,1615741200,170,1197
7150,outfit.df1d0f1d24dc4629b4769b6a3dc89b43,1627232400,284,838
6907,outfit.84cfd784c9dd4ad6,1683306000,32,191
4017,outfit.7ee7542297f944ecb49f4fe5b44728f7,1694192400,296,1
496,outfit.8cbb77c85f07443e9c2e6687e4131a45,1683651600,294,250
4853,outfit.b133d563a5d54747ac3e2255486154f5,1617814800,175,1131
4558,outfit.9a0feb1d3ddde6f2,1597338000,300,1803
3017,outfit.80603a3d95e4beb7,1625418000,65,467
1382,outfit.eae8d66566254901a5401b8c38b4d608,1600794000,20,1804
6601,outfit.5405ab692b354a69a104048dda3366e7,1707066000,78,1805
3123,outfit.202a077f59e24515a34049036c7013ac,1660755600,232,1806
1998,outfit.9c19cb240c0c06d1,1660755600,262,614
356,outfit.b355a35d4bbe46fd8665c041839d6235,1626800400,358,1807
2892,outfit.89a1a2941012477c83e6f9aaf2f144c8,1620147600,370,963
6585,outfit.f5fb40c43d174f799509d01145b1ed1f,1605718800,529,391
6081,outfit.8d6bd94d09354d22a77928a01bac9d25,1604595600,92,1075
7367,outfit.1e33dfb5c66847f29088ba6717b10f75,1677776400,1,1415
2833,outfit.4a4c3e2895e2437b8cda83c27064abba,1620320400,54,552
3713,outfit.4bd8e39e3d5442c4b76dcd9797725b38,1598893200,466,621
1585,outfit.447e5486379147879a59e168c261d9e2,1669309200,241,358
6663,outfit.b227d2e4685f4a56a13c4e43023021ec,1682874000,476,1533
4834,outfit.a6eb0912d6a74509a16c4ff327a439c7,1658682000,131,1808
4725,outfit.207232e414dd46e5b7352becfd9e53e5,1685206800,83,168
1354,outfit.85244edf68884b9fa35758fe33b84612,1685984400,301,225
1412,outfit.75f72fc891604734a37a5ab96b006367,1617728400,73,943
293,outfit.293f074047f34fda9bd95d96c5b9f906,1572973200,508,1316
356,outfit.98ca0677ca9b1cb2,1621530000,358,1809
7089,outfit.7f13839eeae444e79acb75451f623074,1639069200,182,1342
6081,outfit.2019c3e0c2ed451db8a83babc45d19af,1607014800,92,1810
4640,outfit.72a813e5d07b4d99ac1859cc998b415e,1622653200,245,1811
6287,outfit.ccf6f723db264c30b9e45b89203c4a28,1573578000,140,992
675,outfit.fe06ae3e05fe48d1ac80a4d182cc8cb7,1701450000,45,1033
3740,outfit.863d6ab504fd48319623a4e6936259db,1583946000,231,1812
3846,outfit.b6e876bed3cff76c,1638291600,118,804
4779,outfit.f398680c9638415dbe02347d447dd922,1624986000,502,26
5303,outfit.61a93a8506024e779db658f842e26625,1708102800,194,1192
3510,outfit.b5efe9b9e6104f0796fe1adc5650e75d,1674838800,239,1210
5531,outfit.5d29c975554e432eacf5e7d49c5342e3,1624986000,105,900
4240,outfit.f1e688d410884ee0940d861fb2f620ac,1631725200,70,335
4501,outfit.5a0e04a9018a4904990fc85f1c8cd1ce,1672938000,381,1298
5843,outfit.6fa8bb1601aa44698177e99a24a52863,1639069200,285,679
4817,outfit.118f15046d0b45d48929bb91df474761,1606669200,203,755
5695,outfit.97ec221c84bcfbe3,1598202000,44,554
1589,outfit.3ef1542d099048efa539e8c67a385732,1668790800,244,630
1193,outfit.048fe7f87ee34a4095f2141bd51e3b80,1621962000,214,268
7376,outfit.edf01c8ca8f64059a8afaf72b4ba5eb3,1621357200,99,927
2087,outfit.ac8b21f80afdc025,1633453200,456,1813
1589,outfit.140ebf984d2f4e80b9e23431c24fe75c,1687107600,244,1088
1684,outfit.d6896eaf6b734f40943d6cce5d23c1e3,1687194000,224,249
1586,outfit.89a1a2941012477c83e6f9aaf2f144c8,1655312400,23,963
4452,outfit.eb4191b3e52b4a949d26b54262bd6c04,1595782800,306,1814
5929,outfit.b7e42c6a4cc546d3936a1fc797a1b4ef,1639501200,9,1336
1862,outfit.388d5e71d8ca46a59067b8f07c7a0760,1639414800,332,1378
731,outfit.b4e7c58304d74b64b8b2ddf13ba93c6d,1622480400,39,1051
6380,outfit.207232e414dd46e5b7352becfd9e53e5,1710522000,196,168
4887,outfit.2d4ed8658aa045b29663902f1e0ce84a,1679158800,457,84
6354,outfit.14727804dc6945f9baabcd76ad96a744,1666630800,519,423
3533,outfit.acec36887b892738,1610298000,108,1815
3320,outfit.02cbb0ff0c1348ce9fb9906805fb9049,1662656400,68,1698
4020,outfit.ad50bddf369641b0827aad7ce9f36022,1638291600,479,607
4608,outfit.164ec220792945e99be76a1f7291a9b8,1702486800,48,445
2271,outfit.bf8385f15d6d468880c5e654f7599cf1,1605459600,259,1015
5694,outfit.5dc101d7bfbe4f49858db5913a5a7203,1591290000,216,1816
6879,outfit.8609dd7995e147efbdf631d515d34bed,1618419600,188,90
6129,outfit.f60a93dd961d4856a6d40e366ef90717,1655312400,428,647
6081,outfit.d928300162a4434c84b6a5f5c2da0506,1602003600,92,604
1942,outfit.0e35a8a758734c2b98adfc8630b4e029,1599670800,13,92
2485,outfit.7a9ac6aae6de40d4b1a260d95de95988,1646154000,184,1138
4193,outfit.bbd662557126462f84e4912812fc1be0,1654707600,278,794
4463,outfit.f102748bf7fe46a2a9a3eb170410b6bb,1708534800,36,998
5754,outfit.8b5a2517b2af41318c55379528814fee,1596992400,225,1817
3577,outfit.9e28084ee8e94a1d8afe4abe643fa8d5,1612717200,136,545
996,outfit.bc3fd0ccde3142df8d22eaf0508699a6,1665766800,309,1818
4040,outfit.d0570fc4a5d740cc94871d73471a5043,1660150800,472,1819
3123,outfit.841fdd28d3f644c0bb8efd874e818027,1646067600,232,656
4634,outfit.adeaa758e4b292c5,1665680400,282,1287
454,outfit.a8083cd1fd8b4da982f6f8b6364d96a6,1641229200,96,1028
4258,outfit.a4ab5eefc7b4446cae48a64e14d95262,1668272400,165,1820
7411,outfit.f376dd31f0194adead88365684ce1e14,1594314000,5,1437
3267,outfit.6e5ff70fac6443cfa4cb2de5077ed77d,1629392400,43,1032
3094,outfit.a6b9c3792d6a4ad4,1674666000,11,93
1586,outfit.92396971987c812b,1660582800,23,1165
4834,outfit.3f9b25249293481cac7469b68f545c7b,1638118800,131,393
204,outfit.f566554a9cea4c0fb77e1f9a7708c398,1669050000,474,1821
4169,outfit.462ca91031c54d7593a2e3d1da41aba9,1601830800,547,1822
6977,outfit.22ff5d532d24420891c0292df8da84dd,1668445200,160,1322
4858,outfit.60c345cbd0924fe7800ac38922a74cb1,1606064400,394,1634
3510,outfit.bdf0b714576b2118,1672160400,239,123
4193,outfit.1c195032518b4aba942f6b4fb6ae4690,1699462800,278,1155
2465,outfit.bd061db386d78a56,1652893200,469,1684
2273,outfit.56663aaf60aa4b5c8267bed372c72677,1671296400,148,68
6310,outfit.a38b3b3e20364b78bfcf0bb1eadcc0e5,1644858000,16,536
2617,outfit.4c4c5965b02c4457a057b341d33a5c71,1637514000,50,1823
3308,outfit.26e0f5cc69634d079b4cd4a55b315809,1658509200,69,1399
1706,outfit.b49e6f1cc73f48f9a6329311214ee57f,1673974800,288,457
4853,outfit.676f2b8ab3894ff293c0fbd62398bc05,1625072400,175,721
6879,outfit.252b5f88ee66462e9aef2ea071969700,1602694800,188,969
4638,outfit.e18310c477cb4fa38cd9ba31e9997c4f,1609866000,46,517
2703,outfit.e3cc0d4d05644110922e90f815d08d04,1692118800,236,1824
932,outfit.0f8b461931a94b419de690621a0582f0,1648659600,426,1770
6781,outfit.c1647a6e778d4245931b540ef1505b1f,1636909200,146,1728
6907,outfit.139187a6eb1540b6b2b8aef96bd12601,1627837200,32,1276
6051,outfit.a7179f539117b9b7,1698858000,168,587
416,outfit.b813cd40d27344839e74b8b40ead859b,1596387600,33,589
6304,outfit.bcdb248c57283524,1706115600,537,1238
1336,outfit.60c345cbd0924fe7800ac38922a74cb1,1697907600,210,1634
356,outfit.9e5db8a02f39402aaa9ee148d10ce073,1632243600,358,1825
3441,outfit.1096c0a926c244b39b44ff523a6ad9e0,1685293200,436,83
3312,outfit.c012d37926b545bf90d7c4a0c5634696,1602003600,31,1393
99,outfit.9c60137e95ac47c4b54413f4226d4206,1626195600,550,635
2489,outfit.993dfa12c54fc46f,1607619600,418,1183
1735,outfit.3d22b9aa4bd549b09aa9d7e199d8b14a,1671210000,42,1826
4522,outfit.b068cf45c37e4aeaa1cff939a86e759f,1704906000,461,669
675,outfit.d91c416ae1584028ba0c20f1329bbb97,1654102800,45,286
6284,outfit.9237685700e6542b,1620061200,97,1271
3279,outfit.1ad84bc953124a988db708611153a286,1628528400,407,1827
3577,outfit.a7b955473f2248a8a818455cb08c9e79,1660582800,136,285
4209,outfit.a0d1107baf5919d5,1639674000,317,1240
1248,outfit.1cb90c4ef4cd4941913e9ab5a095b0d8,1634058000,221,424
3103,outfit.9d9aa8d609db476783be7553a9bb706f,1638464400,79,80
6414,outfit.efbeb50344e54028b243698b3dd1b700,1647190800,144,256
6936,outfit.af3cb94171784fff803b50e9a99cd890,1661446800,226,559
6361,outfit.a8c3007784dfc486,1706720400,453,1442
262,outfit.bb72f30cdb4246d1bc47ff8b17cf4162,1637859600,382,226
446,outfit.46fd30ba34534c96b133e88f257cb7e1,1597597200,0,33
2170,outfit.eae8d66566254901a5401b8c38b4d608,1650906000,19,1804
2508,outfit.df13ea56a17d4fad9fca92caa307b02c,1656003600,387,807
1232,outfit.4cbda361e12e4d65a5fb502dfd38076a,1682787600,166,1828
2475,outfit.16e87e3968054dc8824ba7ff56aed7f4,1632934800,200,1111
1586,outfit.a95a05ea858446c38ffd5535ab65a392,1676480400,23,753
1831,outfit.3cd520846acc415fa68f1a7d6f1b7cee,1702832400,432,1664
1382,outfit.2ab1a79e73cd419fb4479cea44e12c84,1606323600,20,578
3189,outfit.f1a25e8f1def4f2fa805aefcbb91bb62,1635699600,29,823
4779,outfit.43e73eedf7134d04afd27ea87948ce03,1627837200,502,555
4209,outfit.79d8ad807b5a4fbc86d21e759e3c7342,1629219600,317,369
1684,outfit.96fdc91671d44285,1703005200,224,1203
5130,outfit.a3df643414c746ac95399bcdbb1acab6,1675789200,268,1829
996,outfit.d04fbe1240ef405c867fb813b5aa8779,1646672400,309,944
2576,outfit.3f9b25249293481cac7469b68f545c7b,1663866000,477,393
4409,outfit.467c000be2f9488a9a84e61bc6a6e3bb,1707066000,347,1830
7233,outfit.173163a917534a9c8dd357e7203e228f,1715274000,497,1831
2448,outfit.d4498e3094f048d8808f056832637685,1658336400,258,356
272,outfit.978a2705fa024cc6986b47b035e78ff8,1702573200,86,1757
1735,outfit.85244edf68884b9fa35758fe33b84612,1623690000,42,225
3642,outfit.4158a6fc47074d23b6591ae8583673a8,1612803600,271,382
4834,outfit.63bcf26d934447e1aa4d53214cef7d4f,1664038800,131,875
6212,outfit.6962210a388343c2a203996ee7a30eb0,1639674000,434,241
4634,outfit.98aa99e47dee4f019d8b2620a9745f98,1660410000,282,1388
5531,outfit.3230795e6aed435ab96c8fcf5e56fd08,1646067600,105,1221
3267,outfit.944efade730744e38b3b678dae890f98,1626800400,43,59
7050,outfit.7d69ae2f5dc641bca0eed4b1dfc17ac8,1641402000,459,39
2519,outfit.925c69db26f6bbae,1600016400,327,367
5734,outfit.eafae74f4ff24c29862f7dba09874920,1633626000,353,828
3123,outfit.9e90ada207a84d58941638aa284a4827,1694970000,232,1058
6212,outfit.ef5fdc0209e74d39a8a24fcd05cbdce6,1647536400,434,956
454,outfit.c95b16794434474e8d02306d2f1b6a0a,1672678800,96,1628
2273,outfit.15c97a5fde81407f8cd5be88a178efdc,1631725200,148,1568
5615,outfit.0e35a8a758734c2b98adfc8630b4e029,1690995600,338,92
4452,outfit.cf321774b9de4035802e1829303fd3da,1602090000,306,1099
462,outfit.113cdf3f57984c3a9cc75afd5bf45c03,1614186000,501,745
2681,outfit.7d69ae2f5dc641bca0eed4b1dfc17ac8,1632070800,512,39
4170,outfit.b25f7c6a65a2459c8819de57f27a2684,1651510800,87,1018
4463,outfit.a7b955473f2248a8a818455cb08c9e79,1689958800,36,285
7409,outfit.93fb65b596dc4d628b4812d30178a4dc,1704301200,535,768
6304,outfit.75fd35081c884af28940d854e0a8c67f,1617555600,537,468
4558,outfit.f60a93dd961d4856a6d40e366ef90717,1594918800,300,647
3769,outfit.56e3cc906a444a569d6b057189a361bf,1694797200,366,1128
4674,outfit.3aba9737d2f445478a8ce23b2fc22da8,1602176400,12,926
5805,outfit.bfad6e38299544e991b1c5f0d92073f6,1638118800,486,1001
7101,outfit.d2affda3780840e8bab443abbd2e5478,1618938000,8,1375
6955,outfit.caee00d04a954a69a3cca9e02cf67440,1637254800,30,125
3624,outfit.6e2a3eeffbf4433c9d6e5085d8c083f2,1711558800,151,918
2040,outfit.e5c71f9ecf564fb39b2815a07e3c7fd6,1626195600,24,1672
1922,outfit.d0c6cd30a1f146a8a1ae6f73b34a0103,1629910800,458,682
3094,outfit.0af9759a37b84904b1335e0847fcbb60,1597942800,11,287
4608,outfit.071f256faafb419a9d235186bcf44c81,1594141200,48,777
6879,outfit.7d29eb8d2f0341b2a1c2eeb8c76416f4,1605200400,188,73
2869,outfit.b25a6a34cd1649f2a5eb69a01e11b21b,1675616400,256,1832
5695,outfit.43d5741ca13a453bb378172945b47fc8,1603386000,44,862
3510,outfit.c41b5bc7cfa0435abe71b09cfccc17ea,1677517200,239,513
4674,outfit.3a08f6654ee4454bb0b5ba8dbbf765b0,1706202000,12,1148
6295,outfit.8e408fb4b2c64525966837c7789f2965,1650819600,273,1113
4656,outfit.b4e582b38a10f6bf,1712163600,130,772
1716,outfit.e7f85074d17849e8acb4fa1eaa62bcf0,1628182800,298,1833
490,outfit.911cfceec45d9996,1618419600,227,1300
6585,outfit.578e1906d41f4a07adb102e0a0235b4e,1608483600,529,1834
7185,outfit.f82bfbc5af1c4997956e63f92ea51907,1602781200,416,702
2085,outfit.4f88de908942498980138fc606c745fb,1674666000,172,302
1032,outfit.b09e135ba34c46daaf3a5495dcec6e83,1649005200,218,78
6955,outfit.48b43358755242c4bf529574c171b675,1682614800,30,1835
6932,outfit.a0361d1da07f4cf4929c58bd45782fae,1626627600,409,809
6304,outfit.915272dd8393bc1d,1700845200,537,1045
3956,outfit.b1a8ed1f5b6d4a2f86fb528cc029006e,1680627600,462,1712
1374,outfit.9341a89b191cd49f,1609866000,6,919
4651,outfit.ac52d51d1863129e,1633280400,495,103
5694,outfit.d26a681dbdd54f448ef373de80e065d6,1617901200,216,1290
86,outfit.24a7d36225b342cf82d965567b6052ca,1637600400,164,1836
416,outfit.919597b8f29948649a76fc93cf95abdb,1602090000,33,1837
1784,outfit.0fdacd78ea72476d9688afaa61fc5c42,1684342800,427,812
6372,outfit.d628edcdb5d743e09c72d3482c5df99c,1612112400,143,13
1684,outfit.8ed02140f93ffa8c,1671469200,224,1444
757,outfit.363a3d3fbf64484293b96404b1bdd504,1675789200,295,15
1374,outfit.b9e21535cf624b6eac04d3a9708f213b,1631120400,6,827
7089,outfit.b701b51a404a44418a375258167ad442,1682874000,182,1346
1998,outfit.2ea36f84cb12427686eed685f97f2a8f,1649091600,262,749
6631,outfit.854021359d3e487ca1c90e5bd126ea0c,1632934800,467,606
2402,outfit.25cf652454ab4f9fa1b636cbd555cfa6,1592758800,163,791
454,outfit.b7cc6c38b121a845,1659459600,96,1162
3312,outfit.3b756132543a45d4a94b9bebb0aaebfb,1599411600,31,1173
675,outfit.da552355bfd04649a987a3881b99d09c,1635354000,45,178
416,outfit.bd029e8ff7cc4341bf48b2afaa0d9946,1638723600,33,833
4981,outfit.8c4d4f54e42a4ca391913811b6d17ab0,1634058000,155,262
887,outfit.207232e414dd46e5b7352becfd9e53e5,1637859600,513,168
4336,outfit.1cac5f6638f140a3bcd41d5c1cf4bdc5,1645981200,119,790
5490,outfit.64524dbb801942fb9b9b0b5853183177,1656522000,104,64
6414,outfit.2901f306ff3a4e7e8288cc48ec400f5f,1647277200,144,950
5852,outfit.b9c0bbd563524653,1626109200,134,829
416,outfit.9237685700e6542b,1607014800,33,1271
1586,outfit.92101abfe02e418f8bc033846dc6d1c8,1641402000,23,1273
3227,outfit.476b7bf9f9a74be3ae1a2152fee9fc3b,1661446800,223,1328
4725,outfit.6b027f465816489f83945f85bd6f1c17,1636390800,83,474
6592,outfit.f376dd31f0194adead88365684ce1e14,1599066000,129,1437
2102,outfit.4f39670d27b14b41994aa1f388d86260,1647536400,179,1838
2089,outfit.6f809ac4449f4502a6eee8832eabcb60,1629133200,455,843
3988,outfit.df1d0f1d24dc4629b4769b6a3dc89b43,1613926800,274,838
3267,outfit.005031a3c94b4073b25088b0e19f0e99,1608224400,43,1839
1412,outfit.c52099f0269e4b6ebd66b79d3cca1d01,1622998800,73,654
3267,outfit.439ff276a34d4993ad9cf68d06c67d96,1677430800,43,89
3312,outfit.bd9dca3a7c0d808c,1596646800,31,550
1354,outfit.181629c720b548f4a77a22851f1fbbce,1691254800,301,117
6304,outfit.fdc3cdbad50644ad97fc0a903f967e15,1703437200,537,49
4725,outfit.1f8f1544736b40b99c3485150d68342b,1703696400,83,860
675,outfit.3aec93f22b9a450ab7dfc26095abc609,1704128400,45,543
6456,outfit.f4608a1f01534d818dd6424ed99428cd,1647882000,157,308
6303,outfit.682446def1c34a79890b62c1397c7afb,1659286800,283,996
2223,outfit.80333429732852d4,1599670800,173,890
2869,outfit.388d5e71d8ca46a59067b8f07c7a0760,1720198800,256,1378
606,outfit.a1efdc0d88774773957da6e703852211,1669395600,178,211
4638,outfit.fd299060de4749de80ac2d77720217df,1622480400,46,980
1586,outfit.a95a05ea858446c38ffd5535ab65a392,1708016400,23,753
3669,outfit.1dd897589a5148198aea6c403d613063,1671814800,331,1101
3878,outfit.7ff8b8c0f1b447229811fee5dd7ea006,1603126800,419,1840
2884,outfit.346aca2ad2134d0e95967b333990925c,1662570000,473,1116
2089,outfit.6d2a1e8d44094fd68c03239e1678bd44,1621270800,455,1841
6051,outfit.d4d71ae7c0194db7b38fa774db0981f4,1701450000,168,304
1374,outfit.c52099f0269e4b6ebd66b79d3cca1d01,1631120400,6,654
6932,outfit.043a430a63b34151a6489d2863ea11aa,1615309200,409,978
3956,outfit.0ca44af5dc0d4bfb8cb409023716c0a5,1696438800,462,1842
2892,outfit.208d6c0a12484beaa7d86abbf736d390,1622739600,370,1194
4218,outfit.33af134887eb422baed2c7207f9cd5bc,1628787600,170,1641
6858,outfit.75f72fc891604734a37a5ab96b006367,1707930000,367,943
5379,outfit.3b49ff8bbdf2444a83abcdc0fbb45f01,1671123600,102,1507
1083,outfit.8f91b0422939117a,1573664400,233,67
3521,outfit.2121de17fb604c6ea87a3f9b6d0030db,1667581200,58,323
4725,outfit.2d4ed8658aa045b29663902f1e0ce84a,1638982800,83,84
5344,outfit.893fa92eb13185cf,1654016400,397,131
2056,outfit.74d1bc8ef8b3401a98e92e3f1826c0e3,1646499600,320,1843
3510,outfit.820179fa25670e17,1690477200,239,258
1443,outfit.03b18817e1894e588c3ae117a47d830c,1600621200,403,484
4853,outfit.1f534d95ccf6415a8af3b5799dd959e7,1632416400,175,620
606,outfit.006b61bc5e404f37a41b85e6ae915723,1651078800,178,705
4817,outfit.fc591bc905fd4943a8d1022f6576efe1,1598893200,203,1844
2248,outfit.6626fef47af741b4b78767f044751453,1687453200,341,1845
3192,outfit.df13ea56a17d4fad9fca92caa307b02c,1634490000,52,807
2500,outfit.aa10e3ab93793dc9,1687366800,150,442
576,outfit.060cbfa6f9024404bd6a4ed96b7bd41b,1658854800,305,818
5879,outfit.9dc1abebc456d310,1626973200,506,205
6907,outfit.4d91614bd70b4799a861fe5ea43db494,1635699600,32,185
2869,outfit.467c000be2f9488a9a84e61bc6a6e3bb,1675616400,256,1830
6310,outfit.56e3cc906a444a569d6b057189a361bf,1638205200,16,1128
2071,outfit.f86e075166ee4aee95fbdde5444221fc,1647882000,137,1846
5490,outfit.cc4dd7a33afc445a80ad7abe86bac3b0,1653843600,104,1847
3279,outfit.8f6c3fbd7db0400caaf95a95ab29a97d,1641142800,407,236
3320,outfit.d7f1bc7197b6469db1b9c4faf4071cb7,1686243600,68,1361
3051,outfit.dbfedaf11d78498fb877e892e0c9a5c7,1592326800,396,1848
4638,outfit.5e96c1bc9f964af2b1a6e391db346131,1619974800,46,1055
2703,outfit.67c7e051a163432eadc34be683ea3d44,1705338000,236,562
2022,outfit.69411dca4a39414a8ffc530b2388a761,1670346000,149,1849
996,outfit.b4e83d1d9b50a7cc,1657818000,309,1850
3094,outfit.3b756132543a45d4a94b9bebb0aaebfb,1594918800,11,1173
1382,outfit.b68b720dbd521460,1603645200,20,899
6414,outfit.95a9732c69cb1e4c,1649955600,144,277
3094,outfit.4559b1568f5e436a85bf9c65ae525888,1594918800,11,1851
1219,outfit.98c77b103c834bec95a332ea8b683db1,1653066000,430,719
731,outfit.f5cdd470173a4cbb913353aac985eebe,1649437200,39,282
293,outfit.eb104cb68a534166899c4cce84b0fa55,1571158800,508,800
69,outfit.2ead65a1ecf54c38a27bebc2bf47b9b1,1643648400,315,246
3227,outfit.2fac9258e5a64ac9a7658f54bd2056a8,1632330000,223,1578
7411,outfit.bd37bc0ed1857fb5,1637600400,5,217
3312,outfit.e96d2e7204fb4c1ea24fe71b3f967e0c,1625677200,31,183
2085,outfit.17753fa2c9914d659fe5432c2a06f1fa,1658682000,172,194
6081,outfit.29a0d66e916c4bc690cf393bcea980e4,1609866000,92,741
572,outfit.ed26f73fdcad4071a6efa9ea84e9de3c,1652288400,35,1241
6834,outfit.91d7bcbd88004c9e939fb7877dc4a1f7,1656349200,106,364
3312,outfit.2ab1a79e73cd419fb4479cea44e12c84,1628442000,31,578
5695,outfit.76720a51e7ef48d38a5240a44d56393f,1606755600,44,1852
1749,outfit.388d5e71d8ca46a59067b8f07c7a0760,1710003600,207,1378
356,outfit.00fa8d1fd5804fe78ac284c2e0c28b4e,1637514000,358,760
4674,outfit.3dac69d72aed4d1ca4fc6bcff6b7cd4f,1690304400,12,399
5144,outfit.9653e8c2cb5f44eeb2a9015e4b11c162,1670605200,217,305
2363,outfit.170d553601c744e393427a92c0cf58b3,1657818000,454,817
3215,outfit.d363ee8631554dccb9ced5babed2ce6a,1612112400,360,801
5236,outfit.9f58acfe6b554e4ca880e378aa7e8e56,1641229200,310,394
4471,outfit.ed9017ac844a486fac95996bcc5b4b84,1695747600,515,937
691,outfit.8ad0bb9029424a069f82d58c44b0d7fa,1600362000,339,450
2649,outfit.96d41e4ecb154101be678d4302a266ba,1709312400,14,671
6284,outfit.67c7e051a163432eadc34be683ea3d44,1597597200,97,562
7411,outfit.767ecbf6b9bb4969ad78de1a78dbf039,1642093200,5,145
2703,outfit.155567585a3c417fa6043924c2867d0e,1678899600,236,866
3267,outfit.c71e9a58962a404b9d6c8df867b4b392,1669482000,43,873
5464,outfit.900dd323358401b1,1633366800,540,320
3956,outfit.819fe443b574445a979f4f0571a65677,1672851600,462,381
7150,outfit.2c789fb5fc554dbd8dd86e423e809ff4,1618160400,284,915
1255,outfit.bfad6e38299544e991b1c5f0d92073f6,1600794000,348,1001
1277,outfit.6f038b817a5a4220a8dea6bbc464c4a2,1651338000,423,1213
675,outfit.12ca1b6aaefb46af8208fe008f3eb4e3,1595782800,45,144
5929,outfit.3cd520846acc415fa68f1a7d6f1b7cee,1639501200,9,1664
6051,outfit.9b1b854fc8a535ae,1714582800,168,218
55,outfit.cd92590952d54e1d8b3bec0bbecb901b,1638291600,117,471
1248,outfit.e7180235b62040eb9afeab19f74c5a73,1595437200,221,748
6212,outfit.b1ddecd27b94476d833c0ea2c2bb6d3a,1687021200,434,1400
902,outfit.97f20b8380c34615a30aed080071aa96,1663779600,304,870
7411,outfit.142a3686d9ec47afb71932e592f45a92,1596387600,5,625
5760,outfit.b04f116bc3224f22a8f17d62934fe2cd,1662310800,59,331
3769,outfit.ac52d51d1863129e,1671123600,366,103
4452,outfit.9a276668aa20ef1b,1592758800,306,1853
1382,outfit.af3a5e4cc2959d66,1635181200,20,605
1922,outfit.5b99177128de4ffbbdf6b5255d411f15,1638291600,458,1627
4452,outfit.b934e446df5c498bb47e93a83c8bbc5e,1607014800,306,1854
4608,outfit.d933a0b2120d4102bcfe5f51886dc0e1,1593536400,48,1608
3533,outfit.82395c2a3c6732b6,1594746000,108,1855
6591,outfit.67c7e051a163432eadc34be683ea3d44,1712595600,120,562
3308,outfit.8ed6e4fedeb67e87,1629997200,69,945
1553,outfit.9ce064a4d8b5b825,1631552400,408,871
4998,outfit.cf1d104fc65c4fd987d195e2a58e588a,1681923600,220,1796
3103,outfit.1c78096241a04da2bb89cb692f3953b0,1612198800,79,235
5914,outfit.42a71b8c872f470c8350ac507497071e,1599152400,74,529
2519,outfit.849ace7e1811150d,1594918800,327,1856
3094,outfit.be3e7c4ec5718d36,1619715600,11,97
572,outfit.b1adfc4204c602e5,1649696400,35,170
5531,outfit.75fd35081c884af28940d854e0a8c67f,1651856400,105,468
454,outfit.8163acb883b84e0182dff9eff43290ab,1654189200,96,1857
2040,outfit.466afa76adb144b7ad004be6382cfc54,1618160400,24,315
3103,outfit.8632cef7c2524f1ea8f213f5398eb754,1601830800,79,1417
2022,outfit.978b0bd3e4cb9afa,1676998800,149,201
5680,outfit.0dcd9f8fa95a4d81a7bb43df05668e4d,1637773200,21,1785
7244,outfit.81ce5109e01d4b7b9f944a3baa35c4d6,1690304400,22,122
1412,outfit.8b14ea3bf7bc40ee,1615136400,73,1177
6817,outfit.92f2e542b76f7d6d,1674406800,514,990
446,outfit.656d8c9767e2417d8fad467465515b5d,1602781200,0,811
6879,outfit.bfdc262fa6ea40458a3ff1a4353e71f9,1600102800,188,743
6818,outfit.c5fa2da94b8a48ce893b4a3722f02cba,1606755600,402,1858
6371,outfit.41aa40088a25428985b642adaf4e7d84,1608051600,208,965
1481,outfit.947023ca62c57b96,1626282000,115,444
6,outfit.c8855506fa9d47308b87aa0fe5efe3ca,1659027600,325,583
7101,outfit.ac365138f7722b8c,1611162000,8,988
454,outfit.ed0bda9223004815822e8eaff7b7688f,1714669200,96,34
4020,outfit.fa737f8bee584d309426410002edac0e,1630515600,479,454
5879,outfit.a0d1107baf5919d5,1629651600,506,1240
1553,outfit.ade5433e25b54fbbb66a54f8fe113132,1632157200,408,21
3669,outfit.7eb16fe1e199414bbb7f88d71fe7cb56,1650733200,331,1094
846,outfit.caee00d04a954a69a3cca9e02cf67440,1609866000,152,125
1248,outfit.b701b51a404a44418a375258167ad442,1662915600,221,1346
4194,outfit.d3f2083ec04f4429bae5660f2a3db238,1662224400,110,1859
1336,outfit.0149e9cdd92241a7a8c73a98eb397928,1682096400,210,1175
1248,outfit.c5fa2da94b8a48ce893b4a3722f02cba,1694451600,221,1858
1232,outfit.b04f116bc3224f22a8f17d62934fe2cd,1714323600,166,331
6817,outfit.9653e8c2cb5f44eeb2a9015e4b11c162,1682182800,514,305
1248,outfit.a28b2e6008184ba19240c926b1af0eff,1629046800,221,1575
680,outfit.1cda37cc756345aeb22ccfc54fef10a4,1649696400,510,452
3175,outfit.fdc3cdbad50644ad97fc0a903f967e15,1709830800,123,49
3769,outfit.c8899e358d4846b5b5973cc0f9342aed,1668531600,366,1124
4185,outfit.2208707dcf134558b4d335f1e3534655,1669827600,522,23
4818,outfit.9341a89b191cd49f,1695747600,439,919
7413,outfit.db025960e5494378bd81a48377b0a1bc,1601485200,483,437
691,outfit.96cb494dcb47696b,1600362000,339,477
1193,outfit.9632d3d89d835c67,1615482000,214,1768
3848,outfit.00ec4faf65344485a80b53a650badc79,1626627600,145,172
3051,outfit.a8fae88d2b7640e2b28161d301fc5e08,1596387600,396,439
4834,outfit.fec66293d37940b79dde2c1acd761fe3,1650819600,131,1427
1522,outfit.78d16995b62e40d48f06a20dbf72d844,1592154000,121,66
5224,outfit.97f20b8380c34615a30aed080071aa96,1669827600,17,870
2573,outfit.9cfd3798e4b27f4c,1635872400,201,1313
2519,outfit.55e47b50f0dc4852a5784fffafa63488,1606755600,327,521
7070,outfit.60c345cbd0924fe7800ac38922a74cb1,1654275600,124,1634
1735,outfit.853ff9245b124c84bb0973a6065e64de,1671210000,42,20
7411,outfit.bf00e652d6b83df2,1708275600,5,1420
4409,outfit.14e59903e2184edb963cf2e3f1b55e0c,1688490000,347,1505
2402,outfit.337cc518c38b4bc18d879987d91b073c,1599152400,163,1528
4168,outfit.3b756132543a45d4a94b9bebb0aaebfb,1616605200,126,1173
2040,outfit.6e50879668384d469557b1c93bc1d7a6,1618160400,24,431
6303,outfit.5d5efe27d81245a6a504c6e66638bc14,1690822800,283,1860
1735,outfit.02d71eaf66044b1283932f9e612cfd7b,1655398800,42,1861
6601,outfit.ac52d51d1863129e,1704387600,78,103
6287,outfit.8609dd7995e147efbdf631d515d34bed,1602608400,140,90
3432,outfit.37af7c19c13949819ca971b380a9f97c,1659027600,153,132
3189,outfit.23596174e2b1478385adda8f5f48416f,1671814800,29,567
1626,outfit.8e330b28328c4558a9523168b34d4d86,1665853200,28,192
4218,outfit.fb060da6c30143fd9735e8fd364910e0,1620925200,170,269
4258,outfit.aa76777d3b9d4073a342e2093e4ea1e2,1681318800,165,10
4501,outfit.e457a3fb8aeb44b99d9ebae19bab9fae,1662397200,381,1699
4725,outfit.8273c17c394043b8affdf5c04ee019ed,1703696400,83,983
7411,outfit.8046647faecd43129ae560e955ebc8e5,1687107600,5,698
6907,outfit.22c917473fe54dcb9b969d99a35ee10e,1601485200,32,1862
2649,outfit.f9ab24e5d9d7428dbef85f91b2ef9a79,1709312400,14,1863
6129,outfit.5510ad19307f4fa88c6212271f573aa2,1657904400,428,1864
996,outfit.a5650c1bada909fd,1652029200,309,1781
6662,outfit.394d965b33b8430692c31984bf51e554,1628096400,478,1390
4667,outfit.0a5a3a2e1ff34f1792e1f2dad95cbc2b,1606237200,429,1234
2703,outfit.02323792c3fc471186d9e7c2debd393b,1694797200,236,1197
5342,outfit.64096b7f0ef1430d9871e92fc198f693,1669827600,71,1093
1237,outfit.5c3e94100ece4badabb0d1835ab78377,1634490000,25,244
86,outfit.3261057a0eba46f687d41af05ddee170,1637514000,164,212
1248,outfit.466afa76adb144b7ad004be6382cfc54,1604250000,221,315
3175,outfit.522c1f5a3380421e9539663185f60fbc,1691427600,123,537
4193,outfit.dd5c21e0c1ee4428b7019e5740e3e8aa,1634230800,278,1215
5531,outfit.cb167c53fdca444b9b21df883ca7682d,1638291600,105,1865
1138,outfit.badb81ea53ce4b62b54387b26501b6c9,1652720400,368,101
1706,outfit.d7e3f493b73c45c785ac6887d20f4069,1671296400,288,1451
3533,outfit.aa76777d3b9d4073a342e2093e4ea1e2,1600016400,108,10
3376,outfit.9d2ae3e74d7f4d9bbde82be334a3a21b,1636909200,291,1421
6456,outfit.a9cd4913d4d043c1803b8f7dec42d143,1692637200,157,1866
3267,outfit.81b7059db24a1c94,1629392400,43,1305
4877,outfit.a824c0030f59545a,1594746000,257,542
6885,outfit.36654cc2920c42b7a8c294cf349544fe,1602608400,88,1476
6591,outfit.439ff276a34d4993ad9cf68d06c67d96,1715187600,120,89
1626,outfit.202c5658aee14e4180cd074aa81842a1,1660582800,28,41
1840,outfit.c196ec5cc8e1441fb57f8a082a9caafe,1707411600,141,1867
1248,outfit.9a5d41c7a63e40a2b4a5f2aa902d768b,1599066000,221,1260
2364,outfit.25ff5e5ef4b541d79324a66515f1d89a,1678122000,93,298
2170,outfit.e837786453834dce89358fa547d891c2,1611162000,19,1423
4608,outfit.1e4e6b9f7f984a5f81d68773e0165c44,1599411600,48,979
3577,outfit.c3c971b949c64fd2851ad357ad06cc89,1629046800,136,1868
490,outfit.13341577ef954838a87bf016b1501ebb,1600016400,227,1334
3577,outfit.5048c556741f4513ade4ab8607e5a46f,1650042000,136,1261
3094,outfit.2ea36f84cb12427686eed685f97f2a8f,1617123600,11,749
4634,outfit.946ae92e21374e0d8935761e881bb94b,1665680400,282,409
3312,outfit.6626fef47af741b4b78767f044751453,1625677200,31,1845
4193,outfit.c39cd97f51b243e5855fb09a7513f94f,1642352400,278,1779
5736,outfit.f3067ef490224ffba4c9a8b16458c624,1655398800,139,121
2649,outfit.0197563e06d44a0086f2cbe146a7ff7b,1701450000,14,137
454,outfit.0b721ca6ffdd489d91fa63f960ca64ec,1654189200,96,941
2088,outfit.f6091ea8a88b4e52a4bfc6cccabe2ccb,1618765200,421,1869
3267,outfit.7abb8ad021294be3863e5ea746538347,1600621200,43,1054
3577,outfit.2a1a34d38ac64414b5d7878a719984e9,1697389200,136,863
4218,outfit.6e67b1da956c4635b7d67622604d2bbb,1631552400,170,1072
2703,outfit.05a3c99a55404dc8984fde902ccaad18,1668531600,236,115
6287,outfit.14b7969c5bef4051848ecc977eef38a2,1572454800,140,289
6885,outfit.151898f52a9a4e1a9862b376db9195e9,1605200400,88,1870
2052,outfit.9e5db8a02f39402aaa9ee148d10ce073,1653584400,177,1825
2492,outfit.b619ba973b4b49d79c89863737097ab3,1679504400,138,839
3740,outfit.67a41f76b1dc4cffb6da5e9257d5910b,1583946000,231,1871
4731,outfit.893fa92eb13185cf,1660064400,53,131
3608,outfit.a01f2c0fa05d3f98,1609866000,247,739
691,outfit.8f2d79606c6d4f44af3f6afd97a6ca3e,1597597200,339,1205
2703,outfit.c09187a8a8334f118324a6c4de5f7a91,1686848400,236,724
2619,outfit.5330ecb4f53c4f7a865f99a6fdd37773,1698426000,290,884
3896,outfit.8a9297abf702469b88dcdb1ce6cd35bd,1667235600,192,222
2383,outfit.ddf5ea0fe07746eb95e15f4cda0b5e4d,1620320400,297,876
785,outfit.f82bfbc5af1c4997956e63f92ea51907,1696611600,351,702
1354,outfit.49c64ac752d4452886a0f505007df0fd,1699203600,301,1292
2687,outfit.2fe31ac153bc422c945294c342de95a2,1672592400,147,106
2465,outfit.97f20b8380c34615a30aed080071aa96,1663520400,469,870
4318,outfit.c9250e31721a4e16842c1c648df90ea0,1654362000,487,1872
3041,outfit.bb925d82b43cfc38,1643907600,76,1636
5236,outfit.c95b16794434474e8d02306d2f1b6a0a,1664816400,310,1628
5303,outfit.82ec1db640c48b3f,1715878800,194,984
6817,outfit.b3d31d76ede3d815,1666458000,514,310
490,outfit.1a0f1f1c709c467e89f48bca44130450,1594918800,227,1237
2088,outfit.945c07b5abe74714bf79b94a7b9a9383,1620752400,421,1784
4634,outfit.b3d31d76ede3d815,1660410000,282,310
3749,outfit.0d1682558d8e43fa830ad2846c3e9f46,1611162000,49,1873
3533,outfit.501f59ab11f94aa1a28a566911f8a8be,1597338000,108,908
462,outfit.2121de17fb604c6ea87a3f9b6d0030db,1619370000,501,323
1933,outfit.ab5f8f08a7379c5f,1689094800,530,1509
1201,outfit.1cac5f6638f140a3bcd41d5c1cf4bdc5,1639414800,412,790
3510,outfit.8f4c967492cd42a6a0afec84b3500e93,1672160400,239,758
7413,outfit.17996f09f2a84c078a7b0bd718bcddd6,1601485200,483,756
1219,outfit.a022100a2a964f4d9b262749de0b15d4,1655744400,430,1592
4674,outfit.f75f6043c5814e998e72b925ef7a21dd,1638723600,12,202
6371,outfit.d38e14c8ec254910be97725a7198f0fb,1608051600,208,290
2217,outfit.9a5981fd3a144502ac388d59fcd55fd6,1599152400,323,1874
3267,outfit.abe970f711444589b6ce9e81bf35615d,1597856400,43,126
4853,outfit.afcfeb5d7cda41318a080365f05c9075,1648746000,175,380
7371,outfit.bbd6ae88b44bfd29,1653757200,18,159
6447,outfit.8302402a6e8e8e8c,1639069200,243,518
675,outfit.5c582cd4de764f77bd15e4a4abb070b4,1622134800,45,1875
266,outfit.a841b2acdc119218,1709139600,156,1026
3896,outfit.5e119d066b62498491b2919f0453d803,1688144400,192,1697
6372,outfit.2eb01f9b5c004ab18987fa709ca7d9cb,1615136400,143,1648
5490,outfit.e2ac14f5ba454e0eaf3e7c0f926c65ee,1631206800,104,346
6955,outfit.3fb6cd2d1f454b85937d1540dcf212f0,1651251600,30,31
3320,outfit.5d29c975554e432eacf5e7d49c5342e3,1691514000,68,900
6284,outfit.becc5bd9847a7c10,1657990800,97,844
6310,outfit.3f10ec37bde34db685d87cbdb7ad1575,1641747600,16,1105
2205,outfit.d4d71ae7c0194db7b38fa774db0981f4,1685552400,132,304
3103,outfit.29e6b2a21c5946d3a22772aa398a8361,1601571600,79,1583
6696,outfit.031a15e68a354f8cbe8f65c45da3f231,1634230800,2,1623
5100,outfit.b6f7358d6feb42ceaec950e6b66f4a34,1676566800,261,404
6284,outfit.3d6a6e8b147447cb94f5f2b8056018de,1597597200,97,821
2102,outfit.fc14b8a036fa4ac196b9160b9b1fe0d2,1633626000,179,680
384,outfit.badb81ea53ce4b62b54387b26501b6c9,1660064400,437,101
6414,outfit.d71dd7d70f184d10b2bc26105f3283d2,1647795600,144,789
2532,outfit.9783b2f3f00040848624b655abd30cfa,1622653200,543,1876
950,outfit.ea9e6f475b914f0c9a49f0fbcfffc447,1628528400,378,1877
2089,outfit.2fac9258e5a64ac9a7658f54bd2056a8,1626627600,455,1578
6526,outfit.c815d15af6ba46c580927f9bf81122f0,1694192400,62,1263
572,outfit.d363ee8631554dccb9ced5babed2ce6a,1630947600,35,801
3227,outfit.03d688ca88f84e89aeb31592d6394247,1637600400,223,1307
7411,outfit.e14ebf07096246dbb7bf4e241b4c5b32,1623690000,5,182
5914,outfit.a7b55780d1764599a3ee339fff38d002,1602176400,74,1157
6591,outfit.b4e582b38a10f6bf,1699462800,120,772
4634,outfit.b4552786134645be908f6201f300cd1a,1655139600,282,422
5778,outfit.7cc6bd8e645a41d2837976a0d09e3ca9,1650214800,169,0
804,outfit.b49e6f1cc73f48f9a6329311214ee57f,1638291600,383,457
454,outfit.bdd5835c2df56005,1646067600,96,1235
1831,outfit.a5650c1bada909fd,1687021200,432,1781
1922,outfit.79d8ad807b5a4fbc86d21e759e3c7342,1635354000,458,369
4481,outfit.7351b9594dfe43e68810cd2359952ee3,1692291600,342,1660
825,outfit.bf8385f15d6d468880c5e654f7599cf1,1640624400,113,1015
3094,outfit.9cd6c1a82e884a77b55b6113de55fea7,1597942800,11,238
4725,outfit.bcc71d0caf95dc33,1687885200,83,17
6706,outfit.ed9017ac844a486fac95996bcc5b4b84,1602435600,424,937
3267,outfit.9a5a00800acbac31,1613926800,43,1002
3123,outfit.7d29eb8d2f0341b2a1c2eeb8c76416f4,1638205200,232,73
1792,outfit.8feb7001275554c8,1633021200,199,819
3094,outfit.9d5c2d8415063b7e,1623776400,11,1310
606,outfit.c51bd8f0c3464297b89ffa73328c3275,1648400400,178,316
2400,outfit.8c8e4271cb4466db,1658768400,63,398
4452,outfit.ac3e4eefb550471989769e1e4d1683d1,1596387600,306,491
215,outfit.b70defa54d04468fa8318bbece5d3933,1619974800,80,1526
4218,outfit.1eb6accbfe2d4edd8358e67200384784,1711386000,170,1663
1735,outfit.1a83d9dec3424057a89f0342ea5b7be2,1630256400,42,1878
4501,outfit.bf299b7d8eeed1e5,1701795600,381,974
2556,outfit.43e73eedf7134d04afd27ea87948ce03,1628182800,329,555
3956,outfit.5d4e6c9d85904c9da88c386a60db9473,1683219600,462,1879
4981,outfit.b2f44b763c5942e295a5ef80c02c9cf1,1639328400,155,1880
4564,outfit.0533ed8c59ce4cf29172f502a3a93a91,1639674000,167,1280
5661,outfit.0e1bd47c2f09419d84217b3a6b5e265f,1673110800,386,968
2869,outfit.b26dea94dbd147919dbe9c6378c9c52f,1717606800,256,266
1128,outfit.900dd323358401b1,1645462800,264,320
6786,outfit.4cbda361e12e4d65a5fb502dfd38076a,1683219600,219,1828
7167,outfit.91a30aff3ad0422ea63780d69b21adc8,1602435600,451,1158
1881,outfit.2386f5b10f544de1a8f7a53a4b3bb92f,1698253200,316,60
6879,outfit.c46affd5f8ee4749b1f8e7d4ff47f3ff,1607965200,188,655
1942,outfit.c8855506fa9d47308b87aa0fe5efe3ca,1597942800,13,583
996,outfit.7f6d08bebe2348729948104efde5179e,1631034000,309,1881
2759,outfit.bb72f30cdb4246d1bc47ff8b17cf4162,1653498000,101,226
6907,outfit.57d3d071648f425f900f33b203e013c8,1683306000,32,1281
2148,outfit.f1a25e8f1def4f2fa805aefcbb91bb62,1700499600,311,823
996,outfit.d0c649c31ecc49a18d0cf19d7270073c,1671037200,309,418
4463,outfit.b5db150f4740b356,1652029200,36,345
2675,outfit.17753fa2c9914d659fe5432c2a06f1fa,1683738000,319,194
3721,outfit.0af9759a37b84904b1335e0847fcbb60,1589475600,112,287
272,outfit.4d15ca1915cf4639a9029a016640f7da,1689354000,86,71
6907,outfit.57d3d071648f425f900f33b203e013c8,1691254800,32,1281
2918,outfit.4d87f217c19241cf9a4feb9d75638e1a,1673197200,371,353
5812,outfit.9685cc11be684ed39ab8edac1e9a822b,1602781200,95,1503
3267,outfit.848a85ca39d3fda6,1656262800,43,1353
2364,outfit.f1ed4ff2e21a436997e35b1c918c304b,1627837200,93,1207
6696,outfit.113c7b9e83d0435894562f0b5ef41fc9,1618765200,2,1004
1586,outfit.5d29c975554e432eacf5e7d49c5342e3,1678899600,23,900
3642,outfit.e608f9225d314a12a390b165d222cc28,1604250000,271,1428
6907,outfit.5235ff1f43e94601b30e4f25d6abcb39,1630429200,32,694
1626,outfit.1b47c924e1684b9c94c76fa971ec8115,1694797200,28,1110
1248,outfit.8bdb10367d37396f,1599066000,221,1882
4333,outfit.b2cb4b87e0f8fce5,1643562000,546,1694
675,outfit.ada989bbc2322203,1630256400,45,232
1626,outfit.93d7a4479c7f446b80995278ada5874b,1643648400,28,1047
4817,outfit.9a8a18eecd5649eda11bf75987a90efa,1601658000,203,1577
4810,outfit.256b152a25b44f3386d247011bacca56,1658854800,228,340
6965,outfit.aac7f6af58ec7121,1598374800,125,1618
5303,outfit.966d40d94c15445a8c0e51c0931e1a9f,1705424400,194,1883
4501,outfit.171c86f3627845c08df08a82deb2241f,1654448400,381,995
2687,outfit.b4e582b38a10f6bf,1662051600,147,772
1809,outfit.d363ee8631554dccb9ced5babed2ce6a,1695142800,211,801
5680,outfit.4b74d298e876434d8b3240e784ae38b5,1637773200,21,1884
3577,outfit.b3d31d76ede3d815,1621270800,136,310
6011,outfit.6962210a388343c2a203996ee7a30eb0,1651338000,114,241
5490,outfit.a488106c64f04db6bab3a40dfdc7832e,1641402000,104,1885
1809,outfit.4a4c3e2895e2437b8cda83c27064abba,1666198800,211,552
6907,outfit.7f12d0cbd88d440f84b259599e625b69,1606669200,32,349
356,outfit.db6e87de63f347a0af3ecbf3b7463a55,1619024400,358,623
2465,outfit.dbfb7bbacf6f4fb1afa5c192c42d19ec,1689699600,469,1096
4218,outfit.7d69ae2f5dc641bca0eed4b1dfc17ac8,1658768400,170,39
3510,outfit.925c69db26f6bbae,1677517200,239,367
5330,outfit.d24b8b64d37f4ea29ccc8aeb0c1bbb2f,1657645200,215,216
2703,outfit.359ce2bd2e40491686ce3ebc4a13ead6,1694797200,236,494
313,outfit.0777834f7f1a4762a8c1ba09f2f4881d,1683392400,391,1886
3821,outfit.a5a7231c342d45cca35cf536be58d63e,1637600400,414,301
660,outfit.24e1bde79f694d5aa980e0c889fa29c4,1639674000,498,564
319,outfit.bf8385f15d6d468880c5e654f7599cf1,1687971600,392,1015
272,outfit.09a274c103524f30bd8e3fcc3cbab7c1,1663174800,86,962
3521,outfit.03a5ffb8c27947de936564061de3d046,1659632400,58,1639
675,outfit.3e47b084ad704fb5b25b38809fae38a7,1675270800,45,148
3684,outfit.beb7edd11cd741538175c927a81cbf89,1698598800,72,81
1374,outfit.250a41fd89bf4548bb8c5db06f1cfbf1,1631120400,6,966
1626,outfit.202c5658aee14e4180cd074aa81842a1,1673802000,28,41
2071,outfit.d6f14b350b434b8e90cc530c68c4b2c6,1645462800,137,1887
4404,outfit.af7384d7b857af65,1657731600,91,1464
4853,outfit.89dbcc1289ee49c18bcb93fc69a52c02,1626109200,175,964
5778,outfit.ed9017ac844a486fac95996bcc5b4b84,1673974800,169,937
6734,outfit.467c000be2f9488a9a84e61bc6a6e3bb,1643907600,202,1830
3094,outfit.92f2e542b76f7d6d,1690304400,11,990
3740,outfit.7b3050921c08481b93e761760834c5f7,1586970000,231,1522
4884,outfit.9e28084ee8e94a1d8afe4abe643fa8d5,1710090000,443,545
640,outfit.6a8a9e4b00374d0e953550820b496573,1701882000,235,5
2273,outfit.34c4b585b0854a158c2b7e53478e3c00,1633366800,148,1408
5929,outfit.8046647faecd43129ae560e955ebc8e5,1639501200,9,698
1248,outfit.3ae8377476ab4594b00bd3a7790e9549,1654966800,221,438
5224,outfit.a7b55780d1764599a3ee339fff38d002,1624813200,17,1157
4746,outfit.2e4ccc3463a74e7cb674e891ca098271,1649178000,94,1123
7247,outfit.92423563b1ab408ea4e1137abf9774d6,1686243600,460,1295
2759,outfit.fd709e5fcf3c44569fcc59edf75d4193,1666717200,101,1620
5694,outfit.a94fbc2c00c0d099,1647277200,216,1778
5852,outfit.b00287a1864d4493a72b295b43caf3f1,1692205200,134,1888
6662,outfit.16d88d0fdcb7455fb6a81ec2639afea9,1630429200,478,1889
2856,outfit.688665113d8c4d13bae1db16e822454c,1647622800,544,782
5251,outfit.0e79f46fd9f344bdb7c714ffce9e98aa,1660237200,260,300
2762,outfit.0dcd9f8fa95a4d81a7bb43df05668e4d,1633021200,252,1785
3459,outfit.d91c416ae1584028ba0c20f1329bbb97,1609866000,289,286
675,outfit.1bf5c2c096dc490f8e8efd7d09e6769c,1624554000,45,848
1589,outfit.fbc31b2005504087aa980bf59e078b7e,1668790800,244,1249
456,outfit.900dd323358401b1,1624467600,287,320
3103,outfit.4448e1b8445d4f75803151b3794492b6,1625158800,79,1520
550,outfit.39e26260f13d466b946601bafd691d36,1599670800,251,389
2088,outfit.beb7edd11cd741538175c927a81cbf89,1635094800,421,81
6734,outfit.67309f8f5e3b4376a7007b9046c6117d,1665334800,202,1890
6073,outfit.a5bbbf5301db4e5b8b1e2532cfd23a24,1592413200,542,1196
4183,outfit.ef7ddc016c5c46129c32f5676c077449,1671210000,548,1748
5734,outfit.cba1c1971fa145e2a965a51bb678d885,1639069200,353,1891
6940,outfit.302a96af11cd4c54b7cc0215f48103b0,1701968400,230,1892
2532,outfit.b04f116bc3224f22a8f17d62934fe2cd,1685725200,543,331
572,outfit.684efa997862433aaf292a14289eaa4a,1622739600,35,1893
1684,outfit.dad7a49a6dd54b0797b841af3ffaad7f,1637600400,224,1731
6734,outfit.ad6f853b5c31b6f5,1625763600,202,299
1878,outfit.91d906d5cfcadc9b,1669482000,3,1308
6592,outfit.e2ac14f5ba454e0eaf3e7c0f926c65ee,1659373200,129,346
3147,outfit.b2e035a8cce61dcb,1644166800,161,362
2102,outfit.6c4dd0c71db040ae9ac85030d4403e3e,1647536400,179,1060
1840,outfit.43d5741ca13a453bb378172945b47fc8,1707411600,141,862
2383,outfit.cb29aca3f7be4551b07a9d1b02957e02,1627837200,297,95
4209,outfit.535d7a56f1a44289b93c6bd46f656d8f,1629219600,317,111
6817,outfit.9a0283b3b9e34e39a0038cb7b7044c75,1700672400,514,560
6429,outfit.7bf81ddabaf04521afae88cc4b70ef8f,1652634000,128,784
5490,outfit.98d6cf4fef49ec24,1641747600,104,373
4638,outfit.c51bd8f0c3464297b89ffa73328c3275,1630429200,46,316
2223,outfit.e965f8f929a345ecab825313cd4b3f24,1596992400,173,488
416,outfit.113cdf3f57984c3a9cc75afd5bf45c03,1604422800,33,745
1881,outfit.4be27307ae1c4611ad56aca101c8a6b4,1700931600,316,1009
416,outfit.cac751eeb8fe4846a26b1fc647bc5ef2,1604422800,33,792
3988,outfit.ade5433e25b54fbbb66a54f8fe113132,1602435600,274,21
6907,outfit.84cfd784c9dd4ad6,1638291600,32,191
7411,outfit.01601322d21a422fbc2db49c7866e264,1636909200,5,385
5914,outfit.c9be10d661bc4a4992a6c757b6e75ca8,1591894800,74,1614
675,outfit.36462b7293ae423fb6b7180022cfcb58,1656694800,45,243
6380,outfit.3984754756394c3e95ade4b2080508c6,1697389200,196,976
4884,outfit.f6e0ac328eac45939027a5dbf9d8a086,1668099600,443,8
1684,outfit.940d8268582284b6,1681923600,224,1741
6318,outfit.337f6a0507d640eb8561d28d58cf2f65,1603126800,26,1655
3215,outfit.4ee818d5bdbb409397fa9157da2e96b1,1606755600,360,731
2250,outfit.13db1499701e46f5b6e98d5e6d34267a,1674320400,265,427
2364,outfit.2b9a47fa00e642a1ba23dae6a67ae88c,1615136400,93,325
5852,outfit.8619bf33395941ca8a9e98931e1462ff,1697475600,134,1042
5914,outfit.990ee8715a4320f0,1599152400,74,1894
3572,outfit.31edccd419de4fc5ae6aeb7eed4327ab,1605027600,340,765
4463,outfit.e43d27b277bb4ad7aff36a857ce6f766,1695315600,36,913
2766,outfit.50968c211b5941648f6519e289b84da7,1688230800,380,1402
6364,outfit.2fb54603691a49b498bb904a3b6bb28e,1626368400,518,1457
2205,outfit.af879b315e9e04fc,1597597200,132,1678
3267,outfit.94f142c01ddd4b179568eb535b745439,1653584400,43,1021
490,outfit.2aec918a8506401aae5b24cc89b53bf0,1573750800,227,1895
6781,outfit.2846db8e50bc49a7a1b5f37be769f364,1647622800,146,446
1382,outfit.a9f2bcb6885fe60a,1616691600,20,384
1248,outfit.d40f6349368b4e47b521138ba35d8ebc,1607014800,221,190
3312,outfit.1233866861b14f0bb1e9116e90d9a492,1612112400,31,1344
2273,outfit.57ffd059f0374d6995a1f8fd4ee0d2ed,1687021200,148,1584
6046,outfit.b4e7c58304d74b64b8b2ddf13ba93c6d,1662397200,395,1051
572,outfit.9a5a00800acbac31,1638723600,35,1002
1684,outfit.4b20b3ccd3cd41fe98d0225f47276e2c,1668877200,224,22
4107,outfit.924f4c42857340e68e7e874fcd5c6775,1621270800,444,306
1784,outfit.56e3cc906a444a569d6b057189a361bf,1632762000,427,1128
1626,outfit.978a2705fa024cc6986b47b035e78ff8,1652634000,28,1757
4880,outfit.a4699b3b33b4d99c,1674925200,280,366
675,outfit.74013b892b4a4f75979af28137c31558,1651424400,45,102
7411,outfit.1af9826548074bb894ddfd86db27c9d9,1660842000,5,940
7050,outfit.8273c17c394043b8affdf5c04ee019ed,1638464400,459,983
454,outfit.fc14b8a036fa4ac196b9160b9b1fe0d2,1638291600,96,680
5031,outfit.3a5aeafe771d488f84bc18af5db17114,1689094800,480,255
5303,outfit.9e5db8a02f39402aaa9ee148d10ce073,1710608400,194,1825
4336,outfit.fd816aa2311d45c78fd0ab2d663a177a,1669741200,119,342
2465,outfit.935ea85c252f9586,1650301200,469,1228
5593,outfit.b619b14568c94d46ac314ae0983703bd,1643648400,362,38
490,outfit.57e0110f769d47ea863ebea78235fd23,1570640400,227,156
2573,outfit.594f2f8f9a604c168f60b00506f0cfb6,1607014800,201,1494
5490,outfit.e7180235b62040eb9afeab19f74c5a73,1687885200,104,748
1237,outfit.e17a0df1f70743e590827d7df93bb7f4,1648746000,25,119
5645,outfit.34afd8b7f33d434c8e0ac2849eab231d,1639674000,237,651
3875,outfit.4c7025a42af74e9bb6aa71afac57324a,1628442000,400,1896
6429,outfit.bbd662557126462f84e4912812fc1be0,1694797200,128,794
4769,outfit.adf3063b0cdf501d,1603040400,85,538
6318,outfit.662df044b9174634a35cc35c39bd1d16,1615914000,26,1897
7411,outfit.31879aacd520402abb57929e7b7573f1,1658163600,5,1898
1522,outfit.0ed1568a6b6545e4932bee98c84aa544,1598547600,121,53
6036,outfit.d04fbe1240ef405c867fb813b5aa8779,1645722000,180,944
1083,outfit.b5db150f4740b356,1637773200,233,345
3094,outfit.98fd2627236f7f19,1606410000,11,264
6212,outfit.0ea2ed06e62c495195f67005f3057721,1676653200,434,929
4960,outfit.fc14b8a036fa4ac196b9160b9b1fe0d2,1662656400,198,680
3510,outfit.57ffd059f0374d6995a1f8fd4ee0d2ed,1661619600,239,1584
5303,outfit.e457a3fb8aeb44b99d9ebae19bab9fae,1705424400,194,1699
490,outfit.c7b2894a9f3c4c568f982ca6c89ea6d8,1597338000,227,88
4638,outfit.b7c427687b980da9,1604250000,46,1899
3267,outfit.848a85ca39d3fda6,1608224400,43,1353
1706,outfit.b6a27dfa0198a9bb,1700240400,288,1350
283,outfit.dbe73a98b209457299a8c8591381e1e8,1639674000,343,1593
2508,outfit.bb8aa151e5f63d31,1661274000,387,344
7150,outfit.8afbb76916e14187b0bc9aaabbc2bd24,1620666000,284,592
6212,outfit.9f58acfe6b554e4ca880e378aa7e8e56,1650214800,434,394
6284,outfit.88a780cac1d40972,1597683600,97,32
1248,outfit.17753fa2c9914d659fe5432c2a06f1fa,1607014800,221,194
454,outfit.af879b315e9e04fc,1645635600,96,1678
6592,outfit.beb7edd11cd741538175c927a81cbf89,1602003600,129,81
7244,outfit.22c011b90cf34e56a9613321cd35514b,1636477200,22,1582
6372,outfit.c93e99cc15dc4420994f40954bf9d8a8,1604595600,143,278
4463,outfit.b51ab929ce045cce,1649178000,36,1248
5100,outfit.b6f7358d6feb42ceaec950e6b66f4a34,1686934800,261,404
1684,outfit.b671b224915f0b73,1650387600,224,1900
4834,outfit.991252f75331465a9228cea0ae0bb890,1661360400,131,1041
319,outfit.e98a6e485b1941d98e43c0e74cc6885b,1682701200,392,519
3094,outfit.9237685700e6542b,1619715600,11,1271
6592,outfit.80603a3d95e4beb7,1685638800,129,467
2085,outfit.8de70e2a9b7f463eb44f6a072e14d1a2,1671987600,172,1901
67,outfit.e9e6ef522291496dacaad16160c8a8f2,1669741200,413,1153
3215,outfit.c0dd5faf2a294aa09fd7a39dc7a313bd,1612112400,360,912
3727,outfit.5b1de7457379489c8e57a3c22844550b,1683997200,187,1299
5490,outfit.140ebf984d2f4e80b9e23431c24fe75c,1659114000,104,1088
3533,outfit.4ca0964f8f604f42b71268c44e41db7d,1625158800,108,1495
6526,outfit.f376dd31f0194adead88365684ce1e14,1662656400,62,1437
6526,outfit.1e1ade9c992d4eb8b7f11cd398a928c7,1683565200,62,1705
1336,outfit.9e371154c9be4c08b587ea8e5da833b3,1700586000,210,1195
1626,outfit.4688b412bce3457a9c1727fd38ab4a06,1639501200,28,220
490,outfit.f45e25a44bdd429991e9186db7fa64e5,1573146000,227,967
3905,outfit.4aca0c3e3ac7443ea02b74ab3e06675a,1601571600,482,1265
2619,outfit.d0570fc4a5d740cc94871d73471a5043,1669568400,290,1819
5169,outfit.05164954243a4c5cac4930572105ed27,1656522000,389,1341
3988,outfit.a392c1d7863044a69bb57db560056b76,1599584400,274,28
3320,outfit.e2b3417940d44a5a8202c0a7b39604e1,1680973200,68,952
361,outfit.305bde2827b34ff192d1271ddb0e50bb,1650646800,197,939
454,outfit.68d7e3b9e8be4f07b3b200682d7dc456,1664730000,96,751
5236,outfit.8a6d7780e2644bbfaa7695900a8266dd,1638291600,310,1266
4558,outfit.0777834f7f1a4762a8c1ba09f2f4881d,1591894800,300,1886
4464,outfit.bae42664f07a447e,1713459600,55,710
675,outfit.206df08f735c415bbcaca8d70e762971,1685638800,45,649
5778,outfit.60dced53fd414aec99d569404f19c4ee,1647536400,169,195
3562,outfit.9faa5a6b345a4ee791996380c91d4eac,1600794000,545,1902
6372,outfit.b25f7c6a65a2459c8819de57f27a2684,1598806800,143,1018
6879,outfit.b80429b20d914612960e3cdbfcc0602c,1626282000,188,1102
2489,outfit.fdc3cdbad50644ad97fc0a903f967e15,1610298000,418,49
1998,outfit.9e90f563acb38233,1668704400,262,660
2022,outfit.eb3fd90e14dd49d2844a6dfc41d36f40,1679418000,149,1198
2056,outfit.69510e71049843628dabe5ef896f1b04,1654448400,320,9
123,outfit.02b7dbe5f5f94207ba29423997168b74,1629133200,240,1903
384,outfit.43d5741ca13a453bb378172945b47fc8,1646845200,437,862
5852,outfit.a01f2c0fa05d3f98,1647450000,134,739
4608,outfit.e94c092f3d694206afc44cbc7e0fb47a,1625590800,48,1904
6073,outfit.0cb49eb66428411e9ad19cd2235d22e1,1592413200,542,1905
4960,outfit.6b1d1739830a4f3cbe5530716d9890a2,1657299600,198,219
6284,outfit.8f4c967492cd42a6a0afec84b3500e93,1615914000,97,758
6879,outfit.372a132f8fe4463f8fdb8d7a8b3f5206,1605200400,188,139
1354,outfit.9ce064a4d8b5b825,1707152400,301,871
582,outfit.78d16995b62e40d48f06a20dbf72d844,1616346000,470,66
446,outfit.9edf55f5369fd779,1570381200,0,1906
3267,outfit.bdf0b714576b2118,1595178000,43,123
3320,outfit.9abd359ee8d44269ab15d6cbfcd8eb81,1659978000,68,1098
5879,outfit.09a274c103524f30bd8e3fcc3cbab7c1,1632157200,506,962
3259,outfit.29e6b2a21c5946d3a22772aa398a8361,1620234000,303,1583
3312,outfit.677e278365724e15b4d109ecefe6483a,1628442000,31,1907
7209,outfit.38572c7dec3b4460bf36ade1d517ce20,1643562000,286,767
5224,outfit.394609460a3549928924f3a0dc5a6e3d,1653066000,17,279
3510,outfit.6a0ee820e93d45bb86077aa56e1c231a,1666890000,239,1043
7114,outfit.ee0dfdf3b9a349b591e78712514e2f5b,1660496400,41,932
5236,outfit.e89fab0bbc574d6c89242ff808d537e6,1662224400,310,891
4774,outfit.427ef0e6b9c847fba4200cfcfe1abce9,1659546000,334,1908
3846,outfit.0ef30f9dcee4484eb104977918be6b1c,1630429200,118,1909
2576,outfit.30c1385e9d714fa5b2000abce92e6c91,1655917200,477,1247
3608,outfit.2fe31ac153bc422c945294c342de95a2,1601485200,247,106
3215,outfit.897c161625314c1a993188bc0a5ca063,1612112400,360,42
5734,outfit.bb8aa151e5f63d31,1639328400,353,344
6879,outfit.f13af5d893714a7abcbca1ca15163fe9,1642093200,188,881
6879,outfit.12ca1b6aaefb46af8208fe008f3eb4e3,1610643600,188,144
7100,outfit.bae42664f07a447e,1639587600,61,710
3040,outfit.1f0ae1de64a54ab8ade3151460b27eb6,1648141200,375,762
2402,outfit.8491b9cfec31254c,1596128400,163,1910
691,outfit.df1d0f1d24dc4629b4769b6a3dc89b43,1600362000,339,838
1201,outfit.0fdacd78ea72476d9688afaa61fc5c42,1626195600,412,812
6592,outfit.756079160a3e402d87df01062ec3b941,1688230800,129,354
4409,outfit.535d7a56f1a44289b93c6bd46f656d8f,1693846800,347,111
7400,outfit.b5efe9b9e6104f0796fe1adc5650e75d,1620925200,206,1210
7104,outfit.071f256faafb419a9d235186bcf44c81,1661187600,406,777
2085,outfit.a01f2c0fa05d3f98,1666717200,172,739
6380,outfit.f102748bf7fe46a2a9a3eb170410b6bb,1702659600,196,998
1447,outfit.5eaea43d8e34424a95efef2f14b54092,1667322000,174,631
6284,outfit.d14ca830a51d455ca672e1f11d4554d4,1660669200,97,1354
4404,outfit.31c45f9a261b4631b76a98158841b8ff,1665680400,91,1911
5645,outfit.d7f1bc7197b6469db1b9c4faf4071cb7,1669568400,237,1361
1585,outfit.d3972ad336174608b061e6224cb1fad4,1664038800,241,1245
55,outfit.b36a2b4ce3d90e1b,1649178000,117,425
5615,outfit.adf3063b0cdf501d,1704214800,338,538
4170,outfit.60dced53fd414aec99d569404f19c4ee,1646672400,87,195
6013,outfit.48b43358755242c4bf529574c171b675,1651856400,551,1835
2617,outfit.0630ef7d996d4c489b4e54e85bd09e5a,1642611600,50,405
454,outfit.5dbcbf03f1ec4ad280e3b90b688f0dc3,1680454800,96,633
5100,outfit.8ad0bb9029424a069f82d58c44b0d7fa,1684256400,261,450
576,outfit.1e4e6b9f7f984a5f81d68773e0165c44,1656262800,305,979
2812,outfit.599900d12a21423ca2bb8830f498a4bd,1635267600,51,1626
230,outfit.7d257832e2ef4cf7b78976d119a251e7,1701450000,505,1912
4819,outfit.4b4a8f000a6b46d7a97df90ba4cd9874,1647018000,159,1163
4608,outfit.4c41406859e04bc7b29036c62ea1b7df,1628182800,48,453
5760,outfit.929220a63bf843f99474bc2644fcb53d,1677949200,59,129
1626,outfit.f5cdd470173a4cbb913353aac985eebe,1671123600,28,282
4774,outfit.22c011b90cf34e56a9613321cd35514b,1667494800,334,1582
6364,outfit.6ea93b224a3c4027861e62805e0bd3f8,1638291600,518,997
4149,outfit.c37712eb6be74a56958a7ccf2b21637c,1610298000,376,1268
910,outfit.3f51dbc828b74034899009dd1a0177b5,1595264400,109,1359
5760,outfit.57d3d071648f425f900f33b203e013c8,1654362000,59,1281
4218,outfit.82ca4f1985ca4966ac81db79cc5a5bc1,1669395600,170,849
2168,outfit.b80a7f8948aefe75,1666890000,447,348
4725,outfit.5b1de7457379489c8e57a3c22844550b,1709053200,83,1299
2762,outfit.f39f4017b82e4737b36b3674369af562,1616000400,252,1224
6519,outfit.3b49ff8bbdf2444a83abcdc0fbb45f01,1635440400,377,1507
731,outfit.b5efe9b9e6104f0796fe1adc5650e75d,1657299600,39,1210
4452,outfit.eeee122cf40b4035b6ee0e26b194c531,1604854800,306,757
3740,outfit.2a1a73c9f78d4dd09b2333fde8036160,1606842000,231,312
4774,outfit.10cdb2c115df4a9197e1471e536a0569,1667494800,334,1913
3094,outfit.25c93e08d9064a1c85d877bf4157a626,1617123600,11,549
2619,outfit.3effb4e5a788451a9d271d9a53090f01,1664298000,290,1914
7411,outfit.4bd8e39e3d5442c4b76dcd9797725b38,1702918800,5,621
1248,outfit.bf74b8813bc14a0a9ef9ad2f2234ff20,1665507600,221,639
1447,outfit.1829ff6232b04c84b6666a8d0542eaef,1651424400,174,1915
7104,outfit.81deff5bfc08479c9c4335e194c5c4d6,1650646800,406,1916
3432,outfit.9ff74f4f2a2f4454a7a629777cff27a6,1632675600,153,1504
2273,outfit.34c4b585b0854a158c2b7e53478e3c00,1630947600,148,1408
462,outfit.31edccd419de4fc5ae6aeb7eed4327ab,1619370000,501,765
6318,outfit.ccb9ff4f288f418d883547a0c1341f1c,1600621200,26,1523
4638,outfit.3b32be97a62d43eebed1287be7cf5988,1635699600,46,1389
2170,outfit.0ca44af5dc0d4bfb8cb409023716c0a5,1656176400,19,1842
5694,outfit.fabaa18896e64e6ba835286d7f1d44e3,1609866000,216,303
4819,outfit.d78cbfab144149069da04737d98450a1,1644598800,159,1151
3749,outfit.16c67c6789f94fb8a10de95277e1a321,1647018000,49,1717
3189,outfit.5330ecb4f53c4f7a865f99a6fdd37773,1677171600,29,884
2329,outfit.e17a0df1f70743e590827d7df93bb7f4,1695574800,212,119
266,outfit.bf8385f15d6d468880c5e654f7599cf1,1711645200,156,1015
1706,outfit.32722b47b465460e91c775e73609e78b,1633021200,288,1616
4899,outfit.884baebe6e734dab8add17543073a9b7,1602608400,302,1917
2649,outfit.5405ab692b354a69a104048dda3366e7,1688230800,14,1805
6414,outfit.d8909288c79b4df6b6547aa381d360f1,1647795600,144,204
1942,outfit.fbda7f830faf4caf9b0a085054f22e54,1637859600,13,35
5778,outfit.a2883b9efb1b4eb889e269c98e09f661,1663434000,169,704
920,outfit.2d7a170f85b04d2bb2ab4eb41d795d0f,1602176400,525,1918
3103,outfit.d7f1bc7197b6469db1b9c4faf4071cb7,1625158800,79,1361
1840,outfit.816fb1b6edef8b59,1630861200,141,336
1073,outfit.043a430a63b34151a6489d2863ea11aa,1596387600,552,978
5887,outfit.b619ba973b4b49d79c89863737097ab3,1646240400,489,839
1735,outfit.853ff9245b124c84bb0973a6065e64de,1671210000,42,20
490,outfit.d263cb821a244b41b4c47ac08fa10596,1573146000,227,1489
3740,outfit.ac5bdf39908e44dabf5536871716d1c9,1598893200,231,229
3017,outfit.2d059d6a6a3c4f02abe8e2f5cd7dea69,1625418000,65,1919
3649,outfit.0ea2ed06e62c495195f67005f3057721,1610902800,66,929
1922,outfit.5ee6b8e1796843248c5ed0284c981f77,1628701200,458,1920
6818,outfit.7af577a567bc490485605eab05781961,1596474000,402,1921
454,outfit.96d41e4ecb154101be678d4302a266ba,1648746000,96,671
1735,outfit.8f34384795bfc03e,1650128400,42,728
1083,outfit.e98a6e485b1941d98e43c0e74cc6885b,1641402000,233,519
6907,outfit.b80a7f8948aefe75,1672938000,32,348
5224,outfit.c35c73041785478d8b7bff3ba75797eb,1636477200,17,1922
5059,outfit.91fb3dd15c894aae8d2718882dfb927a,1645376400,485,1447
948,outfit.2cc1bf3b23ce4811b7cc78ec9e50c379,1690995600,249,1272
454,outfit.30d1aee07a924c969deb23980fe0949b,1680454800,96,1382
6734,outfit.d2affda3780840e8bab443abbd2e5478,1668013200,202,1375
2799,outfit.34bd3ce2dd644974b9e945a8d91d8bca,1701018000,183,153
4906,outfit.dbe73a98b209457299a8c8591381e1e8,1592931600,4,1593
5490,outfit.29a0d66e916c4bc690cf393bcea980e4,1679936400,104,741
5694,outfit.80820b9138cd4205885caaa0a65dd6a4,1598806800,216,402
4979,outfit.b619b14568c94d46ac314ae0983703bd,1635699600,500,38
948,outfit.8b2bcd93f2f8004f,1641488400,249,1923
6592,outfit.990ee8715a4320f0,1656694800,129,1894
416,outfit.ea4cdef4b083408eb9410d077f9c929b,1644166800,33,1471
2687,outfit.3f9b25249293481cac7469b68f545c7b,1632848400,147,393
3103,outfit.476b7bf9f9a74be3ae1a2152fee9fc3b,1617296400,79,1328
7342,outfit.78778f72774d4269abd8410a9511fdf6,1705856400,410,1209
5531,outfit.02d71eaf66044b1283932f9e612cfd7b,1622394000,105,1861
1526,outfit.3261057a0eba46f687d41af05ddee170,1645117200,142,212
675,outfit.96d41e4ecb154101be678d4302a266ba,1606669200,45,671
2762,outfit.77115f3958a24ad98cc8568e3fbe0da8,1608224400,252,1924
3279,outfit.af879b315e9e04fc,1630429200,407,1678
2217,outfit.398089067b414b2d8d1c862f527936e2,1607014800,323,1925
4452,outfit.a935f1495271461689278b60c8d1a25d,1592758800,306,1385
1386,outfit.7d69ae2f5dc641bca0eed4b1dfc17ac8,1670173200,189,39
4067,outfit.88a780cac1d40972,1682528400,523,32
3312,outfit.de1b2d84d80341d2bcc0adcd5ce60af4,1604595600,31,1319
4696,outfit.bf8385f15d6d468880c5e654f7599cf1,1665075600,205,1015
1998,outfit.688665113d8c4d13bae1db16e822454c,1634576400,262,782
1501,outfit.151898f52a9a4e1a9862b376db9195e9,1657040400,507,1870
6818,outfit.3098cd84903e4d039cf41205f3c88cae,1596646800,402,1926
1522,outfit.83cae242e7d54be496b50e98f34e346e,1600621200,121,1132
6212,outfit.d071fd1e083f4a08966866c856a0c5e8,1645117200,434,532
6907,outfit.81e52ba208d55e4d,1691254800,32,936
4452,outfit.f1a50d26ea6e4b81bc647433e60958db,1597165200,306,1498
3267,outfit.5c6bcfee583b4d7aa6fa807279637d59,1591894800,43,179
2812,outfit.c71e9a58962a404b9d6c8df867b4b392,1615309200,51,873
2492,outfit.535d7a56f1a44289b93c6bd46f656d8f,1674406800,138,111
4880,outfit.e4eb7dca201f42c9b8fae01f44b42c91,1690477200,280,1721
2870,outfit.688665113d8c4d13bae1db16e822454c,1677344400,354,782
5736,outfit.030be8f1ab0549db86e542e2ad08a5b2,1697475600,139,955
6026,outfit.4e834d5f015d474e8fd547e080f750f8,1618419600,398,1473
2485,outfit.22c917473fe54dcb9b969d99a35ee10e,1664643600,184,1862
3227,outfit.a01f2c0fa05d3f98,1632330000,223,739
3103,outfit.3ae8377476ab4594b00bd3a7790e9549,1619974800,79,438
6675,outfit.a935f1495271461689278b60c8d1a25d,1597942800,536,1385
675,outfit.0248aa8a68b14491ad8dcf4067ce02cd,1603818000,45,1927
2223,outfit.4df885933c6b4006827c3c816f27d9d7,1594227600,173,378
2856,outfit.9a5d41c7a63e40a2b4a5f2aa902d768b,1652893200,544,1260
6957,outfit.6f6ace195ce44ccdbafbb72c1b4cde13,1628010000,336,276
7070,outfit.68619657037e49be85070ff82067b940,1654275600,124,1928
5844,outfit.9d09514916e0a13c,1570726800,40,1000
5144,outfit.2b58c1736f264448af950c49ea4b5d14,1699549200,217,1766
6642,outfit.24e1bde79f694d5aa980e0c889fa29c4,1619974800,312,564
1735,outfit.af3a0f7fe64e49fc81c4d13f6ac481ec,1668618000,42,1450
2576,outfit.d0c6cd30a1f146a8a1ae6f73b34a0103,1653238800,477,682
1248,outfit.466afa76adb144b7ad004be6382cfc54,1673456400,221,315
1840,outfit.a02f335a26704f80a01232079d662ff4,1630861200,141,1156
6650,outfit.ab93c31e243d4d19b90ca72c4ae17e25,1685552400,417,707
446,outfit.989e3eb7e1be092f,1570467600,0,1695
4289,outfit.d1404a07cbda4bf68dd8d57cb0e32207,1668790800,266,319
6447,outfit.afed491afd3e4eafb23afb89ec35c1fa,1636909200,243,1929
5059,outfit.138c6d460dc14dd4a223e9f2a484ad6d,1638723600,485,816
1626,outfit.30c1385e9d714fa5b2000abce92e6c91,1650042000,28,1247
1374,outfit.2fac9258e5a64ac9a7658f54bd2056a8,1612458000,6,1578
572,outfit.2bb91a54c63d4f72a11a6ad7a00b35cf,1638723600,35,1053
4193,outfit.2a1a34d38ac64414b5d7878a719984e9,1652634000,278,863
2681,outfit.dcf9da47ee4e4bd994d4faa2aaadb321,1634576400,512,696
446,outfit.dd6c85fa43ab4ef7989ebb6a72302ca0,1571936400,0,1930
3510,outfit.a0d1107baf5919d5,1664298000,239,1240
6988,outfit.57e0110f769d47ea863ebea78235fd23,1681837200,81,156
2623,outfit.f4336a1909704b3fb0843ec7496c2884,1617728400,272,1931
2363,outfit.71cb13dfda4d475b9fcb509ecd701ce1,1652547600,454,1932
3533,outfit.b2194a655acd4fc683da0607aed980aa,1600016400,108,1395
4960,outfit.e89fab0bbc574d6c89242ff808d537e6,1638896400,198,891
2217,outfit.5048c556741f4513ade4ab8607e5a46f,1604422800,323,1261
5695,outfit.43d5741ca13a453bb378172945b47fc8,1659718800,44,862
2071,outfit.0fdacd78ea72476d9688afaa61fc5c42,1637254800,137,812
1589,outfit.b6f4e6d64e3144d2b528b6bf75e5ddcd,1689699600,244,1750
3608,outfit.ada989bbc2322203,1604250000,247,232
6787,outfit.e18310c477cb4fa38cd9ba31e9997c4f,1630429200,516,517
5531,outfit.29e6b2a21c5946d3a22772aa398a8361,1644166800,105,1583
1390,outfit.df1d0f1d24dc4629b4769b6a3dc89b43,1632934800,77,838
4452,outfit.62f1b6fba2104c1296481b7f8bc074dd,1597165200,306,365
2364,outfit.925c69db26f6bbae,1720285200,93,367
1255,outfit.ae0a1acc06c81eaf,1600794000,348,1933
5879,outfit.30e588a3fe8b4d879b3c647fde936843,1628096400,506,1934
4168,outfit.b7c427687b980da9,1611507600,126,1899
2329,outfit.a710f88458e381e1,1682096400,212,1935
462,outfit.3fb6cd2d1f454b85937d1540dcf212f0,1624554000,501,31
4218,outfit.9aef6d3e2683447f8bfcfa826a24a23f,1607878800,170,1936
910,outfit.65eca5cdd70349c19294a6d34bf69ef1,1601226000,109,1937
3312,outfit.fa20f4d239044e7a922e27c5b5fd9f4f,1636650000,31,797
3459,outfit.0fdacd78ea72476d9688afaa61fc5c42,1621443600,289,812
2089,outfit.2901f306ff3a4e7e8288cc48ec400f5f,1623862800,455,950
6879,outfit.36eacc2af2494660a2c914aab7474a40,1621357200,188,1938
3846,outfit.e12b4be9f07a4da0937a29f9efe16965,1633021200,118,1441
6364,outfit.26a9eb230d0b4820a0fcc230f0fe8cf2,1626368400,518,1588
4608,outfit.fbc8b0687de1468c9a8517d5568431d9,1602003600,48,1521
2519,outfit.827b99b7b40a655e,1595782800,327,1347
5778,outfit.66da7242210f4c3fa7a47285efe37504,1650214800,169,709
5914,outfit.97f20b8380c34615a30aed080071aa96,1602176400,74,870
5680,outfit.5510ad19307f4fa88c6212271f573aa2,1632416400,21,1864
6456,outfit.f60a93dd961d4856a6d40e366ef90717,1684688400,157,647
3227,outfit.b42337853cae4f66a2e7640b6845d2e5,1658768400,223,597
6965,outfit.d2affda3780840e8bab443abbd2e5478,1598893200,125,1375
7409,outfit.efeca2ca71b54ba49ec487475dfae85c,1651597200,535,55
272,outfit.a520a9aa8147d618,1671037200,86,1688
5657,outfit.ec471fe2ed734d1fa37ce1b2b0088619,1646499600,171,1736
1232,outfit.f8e95f5fd1b641a4823ea3c6010e19cb,1693414800,166,254
7152,outfit.0392ab260e644b338316a915c76e18c6,1610902800,15,1536
7411,outfit.892c3befd668414cabc0bda22c3f48ff,1631466000,5,1107
384,outfit.badb81ea53ce4b62b54387b26501b6c9,1691600400,437,101
1585,outfit.5a7e3301a60341d0957331a181335cff,1633021200,241,48
4853,outfit.676f2b8ab3894ff293c0fbd62398bc05,1631120400,175,721
7411,outfit.bc2d17659e8b4d6b8bae2675b1c9dcd9,1628701200,5,1643
3094,outfit.900dd323358401b1,1591894800,11,320
4258,outfit.13341577ef954838a87bf016b1501ebb,1660323600,165,1334
1232,outfit.f32718341e9443d8a36121a8913ff304,1682787600,166,283
4674,outfit.4cd9a6b549d04973a044716c3448b739,1617901200,12,1716
3308,outfit.82d7dcf690da4fc09bcf658816bccd3c,1632762000,69,1121
5344,outfit.b9c0bbd563524653,1656608400,397,829
2148,outfit.80333429732852d4,1700499600,311,890
4463,outfit.37886c165da3410ca29761ac81f95bf9,1644166800,36,1140
6163,outfit.fc3f7855aa394fa5945bc8d90b6eee95,1685552400,98,1609
3721,outfit.422bc3cc7f6a429086cf8c49273ecd90,1595178000,112,247
4725,outfit.24e1bde79f694d5aa980e0c889fa29c4,1661706000,83,564
2273,outfit.8fe12d169d14a8ab,1632416400,148,476
2085,outfit.03d688ca88f84e89aeb31592d6394247,1669395600,172,1307
5344,outfit.74013b892b4a4f75979af28137c31558,1659286800,397,102
7181,outfit.b09e135ba34c46daaf3a5495dcec6e83,1701018000,488,78
5657,outfit.2e4ccc3463a74e7cb674e891ca098271,1643562000,171,1123
2364,outfit.4bd8e39e3d5442c4b76dcd9797725b38,1670346000,93,621
4638,outfit.44c8e590e1df4f6ab23cf81b9ed39374,1641229200,46,196
1481,outfit.01601322d21a422fbc2db49c7866e264,1629046800,115,385
5303,outfit.93d7a4479c7f446b80995278ada5874b,1713286800,194,1047
691,outfit.c95b16794434474e8d02306d2f1b6a0a,1597597200,339,1628
496,outfit.6d042743afa04727815f717cce0b2ac0,1683651600,294,686
6303,outfit.55135c282c3849ac8b06f82861870970,1685552400,283,596
2762,outfit.46796cfb57174c9cb04ef0489123a073,1649437200,252,771
4218,outfit.bdd0a16b7008671d,1690304400,170,1939
454,outfit.0fb3e70ac4cd4f60bbf584d3c075e8ed,1670000400,96,215
1412,outfit.338c7b24bb1140d7aa47279c9490cfe7,1625590800,73,530
4608,outfit.6ea93b224a3c4027861e62805e0bd3f8,1602003600,48,997
4137,outfit.4c96620b5f444f05adcd28bcfd3861d5,1629133200,399,326
3028,outfit.173b6b1204df4f128bcbdd843d91351e,1645030800,176,643
1382,outfit.3c0da42b00f94123aad9c641ff5073ad,1684083600,20,1218
4834,outfit.5b0022e701954e728f2735aabd8b616e,1624986000,131,1940
55,outfit.fc774521956e43c1b7b989272f5dca23,1646499600,117,149
4998,outfit.5a7e3301a60341d0957331a181335cff,1637859600,220,48
2619,outfit.6ea93b224a3c4027861e62805e0bd3f8,1661619600,290,997
3459,outfit.4c41406859e04bc7b29036c62ea1b7df,1606755600,289,453
6304,outfit.139187a6eb1540b6b2b8aef96bd12601,1628096400,537,1276
5617,outfit.55e47b50f0dc4852a5784fffafa63488,1684256400,56,521
4818,outfit.ed9017ac844a486fac95996bcc5b4b84,1679850000,439,937
5236,outfit.838393c0f12c45068f90821c83acac89,1641229200,310,1323
5760,outfit.cf321774b9de4035802e1829303fd3da,1696438800,59,1099
5309,outfit.b8edf89f3a5949949ae1188cd3283d6f,1658250000,526,847
4564,outfit.bb925d82b43cfc38,1632416400,167,1636
6696,outfit.df04bf46dbd54868a63d2db542a5fa3d,1634230800,2,516
4463,outfit.cdca688f6a2b48c598ce6c5459088301,1654448400,36,133
3103,outfit.89a1a2941012477c83e6f9aaf2f144c8,1625158800,79,963
2920,outfit.f51e3b6fec2d44f59e21f3dc2334231b,1635872400,47,1941
675,outfit.6ef37d8d2ee744229ed6350d8a94f308,1648832400,45,652
2870,outfit.b8b6253b118140448c36fb7b55fdce90,1698253200,354,981
7400,outfit.1a05c2e6ba8c4de28923f683bef9c1ae,1620925200,206,14
6818,outfit.3c6978266dfb4b9793e2c730496089d1,1592326800,402,546
2056,outfit.804540f3384690cf,1644080400,320,1793
2831,outfit.1bd222290ef949289385cfdc1a02c20d,1656262800,186,1572
2617,outfit.af3cb94171784fff803b50e9a99cd890,1634662800,50,559
746,outfit.676f2b8ab3894ff293c0fbd62398bc05,1571590800,209,721
86,outfit.9abd359ee8d44269ab15d6cbfcd8eb81,1634662800,164,1098
2846,outfit.40d4710206044ca5924846d3ebd83d04,1652979600,248,534
2869,outfit.145c644d683b4ccfa07d073d8c4efa6a,1714928400,256,313
454,outfit.980eb1c72e1e71f6,1643648400,96,697
1792,outfit.dc7abe1bb20f423a8356cb4d089c56ff,1675702800,199,928
6073,outfit.031a15e68a354f8cbe8f65c45da3f231,1596733200,542,1623
5887,outfit.8745fe6f294d4f41,1653584400,489,1942
4656,outfit.1023091eb7324562a4153373934bcb64,1699030800,130,434
2762,outfit.e1a782a63cf54c7aa654d30392da1daa,1641488400,252,1005
675,outfit.3f93a64eb5c5449096f841fe5fdc2b8a,1614531600,45,1642
5694,outfit.3b756132543a45d4a94b9bebb0aaebfb,1586538000,216,1173
3267,outfit.a3c8e9b42ef07a32,1603645200,43,1943
2519,outfit.b45f71cef3bf96b3,1601485200,327,233
2052,outfit.a4699b3b33b4d99c,1641229200,177,366
3577,outfit.94f471a5d48f3464,1715792400,136,970
2812,outfit.f4a2cebc0a544c9abc6305e9bd33b9c6,1684602000,51,1548
3521,outfit.efeca2ca71b54ba49ec487475dfae85c,1656954000,58,55
4209,outfit.e457a3fb8aeb44b99d9ebae19bab9fae,1639674000,317,1699
1382,outfit.c35c73041785478d8b7bff3ba75797eb,1611594000,20,1922
6879,outfit.d3972ad336174608b061e6224cb1fad4,1618419600,188,1245
2363,outfit.ad062450831242c091c3cfc78407df6d,1663174800,454,464
2056,outfit.8fbf386b8fef8664,1651770000,320,1286
5852,outfit.67c7e051a163432eadc34be683ea3d44,1635786000,134,562
6601,outfit.dd5c21e0c1ee4428b7019e5740e3e8aa,1693846800,78,1215
1840,outfit.021142f5924f4280bd3948268d35db64,1656522000,141,930
5972,outfit.b3f1440da3494c0280c45a7ae215fe49,1615741200,531,1944
6879,outfit.ed5a5a066ca647b6a9aaeb1ec8e7ee87,1618419600,188,416
1516,outfit.900dd323358401b1,1628787600,238,320
7048,outfit.bc490bc7db204af498825badd2d59285,1634662800,190,252
4107,outfit.f1ec68c001974b238355b08a582e1b89,1693933200,444,1668
6663,outfit.97f20b8380c34615a30aed080071aa96,1651338000,476,870
6907,outfit.af879b315e9e04fc,1672938000,32,1678
6907,outfit.595a88f3986340b9b7ee163cbe32c85d,1638291600,32,690
4519,outfit.ceb25ee97e894d46869ca3eb799d48e0,1618333200,60,563
5342,outfit.3ce016303b474839a95f7375cf891639,1648746000,71,588
3189,outfit.706635d443e040d2a4ae9e6862a95961,1663952400,29,1945
2799,outfit.b1ddecd27b94476d833c0ea2c2bb6d3a,1714150800,183,1400
576,outfit.486c4a01acce4c8c84a6faa49dd33332,1656262800,305,1946
3094,outfit.196ad12873534afcbec5bc12e921798d,1612112400,11,539
4149,outfit.a5b02d479256493ea45ba0405d9c6587,1612976400,376,692
5224,outfit.682446def1c34a79890b62c1397c7afb,1688144400,17,996
7118,outfit.164ec220792945e99be76a1f7291a9b8,1699894800,37,445
7026,outfit.23596174e2b1478385adda8f5f48416f,1608051600,308,567
5694,outfit.981387ce664649c08f8c79dc4e8339d0,1634144400,216,626
416,outfit.ff08dd87bf144defaa332eac0bf5bd4e,1601830800,33,580
1706,outfit.9f58acfe6b554e4ca880e378aa7e8e56,1668704400,288,394
950,outfit.ec471fe2ed734d1fa37ce1b2b0088619,1631466000,378,1736
2759,outfit.0ff0d877678e4755b088d1c5d09bee11,1641142800,101,1022
361,outfit.0a5a3a2e1ff34f1792e1f2dad95cbc2b,1669136400,197,1234
4452,outfit.92db973be0926d3f,1599670800,306,637
691,outfit.142a3686d9ec47afb71932e592f45a92,1592154000,339,625
3376,outfit.3c8a7e19e80f47ab98f2fc61316aa8f2,1639501200,291,1061
4724,outfit.b04f116bc3224f22a8f17d62934fe2cd,1697648400,520,331
6907,outfit.4158a6fc47074d23b6591ae8583673a8,1606669200,32,382
3094,outfit.1c195032518b4aba942f6b4fb6ae4690,1609866000,11,1155
55,outfit.afd3af027be275f2,1670259600,117,1117
3624,outfit.b25a6a34cd1649f2a5eb69a01e11b21b,1706374800,151,1832
4818,outfit.80820b9138cd4205885caaa0a65dd6a4,1690390800,439,402
6592,outfit.5dbcbf03f1ec4ad280e3b90b688f0dc3,1685638800,129,633
6414,outfit.95a9732c69cb1e4c,1647795600,144,277
3432,outfit.a5c28a753eb74c56b002bad5da62309e,1646586000,153,1947
4464,outfit.aa10e3ab93793dc9,1708275600,55,442
4193,outfit.298b9f94af66454b9f07ebed997e9f9a,1654707600,278,565
1684,outfit.8ed02140f93ffa8c,1655658000,224,1444
1735,outfit.298b9f94af66454b9f07ebed997e9f9a,1652720400,42,565
6907,outfit.a3546e9a63f72521,1635699600,32,1149
5897,outfit.5dc101d7bfbe4f49858db5913a5a7203,1622134800,511,1816
4218,outfit.47875ce75a2846c29607b0c39bf03327,1607878800,170,1948
6075,outfit.7d48fb77be2340e3be0de8ab4f9a97a3,1678726800,431,327
6734,outfit.92396971987c812b,1628096400,202,1165
5695,outfit.4ee818d5bdbb409397fa9157da2e96b1,1620147600,44,731
6550,outfit.7c3e32e564f84de28c9ab8a6f06a2e24,1633885200,345,641
7110,outfit.8e3a6e9e196cfbc0,1698512400,281,142
4193,outfit.8619bf33395941ca8a9e98931e1462ff,1634230800,278,1042
4943,outfit.837d79eeae2a466cab88d515bd1aa409,1605805200,103,573
1526,outfit.7d9ffbf078f34b06af2f4a2765005db6,1645117200,142,1446
666,outfit.931ef0d0cada4965a8ea693f7a520b64,1660669200,468,321
7376,outfit.3098cd84903e4d039cf41205f3c88cae,1624208400,99,1926
3267,outfit.522c1f5a3380421e9539663185f60fbc,1685120400,43,537
2918,outfit.14727804dc6945f9baabcd76ad96a744,1680973200,371,423
3265,outfit.afd208ad6e2c4771910f427504e634fe,1597942800,490,1311
1896,outfit.61c6e404ee8847fb9e1d95143f9d590c,1603040400,90,1545
1073,outfit.b2f9d48f3d4c4549b8d51fcd04979a79,1596387600,552,1380
3518,outfit.82ee7c9d4d1e4274b0c706c82653ab79,1699981200,411,1949
4769,outfit.012a4c0079984d719f3f2626bb60b374,1600621200,85,1050
3713,outfit.47ffcece5f244f9a9cf888f7f6d16e29,1601485200,466,627
6907,outfit.ed9017ac844a486fac95996bcc5b4b84,1696525200,32,937
3267,outfit.e4bb08fb4a5f4f11843632fa2a227421,1661533200,43,561
4258,outfit.b49e6f1cc73f48f9a6329311214ee57f,1660323600,165,457
490,outfit.af3cb94171784fff803b50e9a99cd890,1570640400,227,559
572,outfit.da552355bfd04649a987a3881b99d09c,1670778000,35,178
4175,outfit.52d1f28b96d6412b8143411eb00fa1d0,1689267600,292,1950
3312,outfit.23596174e2b1478385adda8f5f48416f,1628442000,31,567
7150,outfit.70bfcd7059a248ba9b8337bad5ce56fa,1623603600,284,18
2465,outfit.148857ae81d84843ae1671986a4e145e,1692378000,469,397
2884,outfit.a1c4999e99962415,1662570000,473,1335
496,outfit.de9c4f2245104d7b807e819b9ea7a4e8,1668013200,294,1951
5224,outfit.7d48fb77be2340e3be0de8ab4f9a97a3,1633021200,17,327
3259,outfit.4e1793f5fd25419aa50f8373c40e5a0a,1601398800,303,1952
2364,outfit.ccae6ec63d494a5eadd0d6b001597c42,1615136400,93,275
2833,outfit.80820b9138cd4205885caaa0a65dd6a4,1622739600,54,402
4183,outfit.940d8268582284b6,1686934800,548,1741
3267,outfit.3e2f71bc50a94158b8a7280408951627,1711472400,43,150
6907,outfit.93826cc51216dcd0,1704474000,32,386
4634,outfit.359ce2bd2e40491686ce3ebc4a13ead6,1665680400,282,494
4218,outfit.b768912b0eaf45f19918f8ef07d1bd1b,1636909200,170,1517
4834,outfit.40f5c15e6ca0486293b24bdf66d40393,1671901200,131,1125
215,outfit.34f5581736934174aa24aa69cefa8653,1635699600,80,1677
572,outfit.3b32e75fb8984ec9ad5d8ccb79999327,1638723600,35,1044
4183,outfit.bf00e652d6b83df2,1692205200,548,1420
490,outfit.6587d43842ed43958181f9925d52806c,1702314000,227,1106
4170,outfit.6c68130ccc5b41a79388037d5bd3004f,1643907600,87,684
1008,outfit.53bf6ed2516f473a87497e8170d4c8e1,1703955600,100,586
3291,outfit.b3c827a7bc271120,1608483600,279,594
6907,outfit.5235ff1f43e94601b30e4f25d6abcb39,1616605200,32,694
2340,outfit.b6dfe60b7a8c421f9de22342860f17bc,1641747600,269,224
1626,outfit.b463faabc03163c8,1684170000,28,1561
2949,outfit.760587419305432581b1c2dd2d29e27f,1642438800,185,1115
6526,outfit.e12b4be9f07a4da0937a29f9efe16965,1670518800,62,1441
6907,outfit.1b0e05e23cc047439c31fc35d0c34b55,1630429200,32,961
2833,outfit.c22e4fbbfc23437a9f32d1ae2455223f,1658941200,54,1283
2085,outfit.8e2e2acae5583042,1661446800,172,1696
1626,outfit.c5b61903ca9849fe830fd86f7cb4da50,1647363600,28,447
1586,outfit.989e3eb7e1be092f,1694797200,23,1695
123,outfit.250a41fd89bf4548bb8c5db06f1cfbf1,1638118800,240,966
2052,outfit.3ce016303b474839a95f7375cf891639,1634835600,177,588
4107,outfit.cdca688f6a2b48c598ce6c5459088301,1605718800,444,133
6585,outfit.a8175a1b696f4b85,1610989200,529,400
6429,outfit.8459e55ea3800598,1700067600,128,489
454,outfit.b9e21535cf624b6eac04d3a9708f213b,1643648400,96,827
3727,outfit.f1ed4ff2e21a436997e35b1c918c304b,1636390800,187,1207
4853,outfit.97acaefe61dad4d4,1620320400,175,1953
3267,outfit.8a130c68d99c4023ad5d0551e483cec9,1658854800,43,1954
5169,outfit.a1efdc0d88774773957da6e703852211,1679936400,389,211
1382,outfit.d78cbfab144149069da04737d98450a1,1635181200,20,1151
5330,outfit.ceda10a556b24c7c9ceeb2cc1601429a,1647104400,215,618
4461,outfit.22c011b90cf34e56a9613321cd35514b,1638464400,154,1582
6907,outfit.4bd8e39e3d5442c4b76dcd9797725b38,1646067600,32,621
2170,outfit.eae8d66566254901a5401b8c38b4d608,1613926800,19,1804
4834,outfit.145c644d683b4ccfa07d073d8c4efa6a,1632848400,131,313
1382,outfit.0e79f46fd9f344bdb7c714ffce9e98aa,1621962000,20,300
5929,outfit.4cbda361e12e4d65a5fb502dfd38076a,1631638800,9,1828
2856,outfit.6f6ace195ce44ccdbafbb72c1b4cde13,1655571600,544,276
6513,outfit.b09e135ba34c46daaf3a5495dcec6e83,1633971600,107,78
4960,outfit.5241f5b777a147bbb786de5bd171be85,1694192400,198,272
3041,outfit.88e9a4b11d284db686be6be18502f641,1651770000,76,1493
4218,outfit.abd7e59260904f73ba0937d81996a9f2,1628787600,170,1003
2329,outfit.a710f88458e381e1,1676998800,212,1935
4193,outfit.94f96de6e74f4a51b85f15018f9ad0fa,1639501200,278,155
5760,outfit.374273ffb79943b7be144ceb14529592,1664902800,59,803
1237,outfit.55aa098dd93644fe961d0137a79adbea,1646758800,25,558
2085,outfit.8428c700eb194931835b34f2860d3432,1685034000,172,1025
446,outfit.84f134b06fbed5a0,1570467600,0,960
5734,outfit.9c19cb240c0c06d1,1641488400,353,614
5531,outfit.359ce2bd2e40491686ce3ebc4a13ead6,1612285200,105,494
3192,outfit.34b2a2a9779a47f0a1aff663fe8d1c86,1618506000,52,868
6834,outfit.7d29eb8d2f0341b2a1c2eeb8c76416f4,1666890000,106,73
6786,outfit.edf9420758794d31a58d8e563dccd496,1685898000,219,1955
4218,outfit.75fd35081c884af28940d854e0a8c67f,1685034000,170,468
6781,outfit.29d43c48eee84539b3e1597c9cd55194,1647622800,146,50
2329,outfit.1506b275d9894b3da75f83343e25a122,1647882000,212,1122
3721,outfit.0af9759a37b84904b1335e0847fcbb60,1589475600,112,287
6706,outfit.59f5e44d06e04f8994127e5f6cc8c05c,1596387600,424,1550
2475,outfit.ec43e546a9d543ee8c15c07cb70608a9,1632243600,200,181
4674,outfit.95736bee85ac4163ad8a60e8e6a0ddf5,1607533200,12,116
7026,outfit.b619ba973b4b49d79c89863737097ab3,1615827600,308,839
3267,outfit.4d91614bd70b4799a861fe5ea43db494,1596992400,43,185
5695,outfit.b6a27dfa0198a9bb,1657040400,44,1350
2762,outfit.4c6dedbe036e4a83b4847951a9bf03e1,1633021200,252,593
3041,outfit.148857ae81d84843ae1671986a4e145e,1636909200,76,397
1368,outfit.89b7c4936135cfb5,1639069200,527,1956
996,outfit.817cf154a066e6e0,1645722000,309,957
3259,outfit.15f39d4408a449febc2bd0d1afbb0f1f,1630602000,303,540
6310,outfit.76443d6db496494dbb26ac275ecbdb3b,1662483600,16,72
5303,outfit.9df47f2be7324ffa9fe6cd184656a7ed,1718557200,194,1586
7100,outfit.70bfcd7059a248ba9b8337bad5ce56fa,1668618000,61,18
2762,outfit.1cda37cc756345aeb22ccfc54fef10a4,1613667600,252,452
3649,outfit.11395b1173644fedbcfc219469f27b84,1594918800,66,619
55,outfit.12ca1b6aaefb46af8208fe008f3eb4e3,1641142800,117,144
5846,outfit.3192a1f5ab4b41c4ac530502ee7f5720,1683824400,517,787
6118,outfit.35331fbfbbe04b9ca3dfc1535cf148fc,1574960400,7,1136
6118,outfit.cdcd1bdbc00e4a1cb9b80f7f5bbddd49,1570986000,7,1222
1862,outfit.9481d2d7251be70f,1641315600,332,245
5844,outfit.863d6ab504fd48319623a4e6936259db,1573491600,40,1812
2812,outfit.bbd662557126462f84e4912812fc1be0,1619974800,51,794
1809,outfit.9b7e2e060c874d3287c4cee69860679a,1689786000,211,157
4519,outfit.f904f5addd0f4a22863e3a689428b88b,1620925200,60,1734
4130,outfit.3a5aeafe771d488f84bc18af5db17114,1672506000,369,255
4318,outfit.77441845458641bcb87eb64f10b76c12,1656954000,487,74
5405,outfit.58e553ab746b44d98763f86d0ceeac9f,1618851600,64,1324
6526,outfit.99d3c1ea30367e62,1704733200,62,347
446,outfit.3c7fb52f06a2409eb3b9b1587c8f6619,1608051600,0,1957
7041,outfit.012a4c0079984d719f3f2626bb60b374,1641488400,116,1050
4877,outfit.e3bf7fedde71456db683e017a65e9814,1594746000,257,1452
2918,outfit.a273058ddb56de19,1662656400,371,571
6583,outfit.527e5a69558c404f81d9d3c68272f67b,1650646800,333,1729
3749,outfit.b87b2a39d4f64871865834bdfc4cf1e6,1624208400,49,759
5201,outfit.b45f71cef3bf96b3,1627318800,493,233
4696,outfit.98296ce41570cae0,1638896400,205,1259
6936,outfit.f86e075166ee4aee95fbdde5444221fc,1682442000,226,1846
7366,outfit.a0361d1da07f4cf4929c58bd45782fae,1661360400,533,809
1525,outfit.8d6bd94d09354d22a77928a01bac9d25,1598374800,388,1075
5929,outfit.3230795e6aed435ab96c8fcf5e56fd08,1631638800,9,1221
2687,outfit.b8dc734193a541e28856ad6b60c524e5,1643734800,147,1958
6402,outfit.880e71e3568b6812,1666198800,335,1671
1840,outfit.0fb3e70ac4cd4f60bbf584d3c075e8ed,1699462800,141,215
2762,outfit.3dac69d72aed4d1ca4fc6bcff6b7cd4f,1616000400,252,399
1586,outfit.35331fbfbbe04b9ca3dfc1535cf148fc,1665853200,23,1136
3094,outfit.81b7059db24a1c94,1597942800,11,1305
6354,outfit.b7ebd99d748b28d0,1664038800,519,1398
3094,outfit.c815d15af6ba46c580927f9bf81122f0,1633885200,11,1263
7233,outfit.cdf556b326334303a52f2df9eb42dd3a,1704819600,497,1459
266,outfit.767c953e45b8447eb7ff8d44dd5b65e1,1709139600,156,602
5531,outfit.15d79dfee61f4e1a840f3fa2368563de,1609866000,105,763
996,outfit.b222a31335f7533c,1718384400,309,1959
5236,outfit.68d7e3b9e8be4f07b3b200682d7dc456,1675443600,310,751
1368,outfit.2f5079f4f8384977a9ac6bb4b465c23c,1639069200,527,888
5330,outfit.d9c02686a2094291837d95d09384481b,1647104400,215,1514
846,outfit.57e0110f769d47ea863ebea78235fd23,1614531600,152,156
1193,outfit.6df9fd60925949a5acdd17de4dd4e7a1,1624294800,214,499
5398,outfit.5e96c1bc9f964af2b1a6e391db346131,1626022800,299,1055
5236,outfit.35e53b748ea043f79cd9a2caca3a995b,1638291600,310,512
1412,outfit.71cb13dfda4d475b9fcb509ecd701ce1,1647018000,73,1932
675,outfit.a2883b9efb1b4eb889e269c98e09f661,1690909200,45,704
2714,outfit.b4e582b38a10f6bf,1652893200,275,772
3510,outfit.9b8cb306a9fd4315bbda3cd2b056e36a,1703696400,239,677
4998,outfit.955f2239f0b38561,1647709200,220,1293
446,outfit.1eb6accbfe2d4edd8358e67200384784,1600275600,0,1663
6907,outfit.81e52ba208d55e4d,1675616400,32,936
2619,outfit.5330ecb4f53c4f7a865f99a6fdd37773,1711558800,290,884
3572,outfit.7ff8b8c0f1b447229811fee5dd7ea006,1602003600,340,1840
2492,outfit.992bf5adcd39d953,1703264400,138,954
6284,outfit.67309f8f5e3b4376a7007b9046c6117d,1592326800,97,1890
3192,outfit.e96d2e7204fb4c1ea24fe71b3f967e0c,1613408400,52,183
7371,outfit.d263cb821a244b41b4c47ac08fa10596,1596387600,18,1489
5760,outfit.524627d9e5544cb8ab8c738c64a440c4,1685898000,59,509
2340,outfit.bb8aa151e5f63d31,1616346000,269,344
4774,outfit.55135c282c3849ac8b06f82861870970,1659546000,334,596
6372,outfit.8ad1c89174094a26bd4cbcfdcad4aecc,1604595600,143,213
1840,outfit.1d0adb4c93e04425ae2f85e9efc54905,1707411600,141,113
6817,outfit.a1c7ea9aa83e32c8,1705942800,514,357
3988,outfit.a294399ed5bfba8f,1607878800,274,1103
5318,outfit.936eb041616341df8280dfaf0198cb02,1694883600,84,1126
6304,outfit.139187a6eb1540b6b2b8aef96bd12601,1695574800,537,1276
1684,outfit.d6896eaf6b734f40943d6cce5d23c1e3,1655658000,224,249
5800,outfit.70b441e6ee444f86a12921f85e5c2002,1685811600,446,297
5695,outfit.b133d563a5d54747ac3e2255486154f5,1596387600,44,1131
2271,outfit.0d1682558d8e43fa830ad2846c3e9f46,1600794000,259,1873
2273,outfit.7d48fb77be2340e3be0de8ab4f9a97a3,1637600400,148,327
7244,outfit.8cbb77c85f07443e9c2e6687e4131a45,1622048400,22,250
2052,outfit.a841b2acdc119218,1648314000,177,1026
3127,outfit.bff1e6d642824c8387d567c03f0b1d83,1636045200,521,1960
454,outfit.37d643c47053474a96acb8ca1069368b,1683046800,96,1171
3649,outfit.8d7319b7cde9526b,1597597200,66,645
6907,outfit.ecd20396b6454329b80dd3a7f3d5c0c4,1678035600,32,284
4193,outfit.0512cb21a4bc4326971af84ccc563495,1686243600,278,1185
6786,outfit.1c434db5b4cc42b8a656625c4d93fba4,1670173200,219,1742
454,outfit.542f3e3ae20d42bea4c81a418f7adb7b,1651510800,96,1552
2519,outfit.7f6d08bebe2348729948104efde5179e,1595782800,327,1881
490,outfit.f66d734ea0fa4854b73f96714fd19ecf,1613322000,227,1462
5645,outfit.55aa098dd93644fe961d0137a79adbea,1631811600,237,558
6038,outfit.32e640b3fc894710a096ec7ad3f7a976,1660064400,465,1327
7152,outfit.14727804dc6945f9baabcd76ad96a744,1605718800,15,423
7411,outfit.9373e29ec69b488d9cbb22abfaed3b0d,1628701200,5,1961
5694,outfit.8ba3b5b410c6466180b8bbecba6c7013,1627837200,216,1962
3189,outfit.89bb81f29b0f44698d89fb39fd4402a5,1669222800,29,1963
7411,outfit.84cfd784c9dd4ad6,1700326800,5,191
5760,outfit.1f534d95ccf6415a8af3b5799dd959e7,1670173200,59,620
490,outfit.252b5f88ee66462e9aef2ea071969700,1607878800,227,969
731,outfit.f853a75ce5624944895a17b2f615d138,1638291600,39,1535
4725,outfit.a1e7bca1ce3791d6,1674925200,83,1211
5932,outfit.f82bfbc5af1c4997956e63f92ea51907,1647018000,496,702
3669,outfit.ad062450831242c091c3cfc78407df6d,1679590800,331,464
6907,outfit.24c32dd0323c4873949167fe0d1db421,1654448400,32,1496
6163,outfit.0d0727d0c03f453495eaa85dc17d382d,1696093200,98,187
996,outfit.1af9826548074bb894ddfd86db27c9d9,1665766800,309,940
6585,outfit.b9311cecf65f795b,1603040400,529,481
4906,outfit.d363ee8631554dccb9ced5babed2ce6a,1596042000,4,801
2383,outfit.09a274c103524f30bd8e3fcc3cbab7c1,1651770000,297,962
7400,outfit.13db1499701e46f5b6e98d5e6d34267a,1615136400,206,427
6650,outfit.1b11be15702b4c59ba76f79ed71df7ce,1693501200,417,1410
2492,outfit.b09e135ba34c46daaf3a5495dcec6e83,1705942800,138,78
2040,outfit.81c2ee9d12b442ecbad61d22061364f3,1606669200,24,500
3320,outfit.372a132f8fe4463f8fdb8d7a8b3f5206,1702054800,68,139
416,outfit.aa76777d3b9d4073a342e2093e4ea1e2,1628182800,33,10
1193,outfit.6fd4e1ca2f474faa9366763ac28adb3c,1645808400,214,1315
3103,outfit.d24b8b64d37f4ea29ccc8aeb0c1bbb2f,1614618000,79,216
3189,outfit.706635d443e040d2a4ae9e6862a95961,1658595600,29,1945
2573,outfit.993dfa12c54fc46f,1617642000,201,1183
3094,outfit.992bf5adcd39d953,1591894800,11,954
4823,outfit.e11253de97ba42eb819cf53373fcbe8d,1714064400,213,465
2364,outfit.f32718341e9443d8a36121a8913ff304,1610038800,93,283
5852,outfit.0a769485844446769b0609c505933bab,1655398800,134,504
5169,outfit.f89a59931cff4d4b8e63dd23cecd0e2d,1653930000,389,1193
3189,outfit.f062df328d7842e4bc5b0c41e309393b,1679590800,29,874
446,outfit.cb5a982c42784a9a834b5f15a47749b8,1641920400,0,687
1237,outfit.9936eee8f01a25d8,1649437200,25,1633
892,outfit.f062df328d7842e4bc5b0c41e309393b,1632070800,471,874
1008,outfit.e6d04857b6e54eecbd905c7e8093c960,1706634000,100,548
6447,outfit.9b7577b41e374c5d8debce0abc0466de,1635094800,243,1186
6981,outfit.16d9e051fdd341a281cf63cac78a51a2,1596387600,532,1964
7367,outfit.a8544eb2962547d1bb80da530b4c377a,1677776400,1,905
2364,outfit.4b2a9c705f844b229cb293ba66c8ddf5,1632675600,93,1331
2681,outfit.be1e83bfcede6836,1639933200,512,916
4463,outfit.359ce2bd2e40491686ce3ebc4a13ead6,1652029200,36,494
3267,outfit.811eea1f363f4d37,1634662800,43,1965
5160,outfit.c0dd5faf2a294aa09fd7a39dc7a313bd,1687626000,441,912
2383,outfit.31661e90877148d9bbe3846f087063f7,1678035600,297,209
2297,outfit.98aa99e47dee4f019d8b2620a9745f98,1667926800,438,1388
3094,outfit.819bf34ba04d4748b9232e1df3bf9c8e,1594918800,11,715
3624,outfit.4555578a3d454839a343bd1f6448f523,1693155600,151,1966
2869,outfit.a0361d1da07f4cf4929c58bd45782fae,1691254800,256,809
3189,outfit.f1a25e8f1def4f2fa805aefcbb91bb62,1635699600,29,823
5330,outfit.3b8a8f44f52f4b92b4935f08f4d2b9d7,1668272400,215,1596
3988,outfit.8fc193be35a546b987480b6cb5323beb,1613926800,274,670
6372,outfit.00fa8d1fd5804fe78ac284c2e0c28b4e,1607274000,143,760
490,outfit.8f95b3473abb4a40ac2dc0956628e873,1615741200,227,1204
2492,outfit.545462e5cd734b21abc149863a03464a,1705942800,138,1967
6879,outfit.f4a5306ea45d4ab9b40340f016bab653,1642093200,188,657
5812,outfit.a8544eb2962547d1bb80da530b4c377a,1608051600,95,905
3988,outfit.1e33dfb5c66847f29088ba6717b10f75,1599584400,274,1415
3458,outfit.67251d32508649cf8e2cb7d79817796e,1637514000,475,1968
2833,outfit.0d0727d0c03f453495eaa85dc17d382d,1627837200,54,187
1389,outfit.b671b224915f0b73,1661274000,440,1900
1336,outfit.dc7abe1bb20f423a8356cb4d089c56ff,1705856400,210,928
4218,outfit.ae7389834f0c49c49b2ef43ff9cc1be9,1682442000,170,82
6414,outfit.925c69db26f6bbae,1644858000,144,367
7244,outfit.af4c1536e8d62d77,1599411600,22,1483
996,outfit.234ce093695f4773aba7287620cee9ca,1636304400,309,56
2716,outfit.0fd1ffa75a364aba8427034859879e25,1607446800,242,902
6526,outfit.925c69db26f6bbae,1696784400,62,367
4834,outfit.e22f9123cb4e4c1081a4b831ff586b32,1666630800,131,441
3291,outfit.60dced53fd414aec99d569404f19c4ee,1695834000,279,195
1933,outfit.32684b5443394c4a91606c9aab8d3cdb,1694451600,530,1147
1501,outfit.8e408fb4b2c64525966837c7789f2965,1657040400,507,1113
1749,outfit.6d833760ff474c4aabb2a201138e0f2b,1707498000,207,1969
5100,outfit.c31bb29beac44217b5a6d572ca147130,1634144400,261,1554
55,outfit.adc57b4886354fdcafea896cdd2609b8,1635699600,117,1970
5398,outfit.944185e8eec8066a,1620925200,299,805
6046,outfit.4688b412bce3457a9c1727fd38ab4a06,1659718800,395,220
2040,outfit.f3067ef490224ffba4c9a8b16458c624,1601830800,24,121
3094,outfit.a1b5b9335a89a082,1614531600,11,579
846,outfit.a759980bd9c72584,1609866000,152,1661
6212,outfit.ce331a7cc22d4aaf82548e873c59e6cd,1658077200,434,1109
5760,outfit.34f5581736934174aa24aa69cefa8653,1667581200,59,1677
6977,outfit.b8d5df5f249150ce,1678813200,160,1325
3308,outfit.9617c0965077556e,1641834000,69,577
1591,outfit.2c4583bd98d748f29b7f7fb1cf6c43c4,1654275600,364,1379
1735,outfit.a273058ddb56de19,1668618000,42,571
2085,outfit.8273c17c394043b8affdf5c04ee019ed,1666717200,172,983
446,outfit.b80429b20d914612960e3cdbfcc0602c,1600275600,0,1102
3769,outfit.8a9a59a3ebbb46a8bea05ebe9599a1c0,1663261200,366,1617
7409,outfit.64524dbb801942fb9b9b0b5853183177,1670086800,535,64
1277,outfit.9e5db8a02f39402aaa9ee148d10ce073,1659286800,423,1825
5914,outfit.6ca970d4e98f47e085d82952693a215f,1591894800,74,1740
4638,outfit.e8f877d97bec44b49a40abd355d69d51,1609866000,46,638
5736,outfit.8745fe6f294d4f41,1655398800,139,1942
4073,outfit.4c96620b5f444f05adcd28bcfd3861d5,1665248400,38,326
3265,outfit.bb72f30cdb4246d1bc47ff8b17cf4162,1596992400,490,226
7225,outfit.bf5d4348f69b718f,1669395600,337,69
1605,outfit.93fb65b596dc4d628b4812d30178a4dc,1638982800,390,768
568,outfit.7b28d52de2cb4e4f8b00b14dd8512644,1628787600,253,1392
731,outfit.7b4f2169219844b0841ffb1a8c602ee2,1637600400,39,291
5680,outfit.71442f9043504300907b80e2385f9ae4,1632416400,21,1971
576,outfit.2743a3b3f9cb44348ee6f8beedefa119,1661533200,305,1972
6118,outfit.9d97d017a5c747ac89d59efab886369a,1570467600,7,466
2329,outfit.173b6b1204df4f128bcbdd843d91351e,1687626000,212,643
3441,outfit.23596174e2b1478385adda8f5f48416f,1680022800,436,567
1248,outfit.8a91fcc1f1f612e6,1599066000,221,1448
5694,outfit.91b2efcbbd50491e89267d079de15ab2,1627837200,216,1006
5914,outfit.4ca0964f8f604f42b71268c44e41db7d,1672246800,74,1495
1248,outfit.f6e0ac328eac45939027a5dbf9d8a086,1599066000,221,8
4463,outfit.5b56622d721d4a359d14507923450d0f,1684688400,36,1232
3308,outfit.0dcd9f8fa95a4d81a7bb43df05668e4d,1627491600,69,1785
6706,outfit.bcd7efc3918cf15b,1604854800,424,1097
2485,outfit.3a5aeafe771d488f84bc18af5db17114,1651424400,184,255
454,outfit.222584cb9d104360af5e0faee5eb42ef,1656781200,96,1973
6955,outfit.31d5bc7c60334b9889e9ed768f05e578,1634662800,30,104
1525,outfit.e6376f0d5b444635948d42911466dc8f,1598374800,388,1974
3432,outfit.171c86f3627845c08df08a82deb2241f,1635440400,153,995
6706,outfit.f5fb40c43d174f799509d01145b1ed1f,1596387600,424,391
2205,outfit.e9a6c652ea8d42dc8752d70dce0c57c6,1677603600,132,1454
3577,outfit.cc03f27af19f42a483a2f03ad997279d,1715792400,136,307
55,outfit.74034e464b524fad81e47ac5df3f4aad,1638291600,117,1112
414,outfit.90913fe41f7b45abb3ec29e857df6352,1692723600,373,1474
6456,outfit.f4608a1f01534d818dd6424ed99428cd,1655830800,157,308
6287,outfit.92bfe824eed24b63bca70a7df494b8d4,1571158800,140,1579
4834,outfit.9b4637003c444b1d9c75e5eb5487d669,1624986000,131,557
2492,outfit.91d906d5cfcadc9b,1703264400,138,1308
55,outfit.80333429732852d4,1667667600,117,890
2271,outfit.d64c915c766349d18cd794e642e97166,1603386000,259,1975
6907,outfit.8022397c5e3d4ab4bc8e421da9236d29,1638291600,32,1431
454,outfit.7d273c5424a34a9cb3217beeed7070d4,1672678800,96,426
4501,outfit.2701e5369cbe4015a19e9074113cb899,1696525200,381,1502
6675,outfit.ccae6ec63d494a5eadd0d6b001597c42,1597942800,536,275
3147,outfit.6f809ac4449f4502a6eee8832eabcb60,1622739600,161,843
3189,outfit.012a4c0079984d719f3f2626bb60b374,1640883600,29,1050
5593,outfit.8e0be7c7028e4b8f8a6f69a1f0192d2b,1643648400,362,1976
4218,outfit.ac93e6bc39c341dd9592de80ee57e522,1692982800,170,493
1735,outfit.d14ca830a51d455ca672e1f11d4554d4,1621530000,42,1354
6601,outfit.b701b51a404a44418a375258167ad442,1707066000,78,1346
1684,outfit.8022397c5e3d4ab4bc8e421da9236d29,1708362000,224,1431
1878,outfit.43d5741ca13a453bb378172945b47fc8,1658854800,3,862
293,outfit.f51e3b6fec2d44f59e21f3dc2334231b,1571850000,508,1941
1894,outfit.40a0759f9fee458ea303ea8d1ef61a74,1605459600,181,1178
1382,outfit.cc2a4ea6b82044d2804ee26e593fbc00,1619370000,20,428
2170,outfit.e837786453834dce89358fa547d891c2,1637254800,19,1423
2812,outfit.40d4710206044ca5924846d3ebd83d04,1674234000,51,534
4656,outfit.bfad6e38299544e991b1c5f0d92073f6,1693760400,130,1001
2040,outfit.bb8aa151e5f63d31,1596992400,24,344
3749,outfit.4ee818d5bdbb409397fa9157da2e96b1,1635094800,49,731
1902,outfit.0d0727d0c03f453495eaa85dc17d382d,1679936400,448,187
4656,outfit.8f34384795bfc03e,1683133200,130,728
6011,outfit.c93e99cc15dc4420994f40954bf9d8a8,1690822800,114,278
660,outfit.f904f5addd0f4a22863e3a689428b88b,1637686800,498,1734
887,outfit.ada989bbc2322203,1635181200,513,232
7233,outfit.ede0d0fd9315467c868825bcb20d2fe6,1710003600,497,330
3147,outfit.70b441e6ee444f86a12921f85e5c2002,1680800400,161,297
4404,outfit.1f0ae1de64a54ab8ade3151460b27eb6,1676307600,91,762
4853,outfit.25cf652454ab4f9fa1b636cbd555cfa6,1627837200,175,791
6046,outfit.5112f70e9eeb4eeaa914446e421cdfb3,1599152400,395,1492
1374,outfit.fc3f7855aa394fa5945bc8d90b6eee95,1622998800,6,1609
3577,outfit.a7b955473f2248a8a818455cb08c9e79,1702659600,136,285
4463,outfit.a7b955473f2248a8a818455cb08c9e79,1697907600,36,285
1896,outfit.deb2675432704b1e8048f6f90c102a00,1608138000,90,806
2762,outfit.be670e741ed74f9597a28f8bb3e5e537,1623949200,252,1301
6287,outfit.96f7210a2ae0aa93,1605200400,140,24
5615,outfit.f14e9c44441c4a5ca2e109af309be3ce,1693674000,338,1146
1982,outfit.d60c7801271e488d88f0f13a0b28e6b6,1636563600,433,1486
454,outfit.98fa1b5287182a9d,1677776400,96,895
3227,outfit.03d688ca88f84e89aeb31592d6394247,1656176400,223,1307
6907,outfit.542f3e3ae20d42bea4c81a418f7adb7b,1712336400,32,1552
2148,outfit.25ff5e5ef4b541d79324a66515f1d89a,1676912400,311,298
4193,outfit.4be27307ae1c4611ad56aca101c8a6b4,1644858000,278,1009
4906,outfit.48dec5565f454acf903fe1ce1f41a39e,1596042000,4,1202
3577,outfit.9f4279e99f78f984,1623344400,136,1977
6212,outfit.b701b51a404a44418a375258167ad442,1660755600,434,1346
1382,outfit.9a52065e9e7b4814bb5707173819674f,1600966800,20,1463
1626,outfit.d4498e3094f048d8808f056832637685,1676480400,28,356
4218,outfit.8bbfae6c08924fb2aafcf709665906a9,1664125200,170,498
1138,outfit.ebfe6bcdfcb7442686f24eecaba39c1c,1681664400,368,1657
1942,outfit.60c345cbd0924fe7800ac38922a74cb1,1635094800,13,1634
6284,outfit.007a4828b12b40ed9ed3db0c5803b813,1605718800,97,551
1382,outfit.4b2a9c705f844b229cb293ba66c8ddf5,1614272400,20,1331
6013,outfit.76443d6db496494dbb26ac275ecbdb3b,1644858000,551,72
4404,outfit.8a130c68d99c4023ad5d0551e483cec9,1641747600,91,1954
3533,outfit.e2c4d90753314eddbdf3a836e28a0209,1597338000,108,363
4193,outfit.3b8a8f44f52f4b92b4935f08f4d2b9d7,1647277200,278,1596
675,outfit.b6fe67d2c969451f8f1ffc1de395b9d1,1595782800,45,1333
3017,outfit.53cd37dc1d6345ce89fa68e62e936c58,1628096400,65,1466
1605,outfit.d751f378f5214d2e941994a9ecc4b046,1638982800,390,44
731,outfit.9936eee8f01a25d8,1604422800,39,1633
4193,outfit.4be27307ae1c4611ad56aca101c8a6b4,1639501200,278,1009
5490,outfit.81b7059db24a1c94,1645981200,104,1305
2619,outfit.21474001bd3e48a19da3a75c2f3819fa,1682614800,290,835
5459,outfit.9bf55c30dee14573ac0d46c03fce3a0e,1692896400,10,734
272,outfit.1233866861b14f0bb1e9116e90d9a492,1699981200,86,1344
713,outfit.7c43cbb261ed4a91a0931c7583f32871,1679763600,534,1547
5846,outfit.9ff74f4f2a2f4454a7a629777cff27a6,1676134800,517,1504
6177,outfit.374273ffb79943b7be144ceb14529592,1638118800,250,803
4906,outfit.50968c211b5941648f6519e289b84da7,1596042000,4,1402
7411,outfit.a294399ed5bfba8f,1601398800,5,1103
6318,outfit.ac3e4eefb550471989769e1e4d1683d1,1605632400,26,491
5303,outfit.9685cc11be684ed39ab8edac1e9a822b,1715878800,194,1503
3103,outfit.f062df328d7842e4bc5b0c41e309393b,1612198800,79,874
5593,outfit.6587d43842ed43958181f9925d52806c,1641315600,362,1106
1626,outfit.3f9b25249293481cac7469b68f545c7b,1671123600,28,393
5932,outfit.6c68130ccc5b41a79388037d5bd3004f,1647018000,496,684
3259,outfit.0ac1ac7d05ed43eeb9cb12c66cae3d18,1622998800,303,1978
2273,outfit.a8e7915eda974714aa57df8f38a87546,1668704400,148,610
3562,outfit.efeca2ca71b54ba49ec487475dfae85c,1598202000,545,55
6885,outfit.942fb5cf84a64da28ca55359e7dc1225,1605200400,88,1979
3041,outfit.206df08f735c415bbcaca8d70e762971,1657040400,76,649
2573,outfit.9c255f602b1e4455a79e0fe0cee938c1,1638378000,201,490
6932,outfit.8540f9229614257a,1672074000,409,1029
6932,outfit.e3f24e663eb84a2b9b20cde76be3b04e,1615309200,409,317
5285,outfit.56e3cc906a444a569d6b057189a361bf,1688576400,277,1128
606,outfit.a647aca5ce17d71e,1632675600,178,599
4258,outfit.db6e87de63f347a0af3ecbf3b7463a55,1652374800,165,623
4960,outfit.4295344ef7464599b0e1698740582792,1702054800,198,1142
6675,outfit.b768912b0eaf45f19918f8ef07d1bd1b,1597942800,536,1517
3312,outfit.e042570478134b1bb5b4be84c6a87e97,1602003600,31,973
6786,outfit.3230795e6aed435ab96c8fcf5e56fd08,1699117200,219,1221
4452,outfit.a4699b3b33b4d99c,1599670800,306,366
1819,outfit.9373e29ec69b488d9cbb22abfaed3b0d,1633366800,349,1961
5736,outfit.bf59641874784125880c58615b5abbaa,1681664400,139,1120
3533,outfit.ba1df248f1cd432a8bb58292b7b31e7b,1594659600,108,1980
3267,outfit.4898f8ea3d4942e5bb9e1b63f07d163e,1666803600,43,1981
4667,outfit.be4b8e3a8d59b79f,1606237200,429,1982
1382,outfit.74034e464b524fad81e47ac5df3f4aad,1637859600,20,1112
5617,outfit.a841b2acdc119218,1692205200,56,1026
2170,outfit.a3d5299f391ebf8b,1661446800,19,1356
785,outfit.9e5db8a02f39402aaa9ee148d10ce073,1675702800,351,1825
414,outfit.95cf185dc27fb18b,1690045200,373,151
5430,outfit.97ec221c84bcfbe3,1618160400,450,554
416,outfit.f66d734ea0fa4854b73f96714fd19ecf,1699290000,33,1462
1128,outfit.374273ffb79943b7be144ceb14529592,1640019600,264,803
1591,outfit.e8df4af3451c46e5940238065ee6b401,1659546000,364,663
6907,outfit.46fd30ba34534c96b133e88f257cb7e1,1651770000,32,33
675,outfit.05164954243a4c5cac4930572105ed27,1622134800,45,1341
6786,outfit.cdca688f6a2b48c598ce6c5459088301,1649091600,219,133
1248,outfit.7bf81ddabaf04521afae88cc4b70ef8f,1612717200,221,784
2088,outfit.b02888637a450867,1618765200,421,1374
2892,outfit.113c7b9e83d0435894562f0b5ef41fc9,1625418000,370,1004
6051,outfit.cd218662a26c4c29b372ed1563cf0ced,1682960400,168,251
3649,outfit.229f2207dc1e4409af99504f061ca0e7,1597597200,66,1983
4336,outfit.67d14062b639450faef4ae16726d3a50,1651251600,119,124
3846,outfit.648704eeb8f143c2ac81079d01853223,1617642000,118,738
7041,outfit.93d11b40e1db46198d34109e7d0ebfe9,1641488400,116,533
1626,outfit.5dc101d7bfbe4f49858db5913a5a7203,1655312400,28,1816
3291,outfit.8ba3b5b410c6466180b8bbecba6c7013,1621962000,279,1962
675,outfit.96d41e4ecb154101be678d4302a266ba,1680368400,45,671
2148,outfit.d8cabdaf5af9426dad953821aefb0ba8,1679331600,311,1646
5236,outfit.4431d4e34e6a4c0fba43aa50395893f7,1670086800,310,58
267,outfit.cf1d104fc65c4fd987d195e2a58e588a,1638205200,385,1796
1626,outfit.767ecbf6b9bb4969ad78de1a78dbf039,1681578000,28,145
1526,outfit.f9a2dd8439ea48859a895ea99b8ae6c4,1635699600,142,1984
5593,outfit.ddb15f8dac0c4e03a7c88805a98cfcc8,1643648400,362,612
6380,outfit.b619b14568c94d46ac314ae0983703bd,1705338000,196,38
3041,outfit.7a9ac6aae6de40d4b1a260d95de95988,1644166800,76,1138
1219,outfit.b21aec5d36074eb790d69c5c40b7d77c,1661014800,430,180
6318,outfit.bff1e6d642824c8387d567c03f0b1d83,1597856400,26,1960
846,outfit.1d0adb4c93e04425ae2f85e9efc54905,1606669200,152,113
1684,outfit.f1ed4ff2e21a436997e35b1c918c304b,1647709200,224,1207
1083,outfit.4cd9a6b549d04973a044716c3448b739,1573664400,233,1716
6733,outfit.1f534d95ccf6415a8af3b5799dd959e7,1678035600,435,620
7225,outfit.fc33a7e64d794702a5d4b0ba40870c69,1650906000,337,600
4656,outfit.9b7e2e060c874d3287c4cee69860679a,1680541200,130,157
5615,outfit.98aa99e47dee4f019d8b2620a9745f98,1717347600,338,1388
2465,outfit.93fb65b596dc4d628b4812d30178a4dc,1679158800,469,768
6318,outfit.369422f2e567409b88d925e916f3a555,1608051600,26,1134
3533,outfit.b0d4e86a8a76490790dd993b32a5ea8b,1591722000,108,1985
3291,outfit.a38b3b3e20364b78bfcf0bb1eadcc0e5,1679936400,279,536
2833,outfit.820179fa25670e17,1636304400,54,258
5694,outfit.99cc91aeda7eb778,1697216400,216,735
6284,outfit.ae922e922588454591edca7cabf0db48,1671210000,97,261
4289,outfit.c560abcbbf2b40edbacbd51dfa99bf58,1668790800,266,1491
6372,outfit.0e79f46fd9f344bdb7c714ffce9e98aa,1612112400,143,300
6955,outfit.d5dec0c3b00d49d991202de754c91ab7,1648659600,30,160
1207,outfit.1431039944fe4be88f8890a04a346b09,1632070800,361,693
1684,outfit.dad7a49a6dd54b0797b841af3ffaad7f,1674147600,224,1731
4640,outfit.ddf5ea0fe07746eb95e15f4cda0b5e4d,1625418000,245,876
2623,outfit.f4336a1909704b3fb0843ec7496c2884,1627837200,272,1931
1525,outfit.bb1024860d8f559e,1598374800,388,1085
1354,outfit.3260a6894aef41329983b153a3c022ed,1701795600,301,161
3267,outfit.bcfda2c04c124f0084c43aa7169c640c,1605805200,43,1703
2168,outfit.10702960934e47ca8b83d90cb167b470,1672160400,447,359
6364,outfit.a5c28a753eb74c56b002bad5da62309e,1638291600,518,1947
4834,outfit.74ab95aa86ea40c484d1b833605eecc7,1630256400,131,1986
3147,outfit.a03256f024a5452cb9208a8e2475c506,1623171600,161,1137
3896,outfit.48082d4340244e8ca2ff66aae39dc114,1688144400,192,1987
4409,outfit.3a5aeafe771d488f84bc18af5db17114,1714842000,347,255
6631,outfit.514093f168604338b66059bf9e4e900c,1632934800,467,1777
4183,outfit.82303d2b1b524d6795661a1f5426a134,1692205200,548,355
2649,outfit.a2820311cb51576b,1690909200,14,1482
3040,outfit.b28818ece07e4d079ab89fa18b117415,1670778000,375,1108
3017,outfit.af3a5e4cc2959d66,1641315600,65,605
1840,outfit.8f4c967492cd42a6a0afec84b3500e93,1622739600,141,758
5694,outfit.2121de17fb604c6ea87a3f9b6d0030db,1647277200,216,323
2402,outfit.a027f5f9d1e8159c,1590080400,163,1988
572,outfit.91d906d5cfcadc9b,1662915600,35,1308
3103,outfit.b36a2b4ce3d90e1b,1598979600,79,425
3147,outfit.f311d710c5e84c58ba695897a2d8afa0,1644166800,161,824
5100,outfit.93fb65b596dc4d628b4812d30178a4dc,1652720400,261,768
731,outfit.1096c0a926c244b39b44ff523a6ad9e0,1628442000,39,83
3308,outfit.ecd20396b6454329b80dd3a7f3d5c0c4,1655917200,69,284
2273,outfit.46fd30ba34534c96b133e88f257cb7e1,1705510800,148,33
3956,outfit.1243dceca4be4ad99c5a651708f6d041,1662310800,462,506
7247,outfit.5d300bde08e848898bfb5e15c1269b43,1662656400,460,1625
2687,outfit.ee0dfdf3b9a349b591e78712514e2f5b,1704128400,147,932
3267,outfit.935ea85c252f9586,1601830800,43,1228
2508,outfit.12ca1b6aaefb46af8208fe008f3eb4e3,1661274000,387,144
1878,outfit.338c7b24bb1140d7aa47279c9490cfe7,1656262800,3,530
6319,outfit.fd816aa2311d45c78fd0ab2d663a177a,1685898000,34,342
2714,outfit.3ae8377476ab4594b00bd3a7790e9549,1638291600,275,438
1684,outfit.1e4a3ce9976a4d9a9061c167255f3875,1655658000,224,6
2687,outfit.b00287a1864d4493a72b295b43caf3f1,1667322000,147,1888
3094,outfit.29a0d66e916c4bc690cf393bcea980e4,1617123600,11,741
6911,outfit.82d7dcf690da4fc09bcf658816bccd3c,1699635600,401,1121
1819,outfit.19f4932d209d4886bfe838d5677f09ed,1650301200,349,1989
1382,outfit.a1bd30435ab14461af069cf262f1e1eb,1600966800,20,786
3123,outfit.97ec221c84bcfbe3,1649091600,232,554
5398,outfit.2208707dcf134558b4d335f1e3534655,1615482000,299,23
1412,outfit.bf5d4348f69b718f,1609952400,73,69
4608,outfit.9a5a00800acbac31,1604595600,48,1002
6304,outfit.92396971987c812b,1620147600,537,1165
1248,outfit.3230795e6aed435ab96c8fcf5e56fd08,1652288400,221,1221
3312,outfit.05164954243a4c5cac4930572105ed27,1608483600,31,1341
4769,outfit.cd92590952d54e1d8b3bec0bbecb901b,1597856400,85,471
846,outfit.b2924603fbe14557b4e7175a3bbe4d5e,1614531600,152,712
3080,outfit.804540f3384690cf,1629392400,492,1793
1706,outfit.aa76777d3b9d4073a342e2093e4ea1e2,1635699600,288,10
5330,outfit.2ead65a1ecf54c38a27bebc2bf47b9b1,1649782800,215,246
7060,outfit.8632cef7c2524f1ea8f213f5398eb754,1628182800,346,1417
3040,outfit.48dec5565f454acf903fe1ce1f41a39e,1648141200,375,1202
7411,outfit.a8cd42d443d608cc,1603990800,5,1680
1248,outfit.9b8cb306a9fd4315bbda3cd2b056e36a,1612803600,221,677
5201,outfit.e0a3899c698544c4bf205f2a6eae496c,1617814800,493,703
4452,outfit.b09e135ba34c46daaf3a5495dcec6e83,1607014800,306,78
1840,outfit.a294399ed5bfba8f,1636045200,141,1103
1716,outfit.522c1f5a3380421e9539663185f60fbc,1615482000,298,537
6526,outfit.89954cb83fe420c2,1686243600,62,329
1706,outfit.ed8d6c31b0e44519a7a4aa30bb643b05,1671296400,288,1990
6447,outfit.f82bfbc5af1c4997956e63f92ea51907,1646326800,243,702
3189,outfit.f062df328d7842e4bc5b0c41e309393b,1661274000,29,874
825,outfit.be1e83bfcede6836,1655830800,113,916
3320,outfit.ee0dfdf3b9a349b591e78712514e2f5b,1696784400,68,932
1382,outfit.11c67729744647cea4955a4e21881e05,1611594000,20,1372
3147,outfit.9ebd102e2b3b4b7484f86af242efad85,1670346000,161,948
2052,outfit.8022397c5e3d4ab4bc8e421da9236d29,1634835600,177,1431
4258,outfit.32b52e42d8e844199bf05c4739bedf16,1649782800,165,683
2649,outfit.fc33a7e64d794702a5d4b0ba40870c69,1693587600,14,600
3956,outfit.677e278365724e15b4d109ecefe6483a,1677949200,462,1907
1626,outfit.202c5658aee14e4180cd074aa81842a1,1689440400,28,41
3577,outfit.bf299b7d8eeed1e5,1689440400,136,974
272,outfit.4e6dbf069e764052b71b95934301f615,1655226000,86,1024
1881,outfit.155567585a3c417fa6043924c2867d0e,1690304400,316,866
4333,outfit.b6f7358d6feb42ceaec950e6b66f4a34,1633626000,546,404
4667,outfit.8e2e2acae5583042,1610038800,429,1696
1255,outfit.d52f6e55c56a4d6ea952522543d06fbf,1600794000,348,91
6965,outfit.c0fa278a2de845a8b72cc0f20ce18227,1663174800,125,207
215,outfit.0e35a8a758734c2b98adfc8630b4e029,1622480400,80,92
1862,outfit.92101abfe02e418f8bc033846dc6d1c8,1635181200,332,1273
1412,outfit.2ea36f84cb12427686eed685f97f2a8f,1636909200,73,749
99,outfit.d948ea24ce8a484db5bd640400d50cce,1629046800,550,1490
3291,outfit.33af134887eb422baed2c7207f9cd5bc,1616691600,279,1641
6310,outfit.70bfcd7059a248ba9b8337bad5ce56fa,1637600400,16,18
910,outfit.2386f5b10f544de1a8f7a53a4b3bb92f,1598288400,109,60
892,outfit.462ca91031c54d7593a2e3d1da41aba9,1634662800,471,1822
5645,outfit.7e3fe1b3b1dc45909d172224682a28f1,1634490000,237,1991
6879,outfit.3ef1542d099048efa539e8c67a385732,1618419600,188,630
3988,outfit.1096c0a926c244b39b44ff523a6ad9e0,1602435600,274,83
996,outfit.992bf5adcd39d953,1660496400,309,954
2920,outfit.35331fbfbbe04b9ca3dfc1535cf148fc,1638464400,47,1136
6907,outfit.78778f72774d4269abd8410a9511fdf6,1622480400,32,1209
2703,outfit.b46fdffcec7c6364,1655312400,236,1732
6364,outfit.9178d6f714280d40,1632762000,518,1640
2812,outfit.dd04098010f74a67ac9bf82eeb4b976c,1682010000,51,237
4404,outfit.f0362cb6059c40938c0945eca21b572e,1623258000,91,1565
7026,outfit.03929cbe49e34b99bdd077380cc8d731,1618506000,308,1181
606,outfit.ad50bddf369641b0827aad7ce9f36022,1692982800,178,607
3227,outfit.9b0a47dc97c7ecc8,1664125200,223,376
5318,outfit.756079160a3e402d87df01062ec3b941,1692205200,84,354
6585,outfit.9d23dc455c9c4837a3fe26931f944833,1610989200,529,1020
4258,outfit.9c0b47f4d629c3f3,1673542800,165,603
910,outfit.3f2ed80371424e879c455f3eb07fcaa7,1595264400,109,1574
4169,outfit.8632cef7c2524f1ea8f213f5398eb754,1597856400,547,1417
6414,outfit.b2e035a8cce61dcb,1646672400,144,362
6526,outfit.f9a2dd8439ea48859a895ea99b8ae6c4,1667926800,62,1984
2170,outfit.9f515fbe4fef48e0bbdebca645ea96c8,1653498000,19,834
1277,outfit.9e5db8a02f39402aaa9ee148d10ce073,1646067600,423,1825
3147,outfit.be670e741ed74f9597a28f8bb3e5e537,1623690000,161,1301
4289,outfit.595a88f3986340b9b7ee163cbe32c85d,1674061200,266,690
5754,outfit.363a3d3fbf64484293b96404b1bdd504,1595178000,225,15
3769,outfit.455bcd119538442981e870ca1041c3b4,1708016400,366,1992
1138,outfit.0b721ca6ffdd489d91fa63f960ca64ec,1676566800,368,941
1382,outfit.59866b2b0d7949f5845bd9774a9ce330,1611594000,20,1993
3814,outfit.b6a27dfa0198a9bb,1599584400,499,1350
4463,outfit.3c0e2b952c024f85b23f3db26403df81,1607014800,36,1329
215,outfit.aa1e25055ec79871,1612112400,80,1994
5844,outfit.8302402a6e8e8e8c,1571590800,40,518
847,outfit.30a3ca6bb1c44394be44eff0548ed968,1685725200,255,443
6372,outfit.9e90f563acb38233,1601830800,143,660
3533,outfit.25c93e08d9064a1c85d877bf4157a626,1591722000,108,549
6513,outfit.b09e135ba34c46daaf3a5495dcec6e83,1626109200,107,78
3924,outfit.dcf9da47ee4e4bd994d4faa2aaadb321,1651251600,204,696
1862,outfit.92396971987c812b,1641315600,332,1165
5160,outfit.93da3bfb33311ddf,1664038800,441,986
675,outfit.4688b412bce3457a9c1727fd38ab4a06,1603818000,45,220
3769,outfit.5f20616059e84ab8b62eeb7f0a802e3a,1673802000,366,1995
3896,outfit.80820b9138cd4205885caaa0a65dd6a4,1693501200,192,402
7366,outfit.c663f1c85a344f039eacb889398b6b91,1653411600,533,628
454,outfit.86b2fd508097409d,1690995600,96,1413
4853,outfit.b2e035a8cce61dcb,1628182800,175,362
4501,outfit.233cc1a575934df38cc3c307901345e5,1675616400,381,368
6642,outfit.9b440739a4ab0623,1614618000,312,274
5778,outfit.9a0283b3b9e34e39a0038cb7b7044c75,1645117200,169,560
2949,outfit.8688e9d35c0dba13,1638464400,185,808
3094,outfit.8273c17c394043b8affdf5c04ee019ed,1600966800,11,983
7026,outfit.8e0be7c7028e4b8f8a6f69a1f0192d2b,1605459600,308,1976
1819,outfit.dd04098010f74a67ac9bf82eeb4b976c,1638810000,349,237
2465,outfit.e2ac14f5ba454e0eaf3e7c0f926c65ee,1679158800,469,346
6787,outfit.95a9732c69cb1e4c,1630429200,516,277
6103,outfit.92f2e542b76f7d6d,1709830800,57,990
2085,outfit.6ea93b224a3c4027861e62805e0bd3f8,1671987600,172,997
490,outfit.b09e135ba34c46daaf3a5495dcec6e83,1590512400,227,78
446,outfit.1edb2c8f4ff048c4b2f715329ccd7a93,1638723600,0,1996
4656,outfit.d9c02686a2094291837d95d09384481b,1680541200,130,1514
5398,outfit.0d0727d0c03f453495eaa85dc17d382d,1618160400,299,187
4170,outfit.706635d443e040d2a4ae9e6862a95961,1641834000,87,1945
4463,outfit.c7f9aeee09fc44d5b7a764ce40b3e27d,1644166800,36,1997
3988,outfit.60dced53fd414aec99d569404f19c4ee,1605200400,274,195
2918,outfit.206df08f735c415bbcaca8d70e762971,1675875600,371,649
4175,outfit.0ff0d877678e4755b088d1c5d09bee11,1657731600,292,1022
4175,outfit.853ff9245b124c84bb0973a6065e64de,1681405200,292,20
3227,outfit.b45f71cef3bf96b3,1640538000,223,233
2762,outfit.841f070dd5a12094,1616086800,252,1312
3192,outfit.48cf5d6579da4369b03b1f04719b322a,1623776400,52,675
1792,outfit.55e47b50f0dc4852a5784fffafa63488,1616346000,199,521
6372,outfit.a5a7231c342d45cca35cf536be58d63e,1617642000,143,301
1525,outfit.c560abcbbf2b40edbacbd51dfa99bf58,1602435600,388,1491
7089,outfit.14727804dc6945f9baabcd76ad96a744,1619542800,182,423
3432,outfit.a867d0ea463b4d6dbd0f750bc1962f49,1641315600,153,1321
785,outfit.faba9b9a9f654d6a8cfeb6bbdf840806,1665075600,351,1159
1525,outfit.b2e035a8cce61dcb,1598374800,388,362
2223,outfit.fabccb7729514b23b386e2f93064548c,1594227600,173,901
1282,outfit.36eacc2af2494660a2c914aab7474a40,1689958800,344,1938
262,outfit.769849cd28044a7188d9fce349c06156,1637859600,382,764
3094,outfit.4cbda361e12e4d65a5fb502dfd38076a,1612112400,11,1828
3267,outfit.2f5f6f70329640ac99f0d10f72543e1a,1611075600,43,1998
731,outfit.bb72f30cdb4246d1bc47ff8b17cf4162,1622480400,39,226
1412,outfit.a7b955473f2248a8a818455cb08c9e79,1644166800,73,285
313,outfit.d363ee8631554dccb9ced5babed2ce6a,1688662800,391,801
3846,outfit.b9e21535cf624b6eac04d3a9708f213b,1609952400,118,827
1255,outfit.a84d98da9b0b4c8d95457d446a4df5fd,1600794000,348,1675
3624,outfit.b2dc9f23d8d34e6fa62981cf887be220,1653670800,151,1999
1735,outfit.cf2fa10de8ea412186fd6dd1f658e3ff,1657990800,42,135
7411,outfit.9373e29ec69b488d9cbb22abfaed3b0d,1601398800,5,1961
4464,outfit.233cc1a575934df38cc3c307901345e5,1660842000,55,368
3727,outfit.a068099d1b3e4019,1638378000,187,2000
2556,outfit.32722b47b465460e91c775e73609e78b,1632157200,329,1616
5130,outfit.240ac09f29724bc58045e16a2721cb8f,1662570000,268,1407
1706,outfit.9e3bea6a01d94e03a43bfefac24422e4,1671296400,288,1089
7152,outfit.b0816b262fa40eac,1610902800,15,2001
3320,outfit.be1e83bfcede6836,1680973200,68,916
7366,outfit.9739950a93f6aa90,1666630800,533,510
5680,outfit.f376dd31f0194adead88365684ce1e14,1637773200,21,1437
6932,outfit.ab5cd68b34421ba3,1626627600,409,2002
1809,outfit.359ce2bd2e40491686ce3ebc4a13ead6,1671469200,211,494
5531,outfit.f194f8a84147453cbd660e148942e1e6,1665075600,105,2003
3080,outfit.6d6fe6b3b2514ecc8c47947292874f90,1629392400,492,475
3769,outfit.b619b14568c94d46ac314ae0983703bd,1652634000,366,38
4463,outfit.78d16995b62e40d48f06a20dbf72d844,1654448400,36,66
5695,outfit.4d91614bd70b4799a861fe5ea43db494,1598202000,44,185
2040,outfit.94f96de6e74f4a51b85f15018f9ad0fa,1599411600,24,155
6011,outfit.9df47f2be7324ffa9fe6cd184656a7ed,1688144400,114,1586
2573,outfit.0e79f46fd9f344bdb7c714ffce9e98aa,1635872400,201,300
7270,outfit.09ed7d853d264be0b707417f8ee4630d,1685984400,195,1391
1386,outfit.422bc3cc7f6a429086cf8c49273ecd90,1662310800,189,247
2273,outfit.48082d4340244e8ca2ff66aae39dc114,1631811600,148,1987
1626,outfit.388d5e71d8ca46a59067b8f07c7a0760,1700067600,28,1378
2329,outfit.7b4f2169219844b0841ffb1a8c602ee2,1679418000,212,291
731,outfit.6377a711bdf04683819c6fc08921cfaf,1619370000,39,2004
2248,outfit.bc45deb17b3a3e75,1690045200,341,624
2273,outfit.4ee818d5bdbb409397fa9157da2e96b1,1629392400,148,731
675,outfit.f82bfbc5af1c4997956e63f92ea51907,1598547600,45,702
3649,outfit.76443d6db496494dbb26ac275ecbdb3b,1600275600,66,72
4779,outfit.257570a5166f43fba7f231ab1e0e2d11,1627837200,502,665
446,outfit.3895e85d340f4339b7fef2e143e5e390,1592326800,0,2005
1881,outfit.50968c211b5941648f6519e289b84da7,1692982800,316,1402
3312,outfit.62f1b6fba2104c1296481b7f8bc074dd,1608483600,31,365
1881,outfit.dd5c21e0c1ee4428b7019e5740e3e8aa,1700931600,316,1215
3227,outfit.9b0a47dc97c7ecc8,1637600400,223,376
4404,outfit.c9ba76ae33c44aa5a06b23a4e4229fb1,1678726800,91,1510
1626,outfit.f3067ef490224ffba4c9a8b16458c624,1647363600,28,121
3878,outfit.1b9ab78223b843e08e1daeb660783adf,1605805200,419,1538
1516,outfit.106726e45449496989051f9f0ff73af0,1626282000,238,1621
1784,outfit.1704515347d34164b1de0aa1300d063a,1655485200,427,524
1706,outfit.9565d4d6787ad71f,1663434000,288,1258
7100,outfit.eb104cb68a534166899c4cce84b0fa55,1655398800,61,800
3291,outfit.c5fa2da94b8a48ce893b4a3722f02cba,1666890000,279,1858
6885,outfit.2f5f6f70329640ac99f0d10f72543e1a,1700240400,88,1998
5285,outfit.9fcb20cced63441fbee2002faed4ea39,1688576400,277,1676
5531,outfit.3230795e6aed435ab96c8fcf5e56fd08,1624986000,105,1221
4818,outfit.f40373a3c86d43cda4155344e39334c7,1674752400,439,761
4724,outfit.b04f116bc3224f22a8f17d62934fe2cd,1697648400,520,331
6907,outfit.595a88f3986340b9b7ee163cbe32c85d,1651770000,32,690
4674,outfit.d24b8b64d37f4ea29ccc8aeb0c1bbb2f,1669395600,12,216
3577,outfit.33775c3acbcf408aadc5a2436d0750ec,1612717200,136,909
6936,outfit.bf5d4348f69b718f,1643648400,226,69
6447,outfit.8302402a6e8e8e8c,1637773200,243,518
3094,outfit.c815d15af6ba46c580927f9bf81122f0,1633885200,11,1263
2040,outfit.e837786453834dce89358fa547d891c2,1601830800,24,1423
3279,outfit.4158a6fc47074d23b6591ae8583673a8,1635699600,407,382
6907,outfit.abcb318cd2f62d3b,1641142800,32,322
107,outfit.06464642967c4d9fa0f8267dfd3d80c0,1632675600,503,982
606,outfit.a94fbc2c00c0d099,1669395600,178,1778
1412,outfit.9c19cb240c0c06d1,1607274000,73,614
3577,outfit.684efa997862433aaf292a14289eaa4a,1663261200,136,1893
5891,outfit.03d688ca88f84e89aeb31592d6394247,1630602000,326,1307
3624,outfit.e7f85074d17849e8acb4fa1eaa62bcf0,1658941200,151,1833
5694,outfit.d9c02686a2094291837d95d09384481b,1607014800,216,1514
3608,outfit.3aec93f22b9a450ab7dfc26095abc609,1601485200,247,543
3094,outfit.ad50bddf369641b0827aad7ce9f36022,1594918800,11,607
2949,outfit.97acaefe61dad4d4,1629133200,185,1953
5459,outfit.22e47ac833dc47889bf2c9bf6baed182,1684947600,10,208
4318,outfit.f194f8a84147453cbd660e148942e1e6,1649091600,487,2003
1792,outfit.dc7abe1bb20f423a8356cb4d089c56ff,1683392400,199,928
6550,outfit.fbb003446d3c40a3879b475502a7e104,1633885200,345,177
1390,outfit.36eacc2af2494660a2c914aab7474a40,1656176400,77,1938
675,outfit.ada6bb8993e7a05e,1645981200,45,701
4746,outfit.4158a6fc47074d23b6591ae8583673a8,1649178000,94,382
6380,outfit.9dc1abebc456d310,1631811600,196,205
5430,outfit.b51ab929ce045cce,1626195600,450,1248
6526,outfit.aa76777d3b9d4073a342e2093e4ea1e2,1704733200,62,10
6319,outfit.a520a9aa8147d618,1656954000,34,1688
4638,outfit.d3970e5f36ce440fb7ad9d7b74cc7f48,1604250000,46,193
7409,outfit.cf321774b9de4035802e1829303fd3da,1654275600,535,1099
5722,outfit.defda56477d1496dacd7a61e447be9c4,1628701200,509,840
1193,outfit.fcd37df89e7341dfb75d074f0d092396,1617814800,214,1516
3320,outfit.7f53199a70b045598d5cbc1c0546d248,1686243600,68,1397
4608,outfit.8b14ea3bf7bc40ee,1599411600,48,1177
3956,outfit.3e47b084ad704fb5b25b38809fae38a7,1654362000,462,148
5160,outfit.b26dea94dbd147919dbe9c6378c9c52f,1650819600,441,266
3094,outfit.2a4ac5ffa2a44630a5295e135713963f,1614531600,11,714
2022,outfit.8db4b3541b97c627,1670346000,149,1612
4656,outfit.0cefd239bf11456ea05ab6b00f40b457,1701622800,130,2006
1032,outfit.7cff339e7950448c8485a2b44205adc0,1645981200,218,1145
1522,outfit.3c6978266dfb4b9793e2c730496089d1,1598547600,121,546
6212,outfit.478c7aaed8f8413d9618e508ddd7d59b,1655485200,434,1564
5914,outfit.853997984302460e92bb9f8335ca5a0b,1595178000,74,810
550,outfit.138c6d460dc14dd4a223e9f2a484ad6d,1703005200,251,816
2402,outfit.bf0bc59908734a2a9c7a47a1442bf744,1599152400,163,339
1706,outfit.32722b47b465460e91c775e73609e78b,1655485200,288,1616
4452,outfit.1dd897589a5148198aea6c403d613063,1607014800,306,1101
1138,outfit.d7a7b1a15fe04fd886b31c47431ebcb6,1678986000,368,1340
5531,outfit.f102748bf7fe46a2a9a3eb170410b6bb,1712422800,105,998
3458,outfit.efc9e86a0cd84fd28d55609e33bff657,1642006800,475,1279
6940,outfit.ddb15f8dac0c4e03a7c88805a98cfcc8,1665162000,230,612
3291,outfit.83b1e08b46bf0031,1606323600,279,1027
3649,outfit.353d5f65327e4dc7a10203844a59c560,1594918800,66,314
576,outfit.b26dea94dbd147919dbe9c6378c9c52f,1643821200,305,266
1336,outfit.bf5d4348f69b718f,1705856400,210,69
996,outfit.1b4027c5a27d4ac293ccb2377c38d408,1692032400,309,514
2617,outfit.a9f2bcb6885fe60a,1645462800,50,384
1319,outfit.466afa76adb144b7ad004be6382cfc54,1658768400,464,315
4463,outfit.97071c364d1944db8c7ae6a9d768a51a,1700586000,36,458
6879,outfit.875635fa72e9a84a,1615741200,188,412
713,outfit.4c8d6c10b08440fcb06d8893d705124b,1703523600,534,396
6977,outfit.50fef96d33b04473aead4117f52c1338,1671037200,160,2007
2273,outfit.a32232b1ae5445e39801fd606d444610,1630256400,148,166
2040,outfit.5a0e04a9018a4904990fc85f1c8cd1ce,1623603600,24,1298
658,outfit.ccb9ff4f288f418d883547a0c1341f1c,1573750800,82,1523
4960,outfit.801f1b35886e42f6907ec4709420c7e3,1636304400,198,253
7411,outfit.f4a5306ea45d4ab9b40340f016bab653,1700326800,5,657
4193,outfit.31879aacd520402abb57929e7b7573f1,1662656400,278,1898
4471,outfit.31d5bc7c60334b9889e9ed768f05e578,1703610000,515,104
2812,outfit.8a130c68d99c4023ad5d0551e483cec9,1627837200,51,1954
1138,outfit.e43d27b277bb4ad7aff36a857ce6f766,1700154000,368,913
2383,outfit.9b7577b41e374c5d8debce0abc0466de,1637514000,297,1186
1382,outfit.d72f9d58cad643e9964ced2cf3bd30a3,1632675600,20,547
948,outfit.2a06aba4942f46359361633e8c1e9e59,1664730000,249,239
1784,outfit.92423563b1ab408ea4e1137abf9774d6,1641747600,427,1295
6601,outfit.fd709e5fcf3c44569fcc59edf75d4193,1701709200,78,1620
3094,outfit.6f809ac4449f4502a6eee8832eabcb60,1612112400,11,843
1982,outfit.ee40e812ed554b87a45637339c72cbd6,1633539600,433,511
6734,outfit.8ce5277fd36a4926b5203cfcdb72fd72,1654794000,202,1297
2148,outfit.d0faaa3486494e7d8ee3298104bc8adb,1682010000,311,1191
2762,outfit.77115f3958a24ad98cc8568e3fbe0da8,1610470800,252,1924
1585,outfit.deb2675432704b1e8048f6f90c102a00,1646240400,241,806
2766,outfit.c0dd5faf2a294aa09fd7a39dc7a313bd,1693587600,380,912
3432,outfit.9ff74f4f2a2f4454a7a629777cff27a6,1648486800,153,1504
7181,outfit.b619ba973b4b49d79c89863737097ab3,1695747600,488,839
6706,outfit.aac7f6af58ec7121,1596387600,424,1618
2918,outfit.b701b51a404a44418a375258167ad442,1667926800,371,1346
3749,outfit.427ef0e6b9c847fba4200cfcfe1abce9,1629651600,49,1908
5695,outfit.a9f2bcb6885fe60a,1601485200,44,384
490,outfit.25ff5e5ef4b541d79324a66515f1d89a,1652288400,227,298
6601,outfit.5405ab692b354a69a104048dda3366e7,1699117200,78,1805
4336,outfit.c8c5d18e8365419eba926afed7344dd7,1653843600,119,1035
123,outfit.3b32e75fb8984ec9ad5d8ccb79999327,1644426000,240,1044
4463,outfit.a8c3007784dfc486,1687366800,36,1442
4779,outfit.16f24c4eb69a48f1a34117fc6c0a691f,1637514000,502,1277
1586,outfit.f8e95f5fd1b641a4823ea3c6010e19cb,1652634000,23,254
293,outfit.f4c975dfd4804825bea20bd68735b738,1571158800,508,2008
1412,outfit.8302402a6e8e8e8c,1609952400,73,518
7135,outfit.a5d5bfee852848c18596d844a3a9025e,1672506000,267,374
6372,outfit.9337c57be08b48f685e77490d17da267,1590339600,143,685
3267,outfit.af3cb94171784fff803b50e9a99cd890,1603386000,43,559
6907,outfit.81e52ba208d55e4d,1714928400,32,936
3991,outfit.b8c30d318f9d0554,1603213200,321,36
5734,outfit.66da7242210f4c3fa7a47285efe37504,1631034000,353,709
6907,outfit.3fb6cd2d1f454b85937d1540dcf212f0,1617210000,32,31
2273,outfit.39ea3a4ef54640bc97a8ebd89ebe5294,1629392400,148,2009
4240,outfit.efbeb50344e54028b243698b3dd1b700,1637168400,70,256
6650,outfit.78778f72774d4269abd8410a9511fdf6,1688144400,417,1209
5694,outfit.d04fbe1240ef405c867fb813b5aa8779,1585846800,216,944
3312,outfit.05164954243a4c5cac4930572105ed27,1614099600,31,1341
2085,outfit.f4a5306ea45d4ab9b40340f016bab653,1669395600,172,657
2131,outfit.dcedf030b9134a08a8d3df3f4fdb07ea,1639674000,359,1475
1700,outfit.50a8ff8407894fcb9048249c78732fc4,1684602000,355,1718
1998,outfit.34bd3ce2dd644974b9e945a8d91d8bca,1638291600,262,153
4819,outfit.871f15bc73153001,1637859600,159,1182
2271,outfit.d64c915c766349d18cd794e642e97166,1602608400,259,1975
2485,outfit.93d11b40e1db46198d34109e7d0ebfe9,1664643600,184,533
7135,outfit.2bb91a54c63d4f72a11a6ad7a00b35cf,1677603600,267,1053
5694,outfit.925c69db26f6bbae,1583686800,216,367
3875,outfit.ac3e4eefb550471989769e1e4d1683d1,1630947600,400,491
2364,outfit.9bb6cde5e7d143db8e60793ec409d58b,1607360400,93,100
1382,outfit.33aa579f63424034b5c78e1c12985d06,1663174800,20,2010
4404,outfit.7cc254ca61fd49189825e315d9507a3d,1644771600,91,783
2812,outfit.46fd30ba34534c96b133e88f257cb7e1,1614618000,51,33
3094,outfit.3261b5e6c4574ee9aacde7740fde9f7c,1664125200,11,470
7181,outfit.b619ba973b4b49d79c89863737097ab3,1695747600,488,839
414,outfit.a8544eb2962547d1bb80da530b4c377a,1703264400,373,905
6696,outfit.676f2b8ab3894ff293c0fbd62398bc05,1640538000,2,721
902,outfit.9565d4d6787ad71f,1697907600,304,1258
2812,outfit.257570a5166f43fba7f231ab1e0e2d11,1674234000,51,665
3510,outfit.09f131a3a13141da9b70638289d27de3,1661619600,239,1458
2649,outfit.f3067ef490224ffba4c9a8b16458c624,1685638800,14,121
6284,outfit.cdca688f6a2b48c598ce6c5459088301,1655398800,97,133
4564,outfit.a273058ddb56de19,1635094800,167,571
6380,outfit.a3d25f31c9758d32,1702659600,196,401
2573,outfit.fd816aa2311d45c78fd0ab2d663a177a,1638378000,201,342
4452,outfit.12c66a78a00f40a2908e64050f4ad8e9,1600016400,306,2011
675,outfit.24f7bb6f025640bb9f3d5df253dbefb5,1680368400,45,263
3382,outfit.ac93e6bc39c341dd9592de80ee57e522,1639501200,229,493
2815,outfit.7ee7542297f944ecb49f4fe5b44728f7,1657386000,384,1
3521,outfit.abf8682bf7784e73af89ebfd6d542df0,1709571600,58,872
1412,outfit.b3d31d76ede3d815,1615136400,73,310
2205,outfit.774b95bb02cb4be0b92d2a232bdb8b0f,1693501200,132,227
996,outfit.8745fe6f294d4f41,1657818000,309,1942
6786,outfit.3fb6cd2d1f454b85937d1540dcf212f0,1699117200,219,31
572,outfit.a6275beb200f40c7a6b422d5c8b3d4b7,1633453200,35,1225
6585,outfit.08b19773414e438eba84e8f55c3508da,1603040400,529,2012
67,outfit.499d31bd36254c7191245e1d40745824,1677517200,413,96
3017,outfit.946ae92e21374e0d8935761e881bb94b,1630861200,65,409
416,outfit.70bfcd7059a248ba9b8337bad5ce56fa,1649264400,33,18
2892,outfit.d933a0b2120d4102bcfe5f51886dc0e1,1643216400,370,1608
3727,outfit.519b363c010c4157a561e58cf3cd8c07,1686675600,187,1031
3320,outfit.5b607271e3ee467bb4188f977c0336b8,1680973200,68,429
4336,outfit.becc5bd9847a7c10,1643475600,119,844
7100,outfit.13db1499701e46f5b6e98d5e6d34267a,1645030800,61,427
2556,outfit.be670e741ed74f9597a28f8bb3e5e537,1633280400,329,1301
2703,outfit.4431d4e34e6a4c0fba43aa50395893f7,1684170000,236,58
123,outfit.ac3e4eefb550471989769e1e4d1683d1,1641488400,240,491
2329,outfit.173b6b1204df4f128bcbdd843d91351e,1692896400,212,643
1201,outfit.e8f877d97bec44b49a40abd355d69d51,1642093200,412,638
6781,outfit.9f16b609a91c48e3,1636909200,146,109
3821,outfit.dcedf030b9134a08a8d3df3f4fdb07ea,1635094800,414,1475
1041,outfit.9cb602e5b83949d49bc50bbbfa5b7d04,1620838800,405,2013
490,outfit.d002aedf1e0d4058aaa82dabbbd74c52,1634144400,227,2014
2869,outfit.09a274c103524f30bd8e3fcc3cbab7c1,1678035600,256,962
2815,outfit.2c4583bd98d748f29b7f7fb1cf6c43c4,1660064400,384,1379
4017,outfit.8632cef7c2524f1ea8f213f5398eb754,1678294800,296,1417
3749,outfit.0e978d0344f44a11accd476e3397df84,1616432400,49,2015
2623,outfit.f4336a1909704b3fb0843ec7496c2884,1622480400,272,1931
2703,outfit.6fa8bb1601aa44698177e99a24a52863,1702659600,236,679
3642,outfit.b768912b0eaf45f19918f8ef07d1bd1b,1612803600,271,1517
2500,outfit.3eae986d05314414abe4ab66b1f1d94c,1682096400,150,1744
1684,outfit.c71e9a58962a404b9d6c8df867b4b392,1660928400,224,873
5251,outfit.c2c7871b40df44969ba85dea0f927f42,1637773200,260,608
1998,outfit.9e90f563acb38233,1708189200,262,660
5695,outfit.e18310c477cb4fa38cd9ba31e9997c4f,1614790800,44,517
3846,outfit.b3d31d76ede3d815,1604422800,118,310
6402,outfit.f8be16c68a624ee7bf9a5120adb0cbcc,1663606800,335,1212
1831,outfit.47ffcece5f244f9a9cf888f7f6d16e29,1702832400,432,627
3533,outfit.8154323d7dae46d3b98fb5e85b96a41a,1625158800,108,1638
572,outfit.80333429732852d4,1620147600,35,890
5059,outfit.5862a9386cbc4ff29e9892f49274c243,1629824400,485,7
3533,outfit.9d09514916e0a13c,1600016400,108,1000
1998,outfit.c0dd5faf2a294aa09fd7a39dc7a313bd,1638291600,262,912
3608,outfit.18aab8c241324685bff0b4d2afffd4d2,1606755600,247,2016
6583,outfit.f5fb40c43d174f799509d01145b1ed1f,1655917200,333,391
6129,outfit.380abb0818d3434bab724eeef1f4de2a,1625763600,428,154
1735,outfit.9aadfc9a1d195c33,1665939600,42,1013
824,outfit.a495750db2b745b3b257ff60a9aacc76,1644944400,246,2017
4258,outfit.b6e876bed3cff76c,1668272400,165,804
1586,outfit.80333429732852d4,1676480400,23,890
2130,outfit.94f96de6e74f4a51b85f15018f9ad0fa,1613581200,276,155
6298,outfit.ec43e546a9d543ee8c15c07cb70608a9,1622048400,404,181
6798,outfit.f13af5d893714a7abcbca1ca15163fe9,1715792400,135,881
2573,outfit.b8b6253b118140448c36fb7b55fdce90,1604509200,201,981
7114,outfit.79a40865291e442bb6473767b615d4d9,1657818000,41,1759
6604,outfit.ddd870ed06d64892af526d056b438894,1598202000,463,1046
2573,outfit.b9e50bdab7103d0c,1601830800,201,1251
4834,outfit.63bcf26d934447e1aa4d53214cef7d4f,1630256400,131,875
1626,outfit.955f2239f0b38561,1681578000,28,1293
5734,outfit.0ed1568a6b6545e4932bee98c84aa544,1644771600,353,53
2869,outfit.c5b61903ca9849fe830fd86f7cb4da50,1667667600,256,447
3267,outfit.1da2e77fd6594cb7bf3e7f4dd0e187b3,1621443600,43,1788
3312,outfit.39c98e12ea9942a0a2c98c6297aabfbf,1599411600,31,1016
2329,outfit.d4d71ae7c0194db7b38fa774db0981f4,1653152400,212,304
3279,outfit.fd816aa2311d45c78fd0ab2d663a177a,1633021200,407,342
4608,outfit.d751f378f5214d2e941994a9ecc4b046,1625590800,48,44
6,outfit.3bf44cf3a9d8493eb057521c2f3e88e2,1637686800,325,1076
932,outfit.bcc71d0caf95dc33,1656522000,426,17
2089,outfit.4c8d6c10b08440fcb06d8893d705124b,1621270800,455,396
3432,outfit.d60c7801271e488d88f0f13a0b28e6b6,1651165200,153,1486
5531,outfit.15f39d4408a449febc2bd0d1afbb0f1f,1619715600,105,540
3123,outfit.a0e08ec8c3ce46a0972972e9bbd03a04,1708189200,232,2018
3041,outfit.e17a0df1f70743e590827d7df93bb7f4,1696525200,76,119
5778,outfit.f311d710c5e84c58ba695897a2d8afa0,1650214800,169,824
2383,outfit.5b607271e3ee467bb4188f977c0336b8,1637600400,297,429
1902,outfit.7d5e7df1d7e44528bca8d9859759042d,1674838800,448,65
4834,outfit.40f5c15e6ca0486293b24bdf66d40393,1638464400,131,1125
3103,outfit.5c582cd4de764f77bd15e4a4abb070b4,1630515600,79,1875
4452,outfit.bf8385f15d6d468880c5e654f7599cf1,1604854800,306,1015
5251,outfit.257570a5166f43fba7f231ab1e0e2d11,1637773200,260,665
4501,outfit.db6e87de63f347a0af3ecbf3b7463a55,1683306000,381,623
5760,outfit.a38554cc5999458397c5f190f0f3c38d,1656954000,59,99
6583,outfit.2a4decf449b64584804dad1d704f4ef1,1650646800,333,914
4853,outfit.4c41406859e04bc7b29036c62ea1b7df,1633021200,175,453
3320,outfit.8a91fcc1f1f612e6,1678294800,68,1448
2402,outfit.80d81410fa5f0ae4,1596128400,163,678
1354,outfit.955f2239f0b38561,1701795600,301,1293
1374,outfit.e947dbab69e64c5a85f1fe565b5f3a49,1601830800,6,372
4170,outfit.3dac69d72aed4d1ca4fc6bcff6b7cd4f,1650906000,87,399
5464,outfit.53a31f7360074b1cb7eb8b9c6367986d,1626627600,540,903
6907,outfit.db025960e5494378bd81a48377b0a1bc,1609866000,32,437
932,outfit.1c195032518b4aba942f6b4fb6ae4690,1659200400,426,1155
4452,outfit.b49e6f1cc73f48f9a6329311214ee57f,1607014800,306,457
675,outfit.9337c57be08b48f685e77490d17da267,1599411600,45,685
4834,outfit.67251d32508649cf8e2cb7d79817796e,1640710800,131,1968
1382,outfit.760587419305432581b1c2dd2d29e27f,1606323600,20,1115
6706,outfit.7ca0d67e06f7491f926b46e7fbdbd32c,1607274000,424,343
3094,outfit.08dbb547a168423fa28b156f63acf8c4,1603990800,11,666
1248,outfit.1cb90c4ef4cd4941913e9ab5a095b0d8,1602608400,221,424
7411,outfit.839e3ef745704a72a86272840cf862d4,1594314000,5,140
4651,outfit.df13ea56a17d4fad9fca92caa307b02c,1623258000,495,807
4853,outfit.99495169e3ffdfa4,1635786000,175,785
4170,outfit.ded9a0e26ca846ba86ae2eb4f12fe831,1643302800,87,1722
1586,outfit.3f9b25249293481cac7469b68f545c7b,1665853200,23,393
5379,outfit.ccf811c5b8f847758b9d79c74514890f,1637168400,102,1133
2273,outfit.31c45f9a261b4631b76a98158841b8ff,1629133200,148,1911
7181,outfit.947023ca62c57b96,1690390800,488,444
6129,outfit.8e408fb4b2c64525966837c7789f2965,1637859600,428,1113
2949,outfit.9b440739a4ab0623,1630515600,185,274
6604,outfit.ce331a7cc22d4aaf82548e873c59e6cd,1595955600,463,1109
7089,outfit.0a5a3a2e1ff34f1792e1f2dad95cbc2b,1693501200,182,1234
872,outfit.bc66a84c6977422daff287c7ecdb12d3,1655398800,357,1687
4853,outfit.202c5658aee14e4180cd074aa81842a1,1630429200,175,41
2052,outfit.2901f306ff3a4e7e8288cc48ec400f5f,1653584400,177,950
4558,outfit.0ca44af5dc0d4bfb8cb409023716c0a5,1597338000,300,1842
920,outfit.28e8c652c74547b9ad1485f752f3e125,1604854800,525,2019
5846,outfit.64910701f4974360acc6851b2b0fd7cf,1689094800,517,483
2089,outfit.9b0a47dc97c7ecc8,1618506000,455,376
2170,outfit.89fab8d7d294457fa493f087c68b6bc1,1677344400,19,411
3267,outfit.94487eff13dc2b77,1669482000,43,1599
1586,outfit.ed26f73fdcad4071a6efa9ea84e9de3c,1633885200,23,1241
2687,outfit.118f15046d0b45d48929bb91df474761,1632848400,147,755
2085,outfit.9a5a00800acbac31,1666630800,172,1002
2573,outfit.d78cbfab144149069da04737d98450a1,1607014800,201,1151
5695,outfit.f51e3b6fec2d44f59e21f3dc2334231b,1639501200,44,1941
7411,outfit.124195196333488e8ba4d195b96ecbdf,1644944400,5,407
204,outfit.44264bb27f644691a9e3b5d774881800,1674320400,474,2020
4899,outfit.d3972ad336174608b061e6224cb1fad4,1600016400,302,1245
675,outfit.df79806b22844eae8e38a61b63ffeee3,1685638800,45,270
5914,outfit.1b0e05e23cc047439c31fc35d0c34b55,1661706000,74,961
2383,outfit.206df08f735c415bbcaca8d70e762971,1691254800,297,649
6907,outfit.93826cc51216dcd0,1693933200,32,386
6310,outfit.8400c26ee9d435bb,1638723600,16,1762
2687,outfit.edf01c8ca8f64059a8afaf72b4ba5eb3,1646154000,147,927
5531,outfit.5dc101d7bfbe4f49858db5913a5a7203,1649264400,105,1816
4638,outfit.d71dd7d70f184d10b2bc26105f3283d2,1617210000,46,789
6287,outfit.82ec1db640c48b3f,1574874000,140,984
2340,outfit.b2e035a8cce61dcb,1611162000,269,362
640,outfit.148764d766b94842ab69e411e8bb3e75,1654534800,235,2021
3123,outfit.771bbd515cd448c19ac2778c729e8e8a,1648746000,232,1243
5846,outfit.52d1f28b96d6412b8143411eb00fa1d0,1686502800,517,1950
3572,outfit.c71e9a58962a404b9d6c8df867b4b392,1607274000,340,873
757,outfit.e2b3417940d44a5a8202c0a7b39604e1,1662570000,295,952
5251,outfit.a7b55780d1764599a3ee339fff38d002,1670778000,260,1157
1522,outfit.97acaefe61dad4d4,1595955600,121,1953
2273,outfit.d74a648486b04780b38eb60860b4b974,1629910800,148,2022
1809,outfit.4c8d6c10b08440fcb06d8893d705124b,1658250000,211,396
6526,outfit.142a3686d9ec47afb71932e592f45a92,1665248400,62,625
1032,outfit.5c6bcfee583b4d7aa6fa807279637d59,1646586000,218,179
6177,outfit.b8edf89f3a5949949ae1188cd3283d6f,1647622800,250,847
7342,outfit.82ee7c9d4d1e4274b0c706c82653ab79,1708534800,410,1949
2290,outfit.d0c6cd30a1f146a8a1ae6f73b34a0103,1647795600,422,682
5914,outfit.253fb654ace04cbb9280e54d54b62ed8,1599152400,74,134
3320,outfit.8feb7001275554c8,1707411600,68,819
1368,outfit.4a4c3e2895e2437b8cda83c27064abba,1636650000,527,552
666,outfit.fd299060de4749de80ac2d77720217df,1660669200,468,980
1390,outfit.c7f8c0ab1c36417eb3a7dea515d2a0e7,1638291600,77,1217
6663,outfit.a294399ed5bfba8f,1664557200,476,1103
5661,outfit.8a458a93e4cd4214a520074f16d5b9fa,1667840400,386,19
5236,outfit.7395b78d10084aebb906f8f83bfd89cc,1643648400,310,3
6212,outfit.dc0ccd196e79413d9c7216f3970942ec,1642438800,434,1615
887,outfit.853997984302460e92bb9f8335ca5a0b,1637859600,513,810
5130,outfit.ea3962c74e6e4b578a4fcee30dfa2aa4,1662570000,268,1711
4725,outfit.a1e7bca1ce3791d6,1669654800,83,1211
5694,outfit.34b2a2a9779a47f0a1aff663fe8d1c86,1583686800,216,868
5236,outfit.1ba117ad1dfc4db98e92536c9d6724fe,1672765200,310,311
6380,outfit.394609460a3549928924f3a0dc5a6e3d,1700067600,196,279
5695,outfit.0dcd9f8fa95a4d81a7bb43df05668e4d,1601485200,44,1785
2329,outfit.b7e42c6a4cc546d3936a1fc797a1b4ef,1655830800,212,1336
2573,outfit.44c8e590e1df4f6ab23cf81b9ed39374,1614877200,201,196
582,outfit.82ca4f1985ca4966ac81db79cc5a5bc1,1619974800,470,849
4073,outfit.dd62d98a9d3e40659b5438f7388d8e01,1646758800,38,1368
4175,outfit.127cbdac62d948a1827499f13034becf,1639069200,292,774
691,outfit.03a5ffb8c27947de936564061de3d046,1597597200,339,1639
2364,outfit.e6abf593ad3949cd8a2b345ed4249ff6,1610038800,93,120
4149,outfit.57729471dc4a42fc8ebf94a2741b54ac,1623344400,376,2023
2273,outfit.da7886916bfb4f4dae18d06d28aca900,1639069200,148,1422
6965,outfit.7eb16fe1e199414bbb7f88d71fe7cb56,1604854800,125,1094
5760,outfit.f4a5306ea45d4ab9b40340f016bab653,1685898000,59,657
6304,outfit.2a4ac5ffa2a44630a5295e135713963f,1630861200,537,714
6936,outfit.ab5f8f08a7379c5f,1651424400,226,1509
215,outfit.34f5581736934174aa24aa69cefa8653,1633021200,80,1677
4638,outfit.369422f2e567409b88d925e916f3a555,1670778000,46,1134
4463,outfit.b8c30d318f9d0554,1609866000,36,36
490,outfit.9347386eb2dada73,1570640400,227,1519
1282,outfit.bb925d82b43cfc38,1695315600,344,1636
4522,outfit.138c6d460dc14dd4a223e9f2a484ad6d,1702227600,461,816
215,outfit.17996f09f2a84c078a7b0bd718bcddd6,1612112400,80,756
3127,outfit.dd62d98a9d3e40659b5438f7388d8e01,1638464400,521,1368
4674,outfit.138c6d460dc14dd4a223e9f2a484ad6d,1643130000,12,816
2617,outfit.6f038b817a5a4220a8dea6bbc464c4a2,1637514000,50,1213
6402,outfit.a488106c64f04db6bab3a40dfdc7832e,1663606800,335,1885
7150,outfit.b2dc9f23d8d34e6fa62981cf887be220,1623603600,284,1999
606,outfit.142a3686d9ec47afb71932e592f45a92,1664125200,178,625
3749,outfit.9d3b8dd5711d3657,1632330000,49,917
4834,outfit.bb72f30cdb4246d1bc47ff8b17cf4162,1627578000,131,226
123,outfit.95a9732c69cb1e4c,1638118800,240,277
2052,outfit.f8e95f5fd1b641a4823ea3c6010e19cb,1658854800,177,254
4452,outfit.b75adc485cbf45ef936114c4337a7a9c,1599670800,306,1233
2271,outfit.49c64ac752d4452886a0f505007df0fd,1607878800,259,1292
416,outfit.a0d1107baf5919d5,1601830800,33,1240
3713,outfit.acfe80b3cdca48e69c5daa36f4755fdd,1601485200,466,2024
1684,outfit.8c5e53894f0ca50e,1666198800,224,503
2040,outfit.c0dd5faf2a294aa09fd7a39dc7a313bd,1599411600,24,912
4336,outfit.74d1bc8ef8b3401a98e92e3f1826c0e3,1653843600,119,1843
3769,outfit.f82bfbc5af1c4997956e63f92ea51907,1684170000,366,702
4674,outfit.0c3cac26eb674e35a4602a369b146592,1607533200,12,813
3320,outfit.f28182fcffa64738813bde8ce70db7cb,1680973200,68,430
658,outfit.bd9dca3a7c0d808c,1571158800,82,550
6361,outfit.8ad1c89174094a26bd4cbcfdcad4aecc,1633366800,453,213
4318,outfit.76182a281e89442eb859adbeed75c451,1651683600,487,591
319,outfit.e98a6e485b1941d98e43c0e74cc6885b,1682701200,392,519
490,outfit.a1efdc0d88774773957da6e703852211,1573146000,227,211
6129,outfit.2a307327642c41fda6f4f1b9d8a8080a,1635181200,428,242
1942,outfit.2fe31ac153bc422c945294c342de95a2,1635094800,13,106
948,outfit.eafae74f4ff24c29862f7dba09874920,1675357200,249,828
7089,outfit.0a2e52320225494eb85a5488ff0dafd7,1622998800,182,1411
5398,outfit.d26a681dbdd54f448ef373de80e065d6,1620925200,299,1290
7371,outfit.e5573a0b879d4a31b02ff8dfe70ea20f,1596646800,18,2025
7101,outfit.bb72f30cdb4246d1bc47ff8b17cf4162,1618938000,8,226
1878,outfit.9288ff153f8d405e89ce6b6cfd08171c,1648314000,3,2026
4258,outfit.dd290f21f99a4cfd8093a69d25e11778,1670864400,165,2027
3147,outfit.bdd5835c2df56005,1665075600,161,1235
2831,outfit.e5f491fc4e7e44709b03e381648231be,1656262800,186,1073
6585,outfit.8273c17c394043b8affdf5c04ee019ed,1608483600,529,983
1585,outfit.8a9297abf702469b88dcdb1ce6cd35bd,1648141200,241,222
3347,outfit.6b027f465816489f83945f85bd6f1c17,1583946000,314,474
1354,outfit.6f6ace195ce44ccdbafbb72c1b4cde13,1688576400,301,276
3291,outfit.1dc2bd9dc2ae421883e8845f3e335449,1611594000,279,1597
4899,outfit.6d042743afa04727815f717cce0b2ac0,1602608400,302,686
6303,outfit.43d5741ca13a453bb378172945b47fc8,1664557200,283,862
731,outfit.4d87f217c19241cf9a4feb9d75638e1a,1615309200,39,353
4218,outfit.be54589074780d08,1620925200,170,61
1770,outfit.c560abcbbf2b40edbacbd51dfa99bf58,1678986000,293,1491
4404,outfit.542f3e3ae20d42bea4c81a418f7adb7b,1636650000,91,1552
1626,outfit.c17c4a7eb8284a26b0025919877d3023,1636995600,28,1288
3533,outfit.60c345cbd0924fe7800ac38922a74cb1,1652893200,108,1634
3432,outfit.3cfe6cce6fc744489c7bf129187ea836,1653757200,153,2028
5490,outfit.5df05df81eb54ba999e64c211780b556,1687885200,104,173
4318,outfit.0fdacd78ea72476d9688afaa61fc5c42,1656954000,487,812
2649,outfit.94fee721c94da3bd,1704128400,14,1318
1526,outfit.b8248f42bf864dabbf1f70840a474142,1651338000,142,769
948,outfit.81e2654ac69b478bbeecd08e8348c6da,1656781200,249,2029
910,outfit.ded9a0e26ca846ba86ae2eb4f12fe831,1598979600,109,1722
1382,outfit.2a307327642c41fda6f4f1b9d8a8080a,1645981200,20,242
416,outfit.e17a0df1f70743e590827d7df93bb7f4,1612458000,33,119
3175,outfit.b09e135ba34c46daaf3a5495dcec6e83,1694106000,123,78
3103,outfit.cdcd1bdbc00e4a1cb9b80f7f5bbddd49,1606842000,79,1222
3510,outfit.84b3db8e945423dc,1682614800,239,1756
3924,outfit.c35c73041785478d8b7bff3ba75797eb,1643562000,204,1922
606,outfit.32bbe20e948d4839b63aa0f4b540b466,1643302800,178,523
3924,outfit.d26a681dbdd54f448ef373de80e065d6,1685206800,204,1290
3192,outfit.a6b9c3792d6a4ad4,1610902800,52,93
2040,outfit.d948ea24ce8a484db5bd640400d50cce,1623603600,24,1490
139,outfit.a824c0030f59545a,1668531600,111,542
5285,outfit.29e6b2a21c5946d3a22772aa398a8361,1693933200,277,1583
2532,outfit.bc45deb17b3a3e75,1675357200,543,624
1735,outfit.8de67bc21e388b19,1638291600,42,1753
416,outfit.1642071c303e44a19ce63dfbbf8384bd,1686070800,33,1610
3123,outfit.915d00f05ea74ed9872f00dbf6367ac4,1648746000,232,1691
3094,outfit.90a6743a8ffb95ab,1595782800,11,184
4452,outfit.95b998c29f9af2fd,1600189200,306,200
3441,outfit.4aca0c3e3ac7443ea02b74ab3e06675a,1680022800,436,1265
948,outfit.b02888637a450867,1651510800,249,1374
1336,outfit.9e371154c9be4c08b587ea8e5da833b3,1684688400,210,1195
6592,outfit.84f134b06fbed5a0,1654102800,129,960
4175,outfit.148857ae81d84843ae1671986a4e145e,1686675600,292,397
6513,outfit.3fb6cd2d1f454b85937d1540dcf212f0,1629133200,107,31
3749,outfit.bd029e8ff7cc4341bf48b2afaa0d9946,1613926800,49,833
6284,outfit.f904f5addd0f4a22863e3a689428b88b,1597597200,97,1734
7244,outfit.b8b6253b118140448c36fb7b55fdce90,1700931600,22,981
2465,outfit.badb81ea53ce4b62b54387b26501b6c9,1658163600,469,101
490,outfit.bf5d4348f69b718f,1570640400,227,69
5680,outfit.6674a2d5df7e4c01bf1a6a5914f5d067,1634490000,21,2030
4183,outfit.890012ec91261ee6,1676566800,548,832
1412,outfit.86a3e5e23b984060,1612717200,73,1317
996,outfit.b8edf89f3a5949949ae1188cd3283d6f,1633626000,309,847
576,outfit.3c7fb52f06a2409eb3b9b1587c8f6619,1658854800,305,1957
1626,outfit.80333429732852d4,1702659600,28,890
6212,outfit.3098cd84903e4d039cf41205f3c88cae,1658077200,434,1926
6526,outfit.e12b4be9f07a4da0937a29f9efe16965,1667926800,62,1441
1819,outfit.5bea48bb837d43a381bec3cd63635c95,1652893200,349,2031
5695,outfit.c71e9a58962a404b9d6c8df867b4b392,1628182800,44,873
550,outfit.776c13028a5e48b7899f4a9057ee8e18,1599670800,251,2032
5118,outfit.b6596a2ff7a748f3b9a67ac54db28b96,1600621200,158,248
5812,outfit.eb6d1ea29ec44d2e83b626e244b8d5f2,1600189200,95,2033
3577,outfit.2a1a34d38ac64414b5d7878a719984e9,1692118800,136,863
5694,outfit.fdc3cdbad50644ad97fc0a903f967e15,1612371600,216,49
5160,outfit.edf01c8ca8f64059a8afaf72b4ba5eb3,1653411600,441,927
3749,outfit.03b18817e1894e588c3ae117a47d830c,1657558800,49,484
3577,outfit.9a5d41c7a63e40a2b4a5f2aa902d768b,1665853200,136,1260
4608,outfit.03d688ca88f84e89aeb31592d6394247,1596733200,48,1307
4463,outfit.d8cabdaf5af9426dad953821aefb0ba8,1609866000,36,1646
3094,outfit.8776f5d660d948c9bf3243220d6b1f16,1603990800,11,1244
5695,outfit.7f6d08bebe2348729948104efde5179e,1635786000,44,1881
1586,outfit.896f0af4aaaa4d56a26ab9e37e94ad14,1684170000,23,338
4603,outfit.478c7aaed8f8413d9618e508ddd7d59b,1634835600,162,1564
1586,outfit.75fd35081c884af28940d854e0a8c67f,1660582800,23,468
7089,outfit.229f2207dc1e4409af99504f061ca0e7,1619542800,182,1983
3572,outfit.4c41406859e04bc7b29036c62ea1b7df,1602003600,340,453
4638,outfit.8ce5135b3dc65f9f,1598893200,46,2034
2485,outfit.074a10af152c489ab0ecd8d67fa60fb9,1646154000,184,1087
6304,outfit.756c7b6b56d64e75a760eefb71b200ce,1620147600,537,1529
3192,outfit.caee00d04a954a69a3cca9e02cf67440,1602781200,52,125
7225,outfit.4238aa017620494dbe0724f9b8f8f702,1658768400,337,240
3291,outfit.60dced53fd414aec99d569404f19c4ee,1711558800,279,195
3215,outfit.5a4fb1545a1448fb970821a7bcb8c581,1612112400,360,188
2329,outfit.02d71eaf66044b1283932f9e612cfd7b,1682096400,212,1861
6591,outfit.1dd897589a5148198aea6c403d613063,1665248400,120,1101
4452,outfit.2b4d4715fb6d4d7282a048e2a94cb802,1607014800,306,2035
1248,outfit.c93e99cc15dc4420994f40954bf9d8a8,1612717200,221,278
4853,outfit.be837201dbe28113,1632416400,175,2036
3727,outfit.b768912b0eaf45f19918f8ef07d1bd1b,1623603600,187,1517
2833,outfit.38ee7fbdbe9d430992b70d4e5e1a421e,1625418000,54,2037
5694,outfit.1072872925cb416299b831528deb0b33,1591290000,216,1765
6834,outfit.c7a033c410694587805e5ba1ec63c1f6,1664298000,106,2038
606,outfit.f14e9c44441c4a5ca2e109af309be3ce,1714064400,178,1146
5318,outfit.3b06eb48b17b4e169bb6b08b9850fd0b,1700154000,84,2039
5224,outfit.a44036e74abd5cb1,1638118800,17,1465
6591,outfit.b8d5df5f249150ce,1670518800,120,1325
3533,outfit.671c37e96f5247e68b198e2a61dbe34e,1622739600,108,699
6073,outfit.f02905d4e5ac4f7e8d6e47288d92c154,1596733200,542,1066
2573,outfit.d720fa6c17bf4c688054cbda17336d6c,1610038800,201,52
2892,outfit.978ae36482bb4c1bb32f8a6524cfdb76,1625418000,370,601
1998,outfit.1f534d95ccf6415a8af3b5799dd959e7,1641834000,262,620
2400,outfit.11395b1173644fedbcfc219469f27b84,1658768400,63,619
5100,outfit.9cfd3798e4b27f4c,1652720400,261,1313
2170,outfit.21474001bd3e48a19da3a75c2f3819fa,1692982800,19,835
5778,outfit.38572c7dec3b4460bf36ade1d517ce20,1645117200,169,767
6592,outfit.ae922e922588454591edca7cabf0db48,1606842000,129,261
4884,outfit.379ed2da3cb6428c9c9402855dfd61f8,1699635600,443,1086
6026,outfit.df81c6ba86ef4c3c8fd2976934eb4078,1634230800,398,435
5160,outfit.93da3bfb33311ddf,1700845200,441,986
5100,outfit.083b787389954cc09d79eab4ed0424a6,1636995600,261,108
1942,outfit.b813cd40d27344839e74b8b40ead859b,1597942800,13,589
5661,outfit.3e47b084ad704fb5b25b38809fae38a7,1680886800,386,148
3385,outfit.8a6d7780e2644bbfaa7695900a8266dd,1653066000,356,1266
5222,outfit.97071c364d1944db8c7ae6a9d768a51a,1684861200,541,458
4960,outfit.f5e7d2d5b6524aa8afd7e9cc3a1ef67d,1686243600,198,107
6,outfit.f23993293d944d1b9bf173ca5be1a409,1635094800,325,197
4240,outfit.2d872cbfe6434c0c9ec15ebfa518a6e7,1637168400,70,1040
6585,outfit.aa76777d3b9d4073a342e2093e4ea1e2,1610989200,529,10
2766,outfit.29d4c138b56e4579898dbb7f47f6cafc,1688230800,380,352
5059,outfit.476b7bf9f9a74be3ae1a2152fee9fc3b,1631206800,485,1328
4558,outfit.e9319dccf9234668a6951834dcaff863,1591894800,300,138
2273,outfit.7cff339e7950448c8485a2b44205adc0,1639674000,148,1145
2831,outfit.bfe2d9d71aa805a8,1661533200,186,2040
1840,outfit.9f58acfe6b554e4ca880e378aa7e8e56,1630861200,141,394
5695,outfit.f8e95f5fd1b641a4823ea3c6010e19cb,1601485200,44,254
6118,outfit.722b9f354d8f4b2c80c5e60d35cfc833,1570467600,7,2041
4651,outfit.98d6cf4fef49ec24,1630429200,495,373
4603,outfit.b9478c83693b11a4,1639414800,162,2042
4017,outfit.23596174e2b1478385adda8f5f48416f,1688835600,296,567
6526,outfit.82d7dcf690da4fc09bcf658816bccd3c,1702054800,62,1121
576,outfit.f22393069eb34b0e9b70e5d2501bb668,1658854800,305,2043
2273,outfit.33af134887eb422baed2c7207f9cd5bc,1638205200,148,1641
3227,outfit.900dd323358401b1,1640538000,223,320
7247,outfit.34bd3ce2dd644974b9e945a8d91d8bca,1673197200,460,153
5754,outfit.a9f2bcb6885fe60a,1591894800,225,384
6988,outfit.2ea36f84cb12427686eed685f97f2a8f,1658163600,81,749
1382,outfit.1cac5f6638f140a3bcd41d5c1cf4bdc5,1632675600,20,790
910,outfit.13b4586fba46462abebff1b7b145e499,1598288400,109,47
2250,outfit.1ef0bbcac4054678bea5622eec91880a,1661101200,265,642
1684,outfit.29a0d66e916c4bc690cf393bcea980e4,1692464400,224,741
3320,outfit.f465c31c406c4fc69448ba6a62d76ea6,1683565200,68,776
4608,outfit.80603a3d95e4beb7,1622998800,48,467
4731,outfit.c17c4a7eb8284a26b0025919877d3023,1662742800,53,1288
470,outfit.b182478178d89162,1600275600,234,2044
7400,outfit.e608f9225d314a12a390b165d222cc28,1612717200,206,1428
2892,outfit.43226226462b46ef9545ea320348ff21,1625418000,370,1187
606,outfit.be3e7c4ec5718d36,1695661200,178,97
4638,outfit.50db4782a8974ff281b43ea28f455d88,1694451600,46,2045
2329,outfit.c7b2894a9f3c4c568f982ca6c89ea6d8,1687626000,212,88
2329,outfit.a8c3007784dfc486,1674320400,212,1442
6591,outfit.b5812826d5eb41f39aa282e64b91ebb6,1720458000,120,1068
4725,outfit.55135c282c3849ac8b06f82861870970,1687885200,83,596
825,outfit.ae76eb7ed4c948258ccec12a6e024562,1622048400,113,1275
3291,outfit.4c7025a42af74e9bb6aa71afac57324a,1637859600,279,1896
2714,outfit.9d97d017a5c747ac89d59efab886369a,1646240400,275,466
3577,outfit.a3c8e9b42ef07a32,1611680400,136,1943
272,outfit.353d5f65327e4dc7a10203844a59c560,1660496400,86,314
568,outfit.3984754756394c3e95ade4b2080508c6,1618246800,253,976
4725,outfit.a5bbbf5301db4e5b8b1e2532cfd23a24,1711558800,83,1196
6163,outfit.36654cc2920c42b7a8c294cf349544fe,1664557200,98,1476
5224,outfit.81e52ba208d55e4d,1647795600,17,936
1501,outfit.b1adfc4204c602e5,1654448400,507,170
3740,outfit.aec255abd8714065996db11cc150f061,1586970000,231,379
5694,outfit.8a9297abf702469b88dcdb1ce6cd35bd,1641488400,216,222
731,outfit.1d7da339dc6b48e68c801f5862573aad,1654707600,39,590
5100,outfit.5a4fb1545a1448fb970821a7bcb8c581,1705424400,261,188
2687,outfit.4688b412bce3457a9c1727fd38ab4a06,1641229200,147,220
3094,outfit.2684b038d1e64fa1814b56b51b834047,1617123600,11,935
3279,outfit.b768912b0eaf45f19918f8ef07d1bd1b,1628528400,407,1517
4817,outfit.7af577a567bc490485605eab05781961,1606669200,203,1921
2812,outfit.140ebf984d2f4e80b9e23431c24fe75c,1622653200,51,1088
1481,outfit.b5db150f4740b356,1639674000,115,345
470,outfit.b9f26b79b0eb436fba1e05ca80196e47,1611075600,234,2046
3577,outfit.94f471a5d48f3464,1660582800,136,970
6879,outfit.b9bffddb2fa945e6a3d076ea97f1c5cb,1623690000,188,505
572,outfit.8302402a6e8e8e8c,1613667600,35,518
3727,outfit.c09187a8a8334f118324a6c4de5f7a91,1623603600,187,724
3227,outfit.aa76777d3b9d4073a342e2093e4ea1e2,1640538000,223,10
2716,outfit.8238ed2091e347149ddd6114aeeb2655,1606842000,242,661
5459,outfit.3bc2c4bc9f78482ca5451922ffd57bdb,1695574800,10,2047
6591,outfit.ae538ccb6bf14a858b0f66458e592872,1702054800,120,221
5379,outfit.a5bbbf5301db4e5b8b1e2532cfd23a24,1598202000,102,1196
3279,outfit.944efade730744e38b3b678dae890f98,1631552400,407,59
3740,outfit.ac5bdf39908e44dabf5536871716d1c9,1583946000,231,229
6310,outfit.6e67b1da956c4635b7d67622604d2bbb,1644166800,16,1072
2833,outfit.3984754756394c3e95ade4b2080508c6,1662310800,54,976
3846,outfit.4f39670d27b14b41994aa1f388d86260,1619974800,118,1838
3308,outfit.9b7e2e060c874d3287c4cee69860679a,1658509200,69,157
6371,outfit.84258d84646b3955,1608051600,208,885
416,outfit.fd816aa2311d45c78fd0ab2d663a177a,1599066000,33,342
4853,outfit.2901f306ff3a4e7e8288cc48ec400f5f,1634662800,175,950
6318,outfit.cc03f27af19f42a483a2f03ad997279d,1608051600,26,307
5236,outfit.838393c0f12c45068f90821c83acac89,1641834000,310,1323
3320,outfit.514093f168604338b66059bf9e4e900c,1675875600,68,1777
4899,outfit.524627d9e5544cb8ab8c738c64a440c4,1602608400,302,509
490,outfit.b36a2b4ce3d90e1b,1660237200,227,425
3312,outfit.d6706746bcd74c05883df24d4b775e0e,1625677200,31,525
3308,outfit.c7f8c0ab1c36417eb3a7dea515d2a0e7,1638205200,69,1217
2383,outfit.10702960934e47ca8b83d90cb167b470,1649178000,297,359
313,outfit.e7180235b62040eb9afeab19f74c5a73,1683392400,391,748
5224,outfit.ef5fdc0209e74d39a8a24fcd05cbdce6,1650474000,17,956
5734,outfit.f465c31c406c4fc69448ba6a62d76ea6,1631034000,353,776
1625,outfit.774b95bb02cb4be0b92d2a232bdb8b0f,1656522000,263,227
7050,outfit.9783b2f3f00040848624b655abd30cfa,1638464400,459,1876
3308,outfit.be1e83bfcede6836,1632762000,69,916
6696,outfit.dcd2abde0c804a88ae1169c950cfbda1,1623776400,2,1363
1840,outfit.b51ab929ce045cce,1636045200,141,1248
2085,outfit.944185e8eec8066a,1674666000,172,805
6519,outfit.a273058ddb56de19,1629392400,377,571
3727,outfit.b3aca8927927e99d,1649869200,187,1008
4218,outfit.cc30aac83a794a269779fc0b2984abba,1634230800,170,51
2148,outfit.173b6b1204df4f128bcbdd843d91351e,1674234000,311,643
6885,outfit.9a5a00800acbac31,1602608400,88,1002
3308,outfit.0b721ca6ffdd489d91fa63f960ca64ec,1645549200,69,941
6734,outfit.684bd4a2585d40f3aa2fc322e967d7a7,1630861200,202,2048
2485,outfit.866385e680f6475e8b2899e2bc30a1fe,1693587600,184,857
6118,outfit.31edccd419de4fc5ae6aeb7eed4327ab,1574269200,7,765
7150,outfit.9aadfc9a1d195c33,1627232400,284,1013
446,outfit.d6578bc3024d48369705dc09bd28f070,1571936400,0,2049
691,outfit.2ead65a1ecf54c38a27bebc2bf47b9b1,1597597200,339,246
6129,outfit.ec471fe2ed734d1fa37ce1b2b0088619,1657904400,428,1736
1412,outfit.8ed6ba09f55049c59f9462e07cc30bb8,1617728400,73,1453
6885,outfit.d0c649c31ecc49a18d0cf19d7270073c,1600016400,88,418
4674,outfit.b8ee247b1864a7c2,1615222800,12,2050
446,outfit.925c69db26f6bbae,1571936400,0,367
416,outfit.c560abcbbf2b40edbacbd51dfa99bf58,1701882000,33,1491
3312,outfit.3b756132543a45d4a94b9bebb0aaebfb,1604595600,31,1173
2148,outfit.bb925d82b43cfc38,1671555600,311,1636
5118,outfit.7219638a7f244f3aa1e612e613a4c77c,1602781200,158,2051
7409,outfit.b6f7358d6feb42ceaec950e6b66f4a34,1683133200,535,404
3740,outfit.8fe12d169d14a8ab,1598893200,231,476
606,outfit.1431039944fe4be88f8890a04a346b09,1664125200,178,693
5695,outfit.3198fe26341b4c90a66c073221c08323,1654448400,44,2052
3533,outfit.89fab8d7d294457fa493f087c68b6bc1,1605200400,108,411
996,outfit.a3d27b283d42172d,1645722000,309,79
3533,outfit.c5ded4868d344a5bbf49e5c1a3c136f8,1617642000,108,1433
3028,outfit.e5503fe6f5f243fc90c526bcdb75c942,1673974800,176,128
1700,outfit.71442f9043504300907b80e2385f9ae4,1658336400,355,1971
5695,outfit.804540f3384690cf,1606755600,44,1793
1684,outfit.af7384d7b857af65,1621357200,224,1464
4073,outfit.4c96620b5f444f05adcd28bcfd3861d5,1652029200,38,326
4608,outfit.b768912b0eaf45f19918f8ef07d1bd1b,1620320400,48,1517
7110,outfit.7ee7542297f944ecb49f4fe5b44728f7,1703782800,281,1
6817,outfit.8ad1c89174094a26bd4cbcfdcad4aecc,1658509200,514,213
675,outfit.8feb7001275554c8,1609866000,45,819
6907,outfit.93fb65b596dc4d628b4812d30178a4dc,1633021200,32,768
4640,outfit.d0faaa3486494e7d8ee3298104bc8adb,1630256400,245,1191
1008,outfit.df1d0f1d24dc4629b4769b6a3dc89b43,1693414800,100,838
6706,outfit.9e20be28268142a1a6a917fe7ae1b237,1609866000,424,1706
7135,outfit.a5d5bfee852848c18596d844a3a9025e,1664557200,267,374
666,outfit.1ba117ad1dfc4db98e92536c9d6724fe,1660669200,468,311
1585,outfit.82d7dcf690da4fc09bcf658816bccd3c,1648141200,241,1121
1987,outfit.34c4b585b0854a158c2b7e53478e3c00,1639069200,420,1408
7041,outfit.83b1e08b46bf0031,1644166800,116,1027
2364,outfit.6b8d0d5720af4e33af8dff7afe7b0ed3,1629997200,93,636
1522,outfit.816fb1b6edef8b59,1592154000,121,336
4824,outfit.8619bf33395941ca8a9e98931e1462ff,1667667600,89,1042
1626,outfit.c258add24a7a4550b115b749ea07524e,1713200400,28,883
4558,outfit.9c101c6da5bfc6e1,1594918800,300,228
7342,outfit.170d553601c744e393427a92c0cf58b3,1692637200,410,817
1412,outfit.2ea36f84cb12427686eed685f97f2a8f,1633539600,73,749
996,outfit.d2affda3780840e8bab443abbd2e5478,1636304400,309,1375
4834,outfit.67251d32508649cf8e2cb7d79817796e,1624986000,131,1968
996,outfit.9739950a93f6aa90,1645722000,309,510
416,outfit.ce0b5207f51545bfbb1ec5cc1b01a8b7,1620234000,33,778
5734,outfit.99495169e3ffdfa4,1636390800,353,785
6734,outfit.3037fa72ade7482e8c13863bc447c11c,1657386000,202,460
470,outfit.4be27307ae1c4611ad56aca101c8a6b4,1600275600,234,1009
4960,outfit.cdc50f2c7fc54079a32bdf91b2d65e78,1649437200,198,234
99,outfit.a3d27b283d42172d,1635181200,550,79
3192,outfit.9341a89b191cd49f,1615827600,52,919
150,outfit.6626fef47af741b4b78767f044751453,1653757200,538,1845
4193,outfit.2ea096cf542544bcb75743104ad4e9b0,1635872400,278,2053
2052,outfit.85b4a99c5e6af89d,1637254800,177,1364
2273,outfit.a7b55780d1764599a3ee339fff38d002,1640019600,148,1157
2383,outfit.d04fbe1240ef405c867fb813b5aa8779,1639328400,297,944
7104,outfit.f7826f04ea8643d3b68964a5ab27b0a2,1653238800,406,420
6875,outfit.e3f24e663eb84a2b9b20cde76be3b04e,1701795600,415,317
4185,outfit.a841b2acdc119218,1677603600,522,1026
5459,outfit.d141393e8f8247db9c62121a790ed9be,1698166800,10,1800
4981,outfit.c26dfa3343fe4ba3823eff356e24750f,1642006800,155,2054
4218,outfit.60dced53fd414aec99d569404f19c4ee,1618419600,170,195
4638,outfit.bd37bc0ed1857fb5,1643648400,46,217
3320,outfit.372a132f8fe4463f8fdb8d7a8b3f5206,1707411600,68,139
3094,outfit.d26a681dbdd54f448ef373de80e065d6,1685034000,11,1290
675,outfit.2386f5b10f544de1a8f7a53a4b3bb92f,1606669200,45,60
6212,outfit.8ccfe9b6e0b0473b95bc91b156139d89,1697562000,434,632
5680,outfit.9c0480eeb92a1d29,1629738000,21,2055
3533,outfit.3c0da42b00f94123aad9c641ff5073ad,1622739600,108,1218
2131,outfit.83b1e08b46bf0031,1632416400,359,1027
1591,outfit.43d5741ca13a453bb378172945b47fc8,1659546000,364,862
7411,outfit.ed5a5a066ca647b6a9aaeb1ec8e7ee87,1614531600,5,416
2918,outfit.d3f2083ec04f4429bae5660f2a3db238,1675875600,371,1859
5615,outfit.bcc71d0caf95dc33,1693674000,338,17
107,outfit.a4a8f76f18ed4907ba632600bd676db4,1636304400,503,1629
454,outfit.c95b16794434474e8d02306d2f1b6a0a,1643648400,96,1628
3905,outfit.cdcd1bdbc00e4a1cb9b80f7f5bbddd49,1601571600,482,1222
3459,outfit.841fdd28d3f644c0bb8efd874e818027,1609866000,289,656
4318,outfit.c2354df57f454e33bf2ff3ae5a9c7dea,1656954000,487,2056
5760,outfit.4c41406859e04bc7b29036c62ea1b7df,1691168400,59,453
5130,outfit.ca56ec7bf3fa49ed9f8a1a3dbba4b31c,1675789200,268,1445
1354,outfit.0ed1568a6b6545e4932bee98c84aa544,1701795600,301,53
3267,outfit.16f24c4eb69a48f1a34117fc6c0a691f,1607446800,43,1277
6519,outfit.12ca1b6aaefb46af8208fe008f3eb4e3,1647795600,377,144
4651,outfit.7a9ac6aae6de40d4b1a260d95de95988,1619370000,495,1138
691,outfit.00c68b581a95458991a876f791e739ab,1592154000,339,688
1706,outfit.70b441e6ee444f86a12921f85e5c2002,1647536400,288,297
2364,outfit.a38b3b3e20364b78bfcf0bb1eadcc0e5,1649610000,93,536
4853,outfit.9178d6f714280d40,1617814800,175,1640
3608,outfit.3f65ab1185ed4b06a4feab44d8fdc748,1607274000,247,859
2383,outfit.8afbb76916e14187b0bc9aaabbc2bd24,1630947600,297,592
6212,outfit.dd5c21e0c1ee4428b7019e5740e3e8aa,1647536400,434,1215
3320,outfit.d4220f5dd22c4d409d8121e26b11dc99,1675875600,68,1384
2329,outfit.611ba8f831e449f0a5bf0dfcc78e35a6,1674320400,212,114
5318,outfit.4b20b3ccd3cd41fe98d0225f47276e2c,1702746000,84,22
6662,outfit.56663aaf60aa4b5c8267bed372c72677,1635699600,478,68
5405,outfit.b49e6f1cc73f48f9a6329311214ee57f,1618851600,64,457
2918,outfit.3f495adddb5143f8a5123973e907b1f2,1678294800,371,421
5398,outfit.599900d12a21423ca2bb8830f498a4bd,1626022800,299,1626
1447,outfit.d52f6e55c56a4d6ea952522543d06fbf,1659373200,174,91
3669,outfit.4c4d89bf0fcb4b32a9015ce1a7bade19,1698080400,331,1083
6981,outfit.ebfe6bcdfcb7442686f24eecaba39c1c,1628182800,532,1657
3749,outfit.bb1024860d8f559e,1621530000,49,1085
996,outfit.85b4a99c5e6af89d,1699981200,309,1364
3175,outfit.92f2e542b76f7d6d,1704646800,123,990
1412,outfit.b1adfc4204c602e5,1617728400,73,170
4209,outfit.625293137dad4142a7558c88b74e3644,1642093200,317,893
1389,outfit.f21be5bf141a4847b761afaef4ecaf81,1666544400,440,1049
2170,outfit.ede0d0fd9315467c868825bcb20d2fe6,1603213200,19,330
3094,outfit.89954cb83fe420c2,1629910800,11,329
2364,outfit.03a5ffb8c27947de936564061de3d046,1651856400,93,1639
4674,outfit.229cc0c550f54fb3b3b937bab2abda35,1666717200,12,395
1248,outfit.61e4f014e9874d7e9329c11423d49bfb,1620579600,221,2057
2812,outfit.181629c720b548f4a77a22851f1fbbce,1614618000,51,117
416,outfit.ef9f4ad754194793ab95e6c30f5606ae,1604422800,33,375
2022,outfit.24d73455126347c3b71e4b1ebb1ed3fe,1670346000,149,1253
6414,outfit.2901f306ff3a4e7e8288cc48ec400f5f,1634576400,144,950
6879,outfit.b33b5cbbea204ab79a1060c3a17546b3,1615741200,188,662
3991,outfit.f8b69667089d42f7aa7b03df283f125f,1600621200,321,2058
2250,outfit.9337c57be08b48f685e77490d17da267,1663779600,265,685
2085,outfit.39c98e12ea9942a0a2c98c6297aabfbf,1685034000,172,1016
2812,outfit.4431d4e34e6a4c0fba43aa50395893f7,1676912400,51,58
4725,outfit.914397611c9823ad,1687885200,83,1135
6592,outfit.e947dbab69e64c5a85f1fe565b5f3a49,1604422800,129,372
4674,outfit.dc0ccd196e79413d9c7216f3970942ec,1656176400,12,1615
2273,outfit.81ce5109e01d4b7b9f944a3baa35c4d6,1692291600,148,122
2884,outfit.21474001bd3e48a19da3a75c2f3819fa,1670432400,473,835
5201,outfit.9d682fe8b6fd44d3b71d209a18b2b7e1,1626886800,493,2059
6081,outfit.140ebf984d2f4e80b9e23431c24fe75c,1598979600,92,1088
2223,outfit.9d3b8dd5711d3657,1599670800,173,917
4696,outfit.05ee1828c13a47c29f06de6d993fbafe,1704560400,205,1798
2675,outfit.9e371154c9be4c08b587ea8e5da833b3,1678467600,319,1195
5694,outfit.f89a59931cff4d4b8e63dd23cecd0e2d,1655226000,216,1193
2271,outfit.8f95b3473abb4a40ac2dc0956628e873,1598893200,259,1204
2102,outfit.ee1e33a91882430d990d259a1852430e,1650214800,179,2060
4638,outfit.8b19ab819889dc0a,1606755600,46,2061
5695,outfit.d70247c33e4b42569675e32cc3727701,1604250000,44,1373
1735,outfit.c8c5d18e8365419eba926afed7344dd7,1633971600,42,1035
7411,outfit.28b064407198448db7149be19f0161f4,1628614800,5,280
1784,outfit.f062df328d7842e4bc5b0c41e309393b,1708189200,427,874
2217,outfit.cf1d104fc65c4fd987d195e2a58e588a,1601830800,323,1796
3279,outfit.5df05df81eb54ba999e64c211780b556,1635699600,407,173
5251,outfit.44c8e590e1df4f6ab23cf81b9ed39374,1681232400,260,196
2475,outfit.030be8f1ab0549db86e542e2ad08a5b2,1632243600,200,955
2617,outfit.37886c165da3410ca29761ac81f95bf9,1600794000,50,1140
6380,outfit.ada6bb8993e7a05e,1639328400,196,701
1201,outfit.a9f2bcb6885fe60a,1678813200,412,384
130,outfit.9337c57be08b48f685e77490d17da267,1654362000,374,685
3308,outfit.a9a4918501579729,1666458000,69,720
3749,outfit.8a130c68d99c4023ad5d0551e483cec9,1639933200,49,1954
6592,outfit.756079160a3e402d87df01062ec3b941,1682960400,129,354
3080,outfit.b1ddecd27b94476d833c0ea2c2bb6d3a,1629651600,492,1400
204,outfit.b5812826d5eb41f39aa282e64b91ebb6,1669050000,474,1068
2170,outfit.a2626764264ace79,1632157200,19,410
5734,outfit.b1eeff303fb44f10a6c2ac36c0136514,1644771600,353,77
6284,outfit.32684b5443394c4a91606c9aab8d3cdb,1663347600,97,1147
7371,outfit.6382007b5e4e4e5ba3ddd8571427ecb6,1596387600,18,1763
7342,outfit.d3739869edc74a0a855e399f5b75a567,1655830800,410,1114
1894,outfit.ced7a70fdb8c4168ad6b7264244de2e0,1600966800,181,1270
2949,outfit.16f24c4eb69a48f1a34117fc6c0a691f,1641834000,185,1277
2250,outfit.83126fbdb1962feb,1669050000,265,2062
7089,outfit.8023680619aa366a,1693501200,182,1078
1354,outfit.6b1d1739830a4f3cbe5530716d9890a2,1685984400,301,219
454,outfit.20ae7885d88441348ab7a255bcc2173e,1701536400,96,12
2619,outfit.14727804dc6945f9baabcd76ad96a744,1693155600,290,423
3267,outfit.be3e7c4ec5718d36,1661533200,43,97
4725,outfit.ceda10a556b24c7c9ceeb2cc1601429a,1693155600,83,618
2918,outfit.4688b412bce3457a9c1727fd38ab4a06,1665248400,371,220
1447,outfit.c2354df57f454e33bf2ff3ae5a9c7dea,1651424400,174,2056
3924,outfit.ce0b5207f51545bfbb1ec5cc1b01a8b7,1630256400,204,778
3267,outfit.abe450dff4d74a5ba0d20c3a5d55e409,1608224400,43,198
6284,outfit.7eb16fe1e199414bbb7f88d71fe7cb56,1615914000,97,1094
4149,outfit.15cfb487c7524654901872cba89af2bc,1612976400,376,86
1232,outfit.6ee6ff4c35ca4e099c7272e8466af23d,1685034000,166,214
4558,outfit.82c10ef2f1107096,1594918800,300,2063
1770,outfit.760587419305432581b1c2dd2d29e27f,1673888400,293,1115
7400,outfit.a7e848f47d2643d988bbaf47dae4a136,1610298000,206,456
2617,outfit.b062ee4767104d919307a2d539bb2c39,1639933200,50,2064
6907,outfit.f32718341e9443d8a36121a8913ff304,1598893200,32,283
7411,outfit.92f2e542b76f7d6d,1705597200,5,990
847,outfit.524627d9e5544cb8ab8c738c64a440c4,1685725200,255,509
5694,outfit.9b0a47dc97c7ecc8,1600880400,216,376
7135,outfit.30c1385e9d714fa5b2000abce92e6c91,1659286800,267,1247
2217,outfit.588d78c7613f4e10b418317946a7a186,1607014800,323,1726
6936,outfit.a8c3007784dfc486,1643648400,226,1442
384,outfit.30a3ca6bb1c44394be44eff0548ed968,1688922000,437,443
4834,outfit.26cdd2ae3a854c73a9d207dc298e3367,1635440400,131,730
2815,outfit.ada989bbc2322203,1654794000,384,232
4981,outfit.760587419305432581b1c2dd2d29e27f,1644512400,155,1115
3713,outfit.13830724df15455ebac964c87af6997e,1598893200,466,2065
55,outfit.b9311cecf65f795b,1657040400,117,481
3267,outfit.811eea1f363f4d37,1666803600,43,1965
1706,outfit.dad7a49a6dd54b0797b841af3ffaad7f,1645117200,288,1731
576,outfit.3cfe6cce6fc744489c7bf129187ea836,1661533200,305,2028
1073,outfit.adc57b4886354fdcafea896cdd2609b8,1596387600,552,1970
2329,outfit.8f34384795bfc03e,1676998800,212,728
5891,outfit.b6f7a925d774425ba1129f197694197b,1636995600,326,2066
4519,outfit.bfab4c36b939b526,1618333200,60,2067
7114,outfit.b21aec5d36074eb790d69c5c40b7d77c,1694710800,41,180
1248,outfit.ee40e812ed554b87a45637339c72cbd6,1702314000,221,511
3080,outfit.9e3bea6a01d94e03a43bfefac24422e4,1637514000,492,1089
5760,outfit.f7826f04ea8643d3b68964a5ab27b0a2,1654362000,59,420
3572,outfit.fb060da6c30143fd9735e8fd364910e0,1605027600,340,269
2649,outfit.aa76777d3b9d4073a342e2093e4ea1e2,1714582800,14,10
6051,outfit.83e56eb73d8f0127,1701450000,168,1189
4725,outfit.a841b2acdc119218,1698426000,83,1026
4558,outfit.75fd35081c884af28940d854e0a8c67f,1594918800,300,468
5160,outfit.b1a8ed1f5b6d4a2f86fb528cc029006e,1700845200,441,1712
3846,outfit.7f0c68b095a14d7fa001117bc2c75827,1607274000,118,2068
746,outfit.28b064407198448db7149be19f0161f4,1572886800,209,280
107,outfit.3cfe6cce6fc744489c7bf129187ea836,1633885200,503,2028
5645,outfit.1f8f1544736b40b99c3485150d68342b,1666890000,237,860
2573,outfit.837d79eeae2a466cab88d515bd1aa409,1617642000,201,573
6706,outfit.8453b72506b144b2,1596387600,424,2069
7411,outfit.3fb6cd2d1f454b85937d1540dcf212f0,1601398800,5,31
5694,outfit.e96d2e7204fb4c1ea24fe71b3f967e0c,1585846800,216,183
5812,outfit.a4699b3b33b4d99c,1614531600,95,366
416,outfit.aac9da3df1d5b519,1617642000,33,744
1382,outfit.d3f2083ec04f4429bae5660f2a3db238,1600966800,20,1859
1896,outfit.484e1d365d5b4f91adff228b6e9204b8,1600275600,90,1092
4823,outfit.7ee7542297f944ecb49f4fe5b44728f7,1703523600,213,1
5464,outfit.89954cb83fe420c2,1633021200,540,329
1586,outfit.b7ebd99d748b28d0,1671123600,23,1398
572,outfit.b4e582b38a10f6bf,1678554000,35,772
2703,outfit.841869bb72cf0dd1,1652634000,236,737
4853,outfit.89dbcc1289ee49c18bcb93fc69a52c02,1631206800,175,964
6304,outfit.767ecbf6b9bb4969ad78de1a78dbf039,1695574800,537,145
1881,outfit.6e2a3eeffbf4433c9d6e5085d8c083f2,1700931600,316,918
5309,outfit.987e9a7da88098db,1663606800,526,1534
130,outfit.8fc193be35a546b987480b6cb5323beb,1662310800,374,670
215,outfit.8b5234b3619cf5fb,1617642000,80,2070
462,outfit.1072872925cb416299b831528deb0b33,1621875600,501,1765
4656,outfit.a2820311cb51576b,1714755600,130,1482
5617,outfit.203f5d33e7324d65a1d8175b3b910416,1671210000,56,127
3291,outfit.9c0b47f4d629c3f3,1637859600,279,603
3562,outfit.f45e25a44bdd429991e9186db7fa64e5,1600794000,545,967
7411,outfit.ef7ddc016c5c46129c32f5676c077449,1597165200,5,1748
847,outfit.8400c26ee9d435bb,1683046800,255,1762
2271,outfit.4559b1568f5e436a85bf9c65ae525888,1602608400,259,1851
2040,outfit.a20f428f90cb4198b1864b1ea5cc54a7,1606669200,24,2071
1706,outfit.b4e83d1d9b50a7cc,1627837200,288,1850
1382,outfit.68d7e3b9e8be4f07b3b200682d7dc456,1616691600,20,751
932,outfit.ccf811c5b8f847758b9d79c74514890f,1653930000,426,1133
1998,outfit.5b607271e3ee467bb4188f977c0336b8,1666026000,262,429
2492,outfit.54c23fb221d148c4857e02fb58720530,1703264400,138,2072
2205,outfit.81e52ba208d55e4d,1597597200,132,936
272,outfit.b1ddecd27b94476d833c0ea2c2bb6d3a,1681491600,86,1400
2271,outfit.29d43c48eee84539b3e1597c9cd55194,1601830800,259,50
6834,outfit.501f59ab11f94aa1a28a566911f8a8be,1658941200,106,908
3192,outfit.6b8d0d5720af4e33af8dff7afe7b0ed3,1608051600,52,636
3740,outfit.4ddc0d8a68be422b90e343d68361f262,1609866000,231,2073
5059,outfit.0512cb21a4bc4326971af84ccc563495,1638723600,485,1185
416,outfit.4dd6b2524e5b4379baa90d5f3f80280a,1644166800,33,473
910,outfit.a3d27b283d42172d,1595264400,109,79
454,outfit.31c45f9a261b4631b76a98158841b8ff,1651510800,96,1911
7060,outfit.e22f9123cb4e4c1081a4b831ff586b32,1624813200,346,441
5309,outfit.a9cd4913d4d043c1803b8f7dec42d143,1655658000,526,1866
2076,outfit.ddb15f8dac0c4e03a7c88805a98cfcc8,1630429200,372,612
3956,outfit.ee0dfdf3b9a349b591e78712514e2f5b,1688490000,462,932
2040,outfit.fc774521956e43c1b7b989272f5dca23,1615395600,24,149
1382,outfit.2ab1a79e73cd419fb4479cea44e12c84,1652547600,20,578
2363,outfit.0533ed8c59ce4cf29172f502a3a93a91,1647277200,454,1280
4638,outfit.b9344188bba8fbcc,1604250000,46,2074
1382,outfit.611ba8f831e449f0a5bf0dfcc78e35a6,1621962000,20,114
3227,outfit.b42337853cae4f66a2e7640b6845d2e5,1658768400,223,597
5844,outfit.33deb9ecdab843c59db67aeb7a8e3d35,1571590800,40,2075
2833,outfit.157923448c7241dba927c9d99bbeca0d,1636304400,54,2076
4774,outfit.bf00e652d6b83df2,1698080400,334,1420
920,outfit.a94fbc2c00c0d099,1605027600,525,1778
6129,outfit.0e79f46fd9f344bdb7c714ffce9e98aa,1643648400,428,300
4170,outfit.e538cc03e9244a16910db1b27f7132db,1651510800,87,951
446,outfit.abce86c0d08341ed96a999cb4425d840,1600275600,0,186
3094,outfit.aa76777d3b9d4073a342e2093e4ea1e2,1606410000,11,10
2617,outfit.8fc193be35a546b987480b6cb5323beb,1608483600,50,670
675,outfit.bbd6ae88b44bfd29,1603818000,45,159
3608,outfit.ae9518aba2aff33b,1609866000,247,1405
4858,outfit.0777834f7f1a4762a8c1ba09f2f4881d,1597856400,394,1886
3192,outfit.bc490bc7db204af498825badd2d59285,1639674000,52,252
6212,outfit.98aa99e47dee4f019d8b2620a9745f98,1650214800,434,1388
1382,outfit.841f070dd5a12094,1635181200,20,1312
550,outfit.94f471a5d48f3464,1674147600,251,970
4724,outfit.b04f116bc3224f22a8f17d62934fe2cd,1679158800,520,331
6284,outfit.ae7389834f0c49c49b2ef43ff9cc1be9,1594746000,97,82
1382,outfit.34bd3ce2dd644974b9e945a8d91d8bca,1645722000,20,153
2623,outfit.adf3063b0cdf501d,1622480400,272,538
4558,outfit.ba08fc9d3afae814,1597942800,300,2077
1497,outfit.4a42bebcc6534e8697fd6f7656839c29,1637514000,352,615
3094,outfit.e5503fe6f5f243fc90c526bcdb75c942,1655139600,11,128
6932,outfit.cb5a982c42784a9a834b5f15a47749b8,1618506000,409,687
2131,outfit.89fab8d7d294457fa493f087c68b6bc1,1643648400,359,411
6414,outfit.1ef0bbcac4054678bea5622eec91880a,1647277200,144,642
4656,outfit.b1ddecd27b94476d833c0ea2c2bb6d3a,1688403600,130,1400
2170,outfit.b21aec5d36074eb790d69c5c40b7d77c,1634749200,19,180
2465,outfit.931ef0d0cada4965a8ea693f7a520b64,1660842000,469,321
7150,outfit.03a5ffb8c27947de936564061de3d046,1620666000,284,1639
2703,outfit.4158a6fc47074d23b6591ae8583673a8,1673802000,236,382
6526,outfit.be3e7c4ec5718d36,1707411600,62,97
7181,outfit.8a9297abf702469b88dcdb1ce6cd35bd,1685120400,488,222
446,outfit.9aadfc9a1d195c33,1570467600,0,1013
6601,outfit.3f93a64eb5c5449096f841fe5fdc2b8a,1696438800,78,1642
4175,outfit.9d2ae3e74d7f4d9bbde82be334a3a21b,1652461200,292,1421
1586,outfit.a9f2bcb6885fe60a,1689440400,23,384
6907,outfit.ed9017ac844a486fac95996bcc5b4b84,1667667600,32,937
1625,outfit.946ae92e21374e0d8935761e881bb94b,1653930000,263,409
3320,outfit.55aa098dd93644fe961d0137a79adbea,1715187600,68,558
4834,outfit.76e513e7ba654a648bf90044a81b3926,1638205200,131,820
1382,outfit.ae538ccb6bf14a858b0f66458e592872,1598374800,20,221
7199,outfit.e608f9225d314a12a390b165d222cc28,1639069200,363,1428
6907,outfit.8a130c68d99c4023ad5d0551e483cec9,1678035600,32,1954
4634,outfit.4b2a9c705f844b229cb293ba66c8ddf5,1660410000,282,1331
2383,outfit.64096b7f0ef1430d9871e92fc198f693,1659718800,297,1093
5914,outfit.02d71eaf66044b1283932f9e612cfd7b,1595178000,74,1861
3094,outfit.5a7e3301a60341d0957331a181335cff,1606410000,11,48
4170,outfit.f5cdd470173a4cbb913353aac985eebe,1644512400,87,282
2831,outfit.535d7a56f1a44289b93c6bd46f656d8f,1648314000,186,111
6026,outfit.aad989fc0422b4eb,1636909200,398,167
4824,outfit.f11efd8c7b064175b4997b1ab65b5458,1662397200,89,54
4452,outfit.bc490bc7db204af498825badd2d59285,1607014800,306,252
2918,outfit.5a0e04a9018a4904990fc85f1c8cd1ce,1678294800,371,1298
7082,outfit.29d4c138b56e4579898dbb7f47f6cafc,1702486800,445,352
606,outfit.ae538ccb6bf14a858b0f66458e592872,1685034000,178,221
4276,outfit.9617c0965077556e,1669741200,494,577
2085,outfit.155567585a3c417fa6043924c2867d0e,1671987600,172,866
2383,outfit.33775c3acbcf408aadc5a2436d0750ec,1659718800,297,909
5778,outfit.e2ac14f5ba454e0eaf3e7c0f926c65ee,1652806800,169,346
2492,outfit.ac8c5878c01ffb29,1695402000,138,2078
4979,outfit.2bb91a54c63d4f72a11a6ad7a00b35cf,1641142800,500,1053
416,outfit.9cfd3798e4b27f4c,1601830800,33,1313
7411,outfit.1a265d0988ad4e86966114062e4ca547,1592326800,5,1693
5879,outfit.3f65ab1185ed4b06a4feab44d8fdc748,1629651600,506,859
4461,outfit.cd734667a90745b3a826957b1dc343ac,1638464400,154,1484
416,outfit.0fce955a2b0840ff8630eb10804ccb99,1638723600,33,942
6535,outfit.efc9e86a0cd84fd28d55609e33bff657,1633971600,549,1279
6163,outfit.41d1dc80e9a746f88f9942cc1723645e,1685552400,98,2079
266,outfit.8da5362b4130a623,1690736400,156,1139
3727,outfit.3ef1542d099048efa539e8c67a385732,1636390800,187,630
4170,outfit.81dcc2ec22f24b248f5499b887dd22e0,1641488400,87,2080
1942,outfit.ddb15f8dac0c4e03a7c88805a98cfcc8,1599670800,13,612
5695,outfit.4c8d6c10b08440fcb06d8893d705124b,1614790800,44,396
6907,outfit.e989b8cb4a814d97b642e1cb326f47e6,1609866000,32,865
1735,outfit.a0361d1da07f4cf4929c58bd45782fae,1671210000,42,809
746,outfit.a95a05ea858446c38ffd5535ab65a392,1571245200,209,753
6977,outfit.2cca272e852c42448c449664b8d98693,1673715600,160,463
7118,outfit.8022397c5e3d4ab4bc8e421da9236d29,1702486800,37,1431
1019,outfit.d6896eaf6b734f40943d6cce5d23c1e3,1688230800,491,249
6075,outfit.a50024ea71e6453c9c09d6d65d21a5ea,1676307600,431,852
1382,outfit.24c32dd0323c4873949167fe0d1db421,1624813200,20,1496
1706,outfit.374273ffb79943b7be144ceb14529592,1630342800,288,803
6212,outfit.23596174e2b1478385adda8f5f48416f,1652806800,434,567
1998,outfit.89954cb83fe420c2,1631811600,262,329
4073,outfit.34bd3ce2dd644974b9e945a8d91d8bca,1673197200,38,153
1374,outfit.fbb003446d3c40a3879b475502a7e104,1612458000,6,177
6526,outfit.d6789556754c4ce084d2fc7c354ae23d,1694192400,62,1481
1585,outfit.24204aa044c44df084bf383e731cc535,1666630800,241,324
2833,outfit.74d1bc8ef8b3401a98e92e3f1826c0e3,1636304400,54,1843
7411,outfit.8bbdbf9681842027,1594573200,5,2081
2812,outfit.22b16afebcf749d08ab2a83d88406516,1671555600,51,469
3094,outfit.7ae84d76f8634068b358e5f723942fa0,1603990800,11,1357
5695,outfit.5c282a76e71b4edd81ab7579454a9de3,1649178000,44,1591
3094,outfit.88c3d13d70dc4e97bf5cb6557c7ce49e,1617123600,11,2082
6781,outfit.9c255f602b1e4455a79e0fe0cee938c1,1623603600,146,490
3312,outfit.eb4191b3e52b4a949d26b54262bd6c04,1623085200,31,1814
3147,outfit.4be27307ae1c4611ad56aca101c8a6b4,1678122000,161,1009
2273,outfit.bb1024860d8f559e,1668704400,148,1085
1626,outfit.e9e6ef522291496dacaad16160c8a8f2,1681578000,28,1153
2276,outfit.935ea85c252f9586,1622998800,504,1228
5972,outfit.d40f6349368b4e47b521138ba35d8ebc,1615741200,531,190
2573,outfit.8d9f00f7e6494b03beae69bfed8e6c58,1609866000,201,1539
4564,outfit.139187a6eb1540b6b2b8aef96bd12601,1637254800,167,1276
454,outfit.542f3e3ae20d42bea4c81a418f7adb7b,1662138000,96,1552
1412,outfit.86a3e5e23b984060,1638810000,73,1317
4887,outfit.40b60bd4c9e44c8d9375ef879e7d5f1a,1689699600,457,1435
6212,outfit.afd208ad6e2c4771910f427504e634fe,1694970000,434,1311
3103,outfit.f7826f04ea8643d3b68964a5ab27b0a2,1630515600,79,420
4336,outfit.be54589074780d08,1659114000,119,61
2102,outfit.cd58f268e9e54fc08e5656e6f095975e,1642438800,179,1231
6907,outfit.93826cc51216dcd0,1672938000,32,386
6036,outfit.32b52e42d8e844199bf05c4739bedf16,1643734800,180,683
2799,outfit.b5db150f4740b356,1682528400,183,345
675,outfit.bbd6ae88b44bfd29,1690909200,45,159
2870,outfit.394609460a3549928924f3a0dc5a6e3d,1700931600,354,279
7185,outfit.bb925d82b43cfc38,1600189200,416,1636
3649,outfit.69411dca4a39414a8ffc530b2388a761,1603040400,66,1849
2799,outfit.a8c3007784dfc486,1703610000,183,1442
4218,outfit.abd2e79be5f941a5aa407cc34ff63105,1650906000,170,672
4724,outfit.a0d1107baf5919d5,1681837200,520,1240
6310,outfit.eafae74f4ff24c29862f7dba09874920,1638723600,16,828
5812,outfit.656d8c9767e2417d8fad467465515b5d,1615827600,95,811
1706,outfit.8bbfae6c08924fb2aafcf709665906a9,1652806800,288,498
6903,outfit.fdc3cdbad50644ad97fc0a903f967e15,1600794000,350,49
5531,outfit.9617c0965077556e,1704560400,105,577
2649,outfit.fc33a7e64d794702a5d4b0ba40870c69,1698858000,14,600
4880,outfit.8e330b28328c4558a9523168b34d4d86,1679936400,280,192
5887,outfit.38ef91e51ef14bb19df9094a40bcb7f7,1643821200,489,199
3608,outfit.c8899e358d4846b5b5973cc0f9342aed,1607274000,247,1124
6456,outfit.148764d766b94842ab69e411e8bb3e75,1684688400,157,2021
4769,outfit.aa1e25055ec79871,1613667600,85,1994
7411,outfit.b09e135ba34c46daaf3a5495dcec6e83,1598806800,5,78
4463,outfit.a40883a05a5d406b985e7ad5451a61b8,1692637200,36,796
6284,outfit.27a3cd48834e43b2ad991c05136ee880,1611594000,97,1551
4696,outfit.b1eeff303fb44f10a6c2ac36c0136514,1670346000,205,77
4040,outfit.b80845e98ea3453d,1652202000,472,1652
606,outfit.4c96620b5f444f05adcd28bcfd3861d5,1645981200,178,326
3267,outfit.cf321774b9de4035802e1829303fd3da,1637514000,43,1099
3577,outfit.a7b955473f2248a8a818455cb08c9e79,1634144400,136,285
3846,outfit.a841b2acdc119218,1630429200,118,1026
1412,outfit.34bd3ce2dd644974b9e945a8d91d8bca,1607274000,73,153
3227,outfit.e8f877d97bec44b49a40abd355d69d51,1640538000,223,638
3230,outfit.a273058ddb56de19,1602003600,328,571
3147,outfit.53bf6ed2516f473a87497e8170d4c8e1,1659805200,161,586
3267,outfit.7c3e32e564f84de28c9ab8a6f06a2e24,1616346000,43,641
6957,outfit.39be0294d5cf4e26b4faaa07e7750686,1628010000,336,2083
4696,outfit.611ba8f831e449f0a5bf0dfcc78e35a6,1662483600,205,114
1525,outfit.9f58acfe6b554e4ca880e378aa7e8e56,1598374800,388,394
4073,outfit.f102748bf7fe46a2a9a3eb170410b6bb,1699462800,38,998
5224,outfit.a4699b3b33b4d99c,1664557200,17,366
5118,outfit.0d1682558d8e43fa830ad2846c3e9f46,1603213200,158,1873
7411,outfit.c815d15af6ba46c580927f9bf81122f0,1612890000,5,1263
5160,outfit.ef9f1336091444cfb75dc29538ecbec9,1648141200,441,25
3227,outfit.16f24c4eb69a48f1a34117fc6c0a691f,1644944400,223,1277
1819,outfit.cc5b53a2d9f44413afdd86c5d0dfd1c1,1632762000,349,361
1374,outfit.fb060da6c30143fd9735e8fd364910e0,1609866000,6,269
2170,outfit.897c161625314c1a993188bc0a5ca063,1640019600,19,42
5736,outfit.e3beae7266754b369fb289ece8c757ba,1692205200,139,87
5812,outfit.06464642967c4d9fa0f8267dfd3d80c0,1602781200,95,982
446,outfit.a5650c1bada909fd,1608051600,0,1781
1591,outfit.89bb81f29b0f44698d89fb39fd4402a5,1656867600,364,1963
1684,outfit.08b19773414e438eba84e8f55c3508da,1622480400,224,2012
4725,outfit.2766e5ad48a2427a898f60aaacf85622,1645981200,83,459
1282,outfit.b9311cecf65f795b,1697907600,344,481
1201,outfit.44c8e590e1df4f6ab23cf81b9ed39374,1634144400,412,196
7050,outfit.d9c02686a2094291837d95d09384481b,1641229200,459,1514
4463,outfit.a3d27b283d42172d,1612371600,36,79
1382,outfit.151898f52a9a4e1a9862b376db9195e9,1624813200,20,1870
6907,outfit.b8a404e6aad069ba,1641142800,32,487
7400,outfit.ed5a5a066ca647b6a9aaeb1ec8e7ee87,1612717200,206,416
490,outfit.1eb6accbfe2d4edd8358e67200384784,1610557200,227,1663
7376,outfit.edf01c8ca8f64059a8afaf72b4ba5eb3,1626627600,99,927
1008,outfit.8ed6e4fedeb67e87,1701277200,100,945
2085,outfit.388d5e71d8ca46a59067b8f07c7a0760,1674666000,172,1378
757,outfit.ce53377b121b4648abc0a3c97e58bff1,1651942800,295,1478
2205,outfit.bf6df4f0abba9e2f,1693501200,132,770
3577,outfit.91d906d5cfcadc9b,1668531600,136,1308
731,outfit.ab9dd6cb6757426c9d5968e731b29cb2,1620666000,39,858
5734,outfit.6345f9fdf4f340bdb2781ee8fd68deb6,1636390800,353,1542
1386,outfit.f14e9c44441c4a5ca2e109af309be3ce,1683219600,189,1146
4638,outfit.c1e2e74fb2d84e07bec3185521fbea5b,1630429200,46,999
3094,outfit.c815d15af6ba46c580927f9bf81122f0,1648659600,11,1263
3846,outfit.944185e8eec8066a,1635699600,118,805
4834,outfit.40f5c15e6ca0486293b24bdf66d40393,1627578000,131,1125
6834,outfit.de20bfe0e31a4a33b8f0a25e9d93f97e,1658941200,106,1206
1792,outfit.6ef37d8d2ee744229ed6350d8a94f308,1667754000,199,652
272,outfit.0fdacd78ea72476d9688afaa61fc5c42,1689354000,86,812
3094,outfit.a95a05ea858446c38ffd5535ab65a392,1606410000,11,753
55,outfit.139187a6eb1540b6b2b8aef96bd12601,1651770000,117,1276
731,outfit.155567585a3c417fa6043924c2867d0e,1635699600,39,866
5972,outfit.03a5ffb8c27947de936564061de3d046,1615741200,531,1639
1382,outfit.aec255abd8714065996db11cc150f061,1616691600,20,379
7048,outfit.1cac5f6638f140a3bcd41d5c1cf4bdc5,1628528400,190,790
3291,outfit.f86e075166ee4aee95fbdde5444221fc,1656349200,279,1846
1626,outfit.a6eb0912d6a74509a16c4ff327a439c7,1650042000,28,1808
4452,outfit.db5c1c953153428ca001e10600e8bb42,1592758800,306,1219
3259,outfit.e698a404f52e43459098b6a320af234f,1597942800,303,2084
7366,outfit.f8e95f5fd1b641a4823ea3c6010e19cb,1666630800,533,254
948,outfit.89b7c4936135cfb5,1662138000,249,1956
6981,outfit.e963fb24badd417282a3db209349346c,1604422800,532,2085
4276,outfit.ada6bb8993e7a05e,1701104400,494,701
4185,outfit.d720fa6c17bf4c688054cbda17336d6c,1682874000,522,52
7100,outfit.fbc8b0687de1468c9a8517d5568431d9,1708102800,61,1521
4471,outfit.b227d2e4685f4a56a13c4e43023021ec,1693069200,515,1533
2519,outfit.ed9017ac844a486fac95996bcc5b4b84,1605546000,327,937
3988,outfit.ed69171af5c648529d89ac51d442646e,1599584400,274,1590
4769,outfit.841aea73b3d4485eaf08932aa82d8c2a,1608224400,85,478
675,outfit.260d02e82bbd415bbe1e18918e98e0b6,1598547600,45,1030
7411,outfit.d73105249af8497a8400a0f75a825741,1606842000,5,479
1881,outfit.c5bee71e04014da8a068df3abe59a219,1703523600,316,1254
996,outfit.cb167c53fdca444b9b21df883ca7682d,1652029200,309,1865
3308,outfit.b09e135ba34c46daaf3a5495dcec6e83,1641747600,69,78
2492,outfit.31661e90877148d9bbe3846f087063f7,1713805200,138,209
6875,outfit.6dea8453a7dd4701830624eeea14bf9b,1696525200,415,30
6734,outfit.bb925d82b43cfc38,1662742800,202,1636
5169,outfit.d6789556754c4ce084d2fc7c354ae23d,1653930000,389,1481
1684,outfit.c41b5bc7cfa0435abe71b09cfccc17ea,1710867600,224,513
5760,outfit.03a5ffb8c27947de936564061de3d046,1659632400,59,1639
2383,outfit.92101abfe02e418f8bc033846dc6d1c8,1647795600,297,1273
4998,outfit.85a2fe3ce0c532c8,1637859600,220,2086
1193,outfit.6fd4e1ca2f474faa9366763ac28adb3c,1637514000,214,1315
3094,outfit.ae538ccb6bf14a858b0f66458e592872,1719334800,11,221
1684,outfit.774b95bb02cb4be0b92d2a232bdb8b0f,1618765200,224,227
2556,outfit.2901f306ff3a4e7e8288cc48ec400f5f,1623603600,329,950
3577,outfit.8d3343f8c69af77c,1636909200,136,2087
576,outfit.fa64859a68bd4aaeb18d40c34b32c2e7,1656262800,305,2088
4336,outfit.28b064407198448db7149be19f0161f4,1661792400,119,280
3846,outfit.af7384d7b857af65,1615136400,118,1464
69,outfit.d3972ad336174608b061e6224cb1fad4,1645462800,315,1245
2532,outfit.8f34384795bfc03e,1620320400,543,728
6885,outfit.33af134887eb422baed2c7207f9cd5bc,1600016400,88,1641
490,outfit.e2ac14f5ba454e0eaf3e7c0f926c65ee,1573146000,227,346
4193,outfit.8e330b28328c4558a9523168b34d4d86,1639501200,278,192
2649,outfit.2bb91a54c63d4f72a11a6ad7a00b35cf,1704128400,14,1053
1770,outfit.0106cbd7e23f41da92e3081146b4ad03,1686934800,293,726
5800,outfit.6d042743afa04727815f717cce0b2ac0,1685811600,446,686
2892,outfit.6fa8bb1601aa44698177e99a24a52863,1622739600,370,679
2556,outfit.a520a9aa8147d618,1622739600,329,1688
5379,outfit.863d6ab504fd48319623a4e6936259db,1595782800,102,1812
2329,outfit.95b998c29f9af2fd,1658422800,212,200
2085,outfit.1eb6accbfe2d4edd8358e67200384784,1661446800,172,1663
4656,outfit.302a96af11cd4c54b7cc0215f48103b0,1706979600,130,1892
1706,outfit.bcee8c80b45d64f9,1652806800,288,1682
2519,outfit.8776f5d660d948c9bf3243220d6b1f16,1594918800,327,1244
4218,outfit.4fa890c8bbf54547a3cacaa898e5b7d5,1690304400,170,2089
7150,outfit.9e90ada207a84d58941638aa284a4827,1618160400,284,1058
446,outfit.aaca17b77fdc4a90b2f1a20631dd0dd4,1597597200,0,2090
2076,outfit.ddd870ed06d64892af526d056b438894,1630947600,372,1046
6310,outfit.d04fbe1240ef405c867fb813b5aa8779,1638723600,16,944
2170,outfit.d0570fc4a5d740cc94871d73471a5043,1613926800,19,1819
4193,outfit.388d5e71d8ca46a59067b8f07c7a0760,1652634000,278,1378
1589,outfit.b6a27dfa0198a9bb,1689699600,244,1350
6858,outfit.22c917473fe54dcb9b969d99a35ee10e,1699981200,367,1862
5843,outfit.afd3af027be275f2,1652461200,285,1117
3320,outfit.c0dd5faf2a294aa09fd7a39dc7a313bd,1678294800,68,912
1706,outfit.2d872cbfe6434c0c9ec15ebfa518a6e7,1643648400,288,1040
2076,outfit.c9d157f2dc494985ac7bbac95f8e5a5f,1638291600,372,2091
5778,outfit.0ed1568a6b6545e4932bee98c84aa544,1652806800,169,53
675,outfit.6ef37d8d2ee744229ed6350d8a94f308,1630256400,45,652
5680,outfit.a9e47a4cd09329dc,1637773200,21,1365
5760,outfit.dea118f1de544188ad16cda6259ba122,1704387600,59,1256
6601,outfit.d4498e3094f048d8808f056832637685,1696438800,78,356
2204,outfit.f9a2dd8439ea48859a895ea99b8ae6c4,1654102800,307,1984
2949,outfit.efbeb50344e54028b243698b3dd1b700,1632762000,185,256
675,outfit.145c644d683b4ccfa07d073d8c4efa6a,1701450000,45,313
1348,outfit.6fd4e1ca2f474faa9366763ac28adb3c,1648141200,324,1315
5169,outfit.3b49ff8bbdf2444a83abcdc0fbb45f01,1675011600,389,1507
6310,outfit.0dba9d16e2e54e58ad650f0ecc2b3ea5,1638723600,16,1118
2703,outfit.113c7b9e83d0435894562f0b5ef41fc9,1665853200,236,1004
2687,outfit.e796e7141e9246b5a7a9cd70ed30fdeb,1636304400,147,1783
1896,outfit.b24fc57f02ac4e4c9061761ca18d9d3c,1603040400,90,795
1586,outfit.95cf185dc27fb18b,1694797200,23,151
5615,outfit.207232e414dd46e5b7352becfd9e53e5,1714669200,338,168
1942,outfit.206df08f735c415bbcaca8d70e762971,1640019600,13,649
5379,outfit.af4c1536e8d62d77,1595782800,102,1483
6940,outfit.55aa098dd93644fe961d0137a79adbea,1675789200,230,558
6,outfit.9aadfc9a1d195c33,1632416400,325,1013
5617,outfit.a02f335a26704f80a01232079d662ff4,1678986000,56,1156
6903,outfit.3260a6894aef41329983b153a3c022ed,1600621200,350,161
1626,outfit.379ed2da3cb6428c9c9402855dfd61f8,1655312400,28,1086
5722,outfit.02de6177cfea418b8530f218f554f369,1645462800,509,1095
2089,outfit.1939ac235e8f48398419c34020295399,1618506000,455,2092
2040,outfit.706635d443e040d2a4ae9e6862a95961,1599411600,24,1945
606,outfit.9aadfc9a1d195c33,1645981200,178,1013
1626,outfit.df79806b22844eae8e38a61b63ffeee3,1655312400,28,270
6706,outfit.80820b9138cd4205885caaa0a65dd6a4,1604854800,424,402
6907,outfit.4d91614bd70b4799a861fe5ea43db494,1659718800,32,185
416,outfit.947023ca62c57b96,1649264400,33,444
3094,outfit.a4699b3b33b4d99c,1679763600,11,366
1706,outfit.b657867a142340aaa12e133d9835c823,1650819600,288,585
6163,outfit.ad848f726cd93e66,1688144400,98,501
2799,outfit.8f34384795bfc03e,1679850000,183,728
6911,outfit.29d43c48eee84539b3e1597c9cd55194,1657472400,401,50
2681,outfit.aec255abd8714065996db11cc150f061,1635786000,512,379
3642,outfit.9bd220ce35b14c1b9b9d89dfc2b123c8,1604250000,271,1549
3041,outfit.9b1b854fc8a535ae,1642006800,76,218
3814,outfit.9ebd102e2b3b4b7484f86af242efad85,1607360400,499,948
2168,outfit.2ea36f84cb12427686eed685f97f2a8f,1664298000,447,749
6907,outfit.cf321774b9de4035802e1829303fd3da,1627837200,32,1099
5852,outfit.b619b14568c94d46ac314ae0983703bd,1629219600,134,38
2168,outfit.8a91fcc1f1f612e6,1669568400,447,1448
5760,outfit.1642071c303e44a19ce63dfbbf8384bd,1662310800,59,1610
5130,outfit.c5bee71e04014da8a068df3abe59a219,1673110800,268,1254
4960,outfit.4cbda361e12e4d65a5fb502dfd38076a,1699462800,198,1828
4404,outfit.aef36c5a5f6fd4dc,1657731600,91,2093
1706,outfit.4be27307ae1c4611ad56aca101c8a6b4,1627837200,288,1009
1840,outfit.835db11c96461b2c,1625418000,141,1700
3080,outfit.82d7dcf690da4fc09bcf658816bccd3c,1626800400,492,1121
4409,outfit.3dac69d72aed4d1ca4fc6bcff6b7cd4f,1704387600,347,399
7366,outfit.61b55a18777f451ab3d3c1a4fc2fe17b,1656090000,533,2094
1201,outfit.a841b2acdc119218,1678813200,412,1026
6011,outfit.f1a25e8f1def4f2fa805aefcbb91bb62,1693501200,114,823
3094,outfit.a824c0030f59545a,1617123600,11,542
7270,outfit.3b45aacc673049bdac58580de574f957,1667667600,195,1708
2759,outfit.a3df643414c746ac95399bcdbb1acab6,1656176400,101,1829
6535,outfit.55de9d399bf143ae94e88e0594b01fe4,1636304400,549,2095
2703,outfit.5bf05f8589804ae290c997e60400cb6c,1692118800,236,933
4638,outfit.993dfa12c54fc46f,1612112400,46,1183
2085,outfit.f4a5306ea45d4ab9b40340f016bab653,1669395600,172,657
6601,outfit.f3067ef490224ffba4c9a8b16458c624,1696438800,78,121
5734,outfit.0fd1ffa75a364aba8427034859879e25,1639069200,353,902
6592,outfit.8a9297abf702469b88dcdb1ce6cd35bd,1696179600,129,222
3727,outfit.ed9017ac844a486fac95996bcc5b4b84,1673629200,187,937
293,outfit.becc5bd9847a7c10,1571850000,508,844
4194,outfit.37af7c19c13949819ca971b380a9f97c,1664816400,110,132
5736,outfit.f6e0ac328eac45939027a5dbf9d8a086,1686934800,139,8
1553,outfit.de9c4f2245104d7b807e819b9ea7a4e8,1652634000,408,1951
6129,outfit.181629c720b548f4a77a22851f1fbbce,1650042000,428,117
3017,outfit.337cc518c38b4bc18d879987d91b073c,1628096400,65,1528
3669,outfit.4c4d89bf0fcb4b32a9015ce1a7bade19,1692810000,331,1083
4558,outfit.0512cb21a4bc4326971af84ccc563495,1591894800,300,1185
4107,outfit.150dfea353754793b615998907ebffc6,1608224400,444,2096
3308,outfit.804540f3384690cf,1638205200,69,1793
2687,outfit.62f13f7f9ce944ec9564d48caa6c3f48,1651424400,147,2097
5224,outfit.10cdb2c115df4a9197e1471e536a0569,1630429200,17,1913
2703,outfit.9ec98510baa9411d905131e4377e154d,1684170000,236,830
3267,outfit.4b4220f875c140e1b2e455317cf84184,1613926800,43,1570
1896,outfit.7f44b4762bda4246a1aa7cd533047141,1608138000,90,206
2649,outfit.3b49ff8bbdf2444a83abcdc0fbb45f01,1688230800,14,1507
785,outfit.5024e38969364cc2bcb0025151e4ec55,1667754000,351,1631
1998,outfit.bb72f30cdb4246d1bc47ff8b17cf4162,1658077200,262,226
7118,outfit.2204df2016c84afd873a1d7e09f6ec75,1686675600,37,544
5330,outfit.6587d43842ed43958181f9925d52806c,1634490000,215,1106
4404,outfit.b8b6253b118140448c36fb7b55fdce90,1707843600,91,981
4651,outfit.9341a89b191cd49f,1635786000,495,919
3312,outfit.3c6978266dfb4b9793e2c730496089d1,1631466000,31,546
2617,outfit.84cd1706c63f4fb686232cb5d102d36c,1632070800,50,2098
3267,outfit.41d1dc80e9a746f88f9942cc1723645e,1690390800,43,2079
3684,outfit.89ce51a125971793,1703869200,72,163
454,outfit.298d036f8c334821bbdc97c61fcc122d,1654189200,96,1430
416,outfit.93fb65b596dc4d628b4812d30178a4dc,1694019600,33,768
2573,outfit.a1bd30435ab14461af069cf262f1e1eb,1604509200,201,786
5236,outfit.55f87279b6a34e24b72a4febad468001,1641142800,310,1246
5617,outfit.be54589074780d08,1694883600,56,61
4564,outfit.896f0af4aaaa4d56a26ab9e37e94ad14,1637254800,167,338
3510,outfit.34bd3ce2dd644974b9e945a8d91d8bca,1709053200,239,153
6663,outfit.2f5079f4f8384977a9ac6bb4b465c23c,1654016400,476,888
2920,outfit.0e6a4c4635124340b770ca2265f84377,1635872400,47,1119
1706,outfit.6f809ac4449f4502a6eee8832eabcb60,1638291600,288,843
4137,outfit.8ad0bb9029424a069f82d58c44b0d7fa,1638291600,399,450
2762,outfit.e18310c477cb4fa38cd9ba31e9997c4f,1646758800,252,517
3094,outfit.e18310c477cb4fa38cd9ba31e9997c4f,1625590800,11,517
313,outfit.d363ee8631554dccb9ced5babed2ce6a,1683392400,391,801
2833,outfit.c08f7356b17643258f50b4cc3eb25fa6,1633626000,54,925
5330,outfit.207232e414dd46e5b7352becfd9e53e5,1657645200,215,168
5118,outfit.7cc254ca61fd49189825e315d9507a3d,1600621200,158,783
6535,outfit.9a5d41c7a63e40a2b4a5f2aa902d768b,1636304400,549,1260
2619,outfit.3225a86ab6564f8fb0a3992446982bdb,1693155600,290,1725
4149,outfit.2b9a47fa00e642a1ba23dae6a67ae88c,1620666000,376,325
6129,outfit.a477b4efb5b14d348d9c07782fa1c26f,1652634000,428,889
4725,outfit.ed9017ac844a486fac95996bcc5b4b84,1677517200,83,937
6642,outfit.388d5e71d8ca46a59067b8f07c7a0760,1619974800,312,1378
7100,outfit.34b2a2a9779a47f0a1aff663fe8d1c86,1678986000,61,868
1982,outfit.5d2d7dca81534a789407bce8180af049,1637600400,433,1715
3740,outfit.31879aacd520402abb57929e7b7573f1,1604250000,231,1898
5430,outfit.ddb15f8dac0c4e03a7c88805a98cfcc8,1612976400,450,612
731,outfit.b5efe9b9e6104f0796fe1adc5650e75d,1640192400,39,1210
3848,outfit.bc206d94b57448cda9406458a264710d,1629651600,145,2099
606,outfit.dcf9da47ee4e4bd994d4faa2aaadb321,1635267600,178,696
416,outfit.03a5ffb8c27947de936564061de3d046,1641488400,33,1639
4463,outfit.ed5a5a066ca647b6a9aaeb1ec8e7ee87,1649178000,36,416
6212,outfit.8632cef7c2524f1ea8f213f5398eb754,1647536400,434,1417
6013,outfit.50a8ff8407894fcb9048249c78732fc4,1654534800,551,1718
1382,outfit.1b11be15702b4c59ba76f79ed71df7ce,1655226000,20,1410
7411,outfit.09f131a3a13141da9b70638289d27de3,1668790800,5,1458
2168,outfit.78392fa87e224d719c89da109d9e263f,1661619600,447,931
99,outfit.89fab8d7d294457fa493f087c68b6bc1,1637514000,550,411
4464,outfit.bae42664f07a447e,1692378000,55,710
2071,outfit.90913fe41f7b45abb3ec29e857df6352,1639674000,137,1474
3267,outfit.a38b3b3e20364b78bfcf0bb1eadcc0e5,1639933200,43,536
6601,outfit.dd5c21e0c1ee4428b7019e5740e3e8aa,1701709200,78,1215
4608,outfit.53cd37dc1d6345ce89fa68e62e936c58,1655139600,48,1466
582,outfit.f926e8589d9147c5822d152566769240,1622480400,470,1412
6129,outfit.13ed9e9168f247308641b61eb258a756,1629651600,428,949
6875,outfit.23596174e2b1478385adda8f5f48416f,1714928400,415,567
4463,outfit.0af9759a37b84904b1335e0847fcbb60,1657040400,36,287
6284,outfit.1dd897589a5148198aea6c403d613063,1620061200,97,1101
1443,outfit.005031a3c94b4073b25088b0e19f0e99,1600621200,403,1839
6526,outfit.aa76777d3b9d4073a342e2093e4ea1e2,1707411600,62,10
6526,outfit.a9f2bcb6885fe60a,1673197200,62,384
3147,outfit.32722b47b465460e91c775e73609e78b,1646586000,161,1616
5344,outfit.006b61bc5e404f37a41b85e6ae915723,1654016400,397,705
2085,outfit.924f4c42857340e68e7e874fcd5c6775,1679763600,172,306
1586,outfit.24a7d36225b342cf82d965567b6052ca,1655312400,23,1836
4170,outfit.68619657037e49be85070ff82067b940,1644166800,87,1928
7411,outfit.ce53377b121b4648abc0a3c97e58bff1,1700326800,5,1478
4638,outfit.da7886916bfb4f4dae18d06d28aca900,1622480400,46,1422
3320,outfit.9e90f563acb38233,1694192400,68,660
5694,outfit.d3970e5f36ce440fb7ad9d7b74cc7f48,1631206800,216,193
1336,outfit.c8899e358d4846b5b5973cc0f9342aed,1682096400,210,1124
920,outfit.85a2fe3ce0c532c8,1604854800,525,2086
5379,outfit.5bf05f8589804ae290c997e60400cb6c,1598202000,102,933
6592,outfit.296da213b6db4d99817dea16407654f0,1698858000,129,2100
5531,outfit.65489efb22d947a8865099ddde5b790d,1609866000,105,1432
7041,outfit.5494f9123a164880a3ed401be7abcd8b,1641142800,116,1074
6981,outfit.ae538ccb6bf14a858b0f66458e592872,1596387600,532,221
846,outfit.31edccd419de4fc5ae6aeb7eed4327ab,1611853200,152,765
4107,outfit.29c39d6085f345dfbccc23a2f8e274a6,1632070800,444,520
6372,outfit.00fa8d1fd5804fe78ac284c2e0c28b4e,1584032400,143,760
1336,outfit.b068cf45c37e4aeaa1cff939a86e759f,1692637200,210,669
5695,outfit.15c97a5fde81407f8cd5be88a178efdc,1657040400,44,1568
576,outfit.bcdb248c57283524,1658854800,305,1238
4463,outfit.62f7c8d4fde443459940c727ef8176a5,1607014800,36,531
5645,outfit.b00287a1864d4493a72b295b43caf3f1,1685206800,237,1888
6592,outfit.bcd7efc3918cf15b,1656694800,129,1097
4853,outfit.3d5afa74c29d4879876d3e74dc75e0f8,1635354000,175,2101
4130,outfit.0e35a8a758734c2b98adfc8630b4e029,1677603600,369,92
5778,outfit.af3cb94171784fff803b50e9a99cd890,1647536400,169,559
3713,outfit.91d7bcbd88004c9e939fb7877dc4a1f7,1601485200,466,364
6591,outfit.fabaa18896e64e6ba835286d7f1d44e3,1670518800,120,303
6118,outfit.2d7ae0bf1f84410fa230df577c9ead8a,1570986000,7,2102
7411,outfit.9653e8c2cb5f44eeb2a9015e4b11c162,1684429200,5,305
1032,outfit.925c69db26f6bbae,1650301200,218,367
2248,outfit.63fc53c3d8784dd39553a33d54ff4921,1684774800,341,673
5694,outfit.e6abf593ad3949cd8a2b345ed4249ff6,1615136400,216,120
1896,outfit.c95b16794434474e8d02306d2f1b6a0a,1608138000,90,1628
5972,outfit.47875ce75a2846c29607b0c39bf03327,1613322000,531,1948
416,outfit.b0a5d80451942bf5,1596387600,33,1081
446,outfit.efbeb50344e54028b243698b3dd1b700,1600275600,0,256
6907,outfit.93826cc51216dcd0,1678035600,32,386
3192,outfit.0630ef7d996d4c489b4e54e85bd09e5a,1605459600,52,405
1248,outfit.27a162bde20b4961ba8d94a8828e036b,1626022800,221,1144
3227,outfit.d8909288c79b4df6b6547aa381d360f1,1637600400,223,204
416,outfit.682cad04f9644aa692e0326d850b670d,1694019600,33,1470
1684,outfit.9ed854d660862b8f,1628182800,224,1282
605,outfit.936f3862e0395377,1614531600,379,2103
5695,outfit.95a9732c69cb1e4c,1608483600,44,277
6,outfit.97228689c245bc79,1642698000,325,175
4960,outfit.1506b275d9894b3da75f83343e25a122,1631206800,198,1122
5303,outfit.ac365138f7722b8c,1700154000,194,988
910,outfit.a0d1107baf5919d5,1598893200,109,1240
446,outfit.848ee23997d424bc,1602781200,0,2104
4819,outfit.6c4dd0c71db040ae9ac85030d4403e3e,1638723600,159,1060
3749,outfit.268878c3e3e24d98bbc6e9770e2eb44c,1621530000,49,1170
2170,outfit.ede0d0fd9315467c868825bcb20d2fe6,1677344400,19,330
3312,outfit.7bf81ddabaf04521afae88cc4b70ef8f,1604595600,31,784
6798,outfit.2b9a47fa00e642a1ba23dae6a67ae88c,1705338000,135,325
4638,outfit.5d29c975554e432eacf5e7d49c5342e3,1651424400,46,900
4017,outfit.89a1a2941012477c83e6f9aaf2f144c8,1686243600,296,963
6706,outfit.f66d734ea0fa4854b73f96714fd19ecf,1607274000,424,1462
3267,outfit.d263cb821a244b41b4c47ac08fa10596,1605805200,43,1489
2775,outfit.56dec64c8c834afaace780273bbde124,1648227600,127,667
1706,outfit.4b20b3ccd3cd41fe98d0225f47276e2c,1702832400,288,22
3562,outfit.944185e8eec8066a,1600794000,545,805
1922,outfit.d81ef5af6f7b43358348ff1113aeb904,1652893200,458,906
3577,outfit.ae7389834f0c49c49b2ef43ff9cc1be9,1686848400,136,82
2148,outfit.d04fbe1240ef405c867fb813b5aa8779,1679331600,311,944
2297,outfit.e4da524a49fe4b5ea3eb8983e8dff52a,1670518800,438,1065
5303,outfit.30c1385e9d714fa5b2000abce92e6c91,1708102800,194,1247
846,outfit.1347deaf1e0145ffb1c1fdd0451083a0,1603904400,152,2105
6601,outfit.e3beae7266754b369fb289ece8c757ba,1704387600,78,87
5734,outfit.e608f9225d314a12a390b165d222cc28,1633885200,353,1428
2649,outfit.1e33dfb5c66847f29088ba6717b10f75,1704128400,14,1415
824,outfit.9936eee8f01a25d8,1636995600,246,1633
1626,outfit.8ad1c89174094a26bd4cbcfdcad4aecc,1663261200,28,213
6885,outfit.9a52065e9e7b4814bb5707173819674f,1597165200,88,1463
7411,outfit.e6abf593ad3949cd8a2b345ed4249ff6,1702918800,5,120
6907,outfit.4d91614bd70b4799a861fe5ea43db494,1693933200,32,185
606,outfit.2ea36f84cb12427686eed685f97f2a8f,1669395600,178,749
2056,outfit.ea4cdef4b083408eb9410d077f9c929b,1638723600,320,1471
7150,outfit.bab0a29ca356113c,1618160400,284,991
3312,outfit.8fda8ef6cb62ebcc,1596646800,31,508
6513,outfit.95a9732c69cb1e4c,1637600400,107,277
1237,outfit.5b1de7457379489c8e57a3c22844550b,1646758800,25,1299
4638,outfit.794483397da8425a813301eecf9828c6,1654966800,46,1180
5694,outfit.37886c165da3410ca29761ac81f95bf9,1630861200,216,1140
4834,outfit.9acd6a788f014e9b81fb32f2c97f53d8,1627578000,131,1685
5812,outfit.505dbed58d2a45bc9bd72774be4f5c47,1608051600,95,716
5303,outfit.6f038b817a5a4220a8dea6bbc464c4a2,1710608400,194,1213
2102,outfit.363a3d3fbf64484293b96404b1bdd504,1623085200,179,15
3924,outfit.b6596a2ff7a748f3b9a67ac54db28b96,1690477200,204,248
4183,outfit.853a99845bbe4b4884e0a6a1c289bd05,1686934800,548,566
6287,outfit.25c93e08d9064a1c85d877bf4157a626,1574874000,140,549
2619,outfit.f1a25e8f1def4f2fa805aefcbb91bb62,1677517200,290,823
2492,outfit.4be27307ae1c4611ad56aca101c8a6b4,1695402000,138,1009
1248,outfit.95a9732c69cb1e4c,1599066000,221,277
1982,outfit.4e050e31c96240e18d8da53b205dcfa8,1638982800,433,691
824,outfit.b701b51a404a44418a375258167ad442,1644944400,246,1346
416,outfit.8db4b3541b97c627,1696611600,33,1612
6907,outfit.8b2bcd93f2f8004f,1622480400,32,1923
4725,outfit.bfad6e38299544e991b1c5f0d92073f6,1638982800,83,1001
6965,outfit.dbe73a98b209457299a8c8591381e1e8,1639587600,125,1593
5734,outfit.3b49ff8bbdf2444a83abcdc0fbb45f01,1644771600,353,1507
5160,outfit.cdf556b326334303a52f2df9eb42dd3a,1645722000,441,1459
3028,outfit.173befabe7a14130b0e646ca4152150c,1645030800,176,231
1706,outfit.2fac9258e5a64ac9a7658f54bd2056a8,1643648400,288,1578
2687,outfit.d5818e8c52bd4bb7ba4f58a76c026939,1659373200,147,2106
6604,outfit.ce331a7cc22d4aaf82548e873c59e6cd,1595178000,463,1109
6696,outfit.9d682fe8b6fd44d3b71d209a18b2b7e1,1621270800,2,2059
3577,outfit.cc03f27af19f42a483a2f03ad997279d,1663261200,136,307
6319,outfit.3f51dbc828b74034899009dd1a0177b5,1627491600,34,1359
4810,outfit.ab93c31e243d4d19b90ca72c4ae17e25,1685120400,228,707
2815,outfit.c8899e358d4846b5b5973cc0f9342aed,1652115600,384,1124
731,outfit.cf321774b9de4035802e1829303fd3da,1633021200,39,1099
416,outfit.e6d04857b6e54eecbd905c7e8093c960,1636045200,33,548
4461,outfit.af7384d7b857af65,1638464400,154,1464
4218,outfit.570e39c8d9f04224ad7f780cb584a3b1,1656176400,170,2107
3051,outfit.fb060da6c30143fd9735e8fd364910e0,1599066000,396,269
4674,outfit.62f1b6fba2104c1296481b7f8bc074dd,1615222800,12,365
6380,outfit.ccf811c5b8f847758b9d79c74514890f,1629133200,196,1133
1987,outfit.81e52ba208d55e4d,1641488400,420,936
996,outfit.a495750db2b745b3b257ff60a9aacc76,1692032400,309,2017
5645,outfit.89ce51a125971793,1631811600,237,163
6513,outfit.4fa890c8bbf54547a3cacaa898e5b7d5,1626109200,107,2089
7376,outfit.22d9e65ad5d54d439ce97df814e1dfbc,1615827600,99,1037
2087,outfit.893fa92eb13185cf,1639069200,456,131
3147,outfit.a3546e9a63f72521,1680800400,161,1149
416,outfit.ca45a9e1634c4664a5f9688d3eaf261e,1651856400,33,878
4638,outfit.f0362cb6059c40938c0945eca21b572e,1627923600,46,1565
1193,outfit.6fd4e1ca2f474faa9366763ac28adb3c,1630947600,214,1315
3320,outfit.d6241a805f5e4108abfbdbc9f58fcb23,1683565200,68,85
1354,outfit.3b2ed909c25f4ba28abf27a3ba98f5d0,1696525200,301,826
621,outfit.a8fae88d2b7640e2b28161d301fc5e08,1615395600,193,439
2340,outfit.55bf4bdcb79e4027987f9b8c7eafe314,1611162000,269,850
6526,outfit.f376dd31f0194adead88365684ce1e14,1662656400,62,1437
3094,outfit.43d5741ca13a453bb378172945b47fc8,1591894800,11,862
675,outfit.f11efd8c7b064175b4997b1ab65b5458,1654102800,45,54
3189,outfit.39c98e12ea9942a0a2c98c6297aabfbf,1658595600,29,1016
1019,outfit.820179fa25670e17,1685638800,491,258
2869,outfit.a2883b9efb1b4eb889e269c98e09f661,1683306000,256,704
4853,outfit.38572c7dec3b4460bf36ade1d517ce20,1622998800,175,767
7041,outfit.462ca91031c54d7593a2e3d1da41aba9,1641488400,116,1822
731,outfit.b58b4d9011806e34,1625072400,39,318
825,outfit.841aea73b3d4485eaf08932aa82d8c2a,1614531600,113,478
2273,outfit.d26a681dbdd54f448ef373de80e065d6,1660755600,148,1290
3458,outfit.334b374309d442f3bd75b6e93d6f9b15,1635699600,475,2108
3320,outfit.e6d04857b6e54eecbd905c7e8093c960,1667926800,68,548
4746,outfit.93fb65b596dc4d628b4812d30178a4dc,1657040400,94,768
731,outfit.83cae242e7d54be496b50e98f34e346e,1630515600,39,1132
2223,outfit.b9f26b79b0eb436fba1e05ca80196e47,1596992400,173,2046
4823,outfit.c5ded4868d344a5bbf49e5c1a3c136f8,1695661200,213,1433
6075,outfit.819bf34ba04d4748b9232e1df3bf9c8e,1652461200,431,715
6988,outfit.173b6b1204df4f128bcbdd843d91351e,1679158800,81,643
691,outfit.ccf6f723db264c30b9e45b89203c4a28,1597597200,339,992
6786,outfit.26e0f5cc69634d079b4cd4a55b315809,1696438800,219,1399
4667,outfit.8ed6ba09f55049c59f9462e07cc30bb8,1610038800,429,1453
1232,outfit.a95a05ea858446c38ffd5535ab65a392,1696006800,166,753
4218,outfit.841869bb72cf0dd1,1605459600,170,737
3265,outfit.9c0b47f4d629c3f3,1596992400,490,603
1522,outfit.a8c3007784dfc486,1595955600,121,1442
2364,outfit.f23993293d944d1b9bf173ca5be1a409,1607360400,93,197
4564,outfit.bf8385f15d6d468880c5e654f7599cf1,1635094800,167,1015
2400,outfit.599900d12a21423ca2bb8830f498a4bd,1658768400,63,1626
6429,outfit.e5c71f9ecf564fb39b2815a07e3c7fd6,1686848400,128,1672
6303,outfit.cd58f268e9e54fc08e5656e6f095975e,1669827600,283,1231
2170,outfit.5f5573ff732d4b67824d71ebb7329db8,1634749200,19,2109
3041,outfit.9b1b854fc8a535ae,1647536400,76,218
4404,outfit.654e48473404490fbb74d6a48db9ce9b,1689267600,91,223
3642,outfit.60dced53fd414aec99d569404f19c4ee,1612803600,271,195
3521,outfit.915d00f05ea74ed9872f00dbf6367ac4,1654362000,58,1691
1586,outfit.cc03f27af19f42a483a2f03ad997279d,1700067600,23,307
3308,outfit.978ae36482bb4c1bb32f8a6524cfdb76,1655917200,69,601
606,outfit.d1404a07cbda4bf68dd8d57cb0e32207,1645981200,178,319
6118,outfit.b45f71cef3bf96b3,1570813200,7,233
5736,outfit.ac52d51d1863129e,1694883600,139,103
6318,outfit.10702960934e47ca8b83d90cb167b470,1605632400,26,359
2846,outfit.47875ce75a2846c29607b0c39bf03327,1643648400,248,1948
313,outfit.2d4ed8658aa045b29663902f1e0ce84a,1680800400,391,84
4746,outfit.99d3c1ea30367e62,1642093200,94,347
454,outfit.ddf9204937fc40069fe13a0c546e1df9,1685725200,96,1063
4667,outfit.8b6cfd197842456c9460f246e3779c99,1606237200,429,2110
5736,outfit.acb94cbb42e1b894,1660669200,139,598
4834,outfit.aecdd6d2249e8bc7,1635699600,131,448
5169,outfit.9ec98510baa9411d905131e4377e154d,1685206800,389,830
4608,outfit.cb626f52e7bc499ca0df86382ce75683,1593536400,48,2111
7100,outfit.3b2ed909c25f4ba28abf27a3ba98f5d0,1676566800,61,826
6879,outfit.b26fbbc9102f42adb861b732c927826c,1618419600,188,2112
1626,outfit.55d914792ebf4d18808eb0bd3ec70bb3,1663261200,28,29
1336,outfit.9b0a47dc97c7ecc8,1703178000,210,376
3230,outfit.1b3e2ad0256b4c839afe49dcfcd50b40,1609866000,328,570
2273,outfit.b4e582b38a10f6bf,1637254800,148,772
5805,outfit.cd58f268e9e54fc08e5656e6f095975e,1648746000,486,1231
2223,outfit.b02888637a450867,1594227600,173,1374
4774,outfit.df04bf46dbd54868a63d2db542a5fa3d,1662224400,334,516
1041,outfit.2fe31ac153bc422c945294c342de95a2,1620838800,405,106
5490,outfit.36654cc2920c42b7a8c294cf349544fe,1701104400,104,1476
804,outfit.dbfe1373a2f840979196fe10b912e0c5,1630256400,383,136
6817,outfit.10702960934e47ca8b83d90cb167b470,1674406800,514,359
1784,outfit.880e71e3568b6812,1650214800,427,1671
293,outfit.066124b928d44087851ad9a0fe809510,1572973200,508,292
5100,outfit.866385e680f6475e8b2899e2bc30a1fe,1650128400,261,857
3740,outfit.b9e21535cf624b6eac04d3a9708f213b,1586970000,231,827
2040,outfit.085fb811e8144319a18fe29c43325329,1609866000,24,922
1232,outfit.2ea36f84cb12427686eed685f97f2a8f,1709139600,166,749
7411,outfit.a0a46d933783476c9109aafdeeeb550e,1692378000,5,1720
1784,outfit.adf3063b0cdf501d,1666026000,427,538
5236,outfit.c95b16794434474e8d02306d2f1b6a0a,1662224400,310,1628
3147,outfit.b45f71cef3bf96b3,1635786000,161,233
7244,outfit.439ff276a34d4993ad9cf68d06c67d96,1596992400,22,89
785,outfit.8a9a59a3ebbb46a8bea05ebe9599a1c0,1633021200,351,1617
5031,outfit.de582935a0ae42e28c735362403e5ca4,1699722000,480,1531
3459,outfit.99d3c1ea30367e62,1618333200,289,347
3749,outfit.4c41406859e04bc7b29036c62ea1b7df,1621530000,49,453
1032,outfit.980eb1c72e1e71f6,1649005200,218,697
2519,outfit.a3546e9a63f72521,1595782800,327,1149
1553,outfit.d26a681dbdd54f448ef373de80e065d6,1626195600,408,1290
2170,outfit.8ccfe9b6e0b0473b95bc91b156139d89,1613926800,19,632
5059,outfit.a4a8f76f18ed4907ba632600bd676db4,1645376400,485,1629
6011,outfit.462ca91031c54d7593a2e3d1da41aba9,1690822800,114,1822
4175,outfit.8428c700eb194931835b34f2860d3432,1676307600,292,1025
6696,outfit.b657867a142340aaa12e133d9835c823,1634230800,2,585
4040,outfit.ee0dfdf3b9a349b591e78712514e2f5b,1652202000,472,932
2076,outfit.d8cabdaf5af9426dad953821aefb0ba8,1630429200,372,1646
5778,outfit.372a132f8fe4463f8fdb8d7a8b3f5206,1655485200,169,139
416,outfit.e042570478134b1bb5b4be84c6a87e97,1636045200,33,973
746,outfit.e172da755f4248f4af3241dd47efae12,1574614800,209,1426
4481,outfit.43d5741ca13a453bb378172945b47fc8,1697562000,342,862
1716,outfit.7df2526a1c3c4b10b3017e7935c30629,1625158800,298,958
6380,outfit.bbdd99b53f925ae3,1700067600,196,281
3103,outfit.1a05c2e6ba8c4de28923f683bef9c1ae,1625158800,79,14
5100,outfit.f376dd31f0194adead88365684ce1e14,1689526800,261,1437
1386,outfit.257570a5166f43fba7f231ab1e0e2d11,1683219600,189,665
731,outfit.13341577ef954838a87bf016b1501ebb,1625072400,39,1334
825,outfit.0ed1568a6b6545e4932bee98c84aa544,1616950800,113,53
846,outfit.9aadfc9a1d195c33,1611853200,152,1013
4073,outfit.fe07e41596d841c6943aa7819488c565,1670518800,38,754
5972,outfit.65bf9afca9c94299a8ea0b0b8fc4e03f,1610643600,531,1262
1374,outfit.24204aa044c44df084bf383e731cc535,1604509200,6,324
1586,outfit.8e3a6e9e196cfbc0,1665853200,23,142
2619,outfit.2fe31ac153bc422c945294c342de95a2,1690477200,290,106
2329,outfit.138c6d460dc14dd4a223e9f2a484ad6d,1663779600,212,816
560,outfit.d363ee8631554dccb9ced5babed2ce6a,1676221200,67,801
6907,outfit.03d688ca88f84e89aeb31592d6394247,1601485200,32,1307
3175,outfit.34bd3ce2dd644974b9e945a8d91d8bca,1678208400,123,153
3320,outfit.dc0ccd196e79413d9c7216f3970942ec,1662656400,68,1615
6298,outfit.d61bd06b8b28429abe50d3f42eb685e0,1629392400,404,1573
2762,outfit.b671b224915f0b73,1649437200,252,1900
3147,outfit.43e73eedf7134d04afd27ea87948ce03,1633021200,161,555
3749,outfit.dbfb7bbacf6f4fb1afa5c192c42d19ec,1627578000,49,1096
731,outfit.bb72f30cdb4246d1bc47ff8b17cf4162,1633021200,39,226
1019,outfit.22b16afebcf749d08ab2a83d88406516,1685638800,491,469
4884,outfit.48dec5565f454acf903fe1ce1f41a39e,1668099600,443,1202
6303,outfit.682446def1c34a79890b62c1397c7afb,1719766800,283,996
7135,outfit.6705bc03d5e649f4bec363e6367cd89a,1682874000,267,417
5694,outfit.4c96620b5f444f05adcd28bcfd3861d5,1600880400,216,326
5490,outfit.338c7b24bb1140d7aa47279c9490cfe7,1645981200,104,530
7411,outfit.a4699b3b33b4d99c,1603990800,5,366
1998,outfit.00fa8d1fd5804fe78ac284c2e0c28b4e,1632416400,262,760
1773,outfit.4c96620b5f444f05adcd28bcfd3861d5,1693933200,365,326
7104,outfit.84f782be1a41490f9223e753c8f180f3,1653238800,406,1701
2148,outfit.f82bfbc5af1c4997956e63f92ea51907,1708448400,311,702
4674,outfit.6f6ace195ce44ccdbafbb72c1b4cde13,1623085200,12,276
1374,outfit.250a41fd89bf4548bb8c5db06f1cfbf1,1604509200,6,966
3103,outfit.b1ddecd27b94476d833c0ea2c2bb6d3a,1625158800,79,1400
3347,outfit.9b7e2e060c874d3287c4cee69860679a,1587056400,314,157
6402,outfit.6753fee0b6894243869c63032302de22,1663606800,335,1291
7411,outfit.c51bd8f0c3464297b89ffa73328c3275,1708275600,5,316
3308,outfit.7ca0d67e06f7491f926b46e7fbdbd32c,1638205200,69,343
6046,outfit.29e6b2a21c5946d3a22772aa398a8361,1605459600,395,1583
7100,outfit.b33b5cbbea204ab79a1060c3a17546b3,1705424400,61,662
6940,outfit.94f471a5d48f3464,1667840400,230,970
4336,outfit.467c000be2f9488a9a84e61bc6a6e3bb,1669741200,119,1830
3259,outfit.e3cc0d4d05644110922e90f815d08d04,1601398800,303,1824
1922,outfit.229f2207dc1e4409af99504f061ca0e7,1631725200,458,1983
6781,outfit.2846db8e50bc49a7a1b5f37be769f364,1634144400,146,446
6364,outfit.8c8e4271cb4466db,1623776400,518,398
4998,outfit.38572c7dec3b4460bf36ade1d517ce20,1663606800,220,767
6380,outfit.f4a2cebc0a544c9abc6305e9bd33b9c6,1636650000,196,1548
4674,outfit.229cc0c550f54fb3b3b937bab2abda35,1666717200,12,395
4810,outfit.989e3eb7e1be092f,1674752400,228,1695
7244,outfit.478c7aaed8f8413d9618e508ddd7d59b,1624554000,22,1564
5760,outfit.ad848f726cd93e66,1691168400,59,501
3147,outfit.bc5aa99812bd420fae43972060ba092e,1657126800,161,920
3577,outfit.8e0be7c7028e4b8f8a6f69a1f0192d2b,1634144400,136,1976
5760,outfit.f4a5306ea45d4ab9b40340f016bab653,1680627600,59,657
4519,outfit.e3beae7266754b369fb289ece8c757ba,1626195600,60,87
215,outfit.7ae84d76f8634068b358e5f723942fa0,1630429200,80,1357
4452,outfit.173befabe7a14130b0e646ca4152150c,1599670800,306,231
3230,outfit.5a7e4814596a482f8350a95702a5b83f,1607274000,328,2113
6907,outfit.595a88f3986340b9b7ee163cbe32c85d,1712336400,32,690
4779,outfit.f14e9c44441c4a5ca2e109af309be3ce,1624986000,502,1146
1374,outfit.2ea36f84cb12427686eed685f97f2a8f,1628442000,6,749
6526,outfit.1642071c303e44a19ce63dfbbf8384bd,1694192400,62,1610
6526,outfit.9ad11de7196542feb139da2214230dca,1662656400,62,2114
6447,outfit.afed491afd3e4eafb23afb89ec35c1fa,1635094800,243,1929
1819,outfit.5dbcbf03f1ec4ad280e3b90b688f0dc3,1666112400,349,633
550,outfit.05a3c99a55404dc8984fde902ccaad18,1599670800,251,115
6936,outfit.0106cbd7e23f41da92e3081146b4ad03,1650906000,226,726
731,outfit.48b43358755242c4bf529574c171b675,1625072400,39,1835
2556,outfit.4be27307ae1c4611ad56aca101c8a6b4,1622998800,329,1009
490,outfit.7b28d52de2cb4e4f8b00b14dd8512644,1660237200,227,1392
3291,outfit.79408facac1b4c5f8dc158b26dc1fffb,1653670800,279,2115
1374,outfit.b26fbbc9102f42adb861b732c927826c,1601830800,6,2112
6526,outfit.0dcd9f8fa95a4d81a7bb43df05668e4d,1670518800,62,1785
4501,outfit.a189dca13d2e4274afe5758a78f49000,1657040400,381,413
6081,outfit.1072872925cb416299b831528deb0b33,1598979600,92,1765
7376,outfit.0777834f7f1a4762a8c1ba09f2f4881d,1626627600,99,1886
2833,outfit.c1e2e74fb2d84e07bec3185521fbea5b,1653670800,54,999
1522,outfit.048fe7f87ee34a4095f2141bd51e3b80,1600621200,121,268
5734,outfit.478c7aaed8f8413d9618e508ddd7d59b,1638896400,353,1564
3727,outfit.39e26260f13d466b946601bafd691d36,1619974800,187,389
4853,outfit.b2e035a8cce61dcb,1628442000,175,362
6988,outfit.ae922e922588454591edca7cabf0db48,1663520400,81,261
3577,outfit.033340bee3db475eac488884328ec9e1,1639501200,136,2116
3267,outfit.6a8a9e4b00374d0e953550820b496573,1597856400,43,5
3267,outfit.37dfcefd9016441b96537a6b3de58e29,1605805200,43,370
1982,outfit.8459e55ea3800598,1633539600,433,489
825,outfit.bf6df4f0abba9e2f,1611766800,113,770
5695,outfit.f13af5d893714a7abcbca1ca15163fe9,1596733200,44,881
5100,outfit.a743bd93e1a86501,1668618000,261,1487
1809,outfit.4c8d6c10b08440fcb06d8893d705124b,1671469200,211,396
5760,outfit.3fb6cd2d1f454b85937d1540dcf212f0,1685898000,59,31
2250,outfit.33775c3acbcf408aadc5a2436d0750ec,1682096400,265,909
3308,outfit.82d7dcf690da4fc09bcf658816bccd3c,1669136400,69,1121
5695,outfit.da7886916bfb4f4dae18d06d28aca900,1643648400,44,1422
2131,outfit.8ccfe9b6e0b0473b95bc91b156139d89,1650042000,359,632
3308,outfit.a647aca5ce17d71e,1641747600,69,599
2340,outfit.e2c4d90753314eddbdf3a836e28a0209,1621530000,269,363
6085,outfit.0ff0d877678e4755b088d1c5d09bee11,1630342800,330,1022
767,outfit.853ff9245b124c84bb0973a6065e64de,1598202000,449,20
3385,outfit.c7a033c410694587805e5ba1ec63c1f6,1645376400,356,2038
2022,outfit.8d6bd94d09354d22a77928a01bac9d25,1679418000,149,1075
3608,outfit.e319ab9f2a9143da8cc4defb08ce33cc,1606755600,247,1651
6786,outfit.f4a5306ea45d4ab9b40340f016bab653,1675530000,219,657
2364,outfit.25ff5e5ef4b541d79324a66515f1d89a,1632675600,93,298
4674,outfit.a1bd30435ab14461af069cf262f1e1eb,1679763600,12,786
6879,outfit.deb2675432704b1e8048f6f90c102a00,1618419600,188,806
5222,outfit.a38b3b3e20364b78bfcf0bb1eadcc0e5,1695488400,541,536
6907,outfit.2ea36f84cb12427686eed685f97f2a8f,1714928400,32,749
1447,outfit.d4220f5dd22c4d409d8121e26b11dc99,1669914000,174,1384
996,outfit.dfcd2f8c28c84d8db5aabe6da9e9c01a,1628614800,309,640
5800,outfit.15c97a5fde81407f8cd5be88a178efdc,1688403600,446,1568
1809,outfit.ae538ccb6bf14a858b0f66458e592872,1647709200,211,221
3192,outfit.7ff8b8c0f1b447229811fee5dd7ea006,1608051600,52,1840
6601,outfit.fec66293d37940b79dde2c1acd761fe3,1693846800,78,1427
7371,outfit.3ccefaac1825408c82d9980a3ea5964a,1592326800,18,1630
2892,outfit.66da7242210f4c3fa7a47285efe37504,1620147600,370,709
7366,outfit.a84d98da9b0b4c8d95457d446a4df5fd,1658682000,533,1675
4603,outfit.5e30d4aec4614fd686224fa12d39faee,1638723600,162,2117
4463,outfit.5a5e28a29c694c5abf08514ba5b85937,1703178000,36,392
5694,outfit.a647aca5ce17d71e,1585846800,216,599
1840,outfit.9ed854d660862b8f,1659114000,141,1282
1735,outfit.61b55a18777f451ab3d3c1a4fc2fe17b,1673888400,42,2094
4696,outfit.9d97d017a5c747ac89d59efab886369a,1707238800,205,466
7114,outfit.52d1f28b96d6412b8143411eb00fa1d0,1681491600,41,1950
4564,outfit.e538cc03e9244a16910db1b27f7132db,1627578000,167,951
572,outfit.2fe31ac153bc422c945294c342de95a2,1704992400,35,106
262,outfit.9337c57be08b48f685e77490d17da267,1629738000,382,685
3227,outfit.6f809ac4449f4502a6eee8832eabcb60,1644771600,223,843
4258,outfit.a0358734a2b24bf6b531d86101378b7d,1683910800,165,1792
496,outfit.422bc3cc7f6a429086cf8c49273ecd90,1668013200,294,247
3123,outfit.8cddb9b88c984068a92d14c539dd24e6,1650214800,232,616
4696,outfit.8302402a6e8e8e8c,1678122000,205,518
6955,outfit.aeab8a7eca6601f1,1637254800,30,1477
4638,outfit.369422f2e567409b88d925e916f3a555,1662915600,46,1134
2076,outfit.bfad6e38299544e991b1c5f0d92073f6,1635699600,372,1001
4819,outfit.c2a0cedead6d432ab2277ca1cc1524a8,1633971600,159,953
5130,outfit.5f5573ff732d4b67824d71ebb7329db8,1673110800,268,2109
5844,outfit.56dec64c8c834afaace780273bbde124,1572973200,40,667
4452,outfit.bdc81580030648a48acd9e91046c3d44,1596992400,306,27
550,outfit.d6241a805f5e4108abfbdbc9f58fcb23,1607533200,251,85
785,outfit.03929cbe49e34b99bdd077380cc8d731,1649264400,351,1181
2714,outfit.10702960934e47ca8b83d90cb167b470,1632675600,275,359
6585,outfit.5c282a76e71b4edd81ab7579454a9de3,1605718800,529,1591
3713,outfit.8f6c3fbd7db0400caaf95a95ab29a97d,1606755600,466,236
2703,outfit.78392fa87e224d719c89da109d9e263f,1673802000,236,931
5169,outfit.9565d4d6787ad71f,1677517200,389,1258
4463,outfit.80333429732852d4,1708534800,36,890
1586,outfit.5ee6b8e1796843248c5ed0284c981f77,1689440400,23,1920
6310,outfit.2a4decf449b64584804dad1d704f4ef1,1645376400,16,914
3267,outfit.a824c0030f59545a,1603386000,43,542
4899,outfit.a1c7ea9aa83e32c8,1602608400,302,357
3103,outfit.a84d98da9b0b4c8d95457d446a4df5fd,1638378000,79,1675
825,outfit.0777834f7f1a4762a8c1ba09f2f4881d,1616950800,113,1886
4519,outfit.39d30bdd02814cfbae737840b8e01321,1618333200,60,1563
3814,outfit.0aff63d7a5bf451ca706cfa53ced453a,1602176400,499,2118
1626,outfit.767c953e45b8447eb7ff8d44dd5b65e1,1668531600,28,602
1591,outfit.95c292eefaa5453bbb381c3117b7b152,1651597200,364,143
414,outfit.6c68130ccc5b41a79388037d5bd3004f,1708621200,373,684
2812,outfit.d720fa6c17bf4c688054cbda17336d6c,1615309200,51,52
5695,outfit.053819ce75c94bf5a0686ee4d43da4c7,1598202000,44,2119
6380,outfit.a3d25f31c9758d32,1702659600,196,401
680,outfit.654e48473404490fbb74d6a48db9ce9b,1634576400,510,223
1840,outfit.a32232b1ae5445e39801fd606d444610,1651251600,141,166
5531,outfit.791a43c3cf2e44168c27ff90db96f1e8,1651856400,105,2120
4638,outfit.abce86c0d08341ed96a999cb4425d840,1614531600,46,186
4404,outfit.d141393e8f8247db9c62121a790ed9be,1655139600,91,1800
2131,outfit.1b1e586b3bb2432f91b4a2e15dc719e1,1639674000,359,1174
6526,outfit.97d97dbf860e43f8b123511d01711aaa,1665248400,62,837
2052,outfit.43e73eedf7134d04afd27ea87948ce03,1650992400,177,555
4674,outfit.d363ee8631554dccb9ced5babed2ce6a,1604854800,12,801
731,outfit.35040533aa374146acdf6819785d4b85,1625072400,39,924
2532,outfit.cba1c1971fa145e2a965a51bb678d885,1622048400,543,1891
2831,outfit.c5b61903ca9849fe830fd86f7cb4da50,1656262800,186,447
5661,outfit.6705bc03d5e649f4bec363e6367cd89a,1665162000,386,417
3017,outfit.501f59ab11f94aa1a28a566911f8a8be,1628096400,65,908
1626,outfit.7ba3a82d83c24f4096668fa3c59b2c54,1643648400,28,708
1128,outfit.c46affd5f8ee4749b1f8e7d4ff47f3ff,1633885200,264,655
1447,outfit.a3b797e5d17543b8a0a1f6d2b5112ce6,1672592400,174,2121
1980,outfit.890012ec91261ee6,1631206800,75,832
3669,outfit.8de70e2a9b7f463eb44f6a072e14d1a2,1700758800,331,1901
3259,outfit.15f39d4408a449febc2bd0d1afbb0f1f,1597942800,303,540
3291,outfit.eeee122cf40b4035b6ee0e26b194c531,1614272400,279,757
490,outfit.148857ae81d84843ae1671986a4e145e,1626195600,227,397
2040,outfit.d04fbe1240ef405c867fb813b5aa8779,1604250000,24,944
6011,outfit.588d78c7613f4e10b418317946a7a186,1656608400,114,1726
7270,outfit.3b45aacc673049bdac58580de574f957,1678035600,195,1708
6284,outfit.a3df643414c746ac95399bcdbb1acab6,1628182800,97,1829
785,outfit.52b8cb4f39194f9c88906c99bb9d8dc3,1597597200,351,2122
2799,outfit.1bf5c2c096dc490f8e8efd7d09e6769c,1685120400,183,848
5236,outfit.c18d614b53ad40d9ac3f3c48278fa09f,1667494800,310,750
6372,outfit.2ead65a1ecf54c38a27bebc2bf47b9b1,1598806800,143,246
4240,outfit.e89fab0bbc574d6c89242ff808d537e6,1632416400,70,891
5100,outfit.1ef0bbcac4054678bea5622eec91880a,1713286800,261,642
640,outfit.124195196333488e8ba4d195b96ecbdf,1694019600,235,407
215,outfit.4cbda361e12e4d65a5fb502dfd38076a,1635699600,80,1828
4818,outfit.44c8e590e1df4f6ab23cf81b9ed39374,1672074000,439,196
3267,outfit.202c5658aee14e4180cd074aa81842a1,1595178000,43,41
6907,outfit.7f12d0cbd88d440f84b259599e625b69,1643648400,32,349
3291,outfit.44c8e590e1df4f6ab23cf81b9ed39374,1703696400,279,196
4853,outfit.bfad6e38299544e991b1c5f0d92073f6,1651942800,175,1001
2085,outfit.5a0e04a9018a4904990fc85f1c8cd1ce,1666717200,172,1298
4725,outfit.f8be16c68a624ee7bf9a5120adb0cbcc,1659027600,83,1212
4769,outfit.a1e7bca1ce3791d6,1610902800,85,1211
606,outfit.92f2e542b76f7d6d,1645981200,178,990
6818,outfit.ba44c51358c85e35,1606755600,402,1467
6650,outfit.5ffeee8526274692af4f97b9018edc72,1714496400,417,2123
6304,outfit.37391d71588c40bd82003f14276d6f92,1617555600,537,1257
1792,outfit.32e640b3fc894710a096ec7ad3f7a976,1665075600,199,1327
3846,outfit.f32718341e9443d8a36121a8913ff304,1602003600,118,283
3103,outfit.e653ec25eed74f058794c2aa846b8c9e,1627923600,79,2124
582,outfit.ce331a7cc22d4aaf82548e873c59e6cd,1624813200,470,1109
2465,outfit.abce86c0d08341ed96a999cb4425d840,1705597200,469,186
3230,outfit.9c2285b935d84f3b85e9678007eac190,1609866000,328,1434
2273,outfit.951c39634b6a4626,1658077200,148,722
3227,outfit.f8e95f5fd1b641a4823ea3c6010e19cb,1640538000,223,254
2714,outfit.5494f9123a164880a3ed401be7abcd8b,1635267600,275,1074
6583,outfit.c5ded4868d344a5bbf49e5c1a3c136f8,1650646800,333,1433
7082,outfit.1e7c61174cd245a19c01b630fce9d8ac,1697216400,445,2125
1735,outfit.11395b1173644fedbcfc219469f27b84,1627232400,42,619
572,outfit.be837201dbe28113,1699722000,35,2036
6526,outfit.cf321774b9de4035802e1829303fd3da,1691514000,62,1099
5645,outfit.e2811dee68144484a423a3ef017258d3,1687885200,237,987
6907,outfit.a9d10e9af13c4e6d84c8b49d1dbd872b,1657040400,32,2126
4608,outfit.d542ee51f6a64600b5f8f1b5889ddf58,1596733200,48,2127
606,outfit.fea3bb7d8ff54872ad84977465e29da4,1682442000,178,572
7376,outfit.9bd9226c247f4ee8a64be90ee310fd8b,1626627600,99,746
5531,outfit.32684b5443394c4a91606c9aab8d3cdb,1630342800,105,1147
4769,outfit.dd62d98a9d3e40659b5438f7388d8e01,1605805200,85,1368
6026,outfit.989e3eb7e1be092f,1615741200,398,1695
5309,outfit.ad428eff809e2480,1652979600,526,2128
3103,outfit.8632cef7c2524f1ea8f213f5398eb754,1638378000,79,1417
7114,outfit.171c86f3627845c08df08a82deb2241f,1671037200,41,995
6907,outfit.b2cb4b87e0f8fce5,1616605200,32,1694
3093,outfit.914397611c9823ad,1656522000,322,1135
1773,outfit.d751f378f5214d2e941994a9ecc4b046,1696525200,365,44
2276,outfit.9237685700e6542b,1627837200,504,1271
1382,outfit.35e53b748ea043f79cd9a2caca3a995b,1608483600,20,512
4603,outfit.bdeec1ffb345de6c,1636390800,162,2129
4519,outfit.3c6978266dfb4b9793e2c730496089d1,1620925200,60,546
2402,outfit.235240be067b4381b6441e39d0023721,1592758800,163,1440
6103,outfit.0e1bd47c2f09419d84217b3a6b5e265f,1704646800,57,968
4193,outfit.2d7ae0bf1f84410fa230df577c9ead8a,1636909200,278,2102
3103,outfit.298b9f94af66454b9f07ebed997e9f9a,1622653200,79,565
6879,outfit.56cc017ee10f4e77a002829e408687ba,1621357200,188,886
3192,outfit.9f7434145481442191419433bd1aa953,1652634000,52,1787
785,outfit.56dec64c8c834afaace780273bbde124,1667754000,351,667
2205,outfit.bd029e8ff7cc4341bf48b2afaa0d9946,1600189200,132,833
2056,outfit.28b064407198448db7149be19f0161f4,1649178000,320,280
4638,outfit.f367c2f5517542f4ad8df5446c0e0654,1715446800,46,2130
3533,outfit.c815d15af6ba46c580927f9bf81122f0,1614704400,108,1263
1987,outfit.2121de17fb604c6ea87a3f9b6d0030db,1636563600,420,323
3189,outfit.b3c16d971ae140519a806d5e2d47354b,1638464400,29,2131
4674,outfit.3dac69d72aed4d1ca4fc6bcff6b7cd4f,1656176400,12,399
5760,outfit.cf321774b9de4035802e1829303fd3da,1685898000,59,1099
6361,outfit.65489efb22d947a8865099ddde5b790d,1701363600,453,1432
1684,outfit.a1bd30435ab14461af069cf262f1e1eb,1652979600,224,786
1878,outfit.8594e5715536955a,1633885200,3,1036
3459,outfit.e1a782a63cf54c7aa654d30392da1daa,1601485200,289,1005
7082,outfit.a743bd93e1a86501,1691946000,445,1487
6604,outfit.32a5ab2a3ec44d419b9be89ae37e0877,1595178000,463,2132
7411,outfit.3c0da42b00f94123aad9c641ff5073ad,1594573200,5,1218
2170,outfit.0cbd53213ed74084a4ca1774dbe09e03,1616346000,19,2133
1980,outfit.82303d2b1b524d6795661a1f5426a134,1676307600,75,355
3094,outfit.bf0bc59908734a2a9c7a47a1442bf744,1610298000,11,339
606,outfit.a0a96262277c45ff82220ffe62a04f65,1632675600,178,260
1735,outfit.7e3fe1b3b1dc45909d172224682a28f1,1655398800,42,1991
5459,outfit.9bf55c30dee14573ac0d46c03fce3a0e,1698166800,10,734
5059,outfit.e9e6ef522291496dacaad16160c8a8f2,1658336400,485,1153
2508,outfit.b9bffddb2fa945e6a3d076ea97f1c5cb,1641142800,387,505
4452,outfit.2204df2016c84afd873a1d7e09f6ec75,1596992400,306,544
3028,outfit.afcfeb5d7cda41318a080365f05c9075,1702746000,176,380
4452,outfit.8302402a6e8e8e8c,1596992400,306,518
1819,outfit.5242edab1a064713b3c92f329d51b514,1632762000,349,76
1368,outfit.32bbe20e948d4839b63aa0f4b540b466,1636650000,527,523
7101,outfit.1c195032518b4aba942f6b4fb6ae4690,1611162000,8,1155
6591,outfit.439ff276a34d4993ad9cf68d06c67d96,1662656400,120,89
1412,outfit.535d7a56f1a44289b93c6bd46f656d8f,1622998800,73,111
1840,outfit.a294399ed5bfba8f,1645981200,141,1103
4817,outfit.202c5658aee14e4180cd074aa81842a1,1604250000,203,41
2716,outfit.fcd37df89e7341dfb75d074f0d092396,1606842000,242,1516
785,outfit.880e57b54f5e4f44b0b2e6ced12e8905,1597597200,351,130
6371,outfit.b7c4ed0668334bd1b5f8e91059b88da5,1603990800,208,334
2052,outfit.b45f71cef3bf96b3,1639414800,177,233
6212,outfit.9cb602e5b83949d49bc50bbbfa5b7d04,1652806800,434,2013
7118,outfit.61c6e404ee8847fb9e1d95143f9d590c,1702486800,37,1545
2833,outfit.40a0759f9fee458ea303ea8d1ef61a74,1620320400,54,1178
1942,outfit.5df05df81eb54ba999e64c211780b556,1596992400,13,173
6706,outfit.83126fbdb1962feb,1607274000,424,2062
1522,outfit.0777834f7f1a4762a8c1ba09f2f4881d,1595955600,121,1886
1706,outfit.efbeb50344e54028b243698b3dd1b700,1652806800,288,256
7411,outfit.ba1df248f1cd432a8bb58292b7b31e7b,1625763600,5,1980
5303,outfit.292fc161ab8a48d59af997f56cce1cb4,1702746000,194,1012
3259,outfit.9d2ae3e74d7f4d9bbde82be334a3a21b,1626714000,303,1421
7167,outfit.5cc0341855e443a192105efd1a176491,1596992400,451,2134
1998,outfit.9dc1abebc456d310,1650214800,262,205
2130,outfit.cdf556b326334303a52f2df9eb42dd3a,1613581200,276,1459
2815,outfit.66da7242210f4c3fa7a47285efe37504,1662742800,384,709
7411,outfit.46fd30ba34534c96b133e88f257cb7e1,1625763600,5,33
1390,outfit.6d6fe6b3b2514ecc8c47947292874f90,1658768400,77,475
6885,outfit.9faa5a6b345a4ee791996380c91d4eac,1597165200,88,1902
470,outfit.d002aedf1e0d4058aaa82dabbbd74c52,1607274000,234,2014
4834,outfit.67251d32508649cf8e2cb7d79817796e,1666630800,131,1968
490,outfit.67a41f76b1dc4cffb6da5e9257d5910b,1592154000,227,1871
1255,outfit.150dfea353754793b615998907ebffc6,1600794000,348,2096
3094,outfit.8f6c3fbd7db0400caaf95a95ab29a97d,1594918800,11,236
6319,outfit.e7180235b62040eb9afeab19f74c5a73,1662310800,34,748
7185,outfit.34b2a2a9779a47f0a1aff663fe8d1c86,1600189200,416,868
4107,outfit.a97aa7b0e06a6908,1605718800,444,2135
3740,outfit.4b4220f875c140e1b2e455317cf84184,1601485200,231,1570
3649,outfit.adf3063b0cdf501d,1597597200,66,538
932,outfit.648db79508724c99ab948e953e4813a7,1675011600,426,522
5379,outfit.978b0bd3e4cb9afa,1634576400,102,201
3385,outfit.d720fa6c17bf4c688054cbda17336d6c,1642698000,356,52
2796,outfit.6b8d0d5720af4e33af8dff7afe7b0ed3,1648227600,27,636
4998,outfit.77441845458641bcb87eb64f10b76c12,1635267600,220,74
3267,outfit.36654cc2920c42b7a8c294cf349544fe,1608224400,43,1476
846,outfit.df04bf46dbd54868a63d2db542a5fa3d,1603904400,152,516
6287,outfit.98d6cf4fef49ec24,1571331600,140,373
675,outfit.13e5c6482ae340a696f30c156512408b,1641747600,45,1555
5695,outfit.503dfd75a3f84d38901d135120cdf40b,1620147600,44,1100
572,outfit.4d91614bd70b4799a861fe5ea43db494,1612371600,35,185
2489,outfit.aa79d60774804d869aef12b033762513,1607619600,418,2136
7225,outfit.229cc0c550f54fb3b3b937bab2abda35,1650906000,337,395
361,outfit.ac52d51d1863129e,1671728400,197,103
2812,outfit.c71e9a58962a404b9d6c8df867b4b392,1700499600,51,873
6284,outfit.2d7a170f85b04d2bb2ab4eb41d795d0f,1608483600,97,1918
6955,outfit.caee00d04a954a69a3cca9e02cf67440,1621443600,30,125
2040,outfit.e43d27b277bb4ad7aff36a857ce6f766,1606669200,24,913
107,outfit.8c4d4f54e42a4ca391913811b6d17ab0,1638896400,503,262
2089,outfit.16f24c4eb69a48f1a34117fc6c0a691f,1626627600,455,1277
1840,outfit.af4113e2a23f4c9ebc3315589f5ea182,1625418000,141,2137
3189,outfit.6dea8453a7dd4701830624eeea14bf9b,1666544400,29,30
4696,outfit.8302402a6e8e8e8c,1651856400,205,518
3347,outfit.97acaefe61dad4d4,1587056400,314,1953
6447,outfit.369422f2e567409b88d925e916f3a555,1635094800,243,1134
7100,outfit.34b2a2a9779a47f0a1aff663fe8d1c86,1652720400,61,868
6907,outfit.4d91614bd70b4799a861fe5ea43db494,1712336400,32,185
3624,outfit.a9cd4913d4d043c1803b8f7dec42d143,1664298000,151,1866
7411,outfit.151898f52a9a4e1a9862b376db9195e9,1713459600,5,1870
319,outfit.d933a0b2120d4102bcfe5f51886dc0e1,1687971600,392,1608
680,outfit.8745fe6f294d4f41,1649696400,510,1942
5778,outfit.1ef0bbcac4054678bea5622eec91880a,1658077200,169,642
3017,outfit.337cc518c38b4bc18d879987d91b073c,1638723600,65,1528
2363,outfit.eb104cb68a534166899c4cce84b0fa55,1665766800,454,800
7244,outfit.c46affd5f8ee4749b1f8e7d4ff47f3ff,1648227600,22,655
1386,outfit.ea4cdef4b083408eb9410d077f9c929b,1654362000,189,1471
2102,outfit.866385e680f6475e8b2899e2bc30a1fe,1668704400,179,857
731,outfit.f5cdd470173a4cbb913353aac985eebe,1649437200,39,282
6212,outfit.ad062450831242c091c3cfc78407df6d,1663434000,434,464
3103,outfit.1ff1200dca844ecd8ac042bd3363b7c5,1630515600,79,1141
1382,outfit.d363ee8631554dccb9ced5babed2ce6a,1655226000,20,801
2040,outfit.2386f5b10f544de1a8f7a53a4b3bb92f,1626195600,24,60
3312,outfit.78d16995b62e40d48f06a20dbf72d844,1596646800,31,66
7041,outfit.e9f82d690d5a452ca833a578fd0f0dd0,1637514000,116,1511
5236,outfit.b80429b20d914612960e3cdbfcc0602c,1662224400,310,1102
1998,outfit.896f0af4aaaa4d56a26ab9e37e94ad14,1692291600,262,338
3749,outfit.ef9f4ad754194793ab95e6c30f5606ae,1639933200,49,375
3385,outfit.1ba117ad1dfc4db98e92536c9d6724fe,1640106000,356,311
6318,outfit.d2affda3780840e8bab443abbd2e5478,1603126800,26,1375
3642,outfit.5330ecb4f53c4f7a865f99a6fdd37773,1610298000,271,884
2170,outfit.9f515fbe4fef48e0bbdebca645ea96c8,1618938000,19,834
5169,outfit.0ed1568a6b6545e4932bee98c84aa544,1659200400,389,53
4656,outfit.1023091eb7324562a4153373934bcb64,1709485200,130,434
572,outfit.da552355bfd04649a987a3881b99d09c,1644166800,35,178
5617,outfit.0fdacd78ea72476d9688afaa61fc5c42,1715878800,56,812
3458,outfit.4238aa017620494dbe0724f9b8f8f702,1652979600,475,240
2383,outfit.229cc0c550f54fb3b3b937bab2abda35,1645376400,297,395
2831,outfit.aa1b06f3dfd54e28891be222f496c377,1656262800,186,2138
5929,outfit.60a1072927ca4f13ae03d6f876c42cb3,1636909200,9,210
5734,outfit.a84d98da9b0b4c8d95457d446a4df5fd,1633626000,353,1675
3896,outfit.522c1f5a3380421e9539663185f60fbc,1647968400,192,537
6287,outfit.9ae9443798cb496ba7848d3c3616ab1c,1602608400,140,841
454,outfit.806a7fef96ec97e0,1688317200,96,856
4638,outfit.a5650c1bada909fd,1665507600,46,1781
5130,outfit.55aa098dd93644fe961d0137a79adbea,1665248400,268,558
2040,outfit.1233866861b14f0bb1e9116e90d9a492,1601830800,24,1344
7152,outfit.8d3343f8c69af77c,1605718800,15,2087
6940,outfit.f102748bf7fe46a2a9a3eb170410b6bb,1683478800,230,998
2573,outfit.0aab21277b674f7fbb146ca7e853eef6,1635958800,201,584
1706,outfit.806a7fef96ec97e0,1660755600,288,856
2271,outfit.bd061db386d78a56,1602003600,259,1684
2687,outfit.b4e582b38a10f6bf,1646672400,147,772
4193,outfit.3b8a8f44f52f4b92b4935f08f4d2b9d7,1654707600,278,1596
4336,outfit.64a0e45c83dc4304becbf6218ac02fb8,1648573200,119,1278
6287,outfit.e1a782a63cf54c7aa654d30392da1daa,1602608400,140,1005
4603,outfit.b3d31d76ede3d815,1635786000,162,310
5645,outfit.fe07e41596d841c6943aa7819488c565,1682614800,237,754
2271,outfit.3895e85d340f4339b7fef2e143e5e390,1598893200,259,2005
4193,outfit.978ae36482bb4c1bb32f8a6524cfdb76,1662656400,278,601
3533,outfit.88c3d13d70dc4e97bf5cb6557c7ce49e,1602522000,108,2082
462,outfit.64a0e45c83dc4304becbf6218ac02fb8,1627232400,501,1278
2815,outfit.b4e897cae6915720,1660064400,384,1409
269,outfit.cb5a982c42784a9a834b5f15a47749b8,1612285200,452,687
1354,outfit.0e79f46fd9f344bdb7c714ffce9e98aa,1696525200,301,300
5405,outfit.66dd95a10af54a18ae4b24b3702f869e,1671555600,64,1598
1684,outfit.372a132f8fe4463f8fdb8d7a8b3f5206,1631206800,224,139
572,outfit.93d7a4479c7f446b80995278ada5874b,1617901200,35,1047
5100,outfit.ea4cdef4b083408eb9410d077f9c929b,1668618000,261,1471
416,outfit.e965f8f929a345ecab825313cd4b3f24,1601830800,33,488
1501,outfit.e18310c477cb4fa38cd9ba31e9997c4f,1620925200,507,517
4218,outfit.8d7319b7cde9526b,1632762000,170,645
4696,outfit.1dd897589a5148198aea6c403d613063,1678122000,205,1101
4501,outfit.eca74800caaa4895a2db653db0020607,1696525200,381,2139
2085,outfit.cf1d104fc65c4fd987d195e2a58e588a,1669395600,172,1796
3510,outfit.27a3cd48834e43b2ad991c05136ee880,1664298000,239,1551
3320,outfit.4a6ed2fa953e43f98d557f0c98f04f7f,1683565200,68,1199
3875,outfit.e319ab9f2a9143da8cc4defb08ce33cc,1635699600,400,1651
4674,outfit.56663aaf60aa4b5c8267bed372c72677,1645808400,12,68
4240,outfit.676f2b8ab3894ff293c0fbd62398bc05,1632243600,70,721
4333,outfit.91d7bcbd88004c9e939fb7877dc4a1f7,1648746000,546,364
1073,outfit.88e9a4b11d284db686be6be18502f641,1596387600,552,1493
2131,outfit.dce1b27e6e5944c08b7253d1ebae5a60,1638723600,359,1525
6907,outfit.78778f72774d4269abd8410a9511fdf6,1612112400,32,1209
1819,outfit.feaa16af0f6b4a96b65f8a29ace77979,1632762000,349,814
7411,outfit.a8175a1b696f4b85,1652893200,5,400
446,outfit.a38b3b3e20364b78bfcf0bb1eadcc0e5,1620147600,0,536
6310,outfit.6db79c15132b4860a7e3a34cbf5c44c2,1649264400,16,907
7233,outfit.706635d443e040d2a4ae9e6862a95961,1715274000,497,1945
1354,outfit.d7f1bc7197b6469db1b9c4faf4071cb7,1691254800,301,1361
1382,outfit.af3a5e4cc2959d66,1668445200,20,605
4107,outfit.983bcd4ecb43a6f7,1634490000,444,2140
804,outfit.483fb847ee6542288ebaf7de6888de41,1630256400,383,2141
5531,outfit.cc2a4ea6b82044d2804ee26e593fbc00,1644166800,105,428
7060,outfit.00fa8d1fd5804fe78ac284c2e0c28b4e,1628182800,346,760
4667,outfit.d948ea24ce8a484db5bd640400d50cce,1611248400,429,1490
2273,outfit.cc5b53a2d9f44413afdd86c5d0dfd1c1,1658077200,148,361
3510,outfit.29d4c138b56e4579898dbb7f47f6cafc,1679936400,239,352
2812,outfit.8f95b3473abb4a40ac2dc0956628e873,1630515600,51,1204
606,outfit.4431d4e34e6a4c0fba43aa50395893f7,1698253200,178,58
2040,outfit.43d27be4c064485697d6e4496f66576c,1606669200,24,1515
5490,outfit.67a41f76b1dc4cffb6da5e9257d5910b,1651251600,104,1871
6911,outfit.89fab8d7d294457fa493f087c68b6bc1,1707584400,401,411
5236,outfit.b2dc9f23d8d34e6fa62981cf887be220,1635699600,310,1999
5645,outfit.9617c0965077556e,1674838800,237,577
3041,outfit.f465c31c406c4fc69448ba6a62d76ea6,1657040400,76,776
6601,outfit.0f8c445a9a334c6984277bd96513a37f,1701709200,78,1129
490,outfit.e3bf7fedde71456db683e017a65e9814,1631552400,227,1452
1207,outfit.b8311b5c70cc4a46927bae03a650edcf,1632070800,361,1404
6364,outfit.82857c0f835c4c8b8fea971653673d20,1624208400,518,1362
1382,outfit.a9d10e9af13c4e6d84c8b49d1dbd872b,1624813200,20,2126
3988,outfit.7f12d0cbd88d440f84b259599e625b69,1613926800,274,349
6177,outfit.be3e7c4ec5718d36,1646067600,250,97
2040,outfit.6537917dc4e440fcb5793037388b3d7f,1626195600,24,461
5778,outfit.8b14ea3bf7bc40ee,1660755600,169,1177
6526,outfit.f376dd31f0194adead88365684ce1e14,1662656400,62,1437
1735,outfit.e96d2e7204fb4c1ea24fe71b3f967e0c,1650128400,42,183
757,outfit.30d1aee07a924c969deb23980fe0949b,1644339600,295,1382
6303,outfit.682446def1c34a79890b62c1397c7afb,1693501200,283,996
3243,outfit.56dec64c8c834afaace780273bbde124,1702141200,539,667
4463,outfit.2766e5ad48a2427a898f60aaacf85622,1705856400,36,459
1923,outfit.31c50265a96d4e49aa5394db37e039f2,1608138000,528,938
3308,outfit.ab1e952330087c99,1627491600,69,989
2617,outfit.76443d6db496494dbb26ac275ecbdb3b,1639933200,50,72
4336,outfit.854021359d3e487ca1c90e5bd126ea0c,1659114000,119,606
6036,outfit.b25f7c6a65a2459c8819de57f27a2684,1645722000,180,1018
5344,outfit.167c1898ccab4dbcb3d0a74591e1902f,1661965200,397,733
262,outfit.875635fa72e9a84a,1643043600,382,412
3846,outfit.e4da524a49fe4b5ea3eb8983e8dff52a,1622653200,118,1065
490,outfit.1c434db5b4cc42b8a656625c4d93fba4,1647018000,227,1742
4336,outfit.d24b8b64d37f4ea29ccc8aeb0c1bbb2f,1664470800,119,216
3267,outfit.f102748bf7fe46a2a9a3eb170410b6bb,1609866000,43,998
6932,outfit.f4608a1f01534d818dd6424ed99428cd,1615309200,409,308
3740,outfit.bcfda2c04c124f0084c43aa7169c640c,1601485200,231,1703
107,outfit.db6e87de63f347a0af3ecbf3b7463a55,1638896400,503,623
6526,outfit.915272dd8393bc1d,1683565200,62,1045
4960,outfit.8f3fe842c52af420,1638896400,198,2142
490,outfit.9288ff153f8d405e89ce6b6cfd08171c,1620925200,227,2026
5844,outfit.d89c1051a315434d90b87a3ea5aa1ea3,1570726800,40,1239
4404,outfit.bef1cf2e05fe40709accfbc38e9a0a30,1660410000,91,674
948,outfit.4fa890c8bbf54547a3cacaa898e5b7d5,1662138000,249,2089
621,outfit.0fd1ffa75a364aba8427034859879e25,1617901200,193,902
4638,outfit.beb7edd11cd741538175c927a81cbf89,1678554000,46,81
6879,outfit.b232dfc2ba4bd49f,1613322000,188,1052
3740,outfit.bccadadafedf47d8b394517cf1668424,1612890000,231,1386
3432,outfit.1b1e586b3bb2432f91b4a2e15dc719e1,1646586000,153,1174
2556,outfit.b2e035a8cce61dcb,1633280400,329,362
5695,outfit.c9be10d661bc4a4992a6c757b6e75ca8,1612371600,44,1614
675,outfit.233cc1a575934df38cc3c307901345e5,1682960400,45,368
3053,outfit.be670e741ed74f9597a28f8bb3e5e537,1618333200,313,1301
1922,outfit.d81ef5af6f7b43358348ff1113aeb904,1638291600,458,906
5733,outfit.9341a89b191cd49f,1649091600,191,919
3642,outfit.4f88de908942498980138fc606c745fb,1601485200,271,302
6592,outfit.929220a63bf843f99474bc2644fcb53d,1672592400,129,129
5330,outfit.e96d2e7204fb4c1ea24fe71b3f967e0c,1636909200,215,183
6513,outfit.944185e8eec8066a,1626109200,107,805
2022,outfit.da552355bfd04649a987a3881b99d09c,1684688400,149,178
6026,outfit.c35c73041785478d8b7bff3ba75797eb,1631638800,398,1922
4656,outfit.b4e582b38a10f6bf,1699030800,130,772
902,outfit.0aab21277b674f7fbb146ca7e853eef6,1708534800,304,584
6051,outfit.9ec98510baa9411d905131e4377e154d,1677690000,168,830
3848,outfit.e89fab0bbc574d6c89242ff808d537e6,1624554000,145,891
6592,outfit.b80845e98ea3453d,1604422800,129,1652
7411,outfit.006b61bc5e404f37a41b85e6ae915723,1687107600,5,705
2649,outfit.b33b5cbbea204ab79a1060c3a17546b3,1711990800,14,662
6036,outfit.8428c700eb194931835b34f2860d3432,1653411600,180,1025
5236,outfit.0aab21277b674f7fbb146ca7e853eef6,1667494800,310,584
1840,outfit.62b7b6c55aa84d89a8bc7b99173f571e,1625418000,141,713
2573,outfit.95b998c29f9af2fd,1607014800,201,200
3924,outfit.43d5741ca13a453bb378172945b47fc8,1675011600,204,862
1942,outfit.37f5db61da1b4fb0a50472c1ddc442a4,1632416400,13,112
4696,outfit.c560abcbbf2b40edbacbd51dfa99bf58,1649264400,205,1491
2056,outfit.efd56ebc3a124733bae26839f3042ede,1638723600,320,2143
7244,outfit.fe07e41596d841c6943aa7819488c565,1599411600,22,754
5160,outfit.93da3bfb33311ddf,1630515600,441,986
6663,outfit.8cab85b45b23bfec,1648746000,476,1416
6026,outfit.ebfe6bcdfcb7442686f24eecaba39c1c,1620925200,398,1657
5812,outfit.505dbed58d2a45bc9bd72774be4f5c47,1613408400,95,716
4725,outfit.851c21ffa4468a82,1679936400,83,736
6526,outfit.fea3bb7d8ff54872ad84977465e29da4,1704733200,62,572
4731,outfit.a995ea509cd69726,1665334800,53,1377
2759,outfit.9fbe0c9462e44696a73f5ffa75215ec0,1661446800,101,105
4960,outfit.253fb654ace04cbb9280e54d54b62ed8,1633626000,198,134
902,outfit.5e900f895ba8488db2bf88c9371a9b64,1653152400,304,2144
2465,outfit.578a20ace62b4299a88b0ce610123797,1689699600,469,1252
4656,outfit.a2820311cb51576b,1709485200,130,1482
7041,outfit.93d11b40e1db46198d34109e7d0ebfe9,1632243600,116,533
996,outfit.85b4a99c5e6af89d,1699981200,309,1364
2088,outfit.3261057a0eba46f687d41af05ddee170,1620752400,421,212
4667,outfit.83b1e08b46bf0031,1614099600,429,1027
3103,outfit.b42337853cae4f66a2e7640b6845d2e5,1599066000,79,597
3320,outfit.8023680619aa366a,1680973200,68,1078
7411,outfit.8f6c3fbd7db0400caaf95a95ab29a97d,1606669200,5,236
5130,outfit.b4e7c58304d74b64b8b2ddf13ba93c6d,1662656400,268,1051
1382,outfit.b227d2e4685f4a56a13c4e43023021ec,1627232400,20,1533
7411,outfit.2d059d6a6a3c4f02abe8e2f5cd7dea69,1655571600,5,1919
713,outfit.7d48fb77be2340e3be0de8ab4f9a97a3,1695661200,534,327
3267,outfit.20ae7885d88441348ab7a255bcc2173e,1682528400,43,12
6583,outfit.b9bffddb2fa945e6a3d076ea97f1c5cb,1647968400,333,505
1706,outfit.1eb6accbfe2d4edd8358e67200384784,1635699600,288,1663
3533,outfit.99495169e3ffdfa4,1614877200,108,785
490,outfit.49c64ac752d4452886a0f505007df0fd,1573146000,227,1292
5432,outfit.4238aa017620494dbe0724f9b8f8f702,1591808400,524,240
2617,outfit.e6abf593ad3949cd8a2b345ed4249ff6,1603386000,50,120
1605,outfit.ad428eff809e2480,1638982800,390,2128
6733,outfit.3619c49a78674b0bb3c2803ee199cd92,1659718800,435,2145
6940,outfit.8feb7001275554c8,1673110800,230,819
1626,outfit.88a780cac1d40972,1673802000,28,32
6,outfit.98eebea274f23dd6,1629824400,325,1424
1626,outfit.65489efb22d947a8865099ddde5b790d,1673802000,28,1432
5144,outfit.a9f2bcb6885fe60a,1712682000,217,384
5805,outfit.ac93e6bc39c341dd9592de80ee57e522,1674579600,486,493
7411,outfit.ba142263ccbf4c89848b29f8eeea4651,1655571600,5,1767
361,outfit.b07210826e040498,1650646800,197,2146
69,outfit.bc206d94b57448cda9406458a264710d,1661101200,315,2099
1881,outfit.f194f8a84147453cbd660e148942e1e6,1690304400,316,2003
5680,outfit.7f0c68b095a14d7fa001117bc2c75827,1637773200,21,2068
1248,outfit.c5fa2da94b8a48ce893b4a3722f02cba,1636045200,221,1858
3267,outfit.d8909288c79b4df6b6547aa381d360f1,1616346000,43,204
6526,outfit.931ef0d0cada4965a8ea693f7a520b64,1691514000,62,321
3291,outfit.60dced53fd414aec99d569404f19c4ee,1664298000,279,195
4040,outfit.17753fa2c9914d659fe5432c2a06f1fa,1654880400,472,194
1382,outfit.abe970f711444589b6ce9e81bf35615d,1608483600,20,126
6907,outfit.a3546e9a63f72521,1664989200,32,1149
5694,outfit.d91c416ae1584028ba0c20f1329bbb97,1588525200,216,286
1878,outfit.43d5741ca13a453bb378172945b47fc8,1661533200,3,862
1389,outfit.e5503fe6f5f243fc90c526bcdb75c942,1663952400,440,128
910,outfit.f11efd8c7b064175b4997b1ab65b5458,1601226000,109,54
6907,outfit.b80a7f8948aefe75,1696525200,32,348
680,outfit.9e28084ee8e94a1d8afe4abe643fa8d5,1654966800,510,545
5100,outfit.944efade730744e38b3b678dae890f98,1686934800,261,59
2762,outfit.6f809ac4449f4502a6eee8832eabcb60,1623949200,252,843
4107,outfit.9783b2f3f00040848624b655abd30cfa,1693933200,444,1876
4240,outfit.9d470d5e4955bb54,1632330000,70,1355
4638,outfit.69510e71049843628dabe5ef896f1b04,1619974800,46,9
3259,outfit.fa64859a68bd4aaeb18d40c34b32c2e7,1596128400,303,2088
6977,outfit.71442f9043504300907b80e2385f9ae4,1673715600,160,1971
3094,outfit.b09e135ba34c46daaf3a5495dcec6e83,1603990800,11,78
2759,outfit.bb72f30cdb4246d1bc47ff8b17cf4162,1643821200,101,226
4564,outfit.3261b5e6c4574ee9aacde7740fde9f7c,1645030800,167,470
2812,outfit.a5f369e8f0504905bd14d3a58f8dc8cb,1639328400,51,732
3518,outfit.eb104cb68a534166899c4cce84b0fa55,1681491600,411,800
6051,outfit.9783b2f3f00040848624b655abd30cfa,1690909200,168,1876
2364,outfit.7cff339e7950448c8485a2b44205adc0,1610038800,93,1145
4073,outfit.3c0e2b952c024f85b23f3db26403df81,1696784400,38,1329
3846,outfit.860daab99091d08f,1627837200,118,1566
3382,outfit.c5b61903ca9849fe830fd86f7cb4da50,1640106000,229,447
2364,outfit.34b2a2a9779a47f0a1aff663fe8d1c86,1612717200,93,868
3291,outfit.9341a89b191cd49f,1706374800,279,919
996,outfit.d0c649c31ecc49a18d0cf19d7270073c,1699981200,309,418
1336,outfit.f117abdc31004fb78d287f00122747a5,1684688400,210,2147
204,outfit.a477b4efb5b14d348d9c07782fa1c26f,1674320400,474,889
1896,outfit.6b027f465816489f83945f85bd6f1c17,1610902800,90,474
3521,outfit.8ed6e4fedeb67e87,1696438800,58,945
5694,outfit.8cbb77c85f07443e9c2e6687e4131a45,1585846800,216,250
1585,outfit.fd816aa2311d45c78fd0ab2d663a177a,1656090000,241,342
4452,outfit.a7b57360602144b4838b5384b7fde769,1602090000,306,1376
1819,outfit.9cd6c1a82e884a77b55b6113de55fea7,1652893200,349,238
1412,outfit.ada989bbc2322203,1617728400,73,232
1684,outfit.cf321774b9de4035802e1829303fd3da,1710867600,224,1099
7041,outfit.96520672b1fc4ebdb9bd3b431609192c,1632243600,116,1585
3956,outfit.bb72f30cdb4246d1bc47ff8b17cf4162,1667581200,462,226
5144,outfit.8154323d7dae46d3b98fb5e85b96a41a,1649523600,217,1638
7082,outfit.1096c0a926c244b39b44ff523a6ad9e0,1699894800,445,83
6372,outfit.202c5658aee14e4180cd074aa81842a1,1614877200,143,41
2649,outfit.ba44c51358c85e35,1704128400,14,1467
6907,outfit.a3546e9a63f72521,1667667600,32,1149
1922,outfit.d40f6349368b4e47b521138ba35d8ebc,1628701200,458,190
658,outfit.81c2ee9d12b442ecbad61d22061364f3,1668704400,82,500
6604,outfit.3037fa72ade7482e8c13863bc447c11c,1595178000,463,460
4906,outfit.849c7f2e055c46478710a291b5ffa5db,1596474000,4,1764
6879,outfit.946ae92e21374e0d8935761e881bb94b,1634230800,188,409
1735,outfit.3037fa72ade7482e8c13863bc447c11c,1622653200,42,460
5694,outfit.cc03f27af19f42a483a2f03ad997279d,1634662800,216,307
6907,outfit.84b3db8e945423dc,1654448400,32,1756
3821,outfit.80333429732852d4,1637600400,414,890
3376,outfit.9e5db8a02f39402aaa9ee148d10ce073,1639501200,291,1825
4193,outfit.ded9a0e26ca846ba86ae2eb4f12fe831,1636909200,278,1722
6295,outfit.8a9a59a3ebbb46a8bea05ebe9599a1c0,1668704400,273,1617
1819,outfit.164ec220792945e99be76a1f7291a9b8,1671382800,349,445
3432,outfit.a867d0ea463b4d6dbd0f750bc1962f49,1638118800,153,1321
2833,outfit.70b441e6ee444f86a12921f85e5c2002,1625418000,54,297
785,outfit.853997984302460e92bb9f8335ca5a0b,1680800400,351,810
3727,outfit.af0ed14f93f042fa8c43dc0ff2da97e6,1673629200,187,864
4558,outfit.bdc81580030648a48acd9e91046c3d44,1591894800,300,27
7152,outfit.229f2207dc1e4409af99504f061ca0e7,1605718800,15,1983
1382,outfit.760587419305432581b1c2dd2d29e27f,1637859600,20,1115
3230,outfit.b75adc485cbf45ef936114c4337a7a9c,1609866000,328,1233
572,outfit.359ce2bd2e40491686ce3ebc4a13ead6,1662915600,35,494
3749,outfit.8f6c3fbd7db0400caaf95a95ab29a97d,1632330000,49,236
6535,outfit.9c60137e95ac47c4b54413f4226d4206,1633971600,549,635
3846,outfit.b6e876bed3cff76c,1622653200,118,804
2022,outfit.24d73455126347c3b71e4b1ebb1ed3fe,1670346000,149,1253
804,outfit.bc5aa99812bd420fae43972060ba092e,1638291600,383,920
6038,outfit.944185e8eec8066a,1668013200,465,805
6879,outfit.9d97d017a5c747ac89d59efab886369a,1618419600,188,466
6604,outfit.095de7562bbf447f8dc83ec1a0e8edb4,1598202000,463,1455
1505,outfit.9f58acfe6b554e4ca880e378aa7e8e56,1655053200,442,394
1032,outfit.8046647faecd43129ae560e955ebc8e5,1652202000,218,698
5100,outfit.f376dd31f0194adead88365684ce1e14,1636995600,261,1437
5224,outfit.fd299060de4749de80ac2d77720217df,1633021200,17,980
7026,outfit.3a5aeafe771d488f84bc18af5db17114,1623776400,308,255
3267,outfit.9aadfc9a1d195c33,1637514000,43,1013
215,outfit.7df2526a1c3c4b10b3017e7935c30629,1612112400,80,958
3017,outfit.7cc6bd8e645a41d2837976a0d09e3ca9,1633366800,65,0
1809,outfit.0e79f46fd9f344bdb7c714ffce9e98aa,1663606800,211,300
4981,outfit.9a5a00800acbac31,1631466000,155,1002
675,outfit.1e33dfb5c66847f29088ba6717b10f75,1682960400,45,1415
2217,outfit.34d7be74e161460bab8864520cacbfc6,1610038800,323,825
3312,outfit.05164954243a4c5cac4930572105ed27,1604595600,31,1341
4463,outfit.359ce2bd2e40491686ce3ebc4a13ead6,1684688400,36,494
5236,outfit.68d7e3b9e8be4f07b3b200682d7dc456,1680541200,310,751
384,outfit.ced7a70fdb8c4168ad6b7264244de2e0,1652115600,437,1270
4000,outfit.1d7da339dc6b48e68c801f5862573aad,1659546000,481,590
6879,outfit.767ecbf6b9bb4969ad78de1a78dbf039,1600102800,188,145
3094,outfit.a8083cd1fd8b4da982f6f8b6364d96a6,1638205200,11,1028
6284,outfit.e7180235b62040eb9afeab19f74c5a73,1609866000,97,748
5490,outfit.804540f3384690cf,1619629200,104,1793
2870,outfit.feaa16af0f6b4a96b65f8a29ace77979,1687712400,354,814
1382,outfit.d8f20c3b2cae42b29b56f2b61cb6e715,1632848400,20,611
6988,outfit.bcd7efc3918cf15b,1658163600,81,1097
3846,outfit.7ca0d67e06f7491f926b46e7fbdbd32c,1633021200,118,343
6907,outfit.8bbfae6c08924fb2aafcf709665906a9,1659718800,32,498
3267,outfit.aeab8a7eca6601f1,1621443600,43,1477
7101,outfit.88a780cac1d40972,1616346000,8,32
4656,outfit.b45f71cef3bf96b3,1709485200,130,233
4877,outfit.3f93a64eb5c5449096f841fe5fdc2b8a,1659546000,257,1642
6051,outfit.3619c49a78674b0bb3c2803ee199cd92,1677690000,168,2145
6284,outfit.72b64826af9f427e9b51b108ff3d5ba2,1605718800,97,1071
1922,outfit.63bcf26d934447e1aa4d53214cef7d4f,1637254800,458,875
6734,outfit.d8cabdaf5af9426dad953821aefb0ba8,1643907600,202,1646
356,outfit.359ce2bd2e40491686ce3ebc4a13ead6,1645376400,358,494
3669,outfit.4c4d89bf0fcb4b32a9015ce1a7bade19,1682269200,331,1083
1942,outfit.2392f0645935482bb171c7fd35384587,1597942800,13,815
7244,outfit.b0a5d80451942bf5,1615136400,22,1081
675,outfit.8f18f5ec1142ff1f,1598547600,45,1176
1386,outfit.3261b5e6c4574ee9aacde7740fde9f7c,1659632400,189,470
572,outfit.e17a0df1f70743e590827d7df93bb7f4,1652288400,35,119
6429,outfit.9e5db8a02f39402aaa9ee148d10ce073,1665853200,128,1825
1684,outfit.8ed02140f93ffa8c,1642611600,224,1444
86,outfit.03d688ca88f84e89aeb31592d6394247,1642438800,164,1307
1412,outfit.1b9ab78223b843e08e1daeb660783adf,1641488400,73,1538
1896,outfit.fbda7f830faf4caf9b0a085054f22e54,1613494800,90,35
6834,outfit.ccae6ec63d494a5eadd0d6b001597c42,1648400400,106,275
7409,outfit.a1bd30435ab14461af069cf262f1e1eb,1699030800,535,786
3094,outfit.8e970ddf2f28404c9bf2a08b022c576a,1603990800,11,1558
1589,outfit.4295344ef7464599b0e1698740582792,1668790800,244,1142
1684,outfit.925c69db26f6bbae,1626627600,224,367
1041,outfit.1c78096241a04da2bb89cb692f3953b0,1618246800,405,235
1625,outfit.97acaefe61dad4d4,1661878800,263,1953
4463,outfit.b5db150f4740b356,1651770000,36,345
6038,outfit.91d7bcbd88004c9e939fb7877dc4a1f7,1627837200,465,364
4409,outfit.60c345cbd0924fe7800ac38922a74cb1,1712250000,347,1634
3846,outfit.a6275beb200f40c7a6b422d5c8b3d4b7,1619974800,118,1225
490,outfit.cefb61de6cab4200a373a7ad313001f6,1605459600,227,2148
3896,outfit.0af9759a37b84904b1335e0847fcbb60,1677603600,192,287
4960,outfit.713570ccf2364240b906d668908737ff,1652029200,198,1501
3956,outfit.4e6dbf069e764052b71b95934301f615,1683219600,462,1024
6786,outfit.28b064407198448db7149be19f0161f4,1685898000,219,280
2815,outfit.8023680619aa366a,1660064400,384,1078
846,outfit.97ec221c84bcfbe3,1614531600,152,554
6585,outfit.9ec98510baa9411d905131e4377e154d,1608483600,529,830
6858,outfit.8831dbbc9ac4aecc,1665766800,367,1069
6907,outfit.f1ed4ff2e21a436997e35b1c918c304b,1654448400,32,1207
675,outfit.13e5c6482ae340a696f30c156512408b,1662051600,45,1555
1942,outfit.7a9ac6aae6de40d4b1a260d95de95988,1599670800,13,1138
215,outfit.0106cbd7e23f41da92e3081146b4ad03,1622480400,80,726
5208,outfit.71cb13dfda4d475b9fcb509ecd701ce1,1639069200,484,1932
6526,outfit.4b2a9c705f844b229cb293ba66c8ddf5,1699462800,62,1331
1706,outfit.6f809ac4449f4502a6eee8832eabcb60,1655485200,288,843
1412,outfit.992bf5adcd39d953,1615136400,73,954
2920,outfit.c5b61903ca9849fe830fd86f7cb4da50,1633280400,47,447
4218,outfit.ef37915fe2f546378750595366833b79,1620925200,170,455
3094,outfit.efbeb50344e54028b243698b3dd1b700,1603990800,11,256
2383,outfit.14727804dc6945f9baabcd76ad96a744,1685984400,297,423
2846,outfit.d3739869edc74a0a855e399f5b75a567,1655658000,248,1114
1605,outfit.03b18817e1894e588c3ae117a47d830c,1633539600,390,484
6380,outfit.63e5bdaff1b343328fbe6a01b518c546,1639328400,196,845
660,outfit.ffd83466cdb84a0dba02339aa0c72f73,1637859600,498,482
5531,outfit.d24b8b64d37f4ea29ccc8aeb0c1bbb2f,1609866000,105,216
5734,outfit.e98a6e485b1941d98e43c0e74cc6885b,1633626000,353,519
691,outfit.8ad1c89174094a26bd4cbcfdcad4aecc,1597597200,339,213
731,outfit.b5efe9b9e6104f0796fe1adc5650e75d,1652029200,39,1210
1248,outfit.03162ec177a444ba847e97fe64db5ff9,1657558800,221,2149
1735,outfit.b904e3fe74844f418cea3fce0928a5d4,1623258000,42,2150
550,outfit.df81c6ba86ef4c3c8fd2976934eb4078,1703005200,251,435
6402,outfit.7a9ac6aae6de40d4b1a260d95de95988,1671469200,335,1138
2168,outfit.a0d1107baf5919d5,1672160400,447,1240
293,outfit.981d672af067d1ed,1571072400,508,2151
2812,outfit.978b0bd3e4cb9afa,1700499600,51,201
5118,outfit.4c8d6c10b08440fcb06d8893d705124b,1603213200,158,396
5303,outfit.89bb81f29b0f44698d89fb39fd4402a5,1715878800,194,1963
5330,outfit.1b3e2ad0256b4c839afe49dcfcd50b40,1636909200,215,570
3094,outfit.549dd7bf94d4442abfd053dc32ee54cc,1619715600,11,1619
1589,outfit.ef37915fe2f546378750595366833b79,1684429200,244,455
5224,outfit.804540f3384690cf,1646154000,17,1793
3103,outfit.4b5c2be520b045e490ca17fcb9d87b90,1617296400,79,528
5430,outfit.32bbe20e948d4839b63aa0f4b540b466,1626195600,450,523
4409,outfit.b068cf45c37e4aeaa1cff939a86e759f,1709571600,347,669
1505,outfit.234ce093695f4773aba7287620cee9ca,1655053200,442,56
5736,outfit.c8855506fa9d47308b87aa0fe5efe3ca,1660669200,139,583
4409,outfit.a5bbbf5301db4e5b8b1e2532cfd23a24,1714842000,347,1196
3308,outfit.ada6bb8993e7a05e,1635440400,69,701
490,outfit.6a8a9e4b00374d0e953550820b496573,1670778000,227,5
3320,outfit.8023680619aa366a,1717866000,68,1078
67,outfit.bbd662557126462f84e4912812fc1be0,1661878800,413,794
6642,outfit.910cdf81826055f7,1623344400,312,2152
3267,outfit.5bb0f49f3f5b4c37af8c4f0269dec907,1591894800,43,2153
5344,outfit.3261057a0eba46f687d41af05ddee170,1651338000,397,212
4452,outfit.fa20f4d239044e7a922e27c5b5fd9f4f,1600189200,306,797
568,outfit.9a32f8a3fb1d4a8b8089a102068ef9bc,1626109200,253,1532
7411,outfit.29c4a457231a489cbffecc33717d3c5b,1600189200,5,1799
2217,outfit.0c3cac26eb674e35a4602a369b146592,1614790800,323,813
3291,outfit.36462b7293ae423fb6b7180022cfcb58,1627232400,279,243
2714,outfit.93d7a4479c7f446b80995278ada5874b,1649005200,275,1047
1987,outfit.4e1793f5fd25419aa50f8373c40e5a0a,1636563600,420,1952
3192,outfit.9373e29ec69b488d9cbb22abfaed3b0d,1608051600,52,1961
6706,outfit.0533ed8c59ce4cf29172f502a3a93a91,1602435600,424,1280
1517,outfit.208d6c0a12484beaa7d86abbf736d390,1632416400,122,1194
4209,outfit.fd709e5fcf3c44569fcc59edf75d4193,1637082000,317,1620
5778,outfit.36462b7293ae423fb6b7180022cfcb58,1658077200,169,243
6402,outfit.c663f1c85a344f039eacb889398b6b91,1671469200,335,628
4020,outfit.0533ed8c59ce4cf29172f502a3a93a91,1627837200,479,1280
910,outfit.5a0e04a9018a4904990fc85f1c8cd1ce,1595264400,109,1298
293,outfit.a1793a4ba1dcb559,1571072400,508,2154
3510,outfit.bd2ab280ed364f26,1666890000,239,1518
3192,outfit.44c8e590e1df4f6ab23cf81b9ed39374,1661360400,52,196
3320,outfit.f28182fcffa64738813bde8ce70db7cb,1683565200,68,430
4608,outfit.17d46595c516434486f3d219a909a855,1593536400,48,2155
3749,outfit.99cc91aeda7eb778,1682701200,49,735
313,outfit.338c7b24bb1140d7aa47279c9490cfe7,1688662800,391,530
6601,outfit.b0677486667c446c9f61ae24522c6b26,1696438800,78,1686
2833,outfit.522c1f5a3380421e9539663185f60fbc,1656349200,54,537
5661,outfit.a1e7bca1ce3791d6,1704646800,386,1211
6781,outfit.353d5f65327e4dc7a10203844a59c560,1655571600,146,314
3624,outfit.ecd27d5311ba4d3d95b9b5c3071ed764,1653670800,151,653
1382,outfit.0aab21277b674f7fbb146ca7e853eef6,1603645200,20,584
55,outfit.e64440c76c164f76b87f4719745f3b68,1633021200,117,921
7371,outfit.b9478c83693b11a4,1651165200,18,2042
1232,outfit.1dc2bd9dc2ae421883e8845f3e335449,1703869200,166,1597
6081,outfit.af4c1536e8d62d77,1604595600,92,1483
606,outfit.4f88de908942498980138fc606c745fb,1658768400,178,302
1412,outfit.82ec1db640c48b3f,1607274000,73,984
3432,outfit.944ba4bd2e6441f39a9e45ef42121224,1672246800,153,527
5891,outfit.e5fd898057d54a5f8373fd8381b33a1b,1636995600,326,451
2170,outfit.ede0d0fd9315467c868825bcb20d2fe6,1640019600,19,330
5914,outfit.326753f766be46ea82c771b041c4dd32,1685206800,74,174
2681,outfit.a1c7ea9aa83e32c8,1629392400,512,357
5694,outfit.b28a4882faf73d65,1634144400,216,2156
107,outfit.b3c16d971ae140519a806d5e2d47354b,1632675600,503,2131
3147,outfit.6f809ac4449f4502a6eee8832eabcb60,1627837200,161,843
4884,outfit.457190ce39254dbe8508daf06eca2570,1702227600,443,2157
2687,outfit.8e330b28328c4558a9523168b34d4d86,1664643600,147,192
446,outfit.16d009b7c441450183dbace1c9e64dce,1610902800,0,333
4564,outfit.2ead65a1ecf54c38a27bebc2bf47b9b1,1632416400,167,246
3749,outfit.fabccb7729514b23b386e2f93064548c,1637773200,49,901
5843,outfit.31661e90877148d9bbe3846f087063f7,1639069200,285,209
3116,outfit.69000b1e14de4f0fa3ab832be40c6f04,1662742800,270,1269
3624,outfit.3c0da42b00f94123aad9c641ff5073ad,1664298000,151,1218
5887,outfit.8ad0bb9029424a069f82d58c44b0d7fa,1648314000,489,450
6858,outfit.1e33dfb5c66847f29088ba6717b10f75,1657818000,367,1415
6310,outfit.abf8682bf7784e73af89ebfd6d542df0,1654534800,16,872
6212,outfit.453a4c074a164ad0bbef87ee09a09616,1652806800,434,993
3727,outfit.3339007e20b94181807f9570766cde62,1660410000,187,337
3267,outfit.a7e848f47d2643d988bbaf47dae4a136,1634662800,43,456
2762,outfit.b133d563a5d54747ac3e2255486154f5,1610298000,252,1131
5222,outfit.97071c364d1944db8c7ae6a9d768a51a,1690131600,541,458
490,outfit.d70247c33e4b42569675e32cc3727701,1652288400,227,1373
1374,outfit.1185a02614b947abbd217a5ba0b05a67,1607274000,6,766
846,outfit.1cac5f6638f140a3bcd41d5c1cf4bdc5,1606669200,152,790
2273,outfit.690dcda28d044c5f8f134ffcb66cc02b,1658077200,148,1710
6513,outfit.83f21a4b1d7c7acb,1627318800,107,1229
5160,outfit.edf01c8ca8f64059a8afaf72b4ba5eb3,1658682000,441,927
1354,outfit.df13ea56a17d4fad9fca92caa307b02c,1688576400,301,807
6696,outfit.b8b6253b118140448c36fb7b55fdce90,1621270800,2,981
6284,outfit.ed1c7d5f505b4c17984be48f40177beb,1594746000,97,2158
675,outfit.48f1cbb3e03247b7bd894690722f655c,1614531600,45,855
7233,outfit.9ff74f4f2a2f4454a7a629777cff27a6,1699549200,497,1504
675,outfit.02cbb0ff0c1348ce9fb9906805fb9049,1685638800,45,1698
416,outfit.c1647a6e778d4245931b540ef1505b1f,1607014800,33,1728
7244,outfit.ccae6ec63d494a5eadd0d6b001597c42,1624554000,22,275
2815,outfit.ae451567693540fbb1bb66c05d3f8951,1654794000,384,2159
6907,outfit.a8c3007784dfc486,1614531600,32,1442
6879,outfit.e17a0df1f70743e590827d7df93bb7f4,1618419600,188,119
3041,outfit.e0f170b8b51f4ae4a7e00047b9ea8d79,1693933200,76,831
1382,outfit.af3a5e4cc2959d66,1643130000,20,605
1626,outfit.e9e6ef522291496dacaad16160c8a8f2,1647277200,28,1153
4067,outfit.ac9a4562c5a44ce5bf274dc919de5051,1706288400,523,2160
454,outfit.4b20b3ccd3cd41fe98d0225f47276e2c,1651510800,96,22
3192,outfit.b9bbc6e2b165450c9d23bd2236684cd3,1608051600,52,2161
150,outfit.a5d5bfee852848c18596d844a3a9025e,1651165200,538,374
416,outfit.1c434db5b4cc42b8a656625c4d93fba4,1654534800,33,1742
1248,outfit.c5fa2da94b8a48ce893b4a3722f02cba,1676134800,221,1858
2799,outfit.298b9f94af66454b9f07ebed997e9f9a,1690390800,183,565
1386,outfit.935ea85c252f9586,1659632400,189,1228
1896,outfit.f82bfbc5af1c4997956e63f92ea51907,1610902800,90,702
7244,outfit.d4d71ae7c0194db7b38fa774db0981f4,1596992400,22,304
2089,outfit.061edd6d908049c5856935a0372ddc64,1615914000,455,896
2087,outfit.d02e6beb11844c5e91c34467b3da998e,1633539600,456,2162
4218,outfit.3fb6cd2d1f454b85937d1540dcf212f0,1639501200,170,31
6447,outfit.e17a0df1f70743e590827d7df93bb7f4,1675011600,243,119
2675,outfit.13341577ef954838a87bf016b1501ebb,1668099600,319,1334
1716,outfit.5e119d066b62498491b2919f0453d803,1628182800,298,1697
1348,outfit.d1d9c6d189744cd29dbf2a778da4c399,1656090000,324,887
446,outfit.6f809ac4449f4502a6eee8832eabcb60,1594832400,0,843
4853,outfit.9178d6f714280d40,1627578000,175,1640
130,outfit.b904e3fe74844f418cea3fce0928a5d4,1659632400,374,2150
4193,outfit.2ea096cf542544bcb75743104ad4e9b0,1636909200,278,2053
4696,outfit.05ee1828c13a47c29f06de6d993fbafe,1667754000,205,1798
6380,outfit.1b3e2ad0256b4c839afe49dcfcd50b40,1708016400,196,570
4218,outfit.5a7e3301a60341d0957331a181335cff,1666717200,170,48
7089,outfit.03162ec177a444ba847e97fe64db5ff9,1682874000,182,2149
3189,outfit.012a4c0079984d719f3f2626bb60b374,1641142800,29,1050
3510,outfit.14727804dc6945f9baabcd76ad96a744,1674838800,239,423
4175,outfit.d59aa8f0d8c048c68be664df7ce72bb1,1670950800,292,1208
3267,outfit.124195196333488e8ba4d195b96ecbdf,1621443600,43,407
262,outfit.37886c165da3410ca29761ac81f95bf9,1631811600,382,1140
4558,outfit.5a7e4814596a482f8350a95702a5b83f,1597338000,300,2113
3608,outfit.79d8ad807b5a4fbc86d21e759e3c7342,1604250000,247,369
1591,outfit.1cda37cc756345aeb22ccfc54fef10a4,1656867600,364,452
6885,outfit.c8c5d18e8365419eba926afed7344dd7,1597165200,88,1035
1083,outfit.0e79f46fd9f344bdb7c714ffce9e98aa,1570986000,233,300
5778,outfit.d3ca7df0bdfc41fa91877417e2eb8315,1647536400,169,1499
2148,outfit.bb925d82b43cfc38,1668963600,311,1636
6965,outfit.deb2675432704b1e8048f6f90c102a00,1631725200,125,806
416,outfit.9d3b8dd5711d3657,1612458000,33,917
851,outfit.827b99b7b40a655e,1622998800,254,1347
3924,outfit.d3739869edc74a0a855e399f5b75a567,1627491600,204,1114
892,outfit.93d11b40e1db46198d34109e7d0ebfe9,1639674000,471,533
5285,outfit.030be8f1ab0549db86e542e2ad08a5b2,1691254800,277,955
2273,outfit.fbb003446d3c40a3879b475502a7e104,1671296400,148,177
4471,outfit.81e2654ac69b478bbeecd08e8348c6da,1703610000,515,2029
5844,outfit.bff2665548ebf13f,1572541200,40,2163
5224,outfit.4be27307ae1c4611ad56aca101c8a6b4,1627837200,17,1009
414,outfit.d3f2083ec04f4429bae5660f2a3db238,1695402000,373,1859
1019,outfit.e2b66b5d631840f2902ce6125a60b9fe,1688230800,491,629
4774,outfit.7d273c5424a34a9cb3217beeed7070d4,1662224400,334,426
675,outfit.2a1a34d38ac64414b5d7878a719984e9,1627405200,45,863
3192,outfit.ee35f79e0dc64dc6b321dcccc476d68e,1639587600,52,1500
5760,outfit.57e0110f769d47ea863ebea78235fd23,1659632400,59,156
454,outfit.a94fbc2c00c0d099,1701536400,96,1778
5531,outfit.15f39d4408a449febc2bd0d1afbb0f1f,1614618000,105,540
757,outfit.b671b224915f0b73,1657213200,295,1900
7411,outfit.9373e29ec69b488d9cbb22abfaed3b0d,1596387600,5,1961
5879,outfit.924f4c42857340e68e7e874fcd5c6775,1632157200,506,306
3956,outfit.e837786453834dce89358fa547d891c2,1677949200,462,1423
6,outfit.0e79f46fd9f344bdb7c714ffce9e98aa,1635181200,325,300
7150,outfit.a273058ddb56de19,1623603600,284,571
4209,outfit.8f892d2a86a7024f,1642093200,317,659
6212,outfit.b21aec5d36074eb790d69c5c40b7d77c,1700240400,434,180
2056,outfit.80333429732852d4,1644080400,320,890
1138,outfit.6a8a9e4b00374d0e953550820b496573,1678986000,368,5
1706,outfit.2901f306ff3a4e7e8288cc48ec400f5f,1638291600,288,950
416,outfit.0af9759a37b84904b1335e0847fcbb60,1630861200,33,287
3624,outfit.dd04098010f74a67ac9bf82eeb4b976c,1693155600,151,237
1706,outfit.b619ba973b4b49d79c89863737097ab3,1681750800,288,839
3988,outfit.b0a5d80451942bf5,1602435600,274,1081
6298,outfit.81b7059db24a1c94,1619456400,404,1305
4464,outfit.4a42bebcc6534e8697fd6f7656839c29,1652893200,55,615
5490,outfit.8594e5715536955a,1645981200,104,1036
1735,outfit.ef9f4ad754194793ab95e6c30f5606ae,1663347600,42,375
1922,outfit.14727804dc6945f9baabcd76ad96a744,1631725200,458,423
6907,outfit.9e20be28268142a1a6a917fe7ae1b237,1616605200,32,1706
69,outfit.d3970e5f36ce440fb7ad9d7b74cc7f48,1635699600,315,193
5342,outfit.4222d99ee6974151a01942b79f1054f7,1654016400,71,975
5778,outfit.688665113d8c4d13bae1db16e822454c,1647536400,169,782
6011,outfit.a022100a2a964f4d9b262749de0b15d4,1648746000,114,1592
446,outfit.dfcd2c8c388a4466bb0d687b08a74d6e,1592326800,0,2164
3040,outfit.67c7e051a163432eadc34be683ea3d44,1681232400,375,562
4463,outfit.d89c1051a315434d90b87a3ea5aa1ea3,1687366800,36,1239
3669,outfit.a5650c1bada909fd,1679590800,331,1781
7152,outfit.9df5c2cae194400e88fa8072fe524e08,1610902800,15,2165
6858,outfit.f4608a1f01534d818dd6424ed99428cd,1689354000,367,308
2340,outfit.085fb811e8144319a18fe29c43325329,1616346000,269,922
2040,outfit.9685cc11be684ed39ab8edac1e9a822b,1620752400,24,1503
5805,outfit.72b64826af9f427e9b51b108ff3d5ba2,1632762000,486,1071
6786,outfit.1b0e05e23cc047439c31fc35d0c34b55,1670173200,219,961
3432,outfit.d40f6349368b4e47b521138ba35d8ebc,1640710800,153,190
5490,outfit.b49e6f1cc73f48f9a6329311214ee57f,1647882000,104,457
825,outfit.bbd662557126462f84e4912812fc1be0,1627318800,113,794
1382,outfit.2d4ed8658aa045b29663902f1e0ce84a,1619370000,20,84
1277,outfit.7f13839eeae444e79acb75451f623074,1648746000,423,1342
731,outfit.070bc7bd72154b5a805f52f086fb72ed,1628442000,39,2166
3956,outfit.0fdacd78ea72476d9688afaa61fc5c42,1683219600,462,812
785,outfit.127cbdac62d948a1827499f13034becf,1646586000,351,774
1749,outfit.2ff0f8356ee34f6fb2ebe48716840e5c,1704819600,207,2167
3227,outfit.1eb6accbfe2d4edd8358e67200384784,1629651600,223,1663
99,outfit.e18310c477cb4fa38cd9ba31e9997c4f,1635181200,550,517
4834,outfit.40f5c15e6ca0486293b24bdf66d40393,1650819600,131,1125
5201,outfit.427ef0e6b9c847fba4200cfcfe1abce9,1625418000,493,1908
4149,outfit.40d4710206044ca5924846d3ebd83d04,1618160400,376,534
1591,outfit.ae77f7b917ff4730a2300bf43f24735e,1654275600,364,775
6319,outfit.d7f1bc7197b6469db1b9c4faf4071cb7,1691168400,34,1361
6907,outfit.542f3e3ae20d42bea4c81a418f7adb7b,1643648400,32,1552
4674,outfit.d24b8b64d37f4ea29ccc8aeb0c1bbb2f,1641920400,12,216
4906,outfit.9d470d5e4955bb54,1592931600,4,1355
5398,outfit.bb1024860d8f559e,1615482000,299,1085
6696,outfit.514093f168604338b66059bf9e4e900c,1618765200,2,1777
6955,outfit.f82bfbc5af1c4997956e63f92ea51907,1621443600,30,702
2573,outfit.29a0d66e916c4bc690cf393bcea980e4,1646240400,201,741
5694,outfit.a83b27ea0df44e4d9773f8e7b5096ab9,1585846800,216,189
446,outfit.7cc6bd8e645a41d2837976a0d09e3ca9,1624294800,0,0
1386,outfit.f14e9c44441c4a5ca2e109af309be3ce,1680627600,189,1146
490,outfit.aec654b43e55ed6d,1600016400,227,2168
3713,outfit.b7cc6c38b121a845,1601485200,466,1162
6965,outfit.b4e582b38a10f6bf,1642093200,125,772
568,outfit.abf8682bf7784e73af89ebfd6d542df0,1620925200,253,872
6650,outfit.a1bd30435ab14461af069cf262f1e1eb,1704042000,417,786
5464,outfit.d601b0879a3a43b2ae6ff76706b2510d,1626627600,540,1230
1248,outfit.ee40e812ed554b87a45637339c72cbd6,1668186000,221,511
6817,outfit.b9478c83693b11a4,1700672400,514,2042
675,outfit.7f256b54c8ab4dbda7cb6cbc915c4ed7,1632762000,45,118
6955,outfit.ddb15f8dac0c4e03a7c88805a98cfcc8,1675011600,30,612
2492,outfit.1eb6accbfe2d4edd8358e67200384784,1663866000,138,1663
2716,outfit.b04f116bc3224f22a8f17d62934fe2cd,1606842000,242,331
5852,outfit.d14ca830a51d455ca672e1f11d4554d4,1632762000,134,1354
4731,outfit.e2811dee68144484a423a3ef017258d3,1657386000,53,987
5130,outfit.1e4e6b9f7f984a5f81d68773e0165c44,1654707600,268,979
3103,outfit.155567585a3c417fa6043924c2867d0e,1604250000,79,866
3267,outfit.f311d710c5e84c58ba695897a2d8afa0,1658854800,43,824
675,outfit.3e47b084ad704fb5b25b38809fae38a7,1667322000,45,148
3147,outfit.b49e6f1cc73f48f9a6329311214ee57f,1625072400,161,457
660,outfit.56663aaf60aa4b5c8267bed372c72677,1639674000,498,68
7114,outfit.f1a25e8f1def4f2fa805aefcbb91bb62,1678813200,41,823
1248,outfit.9e90f563acb38233,1641488400,221,660
6706,outfit.7d69ae2f5dc641bca0eed4b1dfc17ac8,1596387600,424,39
2040,outfit.f1a25e8f1def4f2fa805aefcbb91bb62,1612976400,24,823
5201,outfit.936f3862e0395377,1620666000,493,2103
1840,outfit.2c789fb5fc554dbd8dd86e423e809ff4,1628096400,141,915
2869,outfit.9d97d017a5c747ac89d59efab886369a,1680714000,256,466
6,outfit.801f1b35886e42f6907ec4709420c7e3,1637686800,325,253
4017,outfit.b2cb4b87e0f8fce5,1680973200,296,1694
5680,outfit.ae922e922588454591edca7cabf0db48,1635094800,21,261
6591,outfit.b09e135ba34c46daaf3a5495dcec6e83,1665248400,120,78
746,outfit.18463cd95aa04dbba9610a91b4f71be4,1574614800,209,1360
5100,outfit.03b18817e1894e588c3ae117a47d830c,1684256400,261,484
6526,outfit.99d3c1ea30367e62,1704733200,62,347
4558,outfit.33deb9ecdab843c59db67aeb7a8e3d35,1597770000,300,2075
2617,outfit.9739950a93f6aa90,1637514000,50,510
2364,outfit.048fe7f87ee34a4095f2141bd51e3b80,1643216400,93,268
6310,outfit.2ea36f84cb12427686eed685f97f2a8f,1644166800,16,749
2148,outfit.9e90f563acb38233,1700499600,311,660
4558,outfit.35331fbfbbe04b9ca3dfc1535cf148fc,1597338000,300,1136
1784,outfit.a6b9c3792d6a4ad4,1676653200,427,93
2918,outfit.13341577ef954838a87bf016b1501ebb,1654707600,371,1334
4258,outfit.c7be4c2774424a498f63ebe6ea4b5933,1649782800,165,485
3846,outfit.1be9b916bb1f44f7a9d120b4ef62c871,1633021200,118,1172
568,outfit.9d3b8dd5711d3657,1618246800,253,917
3577,outfit.67309f8f5e3b4376a7007b9046c6117d,1629046800,136,1890
2170,outfit.394d965b33b8430692c31984bf51e554,1613926800,19,1390
7247,outfit.e8f877d97bec44b49a40abd355d69d51,1673197200,460,638
605,outfit.1b0e05e23cc047439c31fc35d0c34b55,1619542800,379,961
5778,outfit.bb8aa151e5f63d31,1673974800,169,344
3721,outfit.8b5a2517b2af41318c55379528814fee,1589475600,112,1817
3649,outfit.e172da755f4248f4af3241dd47efae12,1605546000,66,1426
680,outfit.d4a659e844e64b399669fe54284c3595,1636563600,510,328
5531,outfit.359ce2bd2e40491686ce3ebc4a13ead6,1607014800,105,494
1219,outfit.1260ac1718974152b1294c75e13aae88,1655744400,430,2169
7411,outfit.8fbf386b8fef8664,1625763600,5,1286
1516,outfit.b9e21535cf624b6eac04d3a9708f213b,1626282000,238,827
4175,outfit.e11253de97ba42eb819cf53373fcbe8d,1707843600,292,465
658,outfit.d5818e8c52bd4bb7ba4f58a76c026939,1668704400,82,2106
5695,outfit.6e67b1da956c4635b7d67622604d2bbb,1609866000,44,1072
2649,outfit.ef5fdc0209e74d39a8a24fcd05cbdce6,1696179600,14,956
6304,outfit.3e2f71bc50a94158b8a7280408951627,1703437200,537,150
5379,outfit.11c8bc7fcf3145f29a1b9be52483b41a,1595782800,102,1396
1735,outfit.91d906d5cfcadc9b,1633971600,42,1308
785,outfit.44264bb27f644691a9e3b5d774881800,1667754000,351,2020
1716,outfit.a0a46d933783476c9109aafdeeeb550e,1620579600,298,1720
785,outfit.648db79508724c99ab948e953e4813a7,1662483600,351,522
887,outfit.32684b5443394c4a91606c9aab8d3cdb,1635181200,513,1147
2492,outfit.95a9732c69cb1e4c,1687453200,138,277
6907,outfit.de9c4f2245104d7b807e819b9ea7a4e8,1638291600,32,1951
4981,outfit.9df47f2be7324ffa9fe6cd184656a7ed,1628787600,155,1586
1881,outfit.2ea36f84cb12427686eed685f97f2a8f,1703523600,316,749
7181,outfit.4c41406859e04bc7b29036c62ea1b7df,1690390800,488,453
6051,outfit.82303d2b1b524d6795661a1f5426a134,1709312400,168,355
2812,outfit.91d7bcbd88004c9e939fb7877dc4a1f7,1638291600,51,364
5736,outfit.a3d25f31c9758d32,1684256400,139,401
3094,outfit.a3b797e5d17543b8a0a1f6d2b5112ce6,1614531600,11,2121
6380,outfit.05a3c99a55404dc8984fde902ccaad18,1639328400,196,115
6650,outfit.427ef0e6b9c847fba4200cfcfe1abce9,1688144400,417,1908
4020,outfit.bb0b2a2f58aa9f0b,1627837200,479,1152
6981,outfit.25ff5e5ef4b541d79324a66515f1d89a,1604250000,532,298
6706,outfit.29d4c138b56e4579898dbb7f47f6cafc,1596387600,424,352
7041,outfit.48dec5565f454acf903fe1ce1f41a39e,1644166800,116,1202
2681,outfit.8cbb77c85f07443e9c2e6687e4131a45,1632070800,512,250
4522,outfit.80333429732852d4,1691686800,461,890
4404,outfit.c5f49a672e194b7baa081a2776a0d374,1678726800,91,2170
1374,outfit.b3d31d76ede3d815,1631120400,6,310
3459,outfit.96cb494dcb47696b,1606755600,289,477
454,outfit.86b2fd508097409d,1645635600,96,1413
3749,outfit.bdf0b714576b2118,1619110800,49,123
1784,outfit.4d83cce65b46430485a24d8efc684a37,1638464400,427,2171
3956,outfit.f687126a10584fb5bb3ddcb1fc9ffae9,1659632400,462,1658
1248,outfit.75137cff95cb468ebf7d91f0b8815a50,1599066000,221,2172
1248,outfit.13830724df15455ebac964c87af6997e,1607014800,221,2065
4193,outfit.4be27307ae1c4611ad56aca101c8a6b4,1659978000,278,1009
7342,outfit.1ef0bbcac4054678bea5622eec91880a,1700586000,410,642
2040,outfit.df79806b22844eae8e38a61b63ffeee3,1626195600,24,270
1219,outfit.74034e464b524fad81e47ac5df3f4aad,1663693200,430,1112
2448,outfit.64096b7f0ef1430d9871e92fc198f693,1653066000,258,1093
6129,outfit.b37b7ee0ee994bdaa199cba1c831b31d,1625763600,428,689
6706,outfit.fcd37df89e7341dfb75d074f0d092396,1599584400,424,1516
2250,outfit.e98a6e485b1941d98e43c0e74cc6885b,1663779600,265,519
3127,outfit.d5818e8c52bd4bb7ba4f58a76c026939,1638464400,521,2106
2812,outfit.4cbda361e12e4d65a5fb502dfd38076a,1617901200,51,1828
3192,outfit.234ce093695f4773aba7287620cee9ca,1642352400,52,56
6781,outfit.a1bd30435ab14461af069cf262f1e1eb,1613062800,146,786
2364,outfit.deb2675432704b1e8048f6f90c102a00,1675702800,93,806
5645,outfit.34afd8b7f33d434c8e0ac2849eab231d,1664298000,237,651
1840,outfit.b7cc6c38b121a845,1638723600,141,1162
2250,outfit.91d906d5cfcadc9b,1695315600,265,1308
414,outfit.c05f7a4778004af4b50ca321d248f1e9,1700672400,373,779
1481,outfit.c09187a8a8334f118324a6c4de5f7a91,1634576400,115,724
4452,outfit.35331fbfbbe04b9ca3dfc1535cf148fc,1592758800,306,1136
1922,outfit.260d02e82bbd415bbe1e18918e98e0b6,1626282000,458,1030
5760,outfit.16c67c6789f94fb8a10de95277e1a321,1685898000,59,1717
1706,outfit.89954cb83fe420c2,1660755600,288,329
454,outfit.84cfd784c9dd4ad6,1662138000,96,191
1784,outfit.5f5573ff732d4b67824d71ebb7329db8,1673974800,427,2109
414,outfit.a452d1cacc3645b79755282595a5887d,1708621200,373,2173
1327,outfit.4ee818d5bdbb409397fa9157da2e96b1,1624899600,425,731
86,outfit.2901f306ff3a4e7e8288cc48ec400f5f,1642611600,164,950
757,outfit.33775c3acbcf408aadc5a2436d0750ec,1665162000,295,909
4774,outfit.b4e897cae6915720,1639587600,334,1409
6051,outfit.cd218662a26c4c29b372ed1563cf0ced,1690909200,168,251
3441,outfit.0ff0d877678e4755b088d1c5d09bee11,1677517200,436,1022
3510,outfit.5d300bde08e848898bfb5e15c1269b43,1685206800,239,1625
2703,outfit.8ce5277fd36a4926b5203cfcdb72fd72,1665853200,236,1297
5695,outfit.b8cb9d24af1f4c8f8845df6be4020db8,1604250000,44,2174
5778,outfit.8273c17c394043b8affdf5c04ee019ed,1681750800,169,983
948,outfit.8de70e2a9b7f463eb44f6a072e14d1a2,1670000400,249,1901
1626,outfit.6705bc03d5e649f4bec363e6367cd89a,1676480400,28,417
3103,outfit.83f7ed2dfaa11b7f,1606842000,79,1644
4175,outfit.cb29aca3f7be4551b07a9d1b02957e02,1636650000,292,95
2364,outfit.9373e29ec69b488d9cbb22abfaed3b0d,1617814800,93,1961
2920,outfit.3ae8377476ab4594b00bd3a7790e9549,1628182800,47,438
414,outfit.0ea2ed06e62c495195f67005f3057721,1682182800,373,929
496,outfit.9e20be28268142a1a6a917fe7ae1b237,1670605200,294,1706
7411,outfit.3b8b5f19d5fc4d66ab636569a6c9d030,1597597200,5,1761
6858,outfit.abd2e79be5f941a5aa407cc34ff63105,1684083600,367,672
675,outfit.a2883b9efb1b4eb889e269c98e09f661,1627405200,45,704
2040,outfit.6fb87aa78e6343ba811fe22dc8fe0217,1594573200,24,1683
3267,outfit.0f545b5ba1274c66b2896afdcc48c5d9,1605805200,43,1425
5459,outfit.b2dc9f23d8d34e6fa62981cf887be220,1700845200,10,1999
5059,outfit.7eb16fe1e199414bbb7f88d71fe7cb56,1636563600,485,1094
4501,outfit.14b7969c5bef4051848ecc977eef38a2,1707152400,381,289
996,outfit.031a15e68a354f8cbe8f65c45da3f231,1657818000,309,1623
2052,outfit.a0594bcbfc4f4fe2996f6a4f899d99bd,1705683600,177,2175
6965,outfit.293b6f34465a4a28abffbfc87ad78849,1604854800,125,877
3533,outfit.e2c4d90753314eddbdf3a836e28a0209,1614704400,108,363
6903,outfit.a3b4b48a9ca2414cadf862281cc384d8,1600621200,350,2176
5914,outfit.50c5d21a8bb0414b9b8d7ae5d0f9754f,1596214800,74,1758
6585,outfit.0dcd9f8fa95a4d81a7bb43df05668e4d,1608483600,529,1785
1605,outfit.2cc1bf3b23ce4811b7cc78ec9e50c379,1636304400,390,1272
1354,outfit.11395b1173644fedbcfc219469f27b84,1691254800,301,619
1336,outfit.c8899e358d4846b5b5973cc0f9342aed,1682096400,210,1124
3846,outfit.4cd9a6b549d04973a044716c3448b739,1635699600,118,1716
5490,outfit.4688b412bce3457a9c1727fd38ab4a06,1682614800,104,220
1773,outfit.bc2d17659e8b4d6b8bae2675b1c9dcd9,1704474000,365,1643
1881,outfit.648db79508724c99ab948e953e4813a7,1690304400,316,522
3127,outfit.ad062450831242c091c3cfc78407df6d,1651597200,521,464
4899,outfit.b2e035a8cce61dcb,1605459600,302,362
4769,outfit.5060efd6a52d4f1bb2bf676285260b1a,1597856400,85,2177
4725,outfit.74d1bc8ef8b3401a98e92e3f1826c0e3,1659027600,83,1843
7244,outfit.b28818ece07e4d079ab89fa18b117415,1628442000,22,1108
1219,outfit.a022100a2a964f4d9b262749de0b15d4,1661014800,430,1592
6013,outfit.3ccefaac1825408c82d9980a3ea5964a,1636909200,551,1630
3192,outfit.bc490bc7db204af498825badd2d59285,1618506000,52,252
6526,outfit.1642071c303e44a19ce63dfbbf8384bd,1696784400,62,1610
3769,outfit.d89c1051a315434d90b87a3ea5aa1ea3,1655312400,366,1239
1987,outfit.ad0e0bb9c3ab3cb3,1633885200,420,309
4608,outfit.cf2fa10de8ea412186fd6dd1f658e3ff,1596733200,48,135
1894,outfit.c26dfa3343fe4ba3823eff356e24750f,1600966800,181,2054
6907,outfit.a9d10e9af13c4e6d84c8b49d1dbd872b,1685984400,32,2126
2687,outfit.8c4d4f54e42a4ca391913811b6d17ab0,1656694800,147,262
1840,outfit.021142f5924f4280bd3948268d35db64,1717866000,141,930
6013,outfit.880e71e3568b6812,1649264400,551,1671
4638,outfit.da5b8bb1d00b437caa0034e44353001c,1598893200,46,2178
2799,outfit.13e5c6482ae340a696f30c156512408b,1687798800,183,1555
7411,outfit.549dd7bf94d4442abfd053dc32ee54cc,1596387600,5,1619
2576,outfit.a84d98da9b0b4c8d95457d446a4df5fd,1658509200,477,1675
2619,outfit.767c953e45b8447eb7ff8d44dd5b65e1,1666890000,290,602
4858,outfit.a8cbaf4636a74bf7ab5f86d15121ea2b,1574010000,394,2179
5430,outfit.a6b9c3792d6a4ad4,1693674000,450,93
1706,outfit.a95a05ea858446c38ffd5535ab65a392,1713373200,288,753
2273,outfit.1d0adb4c93e04425ae2f85e9efc54905,1631811600,148,113
6988,outfit.1c434db5b4cc42b8a656625c4d93fba4,1679158800,81,1742
3312,outfit.bbdd99b53f925ae3,1599411600,31,281
3267,outfit.3bc2c4bc9f78482ca5451922ffd57bdb,1645376400,43,2047
6733,outfit.841fdd28d3f644c0bb8efd874e818027,1662397200,435,656
3267,outfit.5c6bcfee583b4d7aa6fa807279637d59,1685120400,43,179
3267,outfit.9b0a47dc97c7ecc8,1632070800,43,376
1586,outfit.a0358734a2b24bf6b531d86101378b7d,1660582800,23,1792
4017,outfit.b1a8ed1f5b6d4a2f86fb528cc029006e,1686243600,296,1712
4149,outfit.8ed6e4fedeb67e87,1638464400,376,945
1237,outfit.359ce2bd2e40491686ce3ebc4a13ead6,1636304400,25,494
2040,outfit.9c0b47f4d629c3f3,1612976400,24,603
1626,outfit.0533ed8c59ce4cf29172f502a3a93a91,1678899600,28,1280
6907,outfit.ed0bda9223004815822e8eaff7b7688f,1609866000,32,34
2089,outfit.70b441e6ee444f86a12921f85e5c2002,1621270800,455,297
490,outfit.7c8c2504d76d42f4a96766337d3dac03,1654966800,227,1366
5059,outfit.2cc1bf3b23ce4811b7cc78ec9e50c379,1631206800,485,1272
2402,outfit.549dd7bf94d4442abfd053dc32ee54cc,1590080400,163,1619
824,outfit.9acd6a788f014e9b81fb32f2c97f53d8,1650733200,246,1685
1382,outfit.acefb4576277494ebf8a334cf8e4c43c,1627232400,20,2180
2040,outfit.6dea8453a7dd4701830624eeea14bf9b,1626195600,24,30
731,outfit.b6dfe60b7a8c421f9de22342860f17bc,1630515600,39,224
4193,outfit.7ae84d76f8634068b358e5f723942fa0,1665248400,278,1357
5760,outfit.afed6567427c2287,1720112400,59,1014
1840,outfit.9d2178974e7f4cd6a556586ebb767049,1696784400,141,1184
2833,outfit.4158a6fc47074d23b6591ae8583673a8,1664902800,54,382
3572,outfit.106726e45449496989051f9f0ff73af0,1607274000,340,1621
572,outfit.769849cd28044a7188d9fce349c06156,1636045200,35,764
4877,outfit.ad515b47cf3fb1a2,1597597200,257,2181
6955,outfit.b8ee247b1864a7c2,1621443600,30,2050
7244,outfit.33775c3acbcf408aadc5a2436d0750ec,1682442000,22,909
4218,outfit.37391d71588c40bd82003f14276d6f92,1628787600,170,1257
3991,outfit.ad50bddf369641b0827aad7ce9f36022,1603213200,321,607
2762,outfit.83f21a4b1d7c7acb,1618765200,252,1229
4336,outfit.1be9b916bb1f44f7a9d120b4ef62c871,1645981200,119,1172
4725,outfit.955f2239f0b38561,1669654800,83,1293
2812,outfit.47ffcece5f244f9a9cf888f7f6d16e29,1692550800,51,627
5914,outfit.01601322d21a422fbc2db49c7866e264,1653757200,74,385
2085,outfit.34bd3ce2dd644974b9e945a8d91d8bca,1666717200,172,153
6786,outfit.96cb494dcb47696b,1688490000,219,477
1942,outfit.0630ef7d996d4c489b4e54e85bd09e5a,1596992400,13,405
996,outfit.0f8322b7e0a64bcf8a0ac8936262049c,1655226000,309,432
6988,outfit.b09e135ba34c46daaf3a5495dcec6e83,1674061200,81,78
5490,outfit.2208707dcf134558b4d335f1e3534655,1677517200,104,23
4656,outfit.48dec5565f454acf903fe1ce1f41a39e,1683133200,130,1202
230,outfit.dce1b27e6e5944c08b7253d1ebae5a60,1654794000,505,1525
1706,outfit.900dd323358401b1,1641142800,288,320
1386,outfit.fea3bb7d8ff54872ad84977465e29da4,1691168400,189,572
6734,outfit.875635fa72e9a84a,1643907600,202,412
576,outfit.11c67729744647cea4955a4e21881e05,1618938000,305,1372
1248,outfit.466afa76adb144b7ad004be6382cfc54,1638723600,221,315
3577,outfit.5ee6b8e1796843248c5ed0284c981f77,1684170000,136,1920
1412,outfit.ce331a7cc22d4aaf82548e873c59e6cd,1620320400,73,1109
5852,outfit.8e5ef2b79973d23f,1655398800,134,2182
2649,outfit.2bb91a54c63d4f72a11a6ad7a00b35cf,1709312400,14,1053
6696,outfit.a4ab5eefc7b4446cae48a64e14d95262,1631725200,2,1820
446,outfit.1ba9e80c87c84ac98d59fd5fbecf6f32,1638723600,0,644
1684,outfit.8ed02140f93ffa8c,1642611600,224,1444
6287,outfit.9f58acfe6b554e4ca880e378aa7e8e56,1572454800,140,394
2649,outfit.4be27307ae1c4611ad56aca101c8a6b4,1706806800,14,1009
2148,outfit.369422f2e567409b88d925e916f3a555,1687280400,311,1134
746,outfit.7f0c68b095a14d7fa001117bc2c75827,1575046800,209,2068
3312,outfit.5428d0d3aee6420bb208a0796eb40ded,1599411600,31,2183
6380,outfit.3984754756394c3e95ade4b2080508c6,1629133200,196,976
6354,outfit.229f2207dc1e4409af99504f061ca0e7,1666630800,519,1983
1382,outfit.68d7e3b9e8be4f07b3b200682d7dc456,1598374800,20,751
948,outfit.3e2f71bc50a94158b8a7280408951627,1648918800,249,150
1792,outfit.98296ce41570cae0,1701882000,199,1259
3988,outfit.1e33dfb5c66847f29088ba6717b10f75,1610902800,274,1415
384,outfit.bb1024860d8f559e,1668013200,437,1085
7114,outfit.37af7c19c13949819ca971b380a9f97c,1676394000,41,132
948,outfit.89a1a2941012477c83e6f9aaf2f144c8,1662138000,249,963
6081,outfit.820179fa25670e17,1602003600,92,258
2056,outfit.804540f3384690cf,1649178000,320,1793
1412,outfit.fbda7f830faf4caf9b0a085054f22e54,1607274000,73,35
996,outfit.ad6f853b5c31b6f5,1645722000,309,299
4463,outfit.095de7562bbf447f8dc83ec1a0e8edb4,1607014800,36,1455
2815,outfit.293b6f34465a4a28abffbfc87ad78849,1654794000,384,877
3577,outfit.9653e8c2cb5f44eeb2a9015e4b11c162,1705338000,136,305
2870,outfit.9abd359ee8d44269ab15d6cbfcd8eb81,1685034000,354,1098
5464,outfit.8f4c967492cd42a6a0afec84b3500e93,1638291600,540,758
416,outfit.70bfcd7059a248ba9b8337bad5ce56fa,1609866000,33,18
6118,outfit.4559b1568f5e436a85bf9c65ae525888,1570467600,7,1851
3727,outfit.8054e1ce507bf179,1638378000,187,2184
4943,outfit.dad7a49a6dd54b0797b841af3ffaad7f,1608224400,103,1731
2364,outfit.f1e688d410884ee0940d861fb2f620ac,1707238800,93,335
2573,outfit.a38b3b3e20364b78bfcf0bb1eadcc0e5,1614877200,201,536
1389,outfit.aef36c5a5f6fd4dc,1661274000,440,2093
1881,outfit.b619ba973b4b49d79c89863737097ab3,1703523600,316,839
5695,outfit.338c7b24bb1140d7aa47279c9490cfe7,1639501200,44,530
1248,outfit.07dcb037d0ed4eea9bf29230e6f2abec,1686502800,221,1160
1896,outfit.866385e680f6475e8b2899e2bc30a1fe,1615914000,90,857
3267,outfit.a8e7915eda974714aa57df8f38a87546,1611075600,43,610
746,outfit.066124b928d44087851ad9a0fe809510,1574614800,209,292
680,outfit.841fdd28d3f644c0bb8efd874e818027,1634576400,510,656
5887,outfit.106726e45449496989051f9f0ff73af0,1644339600,489,1621
1625,outfit.9ae9443798cb496ba7848d3c3616ab1c,1648659600,263,841
5694,outfit.d720fa6c17bf4c688054cbda17336d6c,1583686800,216,52
5330,outfit.a8c3007784dfc486,1660323600,215,1442
2071,outfit.15c97a5fde81407f8cd5be88a178efdc,1639674000,137,1568
2329,outfit.b28818ece07e4d079ab89fa18b117415,1661101200,212,1108
6885,outfit.ad062450831242c091c3cfc78407df6d,1687021200,88,464
2918,outfit.9acd6a788f014e9b81fb32f2c97f53d8,1683565200,371,1685
1710,outfit.233cc1a575934df38cc3c307901345e5,1600621200,393,368
1389,outfit.940d8268582284b6,1669222800,440,1741
576,outfit.37af7c19c13949819ca971b380a9f97c,1638464400,305,132
6310,outfit.bd37bc0ed1857fb5,1657126800,16,217
6361,outfit.65489efb22d947a8865099ddde5b790d,1693501200,453,1432
3749,outfit.a34cdcaefffe44c89674b55f96a03950,1642957200,49,507
4409,outfit.c9250e31721a4e16842c1c648df90ea0,1714842000,347,1872
3577,outfit.ad6f853b5c31b6f5,1686848400,136,299
5430,outfit.3f4efea108664d0fbdd0ebe5d724e275,1620752400,450,43
785,outfit.db6e87de63f347a0af3ecbf3b7463a55,1701882000,351,623
4564,outfit.851c21ffa4468a82,1639674000,167,736
6372,outfit.e4bb08fb4a5f4f11843632fa2a227421,1669568400,143,561
4656,outfit.9abd359ee8d44269ab15d6cbfcd8eb81,1701622800,130,1098
4452,outfit.3ae8377476ab4594b00bd3a7790e9549,1596992400,306,438
1374,outfit.c0ee509f45ad41d9b345426e194b9218,1601830800,6,2185
313,outfit.b768912b0eaf45f19918f8ef07d1bd1b,1680800400,391,1517
1083,outfit.996460ba474be5df,1570986000,233,2186
2869,outfit.cafdca5ad56a4f6ea824cc20fab5b5ae,1709658000,256,723
3956,outfit.06464642967c4d9fa0f8267dfd3d80c0,1688490000,462,982
6118,outfit.5862a9386cbc4ff29e9892f49274c243,1574614800,7,7
996,outfit.1260ac1718974152b1294c75e13aae88,1684083600,309,2169
5398,outfit.0533ed8c59ce4cf29172f502a3a93a91,1634058000,299,1280
6380,outfit.d0c649c31ecc49a18d0cf19d7270073c,1705338000,196,418
6526,outfit.78778f72774d4269abd8410a9511fdf6,1659978000,62,1209
785,outfit.b04f116bc3224f22a8f17d62934fe2cd,1643648400,351,331
454,outfit.eb60db20ed1d4ddeb7e2b03e05cae83c,1667408400,96,1594
6907,outfit.65bf9afca9c94299a8ea0b0b8fc4e03f,1619974800,32,1262
4073,outfit.2eb01f9b5c004ab18987fa709ca7d9cb,1683565200,38,1648
6592,outfit.1da2e77fd6594cb7bf3e7f4dd0e187b3,1682960400,129,1788
5617,outfit.f82bfbc5af1c4997956e63f92ea51907,1705424400,56,702
6818,outfit.bfab4c36b939b526,1612890000,402,2067
1881,outfit.31661e90877148d9bbe3846f087063f7,1692982800,316,209
1248,outfit.8f892d2a86a7024f,1615309200,221,659
4725,outfit.031a15e68a354f8cbe8f65c45da3f231,1651165200,83,1623
3028,outfit.cdc50f2c7fc54079a32bdf91b2d65e78,1663434000,176,234
5760,outfit.8cddb9b88c984068a92d14c539dd24e6,1659632400,59,616
4193,outfit.00fa8d1fd5804fe78ac284c2e0c28b4e,1646758800,278,760
666,outfit.a38b3b3e20364b78bfcf0bb1eadcc0e5,1668618000,468,536
5760,outfit.3c0e2b952c024f85b23f3db26403df81,1699117200,59,1329
4175,outfit.63bcf26d934447e1aa4d53214cef7d4f,1657731600,292,875
6798,outfit.e0a3899c698544c4bf205f2a6eae496c,1692118800,135,703
1382,outfit.d92a7bb56d3149b8983caa966d7868fa,1610470800,20,668
6879,outfit.ac93e6bc39c341dd9592de80ee57e522,1613322000,188,493
4463,outfit.e3bf7fedde71456db683e017a65e9814,1646586000,36,1452
1626,outfit.bf59641874784125880c58615b5abbaa,1686848400,28,1120
6834,outfit.6ca970d4e98f47e085d82952693a215f,1651078800,106,1740
6662,outfit.afcfeb5d7cda41318a080365f05c9075,1630947600,478,380
4608,outfit.9aadfc9a1d195c33,1599411600,48,1013
3320,outfit.5e1b9778e36d475699772148e5d4e27b,1665248400,68,569
7411,outfit.9aa24eb08db9447da1e6f285b151b357,1650301200,5,802
3896,outfit.b8d5df5f249150ce,1680282000,192,1325
2519,outfit.38ef91e51ef14bb19df9094a40bcb7f7,1606755600,327,199
1522,outfit.c012d37926b545bf90d7c4a0c5634696,1592758800,121,1393
1894,outfit.39d30bdd02814cfbae737840b8e01321,1605459600,181,1563
731,outfit.070bc7bd72154b5a805f52f086fb72ed,1640192400,39,2166
4674,outfit.dcedf030b9134a08a8d3df3f4fdb07ea,1623085200,12,1475
3521,outfit.25ff5e5ef4b541d79324a66515f1d89a,1670173200,58,298
3749,outfit.28b064407198448db7149be19f0161f4,1682701200,49,280
6879,outfit.f557450bb9d14a10951367293b052595,1640019600,188,1314
490,outfit.30a3ca6bb1c44394be44eff0548ed968,1657558800,227,443
1705,outfit.82303d2b1b524d6795661a1f5426a134,1683306000,318,355
2071,outfit.1e1ade9c992d4eb8b7f11cd398a928c7,1645462800,137,1705
3846,outfit.f8e95f5fd1b641a4823ea3c6010e19cb,1625418000,118,254
1819,outfit.7f0c68b095a14d7fa001117bc2c75827,1641142800,349,2068
4608,outfit.55aa098dd93644fe961d0137a79adbea,1596733200,48,558
2022,outfit.d6896eaf6b734f40943d6cce5d23c1e3,1684688400,149,249
4674,outfit.880e71e3568b6812,1636045200,12,1671
5897,outfit.946ae92e21374e0d8935761e881bb94b,1624813200,511,409
4519,outfit.02885ab411b942b8b450097054217ebf,1626195600,60,1624
1412,outfit.9cd6c1a82e884a77b55b6113de55fea7,1622998800,73,238
139,outfit.b1adfc4204c602e5,1665853200,111,170
2383,outfit.a2883b9efb1b4eb889e269c98e09f661,1683306000,297,704
1998,outfit.8a458a93e4cd4214a520074f16d5b9fa,1641142800,262,19
4333,outfit.9617c0965077556e,1636045200,546,577
2217,outfit.87fb9fcfccd243e6b5ae92991f5c9d49,1601830800,323,2187
675,outfit.298b9f94af66454b9f07ebed997e9f9a,1627405200,45,565
1589,outfit.d0c649c31ecc49a18d0cf19d7270073c,1681837200,244,418
5160,outfit.7f13839eeae444e79acb75451f623074,1664038800,441,1342
2131,outfit.0d19e03cbaa04339bd57439d7c22ec6c,1652634000,359,793
658,outfit.b8dc734193a541e28856ad6b60c524e5,1666026000,82,1958
1354,outfit.4ca0964f8f604f42b71268c44e41db7d,1691254800,301,1495
6414,outfit.b9311cecf65f795b,1645376400,144,481
825,outfit.88a780cac1d40972,1627318800,113,32
2681,outfit.57729471dc4a42fc8ebf94a2741b54ac,1629392400,512,2023
3147,outfit.2d872cbfe6434c0c9ec15ebfa518a6e7,1625072400,161,1040
3041,outfit.ba1d7e7d9f4746388a8628d6c57812b3,1649178000,76,2188
675,outfit.02cbb0ff0c1348ce9fb9906805fb9049,1654102800,45,1698
2687,outfit.b57192599a0d41f8ab735f40942f16c1,1648832400,147,2189
3028,outfit.476b7bf9f9a74be3ae1a2152fee9fc3b,1647536400,176,1328
6879,outfit.df13ea56a17d4fad9fca92caa307b02c,1610643600,188,807
2271,outfit.6f809ac4449f4502a6eee8832eabcb60,1607878800,259,843
5130,outfit.a3d5299f391ebf8b,1667840400,268,1356
6519,outfit.173b6b1204df4f128bcbdd843d91351e,1629392400,377,643
2364,outfit.bb0b2a2f58aa9f0b,1607360400,93,1152
454,outfit.20ae7885d88441348ab7a255bcc2173e,1675357200,96,12
2649,outfit.99495169e3ffdfa4,1711990800,14,785
3577,outfit.b4e582b38a10f6bf,1617814800,136,772
7060,outfit.ceb25ee97e894d46869ca3eb799d48e0,1632934800,346,563
6177,outfit.0b721ca6ffdd489d91fa63f960ca64ec,1646067600,250,941
4638,outfit.89954cb83fe420c2,1606755600,46,329
3749,outfit.682446def1c34a79890b62c1397c7afb,1626973200,49,996
5680,outfit.bfe2d9d71aa805a8,1632416400,21,2040
7244,outfit.00c68b581a95458991a876f791e739ab,1658768400,22,688
5778,outfit.f32718341e9443d8a36121a8913ff304,1668704400,169,283
1390,outfit.940d8268582284b6,1650906000,77,1741
55,outfit.a388427605b34a2ab0e19304e54facc6,1662397200,117,1306
4603,outfit.2a1a34d38ac64414b5d7878a719984e9,1642352400,162,863
7247,outfit.cafdca5ad56a4f6ea824cc20fab5b5ae,1678294800,460,723
4193,outfit.9b0a47dc97c7ecc8,1678294800,278,376
1505,outfit.cd218662a26c4c29b372ed1563cf0ced,1652374800,442,251
6011,outfit.81dcc2ec22f24b248f5499b887dd22e0,1648746000,114,2080
4608,outfit.1a05e7ef43cb440c93d0ef93fd430a32,1660410000,48,971
746,outfit.293f074047f34fda9bd95d96c5b9f906,1574614800,209,1316
4638,outfit.bc3fd0ccde3142df8d22eaf0508699a6,1651424400,46,1818
4824,outfit.61a93a8506024e779db658f842e26625,1678035600,89,1192
6817,outfit.9a0283b3b9e34e39a0038cb7b7044c75,1671728400,514,560
3846,outfit.4cd9a6b549d04973a044716c3448b739,1604422800,118,1716
1032,outfit.841f070dd5a12094,1646931600,218,1312
1819,outfit.c08f7356b17643258f50b4cc3eb25fa6,1660842000,349,925
6319,outfit.207232e414dd46e5b7352becfd9e53e5,1662310800,34,168
6046,outfit.380abb0818d3434bab724eeef1f4de2a,1603040400,395,154
1073,outfit.6377a711bdf04683819c6fc08921cfaf,1596387600,552,2004
1348,outfit.a95a05ea858446c38ffd5535ab65a392,1650819600,324,753
1773,outfit.ae922e922588454591edca7cabf0db48,1707152400,365,261
6675,outfit.ec471fe2ed734d1fa37ce1b2b0088619,1597942800,536,1736
6940,outfit.5b87f52aec9f4c749cf6769993136db3,1686157200,230,1343
1516,outfit.cdc50f2c7fc54079a32bdf91b2d65e78,1628787600,238,234
1840,outfit.021142f5924f4280bd3948268d35db64,1651251600,141,930
3259,outfit.c5b61903ca9849fe830fd86f7cb4da50,1596128400,303,447
2649,outfit.7ee7542297f944ecb49f4fe5b44728f7,1709312400,14,1
5130,outfit.3ae8377476ab4594b00bd3a7790e9549,1659978000,268,438
1248,outfit.bf5d4348f69b718f,1638723600,221,69
2920,outfit.4d4e09b9b0e543a3ba29014099787eb9,1630602000,47,1264
416,outfit.81ce5109e01d4b7b9f944a3baa35c4d6,1709744400,33,122
1138,outfit.a294399ed5bfba8f,1663347600,368,1103
3267,outfit.1ba9e80c87c84ac98d59fd5fbecf6f32,1685120400,43,644
6319,outfit.ddb15f8dac0c4e03a7c88805a98cfcc8,1651683600,34,612
2102,outfit.ae538ccb6bf14a858b0f66458e592872,1673974800,179,221
3385,outfit.9aa24eb08db9447da1e6f285b151b357,1642698000,356,802
1319,outfit.6e50879668384d469557b1c93bc1d7a6,1658768400,464,431
3320,outfit.a7b955473f2248a8a818455cb08c9e79,1667926800,68,285
1255,outfit.03929cbe49e34b99bdd077380cc8d731,1600794000,348,1181
1705,outfit.f60a93dd961d4856a6d40e366ef90717,1678035600,318,647
2040,outfit.4c7025a42af74e9bb6aa71afac57324a,1618160400,24,1896
621,outfit.1096c0a926c244b39b44ff523a6ad9e0,1612976400,193,83
675,outfit.6e50879668384d469557b1c93bc1d7a6,1599411600,45,431
6696,outfit.b51ab929ce045cce,1621270800,2,1248
2619,outfit.93da3bfb33311ddf,1672160400,290,986
5929,outfit.203f5d33e7324d65a1d8175b3b910416,1634230800,9,127
2492,outfit.4be27307ae1c4611ad56aca101c8a6b4,1690045200,138,1009
4218,outfit.6d6fe6b3b2514ecc8c47947292874f90,1650906000,170,475
5852,outfit.bcc71d0caf95dc33,1650128400,134,17
1700,outfit.0a5a3a2e1ff34f1792e1f2dad95cbc2b,1653066000,355,1234
4558,outfit.369422f2e567409b88d925e916f3a555,1594918800,300,1134
6177,outfit.5dbcbf03f1ec4ad280e3b90b688f0dc3,1652893200,250,633
1586,outfit.aa76777d3b9d4073a342e2093e4ea1e2,1671123600,23,10
2492,outfit.f8e95f5fd1b641a4823ea3c6010e19cb,1687453200,138,254
5812,outfit.a8544eb2962547d1bb80da530b4c377a,1613408400,95,905
1248,outfit.bf74b8813bc14a0a9ef9ad2f2234ff20,1676134800,221,639
4634,outfit.40b60bd4c9e44c8d9375ef879e7d5f1a,1694624400,282,1435
4667,outfit.b8cb9d24af1f4c8f8845df6be4020db8,1611248400,429,2174
3267,outfit.65eca5cdd70349c19294a6d34bf69ef1,1609866000,43,1937
6051,outfit.a83b27ea0df44e4d9773f8e7b5096ab9,1701450000,168,189
892,outfit.0ff0d877678e4755b088d1c5d09bee11,1634662800,471,1022
1138,outfit.e963fb24badd417282a3db209349346c,1676566800,368,2085
490,outfit.31edccd419de4fc5ae6aeb7eed4327ab,1571072400,227,765
5929,outfit.6a0ee820e93d45bb86077aa56e1c231a,1636909200,9,1043
1336,outfit.81dcc2ec22f24b248f5499b887dd22e0,1695315600,210,2080
7367,outfit.23596174e2b1478385adda8f5f48416f,1675357200,1,567
3267,outfit.ea4cdef4b083408eb9410d077f9c929b,1600621200,43,1471
2687,outfit.b57192599a0d41f8ab735f40942f16c1,1638464400,147,2189
1248,outfit.79408facac1b4c5f8dc158b26dc1fffb,1626022800,221,2115
4725,outfit.bf299b7d8eeed1e5,1669654800,83,974
7411,outfit.0e978d0344f44a11accd476e3397df84,1606669200,5,2015
4774,outfit.10cdb2c115df4a9197e1471e536a0569,1642093200,334,1913
5130,outfit.fc774521956e43c1b7b989272f5dca23,1657299600,268,149
2340,outfit.ad848f726cd93e66,1624208400,269,501
2250,outfit.bbd6ae88b44bfd29,1663779600,265,159
2649,outfit.394609460a3549928924f3a0dc5a6e3d,1688230800,14,279
3051,outfit.f45e25a44bdd429991e9186db7fa64e5,1592326800,396,967
2364,outfit.a94fbc2c00c0d099,1640538000,93,1778
2831,outfit.5a0e04a9018a4904990fc85f1c8cd1ce,1645894800,186,1298
3320,outfit.98d6cf4fef49ec24,1673197200,68,373
5695,outfit.33af134887eb422baed2c7207f9cd5bc,1609693200,44,1641
7009,outfit.f904f5addd0f4a22863e3a689428b88b,1649523600,222,1734
1412,outfit.d9c02686a2094291837d95d09384481b,1617728400,73,1514
1219,outfit.8924eb037bcda8d4,1666285200,430,2190
2089,outfit.60a1072927ca4f13ae03d6f876c42cb3,1623862800,455,210
1586,outfit.a95a05ea858446c38ffd5535ab65a392,1649264400,23,753
1980,outfit.af0ed14f93f042fa8c43dc0ff2da97e6,1644253200,75,864
1447,outfit.b4e897cae6915720,1654102800,174,1409
2040,outfit.ac3e4eefb550471989769e1e4d1683d1,1601830800,24,491
1008,outfit.946ae92e21374e0d8935761e881bb94b,1696006800,100,409
6284,outfit.3fb6cd2d1f454b85937d1540dcf212f0,1668618000,97,31
5657,outfit.2c789fb5fc554dbd8dd86e423e809ff4,1669395600,171,915
5201,outfit.46fd30ba34534c96b133e88f257cb7e1,1620666000,493,33
2085,outfit.cf321774b9de4035802e1829303fd3da,1666717200,172,1099
3572,outfit.f23993293d944d1b9bf173ca5be1a409,1605027600,340,197
5303,outfit.8e330b28328c4558a9523168b34d4d86,1705424400,194,192
2040,outfit.37af7c19c13949819ca971b380a9f97c,1596992400,24,132
2576,outfit.d81ef5af6f7b43358348ff1113aeb904,1661187600,477,906
3727,outfit.7f6d08bebe2348729948104efde5179e,1636390800,187,1881
3189,outfit.27a162bde20b4961ba8d94a8828e036b,1650733200,29,1144
6591,outfit.a9f2bcb6885fe60a,1717866000,120,384
4810,outfit.eb104cb68a534166899c4cce84b0fa55,1672074000,228,800
6287,outfit.0a3e76e31d4e4cb9b1033fc93787943e,1573059600,140,165
2556,outfit.ada6bb8993e7a05e,1622739600,329,701
4981,outfit.9956752d78a44dea91307b82661d85aa,1642006800,155,271
3123,outfit.771bbd515cd448c19ac2778c729e8e8a,1655485200,232,1243
416,outfit.4bd8e39e3d5442c4b76dcd9797725b38,1609866000,33,621
2250,outfit.946ae92e21374e0d8935761e881bb94b,1682096400,265,409
2833,outfit.4b20b3ccd3cd41fe98d0225f47276e2c,1656349200,54,22
568,outfit.e4bb08fb4a5f4f11843632fa2a227421,1636909200,253,561
1248,outfit.ae9518aba2aff33b,1647018000,221,1405
5695,outfit.4c4d89bf0fcb4b32a9015ce1a7bade19,1633366800,44,1083
2273,outfit.690dcda28d044c5f8f134ffcb66cc02b,1658077200,148,1710
5169,outfit.a1efdc0d88774773957da6e703852211,1675011600,389,211
1840,outfit.deb2675432704b1e8048f6f90c102a00,1636045200,141,806
4519,outfit.fc774521956e43c1b7b989272f5dca23,1623603600,60,149
5169,outfit.a1efdc0d88774773957da6e703852211,1664470800,389,211
4193,outfit.a8cd42d443d608cc,1662656400,278,1680
1735,outfit.7e3fe1b3b1dc45909d172224682a28f1,1641142800,42,1991
6879,outfit.5b607271e3ee467bb4188f977c0336b8,1618765200,188,429
1354,outfit.80603a3d95e4beb7,1691254800,301,467
4289,outfit.36654cc2920c42b7a8c294cf349544fe,1676739600,266,1476
6988,outfit.43d5741ca13a453bb378172945b47fc8,1713459600,81,862
6303,outfit.1642071c303e44a19ce63dfbbf8384bd,1677603600,283,1610
4169,outfit.06ac471d39bf42989d65d70dc6e65967,1601226000,547,1557
4463,outfit.1bf5c2c096dc490f8e8efd7d09e6769c,1687366800,36,848
2918,outfit.897c161625314c1a993188bc0a5ca063,1662656400,371,42
5169,outfit.1b9ab78223b843e08e1daeb660783adf,1661878800,389,1538
6212,outfit.4be27307ae1c4611ad56aca101c8a6b4,1684342800,434,1009
4218,outfit.855fbe579b09bcda,1613322000,170,2191
5929,outfit.1edb2c8f4ff048c4b2f715329ccd7a93,1639501200,9,1996
7150,outfit.a34cdcaefffe44c89674b55f96a03950,1631638800,284,507
5844,outfit.0fd1ffa75a364aba8427034859879e25,1571590800,40,902
3267,outfit.9aadfc9a1d195c33,1603386000,43,1013
7114,outfit.61a93a8506024e779db658f842e26625,1705251600,41,1192
4877,outfit.64096b7f0ef1430d9871e92fc198f693,1592154000,257,1093
568,outfit.4b5c2be520b045e490ca17fcb9d87b90,1626109200,253,528
1382,outfit.77198ec009ad4cc98e710f5bcd1a6ab2,1608483600,20,1337
606,outfit.ed0bda9223004815822e8eaff7b7688f,1648400400,178,34
446,outfit.804540f3384690cf,1571936400,0,1793
1382,outfit.ade5433e25b54fbbb66a54f8fe113132,1614272400,20,21
568,outfit.893fa92eb13185cf,1628787600,253,131
3189,outfit.012a4c0079984d719f3f2626bb60b374,1666544400,29,1050
5734,outfit.b9311cecf65f795b,1639933200,353,481
1348,outfit.91d906d5cfcadc9b,1645722000,324,1308
2290,outfit.5242edab1a064713b3c92f329d51b514,1650992400,422,76
7411,outfit.10cdb2c115df4a9197e1471e536a0569,1658163600,5,1913
1735,outfit.64096b7f0ef1430d9871e92fc198f693,1689526800,42,1093
4218,outfit.75fd35081c884af28940d854e0a8c67f,1629997200,170,468
3147,outfit.a44036e74abd5cb1,1662483600,161,1465
6303,outfit.a1bd30435ab14461af069cf262f1e1eb,1714496400,283,786
4696,outfit.8302402a6e8e8e8c,1646326800,205,518
3669,outfit.9abd359ee8d44269ab15d6cbfcd8eb81,1674493200,331,1098
3740,outfit.7d5e7df1d7e44528bca8d9859759042d,1601485200,231,65
1201,outfit.1185a02614b947abbd217a5ba0b05a67,1634144400,412,766
1586,outfit.abd7e59260904f73ba0937d81996a9f2,1633626000,23,1003
6786,outfit.f14e9c44441c4a5ca2e109af309be3ce,1704387600,219,1146
446,outfit.efbeb50344e54028b243698b3dd1b700,1623862800,0,256
3094,outfit.b1adfc4204c602e5,1594918800,11,170
3721,outfit.29a0d66e916c4bc690cf393bcea980e4,1595178000,112,741
1586,outfit.8154323d7dae46d3b98fb5e85b96a41a,1628442000,23,1638
4175,outfit.9337c57be08b48f685e77490d17da267,1655139600,292,685
3510,outfit.e6bbfedb420c40059c5a6515c0f94dfd,1664298000,239,169
5812,outfit.61a93a8506024e779db658f842e26625,1605459600,95,1192
7411,outfit.b1adfc4204c602e5,1601398800,5,170
3727,outfit.ab5f8f08a7379c5f,1644771600,187,1509
5531,outfit.b04f116bc3224f22a8f17d62934fe2cd,1627578000,105,331
2402,outfit.127cbdac62d948a1827499f13034becf,1599152400,163,774
5379,outfit.c663f1c85a344f039eacb889398b6b91,1629824400,102,628
4452,outfit.c52099f0269e4b6ebd66b79d3cca1d01,1607014800,306,654
1626,outfit.6fa8bb1601aa44698177e99a24a52863,1663261200,28,679
5695,outfit.ea4cdef4b083408eb9410d077f9c929b,1620147600,44,1471
4674,outfit.346aca2ad2134d0e95967b333990925c,1602176400,12,1116
1382,outfit.4b2a9c705f844b229cb293ba66c8ddf5,1600966800,20,1331
5734,outfit.a02f335a26704f80a01232079d662ff4,1644771600,353,1156
1319,outfit.2743a3b3f9cb44348ee6f8beedefa119,1661446800,464,1972
6103,outfit.a1efdc0d88774773957da6e703852211,1715101200,57,211
2775,outfit.5b56622d721d4a359d14507923450d0f,1656176400,127,1232
3267,outfit.286ed5dbbdfc48caafe68d5122b21c8f,1626800400,43,1019
2949,outfit.b3d31d76ede3d815,1635786000,185,310
1368,outfit.aca18f7f7df3a642,1634144400,527,1443
3227,outfit.656d8c9767e2417d8fad467465515b5d,1647363600,223,811
4696,outfit.9e28084ee8e94a1d8afe4abe643fa8d5,1701882000,205,545
3215,outfit.0f8b461931a94b419de690621a0582f0,1612112400,360,1770
6787,outfit.053819ce75c94bf5a0686ee4d43da4c7,1630429200,516,2119
3279,outfit.8163acb883b84e0182dff9eff43290ab,1633021200,407,1857
1586,outfit.b6dfe60b7a8c421f9de22342860f17bc,1657904400,23,224
67,outfit.7abb8ad021294be3863e5ea746538347,1675098000,413,1054
86,outfit.d8909288c79b4df6b6547aa381d360f1,1652806800,164,204
1773,outfit.fabaa18896e64e6ba835286d7f1d44e3,1701795600,365,303
5694,outfit.3b756132543a45d4a94b9bebb0aaebfb,1583686800,216,1173
5379,outfit.524627d9e5544cb8ab8c738c64a440c4,1642352400,102,509
6046,outfit.02cbb0ff0c1348ce9fb9906805fb9049,1596387600,395,1698
3320,outfit.40b60bd4c9e44c8d9375ef879e7d5f1a,1662656400,68,1435
3291,outfit.2a307327642c41fda6f4f1b9d8a8080a,1624554000,279,242
5531,outfit.9e28084ee8e94a1d8afe4abe643fa8d5,1675702800,105,545
3533,outfit.15cfb487c7524654901872cba89af2bc,1605200400,108,86
2856,outfit.74013b892b4a4f75979af28137c31558,1652893200,544,102
5118,outfit.15cfb487c7524654901872cba89af2bc,1600621200,158,86
414,outfit.ee94b77c56794feab26ffb22c2b9e2ca,1695402000,373,462
3267,outfit.e89fab0bbc574d6c89242ff808d537e6,1616346000,43,891
1700,outfit.95a9732c69cb1e4c,1666285200,355,277
6526,outfit.89954cb83fe420c2,1691514000,62,329
5224,outfit.151898f52a9a4e1a9862b376db9195e9,1685552400,17,1870
3577,outfit.aeb4096f234e6c40,1700067600,136,1649
3956,outfit.37f5db61da1b4fb0a50472c1ddc442a4,1688490000,462,112
4258,outfit.0149e9cdd92241a7a8c73a98eb397928,1665594000,165,1175
3458,outfit.8fc193be35a546b987480b6cb5323beb,1647709200,475,670
5303,outfit.897c161625314c1a993188bc0a5ca063,1708102800,194,42
5843,outfit.6dea8453a7dd4701830624eeea14bf9b,1639069200,285,30
1792,outfit.dc7abe1bb20f423a8356cb4d089c56ff,1694019600,199,928
6304,outfit.0b544c65a87645459ce9844f749e178f,1614877200,537,152
496,outfit.cd58f268e9e54fc08e5656e6f095975e,1670605200,294,1231
454,outfit.9bf55c30dee14573ac0d46c03fce3a0e,1635699600,96,734
4725,outfit.924f4c42857340e68e7e874fcd5c6775,1653757200,83,306
1923,outfit.31c50265a96d4e49aa5394db37e039f2,1698253200,528,938
5615,outfit.8d7319b7cde9526b,1701536400,338,645
1923,outfit.260d02e82bbd415bbe1e18918e98e0b6,1612285200,528,1030
7411,outfit.3619c49a78674b0bb3c2803ee199cd92,1658163600,5,2145
1784,outfit.8c8215f7c0a7445b9b09d3da37b462c6,1652806800,427,1479
2130,outfit.176a117b3644491bb4ad187c4c5a0067,1618765200,276,265
606,outfit.57d3d071648f425f900f33b203e013c8,1653498000,178,1281
4501,outfit.148d0c63aeb74b1dad9e35521cd12c03,1675616400,381,2192
1374,outfit.fd816aa2311d45c78fd0ab2d663a177a,1604509200,6,342
1032,outfit.5dbcbf03f1ec4ad280e3b90b688f0dc3,1649610000,218,633
6526,outfit.ac5bdf39908e44dabf5536871716d1c9,1704733200,62,229
6380,outfit.e5503fe6f5f243fc90c526bcdb75c942,1634576400,196,128
3279,outfit.7f6d08bebe2348729948104efde5179e,1641229200,407,1881
3846,outfit.955f2239f0b38561,1619974800,118,1293
1374,outfit.2174208dffe5493fa440e48d290a11bb,1625590800,6,496
5734,outfit.6db79c15132b4860a7e3a34cbf5c44c2,1639069200,353,907
5100,outfit.4898f8ea3d4942e5bb9e1b63f07d163e,1634144400,261,1981
3291,outfit.f75f6043c5814e998e72b925ef7a21dd,1645722000,279,202
6429,outfit.aa76777d3b9d4073a342e2093e4ea1e2,1686848400,128,10
2364,outfit.82303d2b1b524d6795661a1f5426a134,1701882000,93,355
6402,outfit.f376dd31f0194adead88365684ce1e14,1671469200,335,1437
1505,outfit.9ae9443798cb496ba7848d3c3616ab1c,1660323600,442,841
3093,outfit.5b1de7457379489c8e57a3c22844550b,1664470800,322,1299
5695,outfit.a995ea509cd69726,1635699600,44,1377
7110,outfit.388d5e71d8ca46a59067b8f07c7a0760,1714323600,281,1378
2102,outfit.8cddb9b88c984068a92d14c539dd24e6,1639501200,179,616
731,outfit.bf9018e030564e79965fdccb02003ac8,1604422800,39,2193
3094,outfit.a9f2bcb6885fe60a,1623776400,11,384
1248,outfit.5494f9123a164880a3ed401be7abcd8b,1644598800,221,1074
3669,outfit.b0d5835cfb6f4f918690a79fd842e7a6,1684861200,331,288
1684,outfit.16f24c4eb69a48f1a34117fc6c0a691f,1631206800,224,1277
454,outfit.8022397c5e3d4ab4bc8e421da9236d29,1683046800,96,1431
3312,outfit.b3c827a7bc271120,1596646800,31,594
